{
  "type": "FeatureCollection",
  "features": [
    {
      "type": "Feature",
      "geometry": {
        "coordinates": [
          77.58443534374237,
          12.928469557267771
        ],
        "type": "Point"
      },
      "properties": {
        "Platform": "1",
        "Color": "#000000",
        "Icon": "1",
        "OpenHour": 0,
        "CloseHour": 0,
        "ApiIds": [
          "21544"
        ],
        "Routes": [
          {
            "Route": "215-CA",
            "RouteId": 8267,
            "RouteParentId": 4440,
            "Destination": "Jambu Savari Dinne",
            "Via": "",
            "Area": "Jayanagara Bus Station",
            "PlatformNumber": "1",
            "KannadaDestination": "ಜಂಬು ಸವರಿ ದಿಂನೆ",
            "KannadaArea": "ಜಯನಗರ ಬಸ್ ನಿಲ್ದಾಣ",
            "KannadaVia": "",
            "FromStationId": 21544,
            "Stops": [
              {
                "name": "Jayanagara Bus Station",
                "name_kn": "ಜಯನಗರ ಬುಸ್ ಸ್ಟಟಿೊಂ",
                "stop_id": "21544",
                "lat": 12.92852,
                "lon": 77.58418
              },
              {
                "name": "Jayanagara Telephone Exchange",
                "name_kn": "ಜಯನಗರ ಟೆಲೆಫೊನೆ ೆಕ್ಸ್ಚಙೆ",
                "stop_id": "39972",
                "lat": 12.92339,
                "lon": 77.58395
              },
              {
                "name": "MP Office Bangalore South",
                "name_kn": "ಂಪ್ ೊೞ್ೞಿಕೆ ಬಙಲೊರೆ ಸೌತ್",
                "stop_id": "39973",
                "lat": 12.9199,
                "lon": 77.58597
              },
              {
                "name": "Marenahalli",
                "name_kn": "ಮರೆನಹಲ್ಲಿ",
                "stop_id": "35080",
                "lat": 12.9149,
                "lon": 77.58588
              },
              {
                "name": "R V Dental College",
                "name_kn": "ರ್ ವ್ ದೆಂಟಲ್ ಕೊಲ್ಲೆಗೆ",
                "stop_id": "23450",
                "lat": 12.90988,
                "lon": 77.58579
              },
              {
                "name": "JP Nagara 15th Cross",
                "name_kn": "ಜ್ಪ್ ನಗರ 15ತ್ ಕ್ರೊಸ್ಸ್",
                "stop_id": "33177",
                "lat": 12.90665,
                "lon": 77.58581
              },
              {
                "name": "Nandini Hotel JP Nagara",
                "name_kn": "ನಂದಿನಿ ಹೊಟೆಲ್ ಜ್ಪ್ ನಗರ",
                "stop_id": "34195",
                "lat": 12.90512,
                "lon": 77.58581
              },
              {
                "name": "Auto Gas/Royal School",
                "name_kn": "ಔಟೊ ಗಸ್/ರೊಯಲ್ ಸ್ಚೂಲ್",
                "stop_id": "28061",
                "lat": 12.90133,
                "lon": 77.58585
              },
              {
                "name": "Shobha Tulip JP Nagara",
                "name_kn": "ಶೊಭ ಟುಲಿಪ್ ಜ್ಪ್ ನಗರ",
                "stop_id": "28376",
                "lat": 12.89805,
                "lon": 77.58591
              },
              {
                "name": "Nayara Petrol Pump Puttenahalli Lake",
                "name_kn": "ನಯರ ಪೆಟ್ರೊಲ್ ಪುಂಪ್ ಪುಟೆನಹಲ್ಲಿ ಲಕೆ",
                "stop_id": "31886",
                "lat": 12.89127,
                "lon": 77.58769
              },
              {
                "name": "Sri Dharmaraya Circle",
                "name_kn": "ಸ್ರಿ ಧರ್ಮರಯ ಕಿರ್ಕ್ಲೆ",
                "stop_id": "23452",
                "lat": 12.89213,
                "lon": 77.58192
              },
              {
                "name": "RBI Layout",
                "name_kn": "ರ್ಬಿ ಲಯೌಟ್",
                "stop_id": "23453",
                "lat": 12.88806,
                "lon": 77.58198
              },
              {
                "name": "Gowrava Nagara",
                "name_kn": "ಗೌರವ ನಗರ",
                "stop_id": "23454",
                "lat": 12.88476,
                "lon": 77.58266
              },
              {
                "name": "Navodaya Nagara",
                "name_kn": "ನವೊದಯ ನಗರ",
                "stop_id": "23455",
                "lat": 12.88137,
                "lon": 77.58381
              },
              {
                "name": "Kothanuru Dinne Ganesha Temple",
                "name_kn": "ಕೊತನುರು ದಿಂನೆ ಗನೆಶ ಟೆಂಪ್ಲೆ",
                "stop_id": "23456",
                "lat": 12.87711,
                "lon": 77.58399
              },
              {
                "name": "Kothanur Dinne Water Tank",
                "name_kn": "ಕೊತನುರ್ ದಿಂನೆ ವಟೆರ್ ಟಂಕ್",
                "stop_id": "23457",
                "lat": 12.87455,
                "lon": 77.58419
              },
              {
                "name": "BK Circle",
                "name_kn": "ಬ್ಕ್ ಕಿರ್ಕ್ಲೆ",
                "stop_id": "35060",
                "lat": 12.87056,
                "lon": 77.58309
              },
              {
                "name": "Surabhi Layout",
                "name_kn": "ಸುರಭಿ ಲಯೌಟ್",
                "stop_id": "35114",
                "lat": 12.8675,
                "lon": 77.58184
              },
              {
                "name": "Jambu Savari Dinne",
                "name_kn": "ಜಂಬು ಸವರಿ ದಿಂನೆ",
                "stop_id": "35343",
                "lat": 12.86581,
                "lon": 77.58098
              }
            ]
          },
          {
            "Route": "13",
            "RouteId": 1670,
            "RouteParentId": 993,
            "Destination": "Shivajinagara Bus Station",
            "Via": "",
            "Area": "Banashankari Bus Station",
            "PlatformNumber": "1",
            "KannadaDestination": "ಶಿವಜಿನಗರ ಬುಸ್ ಸ್ಟಟಿೊಂ",
            "KannadaArea": "ಬನಶಂಕರಿ ಬಸ್ ನಿಲ್ದಾಣ",
            "KannadaVia": "",
            "FromStationId": 21544,
            "Stops": [
              {
                "name": "Jayanagara Bus Station",
                "name_kn": "ಜಯನಗರ ಬುಸ್ ಸ್ಟಟಿೊಂ",
                "stop_id": "21544",
                "lat": 12.92852,
                "lon": 77.58418
              },
              {
                "name": "3rd Block Jayanagara",
                "name_kn": "3ರ್ದ್ ಬ್ಲೊಕ್ಕ್ ಜಯನಗರ",
                "stop_id": "21446",
                "lat": 12.9318,
                "lon": 77.58393
              },
              {
                "name": "Madhavan Park",
                "name_kn": "ಮಧವಂ ಪರ್ಕ್",
                "stop_id": "21563",
                "lat": 12.93644,
                "lon": 77.58392
              },
              {
                "name": "Rani Saraladevi High School",
                "name_kn": "ರನಿ ಸರಲದೆವಿ ಹಿಘ್ ಸ್ಚೂಲ್",
                "stop_id": "21592",
                "lat": 12.93767,
                "lon": 77.585
              },
              {
                "name": "Ashoka Pillar",
                "name_kn": "ಅಶೊಕ ಪಿಲ್ಲರ್",
                "stop_id": "21457",
                "lat": 12.9426,
                "lon": 77.58508
              },
              {
                "name": "Siddapura Ashoka Pillar",
                "name_kn": "ಸಿದ್ದಪುರ ಶೊಕ ಪಿಲ್ಲರ್",
                "stop_id": "21602",
                "lat": 12.94633,
                "lon": 77.58873
              },
              {
                "name": "Mallige Hospital",
                "name_kn": "ಮಲ್ಲಿಗೆ ಹೊಸ್ಪಿಟಲ್",
                "stop_id": "21564",
                "lat": 12.94762,
                "lon": 77.59124
              },
              {
                "name": "Wilson Garden 10th Cross",
                "name_kn": "ವಿಲ್ಸೊಂ ಗರ್ದೆಂ 10ತ್ ಕ್ರೊಸ್ಸ್",
                "stop_id": "20563",
                "lat": 12.94645,
                "lon": 77.59596
              },
              {
                "name": "Wilson Garden Police Station",
                "name_kn": "ವಿಲ್ಸೊಂ ಗರ್ದೆಂ ಪೊಲಿಕೆ ಸ್ಟಟಿೊಂ",
                "stop_id": "21281",
                "lat": 12.95064,
                "lon": 77.59558
              },
              {
                "name": "Shanthinagara Bus Station",
                "name_kn": "ಶಂತಿನಗರ ಬುಸ್ ಸ್ಟಟಿೊಂ",
                "stop_id": "21167",
                "lat": 12.95483,
                "lon": 77.59235
              },
              {
                "name": "KH Road",
                "name_kn": "ಖ್ ರೊದ್",
                "stop_id": "20928",
                "lat": 12.95815,
                "lon": 77.59299
              },
              {
                "name": "Richmond Circle",
                "name_kn": "ರಿಚ್ಮೊಂದ್ ಕಿರ್ಕ್ಲೆ",
                "stop_id": "21125",
                "lat": 12.96738,
                "lon": 77.59946
              },
              {
                "name": "St Joseph College",
                "name_kn": "ಸ್ಟ್ ಜೊಸೆಫ್ ಕೊಲ್ಲೆಗೆ",
                "stop_id": "21194",
                "lat": 12.97036,
                "lon": 77.60368
              },
              {
                "name": "St Joseph Boys High School Musuem Road",
                "name_kn": "ಸ್ಟ್ ಜೊಸೆಫ್ ಬೊಯ್ಸ್ ಹಿಘ್ ಸ್ಚೂಲ್ ಮುಸುೆಂ ರೊದ್",
                "stop_id": "23433",
                "lat": 12.97176,
                "lon": 77.60441
              },
              {
                "name": "State Bank India Garage",
                "name_kn": "ಸ್ಟಟೆ ಬಂಕ್ ಿಂದಿ ಗರಗೆ",
                "stop_id": "21608",
                "lat": 12.97465,
                "lon": 77.60154
              },
              {
                "name": "MG Road",
                "name_kn": "ಂಗ್ ರೊದ್",
                "stop_id": "21572",
                "lat": 12.97779,
                "lon": 77.60204
              },
              {
                "name": "Shivajinagara Bus Station",
                "name_kn": "ಶಿವಜಿನಗರ ಬುಸ್ ಸ್ಟಟಿೊಂ",
                "stop_id": "21173",
                "lat": 12.98328,
                "lon": 77.60304
              }
            ]
          },
          {
            "Route": "13-C",
            "RouteId": 1674,
            "RouteParentId": 999,
            "Destination": "Shivajinagara Bus Station",
            "Via": "",
            "Area": "Kumaraswamy Layout",
            "PlatformNumber": "1",
            "KannadaDestination": "ಶಿವಜಿನಗರ ಬುಸ್ ಸ್ಟಟಿೊಂ",
            "KannadaArea": "ಕುಮಾರಸ್ವಾಮಿ ಬಡಾವಣೆ",
            "KannadaVia": "",
            "FromStationId": 21544,
            "Stops": [
              {
                "name": "Jayanagara Bus Station",
                "name_kn": "ಜಯನಗರ ಬುಸ್ ಸ್ಟಟಿೊಂ",
                "stop_id": "21544",
                "lat": 12.92852,
                "lon": 77.58418
              },
              {
                "name": "3rd Block Jayanagara",
                "name_kn": "3ರ್ದ್ ಬ್ಲೊಕ್ಕ್ ಜಯನಗರ",
                "stop_id": "21446",
                "lat": 12.9318,
                "lon": 77.58393
              },
              {
                "name": "Madhavan Park",
                "name_kn": "ಮಧವಂ ಪರ್ಕ್",
                "stop_id": "21563",
                "lat": 12.93644,
                "lon": 77.58392
              },
              {
                "name": "Rani Saraladevi High School",
                "name_kn": "ರನಿ ಸರಲದೆವಿ ಹಿಘ್ ಸ್ಚೂಲ್",
                "stop_id": "21592",
                "lat": 12.93767,
                "lon": 77.585
              },
              {
                "name": "Ashoka Pillar",
                "name_kn": "ಅಶೊಕ ಪಿಲ್ಲರ್",
                "stop_id": "21457",
                "lat": 12.9426,
                "lon": 77.58508
              },
              {
                "name": "Siddapura Ashoka Pillar",
                "name_kn": "ಸಿದ್ದಪುರ ಶೊಕ ಪಿಲ್ಲರ್",
                "stop_id": "21602",
                "lat": 12.94633,
                "lon": 77.58873
              },
              {
                "name": "Mallige Hospital",
                "name_kn": "ಮಲ್ಲಿಗೆ ಹೊಸ್ಪಿಟಲ್",
                "stop_id": "21564",
                "lat": 12.94762,
                "lon": 77.59124
              },
              {
                "name": "Wilson Garden 10th Cross",
                "name_kn": "ವಿಲ್ಸೊಂ ಗರ್ದೆಂ 10ತ್ ಕ್ರೊಸ್ಸ್",
                "stop_id": "20563",
                "lat": 12.94645,
                "lon": 77.59596
              },
              {
                "name": "Wilson Garden Police Station",
                "name_kn": "ವಿಲ್ಸೊಂ ಗರ್ದೆಂ ಪೊಲಿಕೆ ಸ್ಟಟಿೊಂ",
                "stop_id": "21281",
                "lat": 12.95064,
                "lon": 77.59558
              },
              {
                "name": "Shanthinagara Bus Station",
                "name_kn": "ಶಂತಿನಗರ ಬುಸ್ ಸ್ಟಟಿೊಂ",
                "stop_id": "21167",
                "lat": 12.95483,
                "lon": 77.59235
              },
              {
                "name": "KH Road",
                "name_kn": "ಖ್ ರೊದ್",
                "stop_id": "20928",
                "lat": 12.95815,
                "lon": 77.59299
              },
              {
                "name": "Richmond Circle",
                "name_kn": "ರಿಚ್ಮೊಂದ್ ಕಿರ್ಕ್ಲೆ",
                "stop_id": "21125",
                "lat": 12.96738,
                "lon": 77.59946
              },
              {
                "name": "St Joseph Boys High School Musuem Road",
                "name_kn": "ಸ್ಟ್ ಜೊಸೆಫ್ ಬೊಯ್ಸ್ ಹಿಘ್ ಸ್ಚೂಲ್ ಮುಸುೆಂ ರೊದ್",
                "stop_id": "23433",
                "lat": 12.97176,
                "lon": 77.60441
              },
              {
                "name": "State Bank India Garage",
                "name_kn": "ಸ್ಟಟೆ ಬಂಕ್ ಿಂದಿ ಗರಗೆ",
                "stop_id": "21608",
                "lat": 12.97465,
                "lon": 77.60154
              },
              {
                "name": "MG Road",
                "name_kn": "ಂಗ್ ರೊದ್",
                "stop_id": "21572",
                "lat": 12.97779,
                "lon": 77.60204
              },
              {
                "name": "Shivajinagara Bus Station",
                "name_kn": "ಶಿವಜಿನಗರ ಬುಸ್ ಸ್ಟಟಿೊಂ",
                "stop_id": "21173",
                "lat": 12.98328,
                "lon": 77.60304
              }
            ]
          },
          {
            "Route": "13-E",
            "RouteId": 1843,
            "RouteParentId": 1090,
            "Destination": "Shivajinagara Bus Station",
            "Via": "",
            "Area": "Shri Vidhyanagara",
            "PlatformNumber": "1",
            "KannadaDestination": "ಶಿವಜಿನಗರ ಬುಸ್ ಸ್ಟಟಿೊಂ",
            "KannadaArea": "ಶ್ರೀ ವಿಧ್ಯಾನಗರ",
            "KannadaVia": "",
            "FromStationId": 21544,
            "Stops": [
              {
                "name": "Jayanagara Bus Station",
                "name_kn": "ಜಯನಗರ ಬುಸ್ ಸ್ಟಟಿೊಂ",
                "stop_id": "21544",
                "lat": 12.92852,
                "lon": 77.58418
              },
              {
                "name": "3rd Block Jayanagara",
                "name_kn": "3ರ್ದ್ ಬ್ಲೊಕ್ಕ್ ಜಯನಗರ",
                "stop_id": "21446",
                "lat": 12.9318,
                "lon": 77.58393
              },
              {
                "name": "Madhavan Park",
                "name_kn": "ಮಧವಂ ಪರ್ಕ್",
                "stop_id": "21563",
                "lat": 12.93644,
                "lon": 77.58392
              },
              {
                "name": "Rani Saraladevi High School",
                "name_kn": "ರನಿ ಸರಲದೆವಿ ಹಿಘ್ ಸ್ಚೂಲ್",
                "stop_id": "21592",
                "lat": 12.93767,
                "lon": 77.585
              },
              {
                "name": "Ashoka Pillar",
                "name_kn": "ಅಶೊಕ ಪಿಲ್ಲರ್",
                "stop_id": "21457",
                "lat": 12.9426,
                "lon": 77.58508
              },
              {
                "name": "Siddapura Ashoka Pillar",
                "name_kn": "ಸಿದ್ದಪುರ ಶೊಕ ಪಿಲ್ಲರ್",
                "stop_id": "21602",
                "lat": 12.94633,
                "lon": 77.58873
              },
              {
                "name": "Mallige Hospital",
                "name_kn": "ಮಲ್ಲಿಗೆ ಹೊಸ್ಪಿಟಲ್",
                "stop_id": "21564",
                "lat": 12.94762,
                "lon": 77.59124
              },
              {
                "name": "Wilson Garden 10th Cross",
                "name_kn": "ವಿಲ್ಸೊಂ ಗರ್ದೆಂ 10ತ್ ಕ್ರೊಸ್ಸ್",
                "stop_id": "20563",
                "lat": 12.94645,
                "lon": 77.59596
              },
              {
                "name": "Wilson Garden Police Station",
                "name_kn": "ವಿಲ್ಸೊಂ ಗರ್ದೆಂ ಪೊಲಿಕೆ ಸ್ಟಟಿೊಂ",
                "stop_id": "21281",
                "lat": 12.95064,
                "lon": 77.59558
              },
              {
                "name": "Shanthinagara Bus Station",
                "name_kn": "ಶಂತಿನಗರ ಬುಸ್ ಸ್ಟಟಿೊಂ",
                "stop_id": "21167",
                "lat": 12.95483,
                "lon": 77.59235
              },
              {
                "name": "KH Road",
                "name_kn": "ಖ್ ರೊದ್",
                "stop_id": "20928",
                "lat": 12.95815,
                "lon": 77.59299
              },
              {
                "name": "Richmond Circle",
                "name_kn": "ರಿಚ್ಮೊಂದ್ ಕಿರ್ಕ್ಲೆ",
                "stop_id": "21125",
                "lat": 12.96738,
                "lon": 77.59946
              },
              {
                "name": "St Joseph Boys High School Musuem Road",
                "name_kn": "ಸ್ಟ್ ಜೊಸೆಫ್ ಬೊಯ್ಸ್ ಹಿಘ್ ಸ್ಚೂಲ್ ಮುಸುೆಂ ರೊದ್",
                "stop_id": "23433",
                "lat": 12.97176,
                "lon": 77.60441
              },
              {
                "name": "State Bank India Garage",
                "name_kn": "ಸ್ಟಟೆ ಬಂಕ್ ಿಂದಿ ಗರಗೆ",
                "stop_id": "21608",
                "lat": 12.97465,
                "lon": 77.60154
              },
              {
                "name": "MG Road",
                "name_kn": "ಂಗ್ ರೊದ್",
                "stop_id": "21572",
                "lat": 12.97779,
                "lon": 77.60204
              },
              {
                "name": "Shivajinagara Bus Station",
                "name_kn": "ಶಿವಜಿನಗರ ಬುಸ್ ಸ್ಟಟಿೊಂ",
                "stop_id": "21173",
                "lat": 12.98328,
                "lon": 77.60304
              }
            ]
          },
          {
            "Route": "13-A",
            "RouteId": 1975,
            "RouteParentId": 1161,
            "Destination": "Shivajinagara Bus Station",
            "Via": "",
            "Area": "Kumaraswamy Layout 2nd Stage",
            "PlatformNumber": "1",
            "KannadaDestination": "ಶಿವಜಿನಗರ ಬುಸ್ ಸ್ಟಟಿೊಂ",
            "KannadaArea": "ಕುಮಾರಸ್ವಾಮಿ ಲೇಔಟ್ 2ಎನ್ಡಿ ಸ್ಟೇಜ್",
            "KannadaVia": "",
            "FromStationId": 21544,
            "Stops": [
              {
                "name": "Jayanagara Bus Station",
                "name_kn": "ಜಯನಗರ ಬುಸ್ ಸ್ಟಟಿೊಂ",
                "stop_id": "21544",
                "lat": 12.92852,
                "lon": 77.58418
              },
              {
                "name": "3rd Block Jayanagara",
                "name_kn": "3ರ್ದ್ ಬ್ಲೊಕ್ಕ್ ಜಯನಗರ",
                "stop_id": "21446",
                "lat": 12.9318,
                "lon": 77.58393
              },
              {
                "name": "Madhavan Park",
                "name_kn": "ಮಧವಂ ಪರ್ಕ್",
                "stop_id": "21563",
                "lat": 12.93644,
                "lon": 77.58392
              },
              {
                "name": "Rani Saraladevi High School",
                "name_kn": "ರನಿ ಸರಲದೆವಿ ಹಿಘ್ ಸ್ಚೂಲ್",
                "stop_id": "21592",
                "lat": 12.93767,
                "lon": 77.585
              },
              {
                "name": "Ashoka Pillar",
                "name_kn": "ಅಶೊಕ ಪಿಲ್ಲರ್",
                "stop_id": "21457",
                "lat": 12.9426,
                "lon": 77.58508
              },
              {
                "name": "Siddapura Ashoka Pillar",
                "name_kn": "ಸಿದ್ದಪುರ ಶೊಕ ಪಿಲ್ಲರ್",
                "stop_id": "21602",
                "lat": 12.94633,
                "lon": 77.58873
              },
              {
                "name": "Mallige Hospital",
                "name_kn": "ಮಲ್ಲಿಗೆ ಹೊಸ್ಪಿಟಲ್",
                "stop_id": "21564",
                "lat": 12.94762,
                "lon": 77.59124
              },
              {
                "name": "Wilson Garden 10th Cross",
                "name_kn": "ವಿಲ್ಸೊಂ ಗರ್ದೆಂ 10ತ್ ಕ್ರೊಸ್ಸ್",
                "stop_id": "20563",
                "lat": 12.94645,
                "lon": 77.59596
              },
              {
                "name": "Wilson Garden Police Station",
                "name_kn": "ವಿಲ್ಸೊಂ ಗರ್ದೆಂ ಪೊಲಿಕೆ ಸ್ಟಟಿೊಂ",
                "stop_id": "21281",
                "lat": 12.95064,
                "lon": 77.59558
              },
              {
                "name": "Shanthinagara Bus Station",
                "name_kn": "ಶಂತಿನಗರ ಬುಸ್ ಸ್ಟಟಿೊಂ",
                "stop_id": "21167",
                "lat": 12.95483,
                "lon": 77.59235
              },
              {
                "name": "KH Road",
                "name_kn": "ಖ್ ರೊದ್",
                "stop_id": "20928",
                "lat": 12.95815,
                "lon": 77.59299
              },
              {
                "name": "Richmond Circle",
                "name_kn": "ರಿಚ್ಮೊಂದ್ ಕಿರ್ಕ್ಲೆ",
                "stop_id": "21125",
                "lat": 12.96738,
                "lon": 77.59946
              },
              {
                "name": "St Joseph College",
                "name_kn": "ಸ್ಟ್ ಜೊಸೆಫ್ ಕೊಲ್ಲೆಗೆ",
                "stop_id": "21194",
                "lat": 12.97036,
                "lon": 77.60368
              },
              {
                "name": "St Joseph Boys High School Musuem Road",
                "name_kn": "ಸ್ಟ್ ಜೊಸೆಫ್ ಬೊಯ್ಸ್ ಹಿಘ್ ಸ್ಚೂಲ್ ಮುಸುೆಂ ರೊದ್",
                "stop_id": "23433",
                "lat": 12.97176,
                "lon": 77.60441
              },
              {
                "name": "State Bank India Garage",
                "name_kn": "ಸ್ಟಟೆ ಬಂಕ್ ಿಂದಿ ಗರಗೆ",
                "stop_id": "21608",
                "lat": 12.97465,
                "lon": 77.60154
              },
              {
                "name": "MG Road",
                "name_kn": "ಂಗ್ ರೊದ್",
                "stop_id": "21572",
                "lat": 12.97779,
                "lon": 77.60204
              },
              {
                "name": "Shivajinagara Bus Station",
                "name_kn": "ಶಿವಜಿನಗರ ಬುಸ್ ಸ್ಟಟಿೊಂ",
                "stop_id": "21173",
                "lat": 12.98328,
                "lon": 77.60304
              }
            ]
          },
          {
            "Route": "27",
            "RouteId": 1980,
            "RouteParentId": 1165,
            "Destination": "Shivajinagara Bus Station",
            "Via": "",
            "Area": "Mahadeshwara Nagara",
            "PlatformNumber": "1",
            "KannadaDestination": "ಶಿವಜಿನಗರ ಬುಸ್ ಸ್ಟಟಿೊಂ",
            "KannadaArea": "ಮಹದೇಶ್ವರ ನಗರ",
            "KannadaVia": "",
            "FromStationId": 21544,
            "Stops": [
              {
                "name": "Jayanagara Bus Station",
                "name_kn": "ಜಯನಗರ ಬುಸ್ ಸ್ಟಟಿೊಂ",
                "stop_id": "21544",
                "lat": 12.92852,
                "lon": 77.58418
              },
              {
                "name": "3rd Block Jayanagara",
                "name_kn": "3ರ್ದ್ ಬ್ಲೊಕ್ಕ್ ಜಯನಗರ",
                "stop_id": "21446",
                "lat": 12.9318,
                "lon": 77.58393
              },
              {
                "name": "Madhavan Park",
                "name_kn": "ಮಧವಂ ಪರ್ಕ್",
                "stop_id": "21563",
                "lat": 12.93644,
                "lon": 77.58392
              },
              {
                "name": "Rani Saraladevi High School",
                "name_kn": "ರನಿ ಸರಲದೆವಿ ಹಿಘ್ ಸ್ಚೂಲ್",
                "stop_id": "21592",
                "lat": 12.93767,
                "lon": 77.585
              },
              {
                "name": "Ashoka Pillar",
                "name_kn": "ಅಶೊಕ ಪಿಲ್ಲರ್",
                "stop_id": "21457",
                "lat": 12.9426,
                "lon": 77.58508
              },
              {
                "name": "Siddapura Ashoka Pillar",
                "name_kn": "ಸಿದ್ದಪುರ ಶೊಕ ಪಿಲ್ಲರ್",
                "stop_id": "21602",
                "lat": 12.94633,
                "lon": 77.58873
              },
              {
                "name": "Mallige Hospital",
                "name_kn": "ಮಲ್ಲಿಗೆ ಹೊಸ್ಪಿಟಲ್",
                "stop_id": "21564",
                "lat": 12.94762,
                "lon": 77.59124
              },
              {
                "name": "Wilson Garden 10th Cross",
                "name_kn": "ವಿಲ್ಸೊಂ ಗರ್ದೆಂ 10ತ್ ಕ್ರೊಸ್ಸ್",
                "stop_id": "20563",
                "lat": 12.94645,
                "lon": 77.59596
              },
              {
                "name": "Wilson Garden Police Station",
                "name_kn": "ವಿಲ್ಸೊಂ ಗರ್ದೆಂ ಪೊಲಿಕೆ ಸ್ಟಟಿೊಂ",
                "stop_id": "21281",
                "lat": 12.95064,
                "lon": 77.59558
              },
              {
                "name": "Shanthinagara Bus Station",
                "name_kn": "ಶಂತಿನಗರ ಬುಸ್ ಸ್ಟಟಿೊಂ",
                "stop_id": "21167",
                "lat": 12.95483,
                "lon": 77.59235
              },
              {
                "name": "KH Road",
                "name_kn": "ಖ್ ರೊದ್",
                "stop_id": "20928",
                "lat": 12.95815,
                "lon": 77.59299
              },
              {
                "name": "Richmond Circle",
                "name_kn": "ರಿಚ್ಮೊಂದ್ ಕಿರ್ಕ್ಲೆ",
                "stop_id": "21125",
                "lat": 12.96738,
                "lon": 77.59946
              },
              {
                "name": "St Joseph College",
                "name_kn": "ಸ್ಟ್ ಜೊಸೆಫ್ ಕೊಲ್ಲೆಗೆ",
                "stop_id": "21194",
                "lat": 12.97036,
                "lon": 77.60368
              },
              {
                "name": "St Joseph Boys High School Musuem Road",
                "name_kn": "ಸ್ಟ್ ಜೊಸೆಫ್ ಬೊಯ್ಸ್ ಹಿಘ್ ಸ್ಚೂಲ್ ಮುಸುೆಂ ರೊದ್",
                "stop_id": "23433",
                "lat": 12.97176,
                "lon": 77.60441
              },
              {
                "name": "State Bank India Garage",
                "name_kn": "ಸ್ಟಟೆ ಬಂಕ್ ಿಂದಿ ಗರಗೆ",
                "stop_id": "21608",
                "lat": 12.97465,
                "lon": 77.60154
              },
              {
                "name": "MG Road",
                "name_kn": "ಂಗ್ ರೊದ್",
                "stop_id": "21572",
                "lat": 12.97779,
                "lon": 77.60204
              },
              {
                "name": "Shivajinagara Bus Station",
                "name_kn": "ಶಿವಜಿನಗರ ಬುಸ್ ಸ್ಟಟಿೊಂ",
                "stop_id": "21173",
                "lat": 12.98328,
                "lon": 77.60304
              }
            ]
          },
          {
            "Route": "13-B",
            "RouteId": 2160,
            "RouteParentId": 1163,
            "Destination": "Shivajinagara Bus Station",
            "Via": "",
            "Area": "Padmanabha Nagara Rock",
            "PlatformNumber": "1",
            "KannadaDestination": "ಶಿವಜಿನಗರ ಬುಸ್ ಸ್ಟಟಿೊಂ",
            "KannadaArea": "ಪದ್ಮನಾಭ ನಗರ ಬಂಡೆ",
            "KannadaVia": "",
            "FromStationId": 21544,
            "Stops": [
              {
                "name": "Jayanagara Bus Station",
                "name_kn": "ಜಯನಗರ ಬುಸ್ ಸ್ಟಟಿೊಂ",
                "stop_id": "21544",
                "lat": 12.92852,
                "lon": 77.58418
              },
              {
                "name": "3rd Block Jayanagara",
                "name_kn": "3ರ್ದ್ ಬ್ಲೊಕ್ಕ್ ಜಯನಗರ",
                "stop_id": "21446",
                "lat": 12.9318,
                "lon": 77.58393
              },
              {
                "name": "Madhavan Park",
                "name_kn": "ಮಧವಂ ಪರ್ಕ್",
                "stop_id": "21563",
                "lat": 12.93644,
                "lon": 77.58392
              },
              {
                "name": "Rani Saraladevi High School",
                "name_kn": "ರನಿ ಸರಲದೆವಿ ಹಿಘ್ ಸ್ಚೂಲ್",
                "stop_id": "21592",
                "lat": 12.93767,
                "lon": 77.585
              },
              {
                "name": "Ashoka Pillar",
                "name_kn": "ಅಶೊಕ ಪಿಲ್ಲರ್",
                "stop_id": "21457",
                "lat": 12.9426,
                "lon": 77.58508
              },
              {
                "name": "Siddapura Ashoka Pillar",
                "name_kn": "ಸಿದ್ದಪುರ ಶೊಕ ಪಿಲ್ಲರ್",
                "stop_id": "21602",
                "lat": 12.94633,
                "lon": 77.58873
              },
              {
                "name": "Mallige Hospital",
                "name_kn": "ಮಲ್ಲಿಗೆ ಹೊಸ್ಪಿಟಲ್",
                "stop_id": "21564",
                "lat": 12.94762,
                "lon": 77.59124
              },
              {
                "name": "Wilson Garden 10th Cross",
                "name_kn": "ವಿಲ್ಸೊಂ ಗರ್ದೆಂ 10ತ್ ಕ್ರೊಸ್ಸ್",
                "stop_id": "20563",
                "lat": 12.94645,
                "lon": 77.59596
              },
              {
                "name": "Wilson Garden Police Station",
                "name_kn": "ವಿಲ್ಸೊಂ ಗರ್ದೆಂ ಪೊಲಿಕೆ ಸ್ಟಟಿೊಂ",
                "stop_id": "21281",
                "lat": 12.95064,
                "lon": 77.59558
              },
              {
                "name": "Shanthinagara Bus Station",
                "name_kn": "ಶಂತಿನಗರ ಬುಸ್ ಸ್ಟಟಿೊಂ",
                "stop_id": "21167",
                "lat": 12.95483,
                "lon": 77.59235
              },
              {
                "name": "KH Road",
                "name_kn": "ಖ್ ರೊದ್",
                "stop_id": "20928",
                "lat": 12.95815,
                "lon": 77.59299
              },
              {
                "name": "Richmond Circle",
                "name_kn": "ರಿಚ್ಮೊಂದ್ ಕಿರ್ಕ್ಲೆ",
                "stop_id": "21125",
                "lat": 12.96738,
                "lon": 77.59946
              },
              {
                "name": "St Joseph College",
                "name_kn": "ಸ್ಟ್ ಜೊಸೆಫ್ ಕೊಲ್ಲೆಗೆ",
                "stop_id": "21194",
                "lat": 12.97036,
                "lon": 77.60368
              },
              {
                "name": "St Joseph Boys High School Musuem Road",
                "name_kn": "ಸ್ಟ್ ಜೊಸೆಫ್ ಬೊಯ್ಸ್ ಹಿಘ್ ಸ್ಚೂಲ್ ಮುಸುೆಂ ರೊದ್",
                "stop_id": "23433",
                "lat": 12.97176,
                "lon": 77.60441
              },
              {
                "name": "State Bank India Garage",
                "name_kn": "ಸ್ಟಟೆ ಬಂಕ್ ಿಂದಿ ಗರಗೆ",
                "stop_id": "21608",
                "lat": 12.97465,
                "lon": 77.60154
              },
              {
                "name": "MG Road",
                "name_kn": "ಂಗ್ ರೊದ್",
                "stop_id": "21572",
                "lat": 12.97779,
                "lon": 77.60204
              },
              {
                "name": "Shivajinagara Bus Station",
                "name_kn": "ಶಿವಜಿನಗರ ಬುಸ್ ಸ್ಟಟಿೊಂ",
                "stop_id": "21173",
                "lat": 12.98328,
                "lon": 77.60304
              }
            ]
          },
          {
            "Route": "13-F",
            "RouteId": 2861,
            "RouteParentId": 1631,
            "Destination": "Shivajinagara Bus Station",
            "Via": "",
            "Area": "Channammanakere Achukattu",
            "PlatformNumber": "1",
            "KannadaDestination": "ಶಿವಜಿನಗರ ಬುಸ್ ಸ್ಟಟಿೊಂ",
            "KannadaArea": "ಚನ್ನಮ್ಮನಕೆರೆ ಅಚ್ಚುಕಟ್ಟು",
            "KannadaVia": "",
            "FromStationId": 21544,
            "Stops": [
              {
                "name": "Jayanagara Bus Station",
                "name_kn": "ಜಯನಗರ ಬುಸ್ ಸ್ಟಟಿೊಂ",
                "stop_id": "21544",
                "lat": 12.92852,
                "lon": 77.58418
              },
              {
                "name": "3rd Block Jayanagara",
                "name_kn": "3ರ್ದ್ ಬ್ಲೊಕ್ಕ್ ಜಯನಗರ",
                "stop_id": "21446",
                "lat": 12.9318,
                "lon": 77.58393
              },
              {
                "name": "Madhavan Park",
                "name_kn": "ಮಧವಂ ಪರ್ಕ್",
                "stop_id": "21563",
                "lat": 12.93644,
                "lon": 77.58392
              },
              {
                "name": "Rani Saraladevi High School",
                "name_kn": "ರನಿ ಸರಲದೆವಿ ಹಿಘ್ ಸ್ಚೂಲ್",
                "stop_id": "21592",
                "lat": 12.93767,
                "lon": 77.585
              },
              {
                "name": "Ashoka Pillar",
                "name_kn": "ಅಶೊಕ ಪಿಲ್ಲರ್",
                "stop_id": "21457",
                "lat": 12.9426,
                "lon": 77.58508
              },
              {
                "name": "Siddapura Ashoka Pillar",
                "name_kn": "ಸಿದ್ದಪುರ ಶೊಕ ಪಿಲ್ಲರ್",
                "stop_id": "21602",
                "lat": 12.94633,
                "lon": 77.58873
              },
              {
                "name": "Mallige Hospital",
                "name_kn": "ಮಲ್ಲಿಗೆ ಹೊಸ್ಪಿಟಲ್",
                "stop_id": "21564",
                "lat": 12.94762,
                "lon": 77.59124
              },
              {
                "name": "Wilson Garden 10th Cross",
                "name_kn": "ವಿಲ್ಸೊಂ ಗರ್ದೆಂ 10ತ್ ಕ್ರೊಸ್ಸ್",
                "stop_id": "20563",
                "lat": 12.94645,
                "lon": 77.59596
              },
              {
                "name": "Wilson Garden Police Station",
                "name_kn": "ವಿಲ್ಸೊಂ ಗರ್ದೆಂ ಪೊಲಿಕೆ ಸ್ಟಟಿೊಂ",
                "stop_id": "21281",
                "lat": 12.95064,
                "lon": 77.59558
              },
              {
                "name": "Shanthinagara Bus Station",
                "name_kn": "ಶಂತಿನಗರ ಬುಸ್ ಸ್ಟಟಿೊಂ",
                "stop_id": "21167",
                "lat": 12.95483,
                "lon": 77.59235
              },
              {
                "name": "KH Road",
                "name_kn": "ಖ್ ರೊದ್",
                "stop_id": "20928",
                "lat": 12.95815,
                "lon": 77.59299
              },
              {
                "name": "Richmond Circle",
                "name_kn": "ರಿಚ್ಮೊಂದ್ ಕಿರ್ಕ್ಲೆ",
                "stop_id": "21125",
                "lat": 12.96738,
                "lon": 77.59946
              },
              {
                "name": "St Joseph College",
                "name_kn": "ಸ್ಟ್ ಜೊಸೆಫ್ ಕೊಲ್ಲೆಗೆ",
                "stop_id": "21194",
                "lat": 12.97036,
                "lon": 77.60368
              },
              {
                "name": "St Joseph Boys High School Musuem Road",
                "name_kn": "ಸ್ಟ್ ಜೊಸೆಫ್ ಬೊಯ್ಸ್ ಹಿಘ್ ಸ್ಚೂಲ್ ಮುಸುೆಂ ರೊದ್",
                "stop_id": "23433",
                "lat": 12.97176,
                "lon": 77.60441
              },
              {
                "name": "State Bank India Garage",
                "name_kn": "ಸ್ಟಟೆ ಬಂಕ್ ಿಂದಿ ಗರಗೆ",
                "stop_id": "21608",
                "lat": 12.97465,
                "lon": 77.60154
              },
              {
                "name": "MG Road",
                "name_kn": "ಂಗ್ ರೊದ್",
                "stop_id": "21572",
                "lat": 12.97779,
                "lon": 77.60204
              },
              {
                "name": "Shivajinagara Bus Station",
                "name_kn": "ಶಿವಜಿನಗರ ಬುಸ್ ಸ್ಟಟಿೊಂ",
                "stop_id": "21173",
                "lat": 12.98328,
                "lon": 77.60304
              }
            ]
          },
          {
            "Route": "13-H",
            "RouteId": 2863,
            "RouteParentId": 1632,
            "Destination": "Shivajinagara Bus Station",
            "Via": "",
            "Area": "AGS Layout Arehalli",
            "PlatformNumber": "1",
            "KannadaDestination": "ಶಿವಜಿನಗರ ಬುಸ್ ಸ್ಟಟಿೊಂ",
            "KannadaArea": "ಎಜಿಎಸ್‌ ಬಡಾವಣೆ ಅರೆಹಳ್ಳಿ",
            "KannadaVia": "",
            "FromStationId": 21544,
            "Stops": [
              {
                "name": "Jayanagara Bus Station",
                "name_kn": "ಜಯನಗರ ಬುಸ್ ಸ್ಟಟಿೊಂ",
                "stop_id": "21544",
                "lat": 12.92852,
                "lon": 77.58418
              },
              {
                "name": "3rd Block Jayanagara",
                "name_kn": "3ರ್ದ್ ಬ್ಲೊಕ್ಕ್ ಜಯನಗರ",
                "stop_id": "21446",
                "lat": 12.9318,
                "lon": 77.58393
              },
              {
                "name": "Madhavan Park",
                "name_kn": "ಮಧವಂ ಪರ್ಕ್",
                "stop_id": "21563",
                "lat": 12.93644,
                "lon": 77.58392
              },
              {
                "name": "Rani Saraladevi High School",
                "name_kn": "ರನಿ ಸರಲದೆವಿ ಹಿಘ್ ಸ್ಚೂಲ್",
                "stop_id": "21592",
                "lat": 12.93767,
                "lon": 77.585
              },
              {
                "name": "Ashoka Pillar",
                "name_kn": "ಅಶೊಕ ಪಿಲ್ಲರ್",
                "stop_id": "21457",
                "lat": 12.9426,
                "lon": 77.58508
              },
              {
                "name": "Siddapura Ashoka Pillar",
                "name_kn": "ಸಿದ್ದಪುರ ಶೊಕ ಪಿಲ್ಲರ್",
                "stop_id": "21602",
                "lat": 12.94633,
                "lon": 77.58873
              },
              {
                "name": "Mallige Hospital",
                "name_kn": "ಮಲ್ಲಿಗೆ ಹೊಸ್ಪಿಟಲ್",
                "stop_id": "21564",
                "lat": 12.94762,
                "lon": 77.59124
              },
              {
                "name": "Wilson Garden 10th Cross",
                "name_kn": "ವಿಲ್ಸೊಂ ಗರ್ದೆಂ 10ತ್ ಕ್ರೊಸ್ಸ್",
                "stop_id": "20563",
                "lat": 12.94645,
                "lon": 77.59596
              },
              {
                "name": "Wilson Garden Police Station",
                "name_kn": "ವಿಲ್ಸೊಂ ಗರ್ದೆಂ ಪೊಲಿಕೆ ಸ್ಟಟಿೊಂ",
                "stop_id": "21281",
                "lat": 12.95064,
                "lon": 77.59558
              },
              {
                "name": "Shanthinagara Bus Station",
                "name_kn": "ಶಂತಿನಗರ ಬುಸ್ ಸ್ಟಟಿೊಂ",
                "stop_id": "21167",
                "lat": 12.95483,
                "lon": 77.59235
              },
              {
                "name": "KH Road",
                "name_kn": "ಖ್ ರೊದ್",
                "stop_id": "20928",
                "lat": 12.95815,
                "lon": 77.59299
              },
              {
                "name": "Richmond Circle",
                "name_kn": "ರಿಚ್ಮೊಂದ್ ಕಿರ್ಕ್ಲೆ",
                "stop_id": "21125",
                "lat": 12.96738,
                "lon": 77.59946
              },
              {
                "name": "St Joseph Boys High School Musuem Road",
                "name_kn": "ಸ್ಟ್ ಜೊಸೆಫ್ ಬೊಯ್ಸ್ ಹಿಘ್ ಸ್ಚೂಲ್ ಮುಸುೆಂ ರೊದ್",
                "stop_id": "23433",
                "lat": 12.97176,
                "lon": 77.60441
              },
              {
                "name": "State Bank India Garage",
                "name_kn": "ಸ್ಟಟೆ ಬಂಕ್ ಿಂದಿ ಗರಗೆ",
                "stop_id": "21608",
                "lat": 12.97465,
                "lon": 77.60154
              },
              {
                "name": "Shivajinagara Bus Station",
                "name_kn": "ಶಿವಜಿನಗರ ಬುಸ್ ಸ್ಟಟಿೊಂ",
                "stop_id": "21173",
                "lat": 12.98328,
                "lon": 77.60304
              }
            ]
          },
          {
            "Route": "13-J",
            "RouteId": 2870,
            "RouteParentId": 1634,
            "Destination": "Shivajinagara Bus Station",
            "Via": "",
            "Area": "Hoskerehalli",
            "PlatformNumber": "1",
            "KannadaDestination": "ಶಿವಜಿನಗರ ಬುಸ್ ಸ್ಟಟಿೊಂ",
            "KannadaArea": "ಹೊಸಕೆರೆಹಳ್ಳಿ",
            "KannadaVia": "",
            "FromStationId": 21544,
            "Stops": [
              {
                "name": "Jayanagara Bus Station",
                "name_kn": "ಜಯನಗರ ಬುಸ್ ಸ್ಟಟಿೊಂ",
                "stop_id": "21544",
                "lat": 12.92852,
                "lon": 77.58418
              },
              {
                "name": "3rd Block Jayanagara",
                "name_kn": "3ರ್ದ್ ಬ್ಲೊಕ್ಕ್ ಜಯನಗರ",
                "stop_id": "21446",
                "lat": 12.9318,
                "lon": 77.58393
              },
              {
                "name": "Madhavan Park",
                "name_kn": "ಮಧವಂ ಪರ್ಕ್",
                "stop_id": "21563",
                "lat": 12.93644,
                "lon": 77.58392
              },
              {
                "name": "Rani Saraladevi High School",
                "name_kn": "ರನಿ ಸರಲದೆವಿ ಹಿಘ್ ಸ್ಚೂಲ್",
                "stop_id": "21592",
                "lat": 12.93767,
                "lon": 77.585
              },
              {
                "name": "Ashoka Pillar",
                "name_kn": "ಅಶೊಕ ಪಿಲ್ಲರ್",
                "stop_id": "21457",
                "lat": 12.9426,
                "lon": 77.58508
              },
              {
                "name": "Siddapura Ashoka Pillar",
                "name_kn": "ಸಿದ್ದಪುರ ಶೊಕ ಪಿಲ್ಲರ್",
                "stop_id": "21602",
                "lat": 12.94633,
                "lon": 77.58873
              },
              {
                "name": "Mallige Hospital",
                "name_kn": "ಮಲ್ಲಿಗೆ ಹೊಸ್ಪಿಟಲ್",
                "stop_id": "21564",
                "lat": 12.94762,
                "lon": 77.59124
              },
              {
                "name": "Wilson Garden 10th Cross",
                "name_kn": "ವಿಲ್ಸೊಂ ಗರ್ದೆಂ 10ತ್ ಕ್ರೊಸ್ಸ್",
                "stop_id": "20563",
                "lat": 12.94645,
                "lon": 77.59596
              },
              {
                "name": "Wilson Garden Police Station",
                "name_kn": "ವಿಲ್ಸೊಂ ಗರ್ದೆಂ ಪೊಲಿಕೆ ಸ್ಟಟಿೊಂ",
                "stop_id": "21281",
                "lat": 12.95064,
                "lon": 77.59558
              },
              {
                "name": "Shanthinagara Bus Station",
                "name_kn": "ಶಂತಿನಗರ ಬುಸ್ ಸ್ಟಟಿೊಂ",
                "stop_id": "21167",
                "lat": 12.95483,
                "lon": 77.59235
              },
              {
                "name": "KH Road",
                "name_kn": "ಖ್ ರೊದ್",
                "stop_id": "20928",
                "lat": 12.95815,
                "lon": 77.59299
              },
              {
                "name": "Richmond Circle",
                "name_kn": "ರಿಚ್ಮೊಂದ್ ಕಿರ್ಕ್ಲೆ",
                "stop_id": "21125",
                "lat": 12.96738,
                "lon": 77.59946
              },
              {
                "name": "St Joseph Boys High School Musuem Road",
                "name_kn": "ಸ್ಟ್ ಜೊಸೆಫ್ ಬೊಯ್ಸ್ ಹಿಘ್ ಸ್ಚೂಲ್ ಮುಸುೆಂ ರೊದ್",
                "stop_id": "23433",
                "lat": 12.97176,
                "lon": 77.60441
              },
              {
                "name": "State Bank India Garage",
                "name_kn": "ಸ್ಟಟೆ ಬಂಕ್ ಿಂದಿ ಗರಗೆ",
                "stop_id": "21608",
                "lat": 12.97465,
                "lon": 77.60154
              },
              {
                "name": "MG Road",
                "name_kn": "ಂಗ್ ರೊದ್",
                "stop_id": "21572",
                "lat": 12.97779,
                "lon": 77.60204
              },
              {
                "name": "Shivajinagara Bus Station",
                "name_kn": "ಶಿವಜಿನಗರ ಬುಸ್ ಸ್ಟಟಿೊಂ",
                "stop_id": "21173",
                "lat": 12.98328,
                "lon": 77.60304
              }
            ]
          },
          {
            "Route": "13-K",
            "RouteId": 2876,
            "RouteParentId": 1638,
            "Destination": "Shivajinagara Bus Station",
            "Via": "",
            "Area": "Minaznagara",
            "PlatformNumber": "1",
            "KannadaDestination": "ಶಿವಜಿನಗರ ಬುಸ್ ಸ್ಟಟಿೊಂ",
            "KannadaArea": "ಮಿನಾಜ್‌ ನಗರ",
            "KannadaVia": "",
            "FromStationId": 21544,
            "Stops": [
              {
                "name": "Jayanagara Bus Station",
                "name_kn": "ಜಯನಗರ ಬುಸ್ ಸ್ಟಟಿೊಂ",
                "stop_id": "21544",
                "lat": 12.92852,
                "lon": 77.58418
              },
              {
                "name": "3rd Block Jayanagara",
                "name_kn": "3ರ್ದ್ ಬ್ಲೊಕ್ಕ್ ಜಯನಗರ",
                "stop_id": "21446",
                "lat": 12.9318,
                "lon": 77.58393
              },
              {
                "name": "Madhavan Park",
                "name_kn": "ಮಧವಂ ಪರ್ಕ್",
                "stop_id": "21563",
                "lat": 12.93644,
                "lon": 77.58392
              },
              {
                "name": "Rani Saraladevi High School",
                "name_kn": "ರನಿ ಸರಲದೆವಿ ಹಿಘ್ ಸ್ಚೂಲ್",
                "stop_id": "21592",
                "lat": 12.93767,
                "lon": 77.585
              },
              {
                "name": "Ashoka Pillar",
                "name_kn": "ಅಶೊಕ ಪಿಲ್ಲರ್",
                "stop_id": "21457",
                "lat": 12.9426,
                "lon": 77.58508
              },
              {
                "name": "Siddapura Ashoka Pillar",
                "name_kn": "ಸಿದ್ದಪುರ ಶೊಕ ಪಿಲ್ಲರ್",
                "stop_id": "21602",
                "lat": 12.94633,
                "lon": 77.58873
              },
              {
                "name": "Mallige Hospital",
                "name_kn": "ಮಲ್ಲಿಗೆ ಹೊಸ್ಪಿಟಲ್",
                "stop_id": "21564",
                "lat": 12.94762,
                "lon": 77.59124
              },
              {
                "name": "Wilson Garden 10th Cross",
                "name_kn": "ವಿಲ್ಸೊಂ ಗರ್ದೆಂ 10ತ್ ಕ್ರೊಸ್ಸ್",
                "stop_id": "20563",
                "lat": 12.94645,
                "lon": 77.59596
              },
              {
                "name": "Wilson Garden Police Station",
                "name_kn": "ವಿಲ್ಸೊಂ ಗರ್ದೆಂ ಪೊಲಿಕೆ ಸ್ಟಟಿೊಂ",
                "stop_id": "21281",
                "lat": 12.95064,
                "lon": 77.59558
              },
              {
                "name": "Shanthinagara Bus Station",
                "name_kn": "ಶಂತಿನಗರ ಬುಸ್ ಸ್ಟಟಿೊಂ",
                "stop_id": "21167",
                "lat": 12.95483,
                "lon": 77.59235
              },
              {
                "name": "KH Road",
                "name_kn": "ಖ್ ರೊದ್",
                "stop_id": "20928",
                "lat": 12.95815,
                "lon": 77.59299
              },
              {
                "name": "Richmond Circle",
                "name_kn": "ರಿಚ್ಮೊಂದ್ ಕಿರ್ಕ್ಲೆ",
                "stop_id": "21125",
                "lat": 12.96738,
                "lon": 77.59946
              },
              {
                "name": "St Joseph Boys High School Musuem Road",
                "name_kn": "ಸ್ಟ್ ಜೊಸೆಫ್ ಬೊಯ್ಸ್ ಹಿಘ್ ಸ್ಚೂಲ್ ಮುಸುೆಂ ರೊದ್",
                "stop_id": "23433",
                "lat": 12.97176,
                "lon": 77.60441
              },
              {
                "name": "State Bank India Garage",
                "name_kn": "ಸ್ಟಟೆ ಬಂಕ್ ಿಂದಿ ಗರಗೆ",
                "stop_id": "21608",
                "lat": 12.97465,
                "lon": 77.60154
              },
              {
                "name": "MG Road",
                "name_kn": "ಂಗ್ ರೊದ್",
                "stop_id": "21572",
                "lat": 12.97779,
                "lon": 77.60204
              },
              {
                "name": "Shivajinagara Bus Station",
                "name_kn": "ಶಿವಜಿನಗರ ಬುಸ್ ಸ್ಟಟಿೊಂ",
                "stop_id": "21173",
                "lat": 12.98328,
                "lon": 77.60304
              }
            ]
          },
          {
            "Route": "210-FA",
            "RouteId": 3471,
            "RouteParentId": 1945,
            "Destination": "Shivajinagara Bus Station",
            "Via": "",
            "Area": "Poornaprajna Layout",
            "PlatformNumber": "1",
            "KannadaDestination": "ಶಿವಜಿನಗರ ಬುಸ್ ಸ್ಟಟಿೊಂ",
            "KannadaArea": "ಪೂರ್ಣಪ್ರಜ್ಞಾ ಬಡಾವಣೆ",
            "KannadaVia": "",
            "FromStationId": 21544,
            "Stops": [
              {
                "name": "Jayanagara Bus Station",
                "name_kn": "ಜಯನಗರ ಬುಸ್ ಸ್ಟಟಿೊಂ",
                "stop_id": "21544",
                "lat": 12.92852,
                "lon": 77.58418
              },
              {
                "name": "3rd Block Jayanagara",
                "name_kn": "3ರ್ದ್ ಬ್ಲೊಕ್ಕ್ ಜಯನಗರ",
                "stop_id": "21446",
                "lat": 12.9318,
                "lon": 77.58393
              },
              {
                "name": "Madhavan Park",
                "name_kn": "ಮಧವಂ ಪರ್ಕ್",
                "stop_id": "21563",
                "lat": 12.93644,
                "lon": 77.58392
              },
              {
                "name": "Rani Saraladevi High School",
                "name_kn": "ರನಿ ಸರಲದೆವಿ ಹಿಘ್ ಸ್ಚೂಲ್",
                "stop_id": "21592",
                "lat": 12.93767,
                "lon": 77.585
              },
              {
                "name": "Ashoka Pillar",
                "name_kn": "ಅಶೊಕ ಪಿಲ್ಲರ್",
                "stop_id": "21457",
                "lat": 12.9426,
                "lon": 77.58508
              },
              {
                "name": "Siddapura Ashoka Pillar",
                "name_kn": "ಸಿದ್ದಪುರ ಶೊಕ ಪಿಲ್ಲರ್",
                "stop_id": "21602",
                "lat": 12.94633,
                "lon": 77.58873
              },
              {
                "name": "Mallige Hospital",
                "name_kn": "ಮಲ್ಲಿಗೆ ಹೊಸ್ಪಿಟಲ್",
                "stop_id": "21564",
                "lat": 12.94762,
                "lon": 77.59124
              },
              {
                "name": "Wilson Garden 10th Cross",
                "name_kn": "ವಿಲ್ಸೊಂ ಗರ್ದೆಂ 10ತ್ ಕ್ರೊಸ್ಸ್",
                "stop_id": "20563",
                "lat": 12.94645,
                "lon": 77.59596
              },
              {
                "name": "Wilson Garden Police Station",
                "name_kn": "ವಿಲ್ಸೊಂ ಗರ್ದೆಂ ಪೊಲಿಕೆ ಸ್ಟಟಿೊಂ",
                "stop_id": "21281",
                "lat": 12.95064,
                "lon": 77.59558
              },
              {
                "name": "Shanthinagara Bus Station",
                "name_kn": "ಶಂತಿನಗರ ಬುಸ್ ಸ್ಟಟಿೊಂ",
                "stop_id": "21167",
                "lat": 12.95483,
                "lon": 77.59235
              },
              {
                "name": "KH Road",
                "name_kn": "ಖ್ ರೊದ್",
                "stop_id": "20928",
                "lat": 12.95815,
                "lon": 77.59299
              },
              {
                "name": "Richmond Circle",
                "name_kn": "ರಿಚ್ಮೊಂದ್ ಕಿರ್ಕ್ಲೆ",
                "stop_id": "21125",
                "lat": 12.96738,
                "lon": 77.59946
              },
              {
                "name": "St Joseph Boys High School Musuem Road",
                "name_kn": "ಸ್ಟ್ ಜೊಸೆಫ್ ಬೊಯ್ಸ್ ಹಿಘ್ ಸ್ಚೂಲ್ ಮುಸುೆಂ ರೊದ್",
                "stop_id": "23433",
                "lat": 12.97176,
                "lon": 77.60441
              },
              {
                "name": "MG Road",
                "name_kn": "ಂಗ್ ರೊದ್",
                "stop_id": "21572",
                "lat": 12.97779,
                "lon": 77.60204
              },
              {
                "name": "Shivajinagara Bus Station",
                "name_kn": "ಶಿವಜಿನಗರ ಬುಸ್ ಸ್ಟಟಿೊಂ",
                "stop_id": "21173",
                "lat": 12.98328,
                "lon": 77.60304
              }
            ]
          },
          {
            "Route": "210-G",
            "RouteId": 3791,
            "RouteParentId": 2113,
            "Destination": "Shivajinagara Bus Station",
            "Via": "",
            "Area": "Vasanthapura",
            "PlatformNumber": "1",
            "KannadaDestination": "ಶಿವಜಿನಗರ ಬುಸ್ ಸ್ಟಟಿೊಂ",
            "KannadaArea": "ವಸಂತಪುರ",
            "KannadaVia": "",
            "FromStationId": 21544,
            "Stops": [
              {
                "name": "Jayanagara Bus Station",
                "name_kn": "ಜಯನಗರ ಬುಸ್ ಸ್ಟಟಿೊಂ",
                "stop_id": "21544",
                "lat": 12.92852,
                "lon": 77.58418
              },
              {
                "name": "3rd Block Jayanagara",
                "name_kn": "3ರ್ದ್ ಬ್ಲೊಕ್ಕ್ ಜಯನಗರ",
                "stop_id": "21446",
                "lat": 12.9318,
                "lon": 77.58393
              },
              {
                "name": "Madhavan Park",
                "name_kn": "ಮಧವಂ ಪರ್ಕ್",
                "stop_id": "21563",
                "lat": 12.93644,
                "lon": 77.58392
              },
              {
                "name": "Rani Saraladevi High School",
                "name_kn": "ರನಿ ಸರಲದೆವಿ ಹಿಘ್ ಸ್ಚೂಲ್",
                "stop_id": "21592",
                "lat": 12.93767,
                "lon": 77.585
              },
              {
                "name": "Ashoka Pillar",
                "name_kn": "ಅಶೊಕ ಪಿಲ್ಲರ್",
                "stop_id": "21457",
                "lat": 12.9426,
                "lon": 77.58508
              },
              {
                "name": "Siddapura Ashoka Pillar",
                "name_kn": "ಸಿದ್ದಪುರ ಶೊಕ ಪಿಲ್ಲರ್",
                "stop_id": "21602",
                "lat": 12.94633,
                "lon": 77.58873
              },
              {
                "name": "Mallige Hospital",
                "name_kn": "ಮಲ್ಲಿಗೆ ಹೊಸ್ಪಿಟಲ್",
                "stop_id": "21564",
                "lat": 12.94762,
                "lon": 77.59124
              },
              {
                "name": "Wilson Garden 10th Cross",
                "name_kn": "ವಿಲ್ಸೊಂ ಗರ್ದೆಂ 10ತ್ ಕ್ರೊಸ್ಸ್",
                "stop_id": "20563",
                "lat": 12.94645,
                "lon": 77.59596
              },
              {
                "name": "Wilson Garden Police Station",
                "name_kn": "ವಿಲ್ಸೊಂ ಗರ್ದೆಂ ಪೊಲಿಕೆ ಸ್ಟಟಿೊಂ",
                "stop_id": "21281",
                "lat": 12.95064,
                "lon": 77.59558
              },
              {
                "name": "Shanthinagara Bus Station",
                "name_kn": "ಶಂತಿನಗರ ಬುಸ್ ಸ್ಟಟಿೊಂ",
                "stop_id": "21167",
                "lat": 12.95483,
                "lon": 77.59235
              },
              {
                "name": "KH Road",
                "name_kn": "ಖ್ ರೊದ್",
                "stop_id": "20928",
                "lat": 12.95815,
                "lon": 77.59299
              },
              {
                "name": "Richmond Circle",
                "name_kn": "ರಿಚ್ಮೊಂದ್ ಕಿರ್ಕ್ಲೆ",
                "stop_id": "21125",
                "lat": 12.96738,
                "lon": 77.59946
              },
              {
                "name": "St Joseph College",
                "name_kn": "ಸ್ಟ್ ಜೊಸೆಫ್ ಕೊಲ್ಲೆಗೆ",
                "stop_id": "21194",
                "lat": 12.97036,
                "lon": 77.60368
              },
              {
                "name": "St Joseph Boys High School Musuem Road",
                "name_kn": "ಸ್ಟ್ ಜೊಸೆಫ್ ಬೊಯ್ಸ್ ಹಿಘ್ ಸ್ಚೂಲ್ ಮುಸುೆಂ ರೊದ್",
                "stop_id": "23433",
                "lat": 12.97176,
                "lon": 77.60441
              },
              {
                "name": "State Bank India Garage",
                "name_kn": "ಸ್ಟಟೆ ಬಂಕ್ ಿಂದಿ ಗರಗೆ",
                "stop_id": "21608",
                "lat": 12.97465,
                "lon": 77.60154
              },
              {
                "name": "MG Road",
                "name_kn": "ಂಗ್ ರೊದ್",
                "stop_id": "21572",
                "lat": 12.97779,
                "lon": 77.60204
              },
              {
                "name": "Shivajinagara Bus Station",
                "name_kn": "ಶಿವಜಿನಗರ ಬುಸ್ ಸ್ಟಟಿೊಂ",
                "stop_id": "21173",
                "lat": 12.98328,
                "lon": 77.60304
              }
            ]
          },
          {
            "Route": "210-Q",
            "RouteId": 3800,
            "RouteParentId": 2118,
            "Destination": "Shivajinagara Bus Station",
            "Via": "",
            "Area": "Chikkallasandra",
            "PlatformNumber": "1",
            "KannadaDestination": "ಶಿವಜಿನಗರ ಬುಸ್ ಸ್ಟಟಿೊಂ",
            "KannadaArea": "ಚಿಕ್ಕಲ್ಲಸಂದ್ರ",
            "KannadaVia": "",
            "FromStationId": 21544,
            "Stops": [
              {
                "name": "Jayanagara Bus Station",
                "name_kn": "ಜಯನಗರ ಬುಸ್ ಸ್ಟಟಿೊಂ",
                "stop_id": "21544",
                "lat": 12.92852,
                "lon": 77.58418
              },
              {
                "name": "3rd Block Jayanagara",
                "name_kn": "3ರ್ದ್ ಬ್ಲೊಕ್ಕ್ ಜಯನಗರ",
                "stop_id": "21446",
                "lat": 12.9318,
                "lon": 77.58393
              },
              {
                "name": "Madhavan Park",
                "name_kn": "ಮಧವಂ ಪರ್ಕ್",
                "stop_id": "21563",
                "lat": 12.93644,
                "lon": 77.58392
              },
              {
                "name": "Rani Saraladevi High School",
                "name_kn": "ರನಿ ಸರಲದೆವಿ ಹಿಘ್ ಸ್ಚೂಲ್",
                "stop_id": "21592",
                "lat": 12.93767,
                "lon": 77.585
              },
              {
                "name": "Ashoka Pillar",
                "name_kn": "ಅಶೊಕ ಪಿಲ್ಲರ್",
                "stop_id": "21457",
                "lat": 12.9426,
                "lon": 77.58508
              },
              {
                "name": "Siddapura Ashoka Pillar",
                "name_kn": "ಸಿದ್ದಪುರ ಶೊಕ ಪಿಲ್ಲರ್",
                "stop_id": "21602",
                "lat": 12.94633,
                "lon": 77.58873
              },
              {
                "name": "Mallige Hospital",
                "name_kn": "ಮಲ್ಲಿಗೆ ಹೊಸ್ಪಿಟಲ್",
                "stop_id": "21564",
                "lat": 12.94762,
                "lon": 77.59124
              },
              {
                "name": "Wilson Garden 10th Cross",
                "name_kn": "ವಿಲ್ಸೊಂ ಗರ್ದೆಂ 10ತ್ ಕ್ರೊಸ್ಸ್",
                "stop_id": "20563",
                "lat": 12.94645,
                "lon": 77.59596
              },
              {
                "name": "Wilson Garden Police Station",
                "name_kn": "ವಿಲ್ಸೊಂ ಗರ್ದೆಂ ಪೊಲಿಕೆ ಸ್ಟಟಿೊಂ",
                "stop_id": "21281",
                "lat": 12.95064,
                "lon": 77.59558
              },
              {
                "name": "Shanthinagara Bus Station",
                "name_kn": "ಶಂತಿನಗರ ಬುಸ್ ಸ್ಟಟಿೊಂ",
                "stop_id": "21167",
                "lat": 12.95483,
                "lon": 77.59235
              },
              {
                "name": "KH Road",
                "name_kn": "ಖ್ ರೊದ್",
                "stop_id": "20928",
                "lat": 12.95815,
                "lon": 77.59299
              },
              {
                "name": "Richmond Circle",
                "name_kn": "ರಿಚ್ಮೊಂದ್ ಕಿರ್ಕ್ಲೆ",
                "stop_id": "21125",
                "lat": 12.96738,
                "lon": 77.59946
              },
              {
                "name": "St Joseph College",
                "name_kn": "ಸ್ಟ್ ಜೊಸೆಫ್ ಕೊಲ್ಲೆಗೆ",
                "stop_id": "21194",
                "lat": 12.97036,
                "lon": 77.60368
              },
              {
                "name": "St Joseph Boys High School Musuem Road",
                "name_kn": "ಸ್ಟ್ ಜೊಸೆಫ್ ಬೊಯ್ಸ್ ಹಿಘ್ ಸ್ಚೂಲ್ ಮುಸುೆಂ ರೊದ್",
                "stop_id": "23433",
                "lat": 12.97176,
                "lon": 77.60441
              },
              {
                "name": "State Bank India Garage",
                "name_kn": "ಸ್ಟಟೆ ಬಂಕ್ ಿಂದಿ ಗರಗೆ",
                "stop_id": "21608",
                "lat": 12.97465,
                "lon": 77.60154
              },
              {
                "name": "MG Road",
                "name_kn": "ಂಗ್ ರೊದ್",
                "stop_id": "21572",
                "lat": 12.97779,
                "lon": 77.60204
              },
              {
                "name": "Shivajinagara Bus Station",
                "name_kn": "ಶಿವಜಿನಗರ ಬುಸ್ ಸ್ಟಟಿೊಂ",
                "stop_id": "21173",
                "lat": 12.98328,
                "lon": 77.60304
              }
            ]
          },
          {
            "Route": "215-U",
            "RouteId": 4215,
            "RouteParentId": 2316,
            "Destination": "Shivajinagara Bus Station",
            "Via": "",
            "Area": "Kothanuru Hari Nagara",
            "PlatformNumber": "1",
            "KannadaDestination": "ಶಿವಜಿನಗರ ಬುಸ್ ಸ್ಟಟಿೊಂ",
            "KannadaArea": "ಕೊತ್ತನೂರು ಹರಿನಗರ",
            "KannadaVia": "",
            "FromStationId": 21544,
            "Stops": [
              {
                "name": "Jayanagara Bus Station",
                "name_kn": "ಜಯನಗರ ಬುಸ್ ಸ್ಟಟಿೊಂ",
                "stop_id": "21544",
                "lat": 12.92852,
                "lon": 77.58418
              },
              {
                "name": "3rd Block Jayanagara",
                "name_kn": "3ರ್ದ್ ಬ್ಲೊಕ್ಕ್ ಜಯನಗರ",
                "stop_id": "21446",
                "lat": 12.9318,
                "lon": 77.58393
              },
              {
                "name": "Rani Saraladevi High School",
                "name_kn": "ರನಿ ಸರಲದೆವಿ ಹಿಘ್ ಸ್ಚೂಲ್",
                "stop_id": "21592",
                "lat": 12.93767,
                "lon": 77.585
              },
              {
                "name": "Ashoka Pillar",
                "name_kn": "ಅಶೊಕ ಪಿಲ್ಲರ್",
                "stop_id": "21457",
                "lat": 12.9426,
                "lon": 77.58508
              },
              {
                "name": "Siddapura Ashoka Pillar",
                "name_kn": "ಸಿದ್ದಪುರ ಶೊಕ ಪಿಲ್ಲರ್",
                "stop_id": "21602",
                "lat": 12.94633,
                "lon": 77.58873
              },
              {
                "name": "Mallige Hospital",
                "name_kn": "ಮಲ್ಲಿಗೆ ಹೊಸ್ಪಿಟಲ್",
                "stop_id": "21564",
                "lat": 12.94762,
                "lon": 77.59124
              },
              {
                "name": "Wilson Garden 10th Cross",
                "name_kn": "ವಿಲ್ಸೊಂ ಗರ್ದೆಂ 10ತ್ ಕ್ರೊಸ್ಸ್",
                "stop_id": "20563",
                "lat": 12.94645,
                "lon": 77.59596
              },
              {
                "name": "Wilson Garden Police Station",
                "name_kn": "ವಿಲ್ಸೊಂ ಗರ್ದೆಂ ಪೊಲಿಕೆ ಸ್ಟಟಿೊಂ",
                "stop_id": "21281",
                "lat": 12.95064,
                "lon": 77.59558
              },
              {
                "name": "Shanthinagara Bus Station",
                "name_kn": "ಶಂತಿನಗರ ಬುಸ್ ಸ್ಟಟಿೊಂ",
                "stop_id": "21167",
                "lat": 12.95483,
                "lon": 77.59235
              },
              {
                "name": "KH Road",
                "name_kn": "ಖ್ ರೊದ್",
                "stop_id": "20928",
                "lat": 12.95815,
                "lon": 77.59299
              },
              {
                "name": "Richmond Circle",
                "name_kn": "ರಿಚ್ಮೊಂದ್ ಕಿರ್ಕ್ಲೆ",
                "stop_id": "21125",
                "lat": 12.96738,
                "lon": 77.59946
              },
              {
                "name": "St Joseph Boys High School Musuem Road",
                "name_kn": "ಸ್ಟ್ ಜೊಸೆಫ್ ಬೊಯ್ಸ್ ಹಿಘ್ ಸ್ಚೂಲ್ ಮುಸುೆಂ ರೊದ್",
                "stop_id": "23433",
                "lat": 12.97176,
                "lon": 77.60441
              },
              {
                "name": "State Bank India Garage",
                "name_kn": "ಸ್ಟಟೆ ಬಂಕ್ ಿಂದಿ ಗರಗೆ",
                "stop_id": "21608",
                "lat": 12.97465,
                "lon": 77.60154
              },
              {
                "name": "MG Road",
                "name_kn": "ಂಗ್ ರೊದ್",
                "stop_id": "21572",
                "lat": 12.97779,
                "lon": 77.60204
              },
              {
                "name": "Shivajinagara Bus Station",
                "name_kn": "ಶಿವಜಿನಗರ ಬುಸ್ ಸ್ಟಟಿೊಂ",
                "stop_id": "21173",
                "lat": 12.98328,
                "lon": 77.60304
              }
            ]
          },
          {
            "Route": "210-T",
            "RouteId": 4358,
            "RouteParentId": 2400,
            "Destination": "Shivajinagara Bus Station",
            "Via": "",
            "Area": "Pratyangira Temple Turahalli",
            "PlatformNumber": "1",
            "KannadaDestination": "ಶಿವಜಿನಗರ ಬುಸ್ ಸ್ಟಟಿೊಂ",
            "KannadaArea": "ಪ್ರತ್ಯಂಗಿರ ದೇವಸ್ಥಾನ ತುರಹಳ್ಳಿ",
            "KannadaVia": "",
            "FromStationId": 21544,
            "Stops": [
              {
                "name": "Jayanagara Bus Station",
                "name_kn": "ಜಯನಗರ ಬುಸ್ ಸ್ಟಟಿೊಂ",
                "stop_id": "21544",
                "lat": 12.92852,
                "lon": 77.58418
              },
              {
                "name": "3rd Block Jayanagara",
                "name_kn": "3ರ್ದ್ ಬ್ಲೊಕ್ಕ್ ಜಯನಗರ",
                "stop_id": "21446",
                "lat": 12.9318,
                "lon": 77.58393
              },
              {
                "name": "Madhavan Park",
                "name_kn": "ಮಧವಂ ಪರ್ಕ್",
                "stop_id": "21563",
                "lat": 12.93644,
                "lon": 77.58392
              },
              {
                "name": "Rani Saraladevi High School",
                "name_kn": "ರನಿ ಸರಲದೆವಿ ಹಿಘ್ ಸ್ಚೂಲ್",
                "stop_id": "21592",
                "lat": 12.93767,
                "lon": 77.585
              },
              {
                "name": "Ashoka Pillar",
                "name_kn": "ಅಶೊಕ ಪಿಲ್ಲರ್",
                "stop_id": "21457",
                "lat": 12.9426,
                "lon": 77.58508
              },
              {
                "name": "Siddapura Ashoka Pillar",
                "name_kn": "ಸಿದ್ದಪುರ ಶೊಕ ಪಿಲ್ಲರ್",
                "stop_id": "21602",
                "lat": 12.94633,
                "lon": 77.58873
              },
              {
                "name": "Mallige Hospital",
                "name_kn": "ಮಲ್ಲಿಗೆ ಹೊಸ್ಪಿಟಲ್",
                "stop_id": "21564",
                "lat": 12.94762,
                "lon": 77.59124
              },
              {
                "name": "Wilson Garden 10th Cross",
                "name_kn": "ವಿಲ್ಸೊಂ ಗರ್ದೆಂ 10ತ್ ಕ್ರೊಸ್ಸ್",
                "stop_id": "20563",
                "lat": 12.94645,
                "lon": 77.59596
              },
              {
                "name": "Wilson Garden Police Station",
                "name_kn": "ವಿಲ್ಸೊಂ ಗರ್ದೆಂ ಪೊಲಿಕೆ ಸ್ಟಟಿೊಂ",
                "stop_id": "21281",
                "lat": 12.95064,
                "lon": 77.59558
              },
              {
                "name": "Shanthinagara Bus Station",
                "name_kn": "ಶಂತಿನಗರ ಬುಸ್ ಸ್ಟಟಿೊಂ",
                "stop_id": "21167",
                "lat": 12.95483,
                "lon": 77.59235
              },
              {
                "name": "KH Road",
                "name_kn": "ಖ್ ರೊದ್",
                "stop_id": "20928",
                "lat": 12.95815,
                "lon": 77.59299
              },
              {
                "name": "Richmond Circle",
                "name_kn": "ರಿಚ್ಮೊಂದ್ ಕಿರ್ಕ್ಲೆ",
                "stop_id": "21125",
                "lat": 12.96738,
                "lon": 77.59946
              },
              {
                "name": "St Joseph College",
                "name_kn": "ಸ್ಟ್ ಜೊಸೆಫ್ ಕೊಲ್ಲೆಗೆ",
                "stop_id": "21194",
                "lat": 12.97036,
                "lon": 77.60368
              },
              {
                "name": "St Joseph Boys High School Musuem Road",
                "name_kn": "ಸ್ಟ್ ಜೊಸೆಫ್ ಬೊಯ್ಸ್ ಹಿಘ್ ಸ್ಚೂಲ್ ಮುಸುೆಂ ರೊದ್",
                "stop_id": "23433",
                "lat": 12.97176,
                "lon": 77.60441
              },
              {
                "name": "State Bank India Garage",
                "name_kn": "ಸ್ಟಟೆ ಬಂಕ್ ಿಂದಿ ಗರಗೆ",
                "stop_id": "21608",
                "lat": 12.97465,
                "lon": 77.60154
              },
              {
                "name": "MG Road",
                "name_kn": "ಂಗ್ ರೊದ್",
                "stop_id": "21572",
                "lat": 12.97779,
                "lon": 77.60204
              },
              {
                "name": "Shivajinagara Bus Station",
                "name_kn": "ಶಿವಜಿನಗರ ಬುಸ್ ಸ್ಟಟಿೊಂ",
                "stop_id": "21173",
                "lat": 12.98328,
                "lon": 77.60304
              }
            ]
          },
          {
            "Route": "210-G SBS-ISRLO-PPLO",
            "RouteId": 4480,
            "RouteParentId": 2461,
            "Destination": "Shivajinagara Bus Station",
            "Via": "",
            "Area": "Poornaprajna Layout",
            "PlatformNumber": "1",
            "KannadaDestination": "ಶಿವಜಿನಗರ ಬುಸ್ ಸ್ಟಟಿೊಂ",
            "KannadaArea": "ಪೂರ್ಣಪ್ರಜ್ಞಾ ಬಡಾವಣೆ",
            "KannadaVia": "",
            "FromStationId": 21544,
            "Stops": [
              {
                "name": "Jayanagara Bus Station",
                "name_kn": "ಜಯನಗರ ಬುಸ್ ಸ್ಟಟಿೊಂ",
                "stop_id": "21544",
                "lat": 12.92852,
                "lon": 77.58418
              },
              {
                "name": "3rd Block Jayanagara",
                "name_kn": "3ರ್ದ್ ಬ್ಲೊಕ್ಕ್ ಜಯನಗರ",
                "stop_id": "21446",
                "lat": 12.9318,
                "lon": 77.58393
              },
              {
                "name": "Madhavan Park",
                "name_kn": "ಮಧವಂ ಪರ್ಕ್",
                "stop_id": "21563",
                "lat": 12.93644,
                "lon": 77.58392
              },
              {
                "name": "Rani Saraladevi High School",
                "name_kn": "ರನಿ ಸರಲದೆವಿ ಹಿಘ್ ಸ್ಚೂಲ್",
                "stop_id": "21592",
                "lat": 12.93767,
                "lon": 77.585
              },
              {
                "name": "Ashoka Pillar",
                "name_kn": "ಅಶೊಕ ಪಿಲ್ಲರ್",
                "stop_id": "21457",
                "lat": 12.9426,
                "lon": 77.58508
              },
              {
                "name": "Siddapura Ashoka Pillar",
                "name_kn": "ಸಿದ್ದಪುರ ಶೊಕ ಪಿಲ್ಲರ್",
                "stop_id": "21602",
                "lat": 12.94633,
                "lon": 77.58873
              },
              {
                "name": "Mallige Hospital",
                "name_kn": "ಮಲ್ಲಿಗೆ ಹೊಸ್ಪಿಟಲ್",
                "stop_id": "21564",
                "lat": 12.94762,
                "lon": 77.59124
              },
              {
                "name": "Wilson Garden 10th Cross",
                "name_kn": "ವಿಲ್ಸೊಂ ಗರ್ದೆಂ 10ತ್ ಕ್ರೊಸ್ಸ್",
                "stop_id": "20563",
                "lat": 12.94645,
                "lon": 77.59596
              },
              {
                "name": "Wilson Garden Police Station",
                "name_kn": "ವಿಲ್ಸೊಂ ಗರ್ದೆಂ ಪೊಲಿಕೆ ಸ್ಟಟಿೊಂ",
                "stop_id": "21281",
                "lat": 12.95064,
                "lon": 77.59558
              },
              {
                "name": "Shanthinagara Bus Station",
                "name_kn": "ಶಂತಿನಗರ ಬುಸ್ ಸ್ಟಟಿೊಂ",
                "stop_id": "21167",
                "lat": 12.95483,
                "lon": 77.59235
              },
              {
                "name": "KH Road",
                "name_kn": "ಖ್ ರೊದ್",
                "stop_id": "20928",
                "lat": 12.95815,
                "lon": 77.59299
              },
              {
                "name": "Richmond Circle",
                "name_kn": "ರಿಚ್ಮೊಂದ್ ಕಿರ್ಕ್ಲೆ",
                "stop_id": "21125",
                "lat": 12.96738,
                "lon": 77.59946
              },
              {
                "name": "St Joseph College",
                "name_kn": "ಸ್ಟ್ ಜೊಸೆಫ್ ಕೊಲ್ಲೆಗೆ",
                "stop_id": "21194",
                "lat": 12.97036,
                "lon": 77.60368
              },
              {
                "name": "St Joseph Boys High School Musuem Road",
                "name_kn": "ಸ್ಟ್ ಜೊಸೆಫ್ ಬೊಯ್ಸ್ ಹಿಘ್ ಸ್ಚೂಲ್ ಮುಸುೆಂ ರೊದ್",
                "stop_id": "23433",
                "lat": 12.97176,
                "lon": 77.60441
              },
              {
                "name": "State Bank India Garage",
                "name_kn": "ಸ್ಟಟೆ ಬಂಕ್ ಿಂದಿ ಗರಗೆ",
                "stop_id": "21608",
                "lat": 12.97465,
                "lon": 77.60154
              },
              {
                "name": "MG Road",
                "name_kn": "ಂಗ್ ರೊದ್",
                "stop_id": "21572",
                "lat": 12.97779,
                "lon": 77.60204
              },
              {
                "name": "Shivajinagara Bus Station",
                "name_kn": "ಶಿವಜಿನಗರ ಬುಸ್ ಸ್ಟಟಿೊಂ",
                "stop_id": "21173",
                "lat": 12.98328,
                "lon": 77.60304
              }
            ]
          },
          {
            "Route": "215-U SBS-ANP",
            "RouteId": 8186,
            "RouteParentId": 4397,
            "Destination": "Shivajinagara Bus Station",
            "Via": "",
            "Area": "Anjanapura",
            "PlatformNumber": "1",
            "KannadaDestination": "ಶಿವಜಿನಗರ ಬುಸ್ ಸ್ಟಟಿೊಂ",
            "KannadaArea": "ಅಂಜನಾಪುರ",
            "KannadaVia": "",
            "FromStationId": 21544,
            "Stops": [
              {
                "name": "Jayanagara Bus Station",
                "name_kn": "ಜಯನಗರ ಬುಸ್ ಸ್ಟಟಿೊಂ",
                "stop_id": "21544",
                "lat": 12.92852,
                "lon": 77.58418
              },
              {
                "name": "3rd Block Jayanagara",
                "name_kn": "3ರ್ದ್ ಬ್ಲೊಕ್ಕ್ ಜಯನಗರ",
                "stop_id": "21446",
                "lat": 12.9318,
                "lon": 77.58393
              },
              {
                "name": "Rani Saraladevi High School",
                "name_kn": "ರನಿ ಸರಲದೆವಿ ಹಿಘ್ ಸ್ಚೂಲ್",
                "stop_id": "21592",
                "lat": 12.93767,
                "lon": 77.585
              },
              {
                "name": "Ashoka Pillar",
                "name_kn": "ಅಶೊಕ ಪಿಲ್ಲರ್",
                "stop_id": "21457",
                "lat": 12.9426,
                "lon": 77.58508
              },
              {
                "name": "Siddapura Ashoka Pillar",
                "name_kn": "ಸಿದ್ದಪುರ ಶೊಕ ಪಿಲ್ಲರ್",
                "stop_id": "21602",
                "lat": 12.94633,
                "lon": 77.58873
              },
              {
                "name": "Mallige Hospital",
                "name_kn": "ಮಲ್ಲಿಗೆ ಹೊಸ್ಪಿಟಲ್",
                "stop_id": "21564",
                "lat": 12.94762,
                "lon": 77.59124
              },
              {
                "name": "Wilson Garden 10th Cross",
                "name_kn": "ವಿಲ್ಸೊಂ ಗರ್ದೆಂ 10ತ್ ಕ್ರೊಸ್ಸ್",
                "stop_id": "20563",
                "lat": 12.94645,
                "lon": 77.59596
              },
              {
                "name": "Wilson Garden Police Station",
                "name_kn": "ವಿಲ್ಸೊಂ ಗರ್ದೆಂ ಪೊಲಿಕೆ ಸ್ಟಟಿೊಂ",
                "stop_id": "21281",
                "lat": 12.95064,
                "lon": 77.59558
              },
              {
                "name": "Shanthinagara Bus Station",
                "name_kn": "ಶಂತಿನಗರ ಬುಸ್ ಸ್ಟಟಿೊಂ",
                "stop_id": "21167",
                "lat": 12.95483,
                "lon": 77.59235
              },
              {
                "name": "KH Road",
                "name_kn": "ಖ್ ರೊದ್",
                "stop_id": "20928",
                "lat": 12.95815,
                "lon": 77.59299
              },
              {
                "name": "Richmond Circle",
                "name_kn": "ರಿಚ್ಮೊಂದ್ ಕಿರ್ಕ್ಲೆ",
                "stop_id": "21125",
                "lat": 12.96738,
                "lon": 77.59946
              },
              {
                "name": "St Joseph Boys High School Musuem Road",
                "name_kn": "ಸ್ಟ್ ಜೊಸೆಫ್ ಬೊಯ್ಸ್ ಹಿಘ್ ಸ್ಚೂಲ್ ಮುಸುೆಂ ರೊದ್",
                "stop_id": "23433",
                "lat": 12.97176,
                "lon": 77.60441
              },
              {
                "name": "MG Road",
                "name_kn": "ಂಗ್ ರೊದ್",
                "stop_id": "21572",
                "lat": 12.97779,
                "lon": 77.60204
              },
              {
                "name": "Shivajinagara Bus Station",
                "name_kn": "ಶಿವಜಿನಗರ ಬುಸ್ ಸ್ಟಟಿೊಂ",
                "stop_id": "21173",
                "lat": 12.98328,
                "lon": 77.60304
              }
            ]
          },
          {
            "Route": "375-J",
            "RouteId": 8790,
            "RouteParentId": 1172,
            "Destination": "Shanthinagara Bus Station",
            "Via": "",
            "Area": "Thippuru",
            "PlatformNumber": "1",
            "KannadaDestination": "ಶಂತಿನಗರ ಬುಸ್ ಸ್ಟಟಿೊಂ",
            "KannadaArea": "ತಿಪ್ಪೂರು",
            "KannadaVia": "",
            "FromStationId": 21544,
            "Stops": [
              {
                "name": "Jayanagara Bus Station",
                "name_kn": "ಜಯನಗರ ಬುಸ್ ಸ್ಟಟಿೊಂ",
                "stop_id": "21544",
                "lat": 12.92852,
                "lon": 77.58418
              },
              {
                "name": "3rd Block Jayanagara",
                "name_kn": "3ರ್ದ್ ಬ್ಲೊಕ್ಕ್ ಜಯನಗರ",
                "stop_id": "21446",
                "lat": 12.9318,
                "lon": 77.58393
              },
              {
                "name": "Madhavan Park",
                "name_kn": "ಮಧವಂ ಪರ್ಕ್",
                "stop_id": "21563",
                "lat": 12.93644,
                "lon": 77.58392
              },
              {
                "name": "Rani Saraladevi High School",
                "name_kn": "ರನಿ ಸರಲದೆವಿ ಹಿಘ್ ಸ್ಚೂಲ್",
                "stop_id": "21592",
                "lat": 12.93767,
                "lon": 77.585
              },
              {
                "name": "Ashoka Pillar",
                "name_kn": "ಅಶೊಕ ಪಿಲ್ಲರ್",
                "stop_id": "21457",
                "lat": 12.9426,
                "lon": 77.58508
              },
              {
                "name": "Siddapura Ashoka Pillar",
                "name_kn": "ಸಿದ್ದಪುರ ಶೊಕ ಪಿಲ್ಲರ್",
                "stop_id": "21602",
                "lat": 12.94633,
                "lon": 77.58873
              },
              {
                "name": "Mallige Hospital",
                "name_kn": "ಮಲ್ಲಿಗೆ ಹೊಸ್ಪಿಟಲ್",
                "stop_id": "21564",
                "lat": 12.94762,
                "lon": 77.59124
              },
              {
                "name": "Wilson Garden 10th Cross",
                "name_kn": "ವಿಲ್ಸೊಂ ಗರ್ದೆಂ 10ತ್ ಕ್ರೊಸ್ಸ್",
                "stop_id": "20563",
                "lat": 12.94645,
                "lon": 77.59596
              },
              {
                "name": "Wilson Garden Police Station",
                "name_kn": "ವಿಲ್ಸೊಂ ಗರ್ದೆಂ ಪೊಲಿಕೆ ಸ್ಟಟಿೊಂ",
                "stop_id": "21281",
                "lat": 12.95064,
                "lon": 77.59558
              },
              {
                "name": "Shanthinagara Bus Station",
                "name_kn": "ಶಂತಿನಗರ ಬುಸ್ ಸ್ಟಟಿೊಂ",
                "stop_id": "21167",
                "lat": 12.95483,
                "lon": 77.59235
              }
            ]
          },
          {
            "Route": "215-S",
            "RouteId": 11900,
            "RouteParentId": 6339,
            "Destination": "Shivajinagara Bus Station",
            "Via": "",
            "Area": "Jambu Savari Dinne",
            "PlatformNumber": "1",
            "KannadaDestination": "ಶಿವಜಿನಗರ ಬುಸ್ ಸ್ಟಟಿೊಂ",
            "KannadaArea": "ಜಂಬು ಸವಾರಿ ದಿಣ್ಣೆ",
            "KannadaVia": "",
            "FromStationId": 21544,
            "Stops": [
              {
                "name": "Jayanagara Bus Station",
                "name_kn": "ಜಯನಗರ ಬುಸ್ ಸ್ಟಟಿೊಂ",
                "stop_id": "21544",
                "lat": 12.92852,
                "lon": 77.58418
              },
              {
                "name": "3rd Block Jayanagara",
                "name_kn": "3ರ್ದ್ ಬ್ಲೊಕ್ಕ್ ಜಯನಗರ",
                "stop_id": "21446",
                "lat": 12.9318,
                "lon": 77.58393
              },
              {
                "name": "Madhavan Park",
                "name_kn": "ಮಧವಂ ಪರ್ಕ್",
                "stop_id": "21563",
                "lat": 12.93644,
                "lon": 77.58392
              },
              {
                "name": "Rani Saraladevi High School",
                "name_kn": "ರನಿ ಸರಲದೆವಿ ಹಿಘ್ ಸ್ಚೂಲ್",
                "stop_id": "21592",
                "lat": 12.93767,
                "lon": 77.585
              },
              {
                "name": "Ashoka Pillar",
                "name_kn": "ಅಶೊಕ ಪಿಲ್ಲರ್",
                "stop_id": "21457",
                "lat": 12.9426,
                "lon": 77.58508
              },
              {
                "name": "Siddapura Ashoka Pillar",
                "name_kn": "ಸಿದ್ದಪುರ ಶೊಕ ಪಿಲ್ಲರ್",
                "stop_id": "21602",
                "lat": 12.94633,
                "lon": 77.58873
              },
              {
                "name": "Mallige Hospital",
                "name_kn": "ಮಲ್ಲಿಗೆ ಹೊಸ್ಪಿಟಲ್",
                "stop_id": "21564",
                "lat": 12.94762,
                "lon": 77.59124
              },
              {
                "name": "Wilson Garden 10th Cross",
                "name_kn": "ವಿಲ್ಸೊಂ ಗರ್ದೆಂ 10ತ್ ಕ್ರೊಸ್ಸ್",
                "stop_id": "20563",
                "lat": 12.94645,
                "lon": 77.59596
              },
              {
                "name": "Wilson Garden Police Station",
                "name_kn": "ವಿಲ್ಸೊಂ ಗರ್ದೆಂ ಪೊಲಿಕೆ ಸ್ಟಟಿೊಂ",
                "stop_id": "21281",
                "lat": 12.95064,
                "lon": 77.59558
              },
              {
                "name": "Shanthinagara Bus Station",
                "name_kn": "ಶಂತಿನಗರ ಬುಸ್ ಸ್ಟಟಿೊಂ",
                "stop_id": "21167",
                "lat": 12.95483,
                "lon": 77.59235
              },
              {
                "name": "KH Road",
                "name_kn": "ಖ್ ರೊದ್",
                "stop_id": "20928",
                "lat": 12.95815,
                "lon": 77.59299
              },
              {
                "name": "Richmond Circle",
                "name_kn": "ರಿಚ್ಮೊಂದ್ ಕಿರ್ಕ್ಲೆ",
                "stop_id": "21125",
                "lat": 12.96738,
                "lon": 77.59946
              },
              {
                "name": "St Joseph College",
                "name_kn": "ಸ್ಟ್ ಜೊಸೆಫ್ ಕೊಲ್ಲೆಗೆ",
                "stop_id": "21194",
                "lat": 12.97036,
                "lon": 77.60368
              },
              {
                "name": "St Joseph Boys High School Musuem Road",
                "name_kn": "ಸ್ಟ್ ಜೊಸೆಫ್ ಬೊಯ್ಸ್ ಹಿಘ್ ಸ್ಚೂಲ್ ಮುಸುೆಂ ರೊದ್",
                "stop_id": "23433",
                "lat": 12.97176,
                "lon": 77.60441
              },
              {
                "name": "State Bank India Garage",
                "name_kn": "ಸ್ಟಟೆ ಬಂಕ್ ಿಂದಿ ಗರಗೆ",
                "stop_id": "21608",
                "lat": 12.97465,
                "lon": 77.60154
              },
              {
                "name": "MG Road",
                "name_kn": "ಂಗ್ ರೊದ್",
                "stop_id": "21572",
                "lat": 12.97779,
                "lon": 77.60204
              },
              {
                "name": "Shivajinagara Bus Station",
                "name_kn": "ಶಿವಜಿನಗರ ಬುಸ್ ಸ್ಟಟಿೊಂ",
                "stop_id": "21173",
                "lat": 12.98328,
                "lon": 77.60304
              }
            ]
          },
          {
            "Route": "27 KVN-SNBS",
            "RouteId": 16352,
            "RouteParentId": 8757,
            "Destination": "Shanthinagara Bus Station",
            "Via": "",
            "Area": "Kuvempunagara Bus station (BTM Layout)",
            "PlatformNumber": "1",
            "KannadaDestination": "ಶಂತಿನಗರ ಬುಸ್ ಸ್ಟಟಿೊಂ",
            "KannadaArea": "ಕುವೆಂಪುನಗರ ಬಸ್ ನಿಲ್ದಾಣ (ಬಿಟಿಎಂ ಬಡಾವಣೆ)",
            "KannadaVia": "",
            "FromStationId": 21544,
            "Stops": [
              {
                "name": "Jayanagara Bus Station",
                "name_kn": "ಜಯನಗರ ಬುಸ್ ಸ್ಟಟಿೊಂ",
                "stop_id": "21544",
                "lat": 12.92852,
                "lon": 77.58418
              },
              {
                "name": "3rd Block Jayanagara",
                "name_kn": "3ರ್ದ್ ಬ್ಲೊಕ್ಕ್ ಜಯನಗರ",
                "stop_id": "21446",
                "lat": 12.9318,
                "lon": 77.58393
              },
              {
                "name": "Madhavan Park",
                "name_kn": "ಮಧವಂ ಪರ್ಕ್",
                "stop_id": "21563",
                "lat": 12.93644,
                "lon": 77.58392
              },
              {
                "name": "Rani Saraladevi High School",
                "name_kn": "ರನಿ ಸರಲದೆವಿ ಹಿಘ್ ಸ್ಚೂಲ್",
                "stop_id": "21592",
                "lat": 12.93767,
                "lon": 77.585
              },
              {
                "name": "Ashoka Pillar",
                "name_kn": "ಅಶೊಕ ಪಿಲ್ಲರ್",
                "stop_id": "21457",
                "lat": 12.9426,
                "lon": 77.58508
              },
              {
                "name": "Siddapura Ashoka Pillar",
                "name_kn": "ಸಿದ್ದಪುರ ಶೊಕ ಪಿಲ್ಲರ್",
                "stop_id": "21602",
                "lat": 12.94633,
                "lon": 77.58873
              },
              {
                "name": "Mallige Hospital",
                "name_kn": "ಮಲ್ಲಿಗೆ ಹೊಸ್ಪಿಟಲ್",
                "stop_id": "21564",
                "lat": 12.94762,
                "lon": 77.59124
              },
              {
                "name": "Wilson Garden 10th Cross",
                "name_kn": "ವಿಲ್ಸೊಂ ಗರ್ದೆಂ 10ತ್ ಕ್ರೊಸ್ಸ್",
                "stop_id": "20563",
                "lat": 12.94645,
                "lon": 77.59596
              },
              {
                "name": "Wilson Garden Police Station",
                "name_kn": "ವಿಲ್ಸೊಂ ಗರ್ದೆಂ ಪೊಲಿಕೆ ಸ್ಟಟಿೊಂ",
                "stop_id": "21281",
                "lat": 12.95064,
                "lon": 77.59558
              },
              {
                "name": "Shanthinagara Bus Station",
                "name_kn": "ಶಂತಿನಗರ ಬುಸ್ ಸ್ಟಟಿೊಂ",
                "stop_id": "21167",
                "lat": 12.95483,
                "lon": 77.59235
              }
            ]
          },
          {
            "Route": "13-S",
            "RouteId": 16678,
            "RouteParentId": 8930,
            "Destination": "Sultan palya",
            "Via": "",
            "Area": "Banashankari Bus Station",
            "PlatformNumber": "1",
            "KannadaDestination": "ಸುಲ್ಟಂ ಪಲೆ",
            "KannadaArea": "ಬನಶಂಕರಿ ಬಸ್ ನಿಲ್ದಾಣ",
            "KannadaVia": "",
            "FromStationId": 21544,
            "Stops": [
              {
                "name": "Jayanagara Bus Station",
                "name_kn": "ಜಯನಗರ ಬುಸ್ ಸ್ಟಟಿೊಂ",
                "stop_id": "21544",
                "lat": 12.92852,
                "lon": 77.58418
              },
              {
                "name": "3rd Block Jayanagara",
                "name_kn": "3ರ್ದ್ ಬ್ಲೊಕ್ಕ್ ಜಯನಗರ",
                "stop_id": "21446",
                "lat": 12.9318,
                "lon": 77.58393
              },
              {
                "name": "Madhavan Park",
                "name_kn": "ಮಧವಂ ಪರ್ಕ್",
                "stop_id": "21563",
                "lat": 12.93644,
                "lon": 77.58392
              },
              {
                "name": "Rani Saraladevi High School",
                "name_kn": "ರನಿ ಸರಲದೆವಿ ಹಿಘ್ ಸ್ಚೂಲ್",
                "stop_id": "21592",
                "lat": 12.93767,
                "lon": 77.585
              },
              {
                "name": "Ashoka Pillar",
                "name_kn": "ಅಶೊಕ ಪಿಲ್ಲರ್",
                "stop_id": "21457",
                "lat": 12.9426,
                "lon": 77.58508
              },
              {
                "name": "Siddapura Ashoka Pillar",
                "name_kn": "ಸಿದ್ದಪುರ ಶೊಕ ಪಿಲ್ಲರ್",
                "stop_id": "21602",
                "lat": 12.94633,
                "lon": 77.58873
              },
              {
                "name": "Mallige Hospital",
                "name_kn": "ಮಲ್ಲಿಗೆ ಹೊಸ್ಪಿಟಲ್",
                "stop_id": "21564",
                "lat": 12.94762,
                "lon": 77.59124
              },
              {
                "name": "Wilson Garden 10th Cross",
                "name_kn": "ವಿಲ್ಸೊಂ ಗರ್ದೆಂ 10ತ್ ಕ್ರೊಸ್ಸ್",
                "stop_id": "20563",
                "lat": 12.94645,
                "lon": 77.59596
              },
              {
                "name": "Wilson Garden Police Station",
                "name_kn": "ವಿಲ್ಸೊಂ ಗರ್ದೆಂ ಪೊಲಿಕೆ ಸ್ಟಟಿೊಂ",
                "stop_id": "21281",
                "lat": 12.95064,
                "lon": 77.59558
              },
              {
                "name": "Shanthinagara Bus Station",
                "name_kn": "ಶಂತಿನಗರ ಬುಸ್ ಸ್ಟಟಿೊಂ",
                "stop_id": "21167",
                "lat": 12.95483,
                "lon": 77.59235
              },
              {
                "name": "KH Road",
                "name_kn": "ಖ್ ರೊದ್",
                "stop_id": "20928",
                "lat": 12.95815,
                "lon": 77.59299
              },
              {
                "name": "Richmond Circle",
                "name_kn": "ರಿಚ್ಮೊಂದ್ ಕಿರ್ಕ್ಲೆ",
                "stop_id": "21125",
                "lat": 12.96738,
                "lon": 77.59946
              },
              {
                "name": "St Joseph Boys High School Musuem Road",
                "name_kn": "ಸ್ಟ್ ಜೊಸೆಫ್ ಬೊಯ್ಸ್ ಹಿಘ್ ಸ್ಚೂಲ್ ಮುಸುೆಂ ರೊದ್",
                "stop_id": "23433",
                "lat": 12.97176,
                "lon": 77.60441
              },
              {
                "name": "MG Road",
                "name_kn": "ಂಗ್ ರೊದ್",
                "stop_id": "21572",
                "lat": 12.97779,
                "lon": 77.60204
              },
              {
                "name": "Shivajinagara Bus Station",
                "name_kn": "ಶಿವಜಿನಗರ ಬುಸ್ ಸ್ಟಟಿೊಂ",
                "stop_id": "21172",
                "lat": 12.98396,
                "lon": 77.60323
              },
              {
                "name": "Indian Express",
                "name_kn": "ಇಂದಿಂ ೆಕ್ಸ್ಪ್ರೆಸ್ಸ್",
                "stop_id": "22068",
                "lat": 12.98421,
                "lon": 77.59735
              },
              {
                "name": "Cunningham Road",
                "name_kn": "ಕುಂನಿಙ್ಹಂ ರೊದ್",
                "stop_id": "21869",
                "lat": 12.98788,
                "lon": 77.59423
              },
              {
                "name": "Vasantha Nagara",
                "name_kn": "ವಸಂತ ನಗರ",
                "stop_id": "22585",
                "lat": 12.99278,
                "lon": 77.59503
              },
              {
                "name": "Jayamahal",
                "name_kn": "ಜಯಮಹಲ್",
                "stop_id": "24018",
                "lat": 13.00034,
                "lon": 77.59478
              },
              {
                "name": "Munireddy Palya J C Nagara",
                "name_kn": "ಮುನಿರೆದ್ಠೆ ಪಲೆ ಜ್ ಕ್ ನಗರ",
                "stop_id": "24019",
                "lat": 13.00413,
                "lon": 77.59359
              },
              {
                "name": "TV Tower",
                "name_kn": "ಟ್ವ್ ಟೌೆರ್",
                "stop_id": "24020",
                "lat": 13.00999,
                "lon": 77.59058
              },
              {
                "name": "C‌ Q A L",
                "name_kn": "ಕ್‌ q  ಲ್",
                "stop_id": "23341",
                "lat": 13.01178,
                "lon": 77.59326
              },
              {
                "name": "Matadahalli",
                "name_kn": "ಮಟದಹಲ್ಲಿ",
                "stop_id": "23342",
                "lat": 13.01364,
                "lon": 77.59362
              },
              {
                "name": "Rahamathnagara",
                "name_kn": "ರಹಮತ್ನಗರ",
                "stop_id": "23343",
                "lat": 13.01751,
                "lon": 77.5918
              },
              {
                "name": "R T Nagara Post Office",
                "name_kn": "ರ್ ಟ್ ನಗರ ಪೊಸ್ಟ್ ೊೞ್ೞಿಕೆ",
                "stop_id": "23344",
                "lat": 13.02197,
                "lon": 77.59251
              },
              {
                "name": "RT Nagara Police Station",
                "name_kn": "ರ್ಟ್ ನಗರ ಪೊಲಿಕೆ ಸ್ಟಟಿೊಂ",
                "stop_id": "21097",
                "lat": 13.02495,
                "lon": 77.59321
              },
              {
                "name": "HMT Layout R T Nagara",
                "name_kn": "ಹ್ಂಟ್ ಲಯೌಟ್ ರ್ ಟ್ ನಗರ",
                "stop_id": "20835",
                "lat": 13.0247,
                "lon": 77.59473
              },
              {
                "name": "Dinnur Main Road",
                "name_kn": "ದಿಂನುರ್ ಮೈಂ ರೊದ್",
                "stop_id": "20759",
                "lat": 13.02398,
                "lon": 77.59884
              },
              {
                "name": "Sultanpalya Cross Pushpanjali Talkies",
                "name_kn": "ಸುಲ್ಟಂಪಲೆ ಕ್ರೊಸ್ಸ್ ಪುಶ್ಪಞಲಿ ಟಲ್ಕಿೆಸ್",
                "stop_id": "21202",
                "lat": 13.02217,
                "lon": 77.60241
              },
              {
                "name": "Sultanpalya Ashwathkatte",
                "name_kn": "ಸುಲ್ಟಂಪಲೆ ಶ್ವತ್ಕಟೆ",
                "stop_id": "23345",
                "lat": 13.02463,
                "lon": 77.60335
              },
              {
                "name": "Sultan palya",
                "name_kn": "ಸುಲ್ಟಂ ಪಲೆ",
                "stop_id": "35078",
                "lat": 13.02661,
                "lon": 77.604
              }
            ]
          },
          {
            "Route": "210-TA",
            "RouteId": 12798,
            "RouteParentId": 6817,
            "Destination": "Turahalli",
            "Via": "",
            "Area": "Jayanagara Bus Station",
            "PlatformNumber": "1",
            "KannadaDestination": "ಟುರಹಲ್ಲಿ",
            "KannadaArea": "ಜಯನಗರ ಬಸ್ ನಿಲ್ದಾಣ",
            "KannadaVia": "",
            "FromStationId": 21544,
            "Stops": [
              {
                "name": "Jayanagara Bus Station",
                "name_kn": "ಜಯನಗರ ಬುಸ್ ಸ್ಟಟಿೊಂ",
                "stop_id": "21544",
                "lat": 12.92852,
                "lon": 77.58418
              },
              {
                "name": "Jayanagara Telephone Exchange",
                "name_kn": "ಜಯನಗರ ಟೆಲೆಫೊನೆ ೆಕ್ಸ್ಚಙೆ",
                "stop_id": "21543",
                "lat": 12.9228,
                "lon": 77.58385
              },
              {
                "name": "Jayanagara 38th Cross",
                "name_kn": "ಜಯನಗರ 38ತ್ ಕ್ರೊಸ್ಸ್",
                "stop_id": "21445",
                "lat": 12.92101,
                "lon": 77.58376
              },
              {
                "name": "Jayanagara 40th Cross",
                "name_kn": "ಜಯನಗರ 40ತ್ ಕ್ರೊಸ್ಸ್",
                "stop_id": "21449",
                "lat": 12.91989,
                "lon": 77.58068
              },
              {
                "name": "Sangam Circle",
                "name_kn": "ಸಙಂ ಕಿರ್ಕ್ಲೆ",
                "stop_id": "21148",
                "lat": 12.91704,
                "lon": 77.57875
              },
              {
                "name": "Banashankari Bus Station",
                "name_kn": "ಬನಶಂಕರಿ ಬುಸ್ ಸ್ಟಟಿೊಂ",
                "stop_id": "20624",
                "lat": 12.91736,
                "lon": 77.5727
              },
              {
                "name": "Kadirenahalli Cross",
                "name_kn": "ಕದಿರೆನಹಲ್ಲಿ ಕ್ರೊಸ್ಸ್",
                "stop_id": "20897",
                "lat": 12.91364,
                "lon": 77.56727
              },
              {
                "name": "Kadirenahalli Village",
                "name_kn": "ಕದಿರೆನಹಲ್ಲಿ ವಿಲ್ಲಗೆ",
                "stop_id": "22134",
                "lat": 12.9157,
                "lon": 77.56146
              },
              {
                "name": "Prarthana School",
                "name_kn": "ಪ್ರರ್ತನ ಸ್ಚೂಲ್",
                "stop_id": "22404",
                "lat": 12.91155,
                "lon": 77.5583
              },
              {
                "name": "Gowdanapalya",
                "name_kn": "ಗೌದನಪಲೆ",
                "stop_id": "21979",
                "lat": 12.91157,
                "lon": 77.55608
              },
              {
                "name": "Chikkallasandra Aralimara",
                "name_kn": "ಚಿಕ್ಕಲ್ಲಸಂದ್ರ ರಲಿಮರ",
                "stop_id": "21841",
                "lat": 12.91157,
                "lon": 77.55238
              },
              {
                "name": "Chikkallasandra Bank Colony",
                "name_kn": "ಚಿಕ್ಕಲ್ಲಸಂದ್ರ ಬಂಕ್ ಕೊಲೊನೆ",
                "stop_id": "21843",
                "lat": 12.90914,
                "lon": 77.54927
              },
              {
                "name": "Nano Hospital",
                "name_kn": "ನನೊ ಹೊಸ್ಪಿಟಲ್",
                "stop_id": "22198",
                "lat": 12.90698,
                "lon": 77.54622
              },
              {
                "name": "Uttarahalli Bus Stand",
                "name_kn": "ಉಟರಹಲ್ಲಿ ಬುಸ್ ಸ್ಟಂದ್",
                "stop_id": "22569",
                "lat": 12.90535,
                "lon": 77.54327
              },
              {
                "name": "Subramanyapura Police Station",
                "name_kn": "ಸುಬ್ರಮನೆಪುರ ಪೊಲಿಕೆ ಸ್ಟಟಿೊಂ",
                "stop_id": "22393",
                "lat": 12.90149,
                "lon": 77.54417
              },
              {
                "name": "Subramanyapura Post Office",
                "name_kn": "ಸುಬ್ರಮನೆಪುರ ಪೊಸ್ಟ್ ೊೞ್ೞಿಕೆ",
                "stop_id": "22398",
                "lat": 12.89883,
                "lon": 77.54391
              },
              {
                "name": "Shanimahathma Temple",
                "name_kn": "ಶನಿಮಹತ್ಮ ಟೆಂಪ್ಲೆ",
                "stop_id": "34513",
                "lat": 12.8934,
                "lon": 77.54338
              },
              {
                "name": "Turahalli Cross",
                "name_kn": "ಟುರಹಲ್ಲಿ ಕ್ರೊಸ್ಸ್",
                "stop_id": "39647",
                "lat": 12.89339,
                "lon": 77.53819
              },
              {
                "name": "Turahalli",
                "name_kn": "ಟುರಹಲ್ಲಿ",
                "stop_id": "31491",
                "lat": 12.89752,
                "lon": 77.53952
              }
            ]
          }
        ]
      }
    },
    {
      "type": "Feature",
      "geometry": {
        "coordinates": [
          77.5843119621277,
          12.928485242559685
        ],
        "type": "Point"
      },
      "properties": {
        "Platform": "2",
        "Color": "#000000",
        "Icon": "2",
        "OpenHour": 0,
        "CloseHour": 0,
        "ApiIds": [
          "21544"
        ],
        "Routes": [
          {
            "Route": "18",
            "RouteId": 1887,
            "RouteParentId": 1115,
            "Destination": "Kempegowda Bus Station",
            "Via": "",
            "Area": "Jayanagara 9th Block (40th Cross)",
            "PlatformNumber": "2",
            "KannadaDestination": "ಕೆಂಪೆಗೌದ ಬುಸ್ ಸ್ಟಟಿೊಂ",
            "KannadaArea": "ಜಯನಗರ 9ನೇ ಬ್ಲಾಕ್ (40 ನೇ ಅಡ್ಡ ರಸ್ತೆ)",
            "KannadaVia": "",
            "FromStationId": 21544,
            "Stops": [
              {
                "name": "Jayanagara Bus Station",
                "name_kn": "ಜಯನಗರ ಬುಸ್ ಸ್ಟಟಿೊಂ",
                "stop_id": "21544",
                "lat": 12.92852,
                "lon": 77.58418
              },
              {
                "name": "3rd Block Jayanagara",
                "name_kn": "3ರ್ದ್ ಬ್ಲೊಕ್ಕ್ ಜಯನಗರ",
                "stop_id": "21446",
                "lat": 12.9318,
                "lon": 77.58393
              },
              {
                "name": "Madhavan Park",
                "name_kn": "ಮಧವಂ ಪರ್ಕ್",
                "stop_id": "21563",
                "lat": 12.93644,
                "lon": 77.58392
              },
              {
                "name": "Rani Saraladevi High School",
                "name_kn": "ರನಿ ಸರಲದೆವಿ ಹಿಘ್ ಸ್ಚೂಲ್",
                "stop_id": "21592",
                "lat": 12.93767,
                "lon": 77.585
              },
              {
                "name": "Ashoka Pillar",
                "name_kn": "ಅಶೊಕ ಪಿಲ್ಲರ್",
                "stop_id": "23759",
                "lat": 12.94367,
                "lon": 77.58496
              },
              {
                "name": "R V Teachers College",
                "name_kn": "ರ್ ವ್ ಟೆಚೆರ್ಸ್ ಕೊಲ್ಲೆಗೆ",
                "stop_id": "22434",
                "lat": 12.94446,
                "lon": 77.5799
              },
              {
                "name": "Lalbagh Metro Station",
                "name_kn": "ಲಲ್ಬಘ್ ಮೆಟ್ರೊ ಸ್ಟಟಿೊಂ",
                "stop_id": "38814",
                "lat": 12.94739,
                "lon": 77.57993
              },
              {
                "name": "Lalbagh West Gate",
                "name_kn": "ಲಲ್ಬಘ್ ವೆಸ್ಟ್ ಗಟೆ",
                "stop_id": "22225",
                "lat": 12.94963,
                "lon": 77.57993
              },
              {
                "name": "Minerva Circle",
                "name_kn": "ಮಿನೆರ್ವ ಕಿರ್ಕ್ಲೆ",
                "stop_id": "22291",
                "lat": 12.95387,
                "lon": 77.57992
              },
              {
                "name": "Town Hall",
                "name_kn": "ಟೌಂ ಹಲ್ಲ್",
                "stop_id": "22565",
                "lat": 12.96353,
                "lon": 77.58507
              },
              {
                "name": "Corporation",
                "name_kn": "ಕೊರ್ಪೊರಟಿೊಂ",
                "stop_id": "20725",
                "lat": 12.96839,
                "lon": 77.58675
              },
              {
                "name": "Mysore Bank",
                "name_kn": "ಮೆಸೊರೆ ಬಂಕ್",
                "stop_id": "35383",
                "lat": 12.97253,
                "lon": 77.58199
              },
              {
                "name": "Kempegowda Bus Station",
                "name_kn": "ಕೆಂಪೆಗೌದ ಬುಸ್ ಸ್ಟಟಿೊಂ",
                "stop_id": "20922",
                "lat": 12.97749,
                "lon": 77.57327
              }
            ]
          },
          {
            "Route": "25-A",
            "RouteId": 3134,
            "RouteParentId": 1771,
            "Destination": "Kempegowda Bus Station",
            "Via": "",
            "Area": "Kuvempunagara Bus station (BTM Layout)",
            "PlatformNumber": "2",
            "KannadaDestination": "ಕೆಂಪೆಗೌದ ಬುಸ್ ಸ್ಟಟಿೊಂ",
            "KannadaArea": "ಕುವೆಂಪುನಗರ ಬಸ್ ನಿಲ್ದಾಣ (ಬಿಟಿಎಂ ಬಡಾವಣೆ)",
            "KannadaVia": "",
            "FromStationId": 21544,
            "Stops": [
              {
                "name": "Jayanagara Bus Station",
                "name_kn": "ಜಯನಗರ ಬುಸ್ ಸ್ಟಟಿೊಂ",
                "stop_id": "21544",
                "lat": 12.92852,
                "lon": 77.58418
              },
              {
                "name": "3rd Block Jayanagara",
                "name_kn": "3ರ್ದ್ ಬ್ಲೊಕ್ಕ್ ಜಯನಗರ",
                "stop_id": "21446",
                "lat": 12.9318,
                "lon": 77.58393
              },
              {
                "name": "Madhavan Park",
                "name_kn": "ಮಧವಂ ಪರ್ಕ್",
                "stop_id": "21563",
                "lat": 12.93644,
                "lon": 77.58392
              },
              {
                "name": "Rani Saraladevi High School",
                "name_kn": "ರನಿ ಸರಲದೆವಿ ಹಿಘ್ ಸ್ಚೂಲ್",
                "stop_id": "21592",
                "lat": 12.93767,
                "lon": 77.585
              },
              {
                "name": "Ashoka Pillar",
                "name_kn": "ಅಶೊಕ ಪಿಲ್ಲರ್",
                "stop_id": "23759",
                "lat": 12.94367,
                "lon": 77.58496
              },
              {
                "name": "R V Teachers College",
                "name_kn": "ರ್ ವ್ ಟೆಚೆರ್ಸ್ ಕೊಲ್ಲೆಗೆ",
                "stop_id": "22434",
                "lat": 12.94446,
                "lon": 77.5799
              },
              {
                "name": "Lalbagh West Gate",
                "name_kn": "ಲಲ್ಬಘ್ ವೆಸ್ಟ್ ಗಟೆ",
                "stop_id": "22225",
                "lat": 12.94963,
                "lon": 77.57993
              },
              {
                "name": "Minerva Circle",
                "name_kn": "ಮಿನೆರ್ವ ಕಿರ್ಕ್ಲೆ",
                "stop_id": "22291",
                "lat": 12.95387,
                "lon": 77.57992
              },
              {
                "name": "Town Hall",
                "name_kn": "ಟೌಂ ಹಲ್ಲ್",
                "stop_id": "22565",
                "lat": 12.96353,
                "lon": 77.58507
              },
              {
                "name": "Corporation",
                "name_kn": "ಕೊರ್ಪೊರಟಿೊಂ",
                "stop_id": "20725",
                "lat": 12.96839,
                "lon": 77.58675
              },
              {
                "name": "Mysore Bank",
                "name_kn": "ಮೆಸೊರೆ ಬಂಕ್",
                "stop_id": "35383",
                "lat": 12.97253,
                "lon": 77.58199
              },
              {
                "name": "Kempegowda Bus Station",
                "name_kn": "ಕೆಂಪೆಗೌದ ಬುಸ್ ಸ್ಟಟಿೊಂ",
                "stop_id": "20922",
                "lat": 12.97749,
                "lon": 77.57327
              }
            ]
          },
          {
            "Route": "25",
            "RouteId": 8274,
            "RouteParentId": 4441,
            "Destination": "Kempegowda Bus Station",
            "Via": "",
            "Area": "Kuvempunagara Bus station (BTM Layout)",
            "PlatformNumber": "2",
            "KannadaDestination": "ಕೆಂಪೆಗೌದ ಬುಸ್ ಸ್ಟಟಿೊಂ",
            "KannadaArea": "ಕುವೆಂಪುನಗರ ಬಸ್ ನಿಲ್ದಾಣ (ಬಿಟಿಎಂ ಬಡಾವಣೆ)",
            "KannadaVia": "",
            "FromStationId": 21544,
            "Stops": [
              {
                "name": "Jayanagara Bus Station",
                "name_kn": "ಜಯನಗರ ಬುಸ್ ಸ್ಟಟಿೊಂ",
                "stop_id": "21544",
                "lat": 12.92852,
                "lon": 77.58418
              },
              {
                "name": "3rd Block Jayanagara",
                "name_kn": "3ರ್ದ್ ಬ್ಲೊಕ್ಕ್ ಜಯನಗರ",
                "stop_id": "21446",
                "lat": 12.9318,
                "lon": 77.58393
              },
              {
                "name": "Madhavan Park",
                "name_kn": "ಮಧವಂ ಪರ್ಕ್",
                "stop_id": "21563",
                "lat": 12.93644,
                "lon": 77.58392
              },
              {
                "name": "Rani Saraladevi High School",
                "name_kn": "ರನಿ ಸರಲದೆವಿ ಹಿಘ್ ಸ್ಚೂಲ್",
                "stop_id": "21592",
                "lat": 12.93767,
                "lon": 77.585
              },
              {
                "name": "Ashoka Pillar",
                "name_kn": "ಅಶೊಕ ಪಿಲ್ಲರ್",
                "stop_id": "23759",
                "lat": 12.94367,
                "lon": 77.58496
              },
              {
                "name": "R V Teachers College",
                "name_kn": "ರ್ ವ್ ಟೆಚೆರ್ಸ್ ಕೊಲ್ಲೆಗೆ",
                "stop_id": "22434",
                "lat": 12.94446,
                "lon": 77.5799
              },
              {
                "name": "Lalbagh Metro Station",
                "name_kn": "ಲಲ್ಬಘ್ ಮೆಟ್ರೊ ಸ್ಟಟಿೊಂ",
                "stop_id": "38814",
                "lat": 12.94739,
                "lon": 77.57993
              },
              {
                "name": "Lalbagh West Gate",
                "name_kn": "ಲಲ್ಬಘ್ ವೆಸ್ಟ್ ಗಟೆ",
                "stop_id": "22225",
                "lat": 12.94963,
                "lon": 77.57993
              },
              {
                "name": "Minerva Circle",
                "name_kn": "ಮಿನೆರ್ವ ಕಿರ್ಕ್ಲೆ",
                "stop_id": "22291",
                "lat": 12.95387,
                "lon": 77.57992
              },
              {
                "name": "Town Hall",
                "name_kn": "ಟೌಂ ಹಲ್ಲ್",
                "stop_id": "22565",
                "lat": 12.96353,
                "lon": 77.58507
              },
              {
                "name": "Corporation",
                "name_kn": "ಕೊರ್ಪೊರಟಿೊಂ",
                "stop_id": "20725",
                "lat": 12.96839,
                "lon": 77.58675
              },
              {
                "name": "Mysore Bank",
                "name_kn": "ಮೆಸೊರೆ ಬಂಕ್",
                "stop_id": "35383",
                "lat": 12.97253,
                "lon": 77.58199
              },
              {
                "name": "Kempegowda Bus Station",
                "name_kn": "ಕೆಂಪೆಗೌದ ಬುಸ್ ಸ್ಟಟಿೊಂ",
                "stop_id": "20922",
                "lat": 12.97749,
                "lon": 77.57327
              }
            ]
          },
          {
            "Route": "22",
            "RouteId": 10469,
            "RouteParentId": 5580,
            "Destination": "Kempegowda Bus Station",
            "Via": "",
            "Area": "Byrasandra New Bus Stand",
            "PlatformNumber": "2",
            "KannadaDestination": "ಕೆಂಪೆಗೌದ ಬುಸ್ ಸ್ಟಟಿೊಂ",
            "KannadaArea": "ಬೈರಸಂದ್ರ ಹೊಸ ಬಸ್‌ ನಿಲ್ದಾಣ",
            "KannadaVia": "",
            "FromStationId": 21544,
            "Stops": [
              {
                "name": "Jayanagara Bus Station",
                "name_kn": "ಜಯನಗರ ಬುಸ್ ಸ್ಟಟಿೊಂ",
                "stop_id": "21544",
                "lat": 12.92852,
                "lon": 77.58418
              },
              {
                "name": "3rd Block Jayanagara",
                "name_kn": "3ರ್ದ್ ಬ್ಲೊಕ್ಕ್ ಜಯನಗರ",
                "stop_id": "21446",
                "lat": 12.9318,
                "lon": 77.58393
              },
              {
                "name": "Madhavan Park",
                "name_kn": "ಮಧವಂ ಪರ್ಕ್",
                "stop_id": "21563",
                "lat": 12.93644,
                "lon": 77.58392
              },
              {
                "name": "Rani Saraladevi High School",
                "name_kn": "ರನಿ ಸರಲದೆವಿ ಹಿಘ್ ಸ್ಚೂಲ್",
                "stop_id": "21592",
                "lat": 12.93767,
                "lon": 77.585
              },
              {
                "name": "Ashoka Pillar",
                "name_kn": "ಅಶೊಕ ಪಿಲ್ಲರ್",
                "stop_id": "23759",
                "lat": 12.94367,
                "lon": 77.58496
              },
              {
                "name": "R V Teachers College",
                "name_kn": "ರ್ ವ್ ಟೆಚೆರ್ಸ್ ಕೊಲ್ಲೆಗೆ",
                "stop_id": "22434",
                "lat": 12.94446,
                "lon": 77.5799
              },
              {
                "name": "Lalbagh Metro Station",
                "name_kn": "ಲಲ್ಬಘ್ ಮೆಟ್ರೊ ಸ್ಟಟಿೊಂ",
                "stop_id": "38814",
                "lat": 12.94739,
                "lon": 77.57993
              },
              {
                "name": "Lalbagh West Gate",
                "name_kn": "ಲಲ್ಬಘ್ ವೆಸ್ಟ್ ಗಟೆ",
                "stop_id": "22225",
                "lat": 12.94963,
                "lon": 77.57993
              },
              {
                "name": "Minerva Circle",
                "name_kn": "ಮಿನೆರ್ವ ಕಿರ್ಕ್ಲೆ",
                "stop_id": "22291",
                "lat": 12.95387,
                "lon": 77.57992
              },
              {
                "name": "Town Hall",
                "name_kn": "ಟೌಂ ಹಲ್ಲ್",
                "stop_id": "22565",
                "lat": 12.96353,
                "lon": 77.58507
              },
              {
                "name": "Corporation",
                "name_kn": "ಕೊರ್ಪೊರಟಿೊಂ",
                "stop_id": "20725",
                "lat": 12.96839,
                "lon": 77.58675
              },
              {
                "name": "Mysore Bank",
                "name_kn": "ಮೆಸೊರೆ ಬಂಕ್",
                "stop_id": "35383",
                "lat": 12.97253,
                "lon": 77.58199
              },
              {
                "name": "Kempegowda Bus Station",
                "name_kn": "ಕೆಂಪೆಗೌದ ಬುಸ್ ಸ್ಟಟಿೊಂ",
                "stop_id": "20922",
                "lat": 12.97749,
                "lon": 77.57327
              }
            ]
          },
          {
            "Route": "25-BA",
            "RouteId": 15390,
            "RouteParentId": 8248,
            "Destination": "Kempegowda Bus Station",
            "Via": "",
            "Area": "Anugraha Badavane (Bilekahalli)",
            "PlatformNumber": "2",
            "KannadaDestination": "ಕೆಂಪೆಗೌದ ಬುಸ್ ಸ್ಟಟಿೊಂ",
            "KannadaArea": "ಅನುಗ್ರಹ ಬಡಾವಣೆ (ಬಿಳೇಕಹಳ್ಳಿ)",
            "KannadaVia": "",
            "FromStationId": 21544,
            "Stops": [
              {
                "name": "Jayanagara Bus Station",
                "name_kn": "ಜಯನಗರ ಬುಸ್ ಸ್ಟಟಿೊಂ",
                "stop_id": "21544",
                "lat": 12.92852,
                "lon": 77.58418
              },
              {
                "name": "3rd Block Jayanagara",
                "name_kn": "3ರ್ದ್ ಬ್ಲೊಕ್ಕ್ ಜಯನಗರ",
                "stop_id": "21446",
                "lat": 12.9318,
                "lon": 77.58393
              },
              {
                "name": "Madhavan Park",
                "name_kn": "ಮಧವಂ ಪರ್ಕ್",
                "stop_id": "21563",
                "lat": 12.93644,
                "lon": 77.58392
              },
              {
                "name": "Rani Saraladevi High School",
                "name_kn": "ರನಿ ಸರಲದೆವಿ ಹಿಘ್ ಸ್ಚೂಲ್",
                "stop_id": "21592",
                "lat": 12.93767,
                "lon": 77.585
              },
              {
                "name": "Ashoka Pillar",
                "name_kn": "ಅಶೊಕ ಪಿಲ್ಲರ್",
                "stop_id": "23759",
                "lat": 12.94367,
                "lon": 77.58496
              },
              {
                "name": "R V Teachers College",
                "name_kn": "ರ್ ವ್ ಟೆಚೆರ್ಸ್ ಕೊಲ್ಲೆಗೆ",
                "stop_id": "22434",
                "lat": 12.94446,
                "lon": 77.5799
              },
              {
                "name": "Lalbagh Metro Station",
                "name_kn": "ಲಲ್ಬಘ್ ಮೆಟ್ರೊ ಸ್ಟಟಿೊಂ",
                "stop_id": "38814",
                "lat": 12.94739,
                "lon": 77.57993
              },
              {
                "name": "Lalbagh West Gate",
                "name_kn": "ಲಲ್ಬಘ್ ವೆಸ್ಟ್ ಗಟೆ",
                "stop_id": "22225",
                "lat": 12.94963,
                "lon": 77.57993
              },
              {
                "name": "Minerva Circle",
                "name_kn": "ಮಿನೆರ್ವ ಕಿರ್ಕ್ಲೆ",
                "stop_id": "22291",
                "lat": 12.95387,
                "lon": 77.57992
              },
              {
                "name": "Town Hall",
                "name_kn": "ಟೌಂ ಹಲ್ಲ್",
                "stop_id": "22565",
                "lat": 12.96353,
                "lon": 77.58507
              },
              {
                "name": "Corporation",
                "name_kn": "ಕೊರ್ಪೊರಟಿೊಂ",
                "stop_id": "20725",
                "lat": 12.96839,
                "lon": 77.58675
              },
              {
                "name": "Mysore Bank",
                "name_kn": "ಮೆಸೊರೆ ಬಂಕ್",
                "stop_id": "35383",
                "lat": 12.97253,
                "lon": 77.58199
              },
              {
                "name": "Kempegowda Bus Station",
                "name_kn": "ಕೆಂಪೆಗೌದ ಬುಸ್ ಸ್ಟಟಿೊಂ",
                "stop_id": "20922",
                "lat": 12.97749,
                "lon": 77.57327
              }
            ]
          },
          {
            "Route": "24",
            "RouteId": 2155,
            "RouteParentId": 1256,
            "Destination": "KR Market",
            "Via": "",
            "Area": "Kuvempunagara Bus Station(BTM Layout)",
            "PlatformNumber": "2",
            "KannadaDestination": "ಕ್ರ್ ಮರ್ಕೆಟ್",
            "KannadaArea": "ಕುವೆಂಪುನಗರ ಬಸ್ ನಿಲ್ದಾಣ(ಬಿಟಿಎಂ ಬಡಾವಣೆ)",
            "KannadaVia": "",
            "FromStationId": 21544,
            "Stops": [
              {
                "name": "Jayanagara Bus Station",
                "name_kn": "ಜಯನಗರ ಬುಸ್ ಸ್ಟಟಿೊಂ",
                "stop_id": "21544",
                "lat": 12.92852,
                "lon": 77.58418
              },
              {
                "name": "3rd Block Jayanagara",
                "name_kn": "3ರ್ದ್ ಬ್ಲೊಕ್ಕ್ ಜಯನಗರ",
                "stop_id": "21446",
                "lat": 12.9318,
                "lon": 77.58393
              },
              {
                "name": "Madhavan Park",
                "name_kn": "ಮಧವಂ ಪರ್ಕ್",
                "stop_id": "21563",
                "lat": 12.93644,
                "lon": 77.58392
              },
              {
                "name": "Vijaya College",
                "name_kn": "ವಿಜಯ ಕೊಲ್ಲೆಗೆ",
                "stop_id": "24269",
                "lat": 12.93958,
                "lon": 77.57996
              },
              {
                "name": "R V Teachers College",
                "name_kn": "ರ್ ವ್ ಟೆಚೆರ್ಸ್ ಕೊಲ್ಲೆಗೆ",
                "stop_id": "22434",
                "lat": 12.94446,
                "lon": 77.5799
              },
              {
                "name": "Lalbagh West Gate",
                "name_kn": "ಲಲ್ಬಘ್ ವೆಸ್ಟ್ ಗಟೆ",
                "stop_id": "20968",
                "lat": 12.94826,
                "lon": 77.57918
              },
              {
                "name": "Sajjan Rao Circle",
                "name_kn": "ಸಜ್ಜಂ ರೊ ಕಿರ್ಕ್ಲೆ",
                "stop_id": "22445",
                "lat": 12.95262,
                "lon": 77.57653
              },
              {
                "name": "Basappa Circle",
                "name_kn": "ಬಸಪ್ಪ ಕಿರ್ಕ್ಲೆ",
                "stop_id": "21718",
                "lat": 12.95624,
                "lon": 77.57721
              },
              {
                "name": "Makkala Koota",
                "name_kn": "ಮಕ್ಕಲ ಕೂಟ",
                "stop_id": "20986",
                "lat": 12.95803,
                "lon": 77.57385
              },
              {
                "name": "KR Market",
                "name_kn": "ಕ್ರ್ ಮರ್ಕೆಟ್",
                "stop_id": "22201",
                "lat": 12.96367,
                "lon": 77.57722
              }
            ]
          },
          {
            "Route": "215-H",
            "RouteId": 3232,
            "RouteParentId": 1821,
            "Destination": "Kempegowda Bus Station",
            "Via": "",
            "Area": "Jambu Savari Dinne",
            "PlatformNumber": "2",
            "KannadaDestination": "ಕೆಂಪೆಗೌದ ಬುಸ್ ಸ್ಟಟಿೊಂ",
            "KannadaArea": "ಜಂಬು ಸವಾರಿ ದಿಣ್ಣೆ",
            "KannadaVia": "",
            "FromStationId": 21544,
            "Stops": [
              {
                "name": "Jayanagara Bus Station",
                "name_kn": "ಜಯನಗರ ಬುಸ್ ಸ್ಟಟಿೊಂ",
                "stop_id": "21544",
                "lat": 12.92852,
                "lon": 77.58418
              },
              {
                "name": "3rd Block Jayanagara",
                "name_kn": "3ರ್ದ್ ಬ್ಲೊಕ್ಕ್ ಜಯನಗರ",
                "stop_id": "21446",
                "lat": 12.9318,
                "lon": 77.58393
              },
              {
                "name": "Madhavan Park",
                "name_kn": "ಮಧವಂ ಪರ್ಕ್",
                "stop_id": "21563",
                "lat": 12.93644,
                "lon": 77.58392
              },
              {
                "name": "Vijaya College",
                "name_kn": "ವಿಜಯ ಕೊಲ್ಲೆಗೆ",
                "stop_id": "24269",
                "lat": 12.93958,
                "lon": 77.57996
              },
              {
                "name": "R V Teachers College",
                "name_kn": "ರ್ ವ್ ಟೆಚೆರ್ಸ್ ಕೊಲ್ಲೆಗೆ",
                "stop_id": "22434",
                "lat": 12.94446,
                "lon": 77.5799
              },
              {
                "name": "Lalbagh Metro Station",
                "name_kn": "ಲಲ್ಬಘ್ ಮೆಟ್ರೊ ಸ್ಟಟಿೊಂ",
                "stop_id": "38814",
                "lat": 12.94739,
                "lon": 77.57993
              },
              {
                "name": "Lalbagh West Gate",
                "name_kn": "ಲಲ್ಬಘ್ ವೆಸ್ಟ್ ಗಟೆ",
                "stop_id": "22225",
                "lat": 12.94963,
                "lon": 77.57993
              },
              {
                "name": "Minerva Circle",
                "name_kn": "ಮಿನೆರ್ವ ಕಿರ್ಕ್ಲೆ",
                "stop_id": "22291",
                "lat": 12.95387,
                "lon": 77.57992
              },
              {
                "name": "Town Hall",
                "name_kn": "ಟೌಂ ಹಲ್ಲ್",
                "stop_id": "22565",
                "lat": 12.96353,
                "lon": 77.58507
              },
              {
                "name": "Corporation",
                "name_kn": "ಕೊರ್ಪೊರಟಿೊಂ",
                "stop_id": "20725",
                "lat": 12.96839,
                "lon": 77.58675
              },
              {
                "name": "Mysore Bank",
                "name_kn": "ಮೆಸೊರೆ ಬಂಕ್",
                "stop_id": "35383",
                "lat": 12.97253,
                "lon": 77.58199
              },
              {
                "name": "Kempegowda Bus Station",
                "name_kn": "ಕೆಂಪೆಗೌದ ಬುಸ್ ಸ್ಟಟಿೊಂ",
                "stop_id": "20922",
                "lat": 12.97749,
                "lon": 77.57327
              }
            ]
          },
          {
            "Route": "215-H KBS-D34G",
            "RouteId": 3234,
            "RouteParentId": 1822,
            "Destination": "Kempegowda Bus Station",
            "Via": "",
            "Area": "Depot-34 Gate",
            "PlatformNumber": "2",
            "KannadaDestination": "ಕೆಂಪೆಗೌದ ಬುಸ್ ಸ್ಟಟಿೊಂ",
            "KannadaArea": "ಘಟಕ -34 ಗೇಟ್",
            "KannadaVia": "",
            "FromStationId": 21544,
            "Stops": [
              {
                "name": "Jayanagara Bus Station",
                "name_kn": "ಜಯನಗರ ಬುಸ್ ಸ್ಟಟಿೊಂ",
                "stop_id": "21544",
                "lat": 12.92852,
                "lon": 77.58418
              },
              {
                "name": "3rd Block Jayanagara",
                "name_kn": "3ರ್ದ್ ಬ್ಲೊಕ್ಕ್ ಜಯನಗರ",
                "stop_id": "21446",
                "lat": 12.9318,
                "lon": 77.58393
              },
              {
                "name": "Madhavan Park",
                "name_kn": "ಮಧವಂ ಪರ್ಕ್",
                "stop_id": "21563",
                "lat": 12.93644,
                "lon": 77.58392
              },
              {
                "name": "Vijaya College",
                "name_kn": "ವಿಜಯ ಕೊಲ್ಲೆಗೆ",
                "stop_id": "24269",
                "lat": 12.93958,
                "lon": 77.57996
              },
              {
                "name": "R V Teachers College",
                "name_kn": "ರ್ ವ್ ಟೆಚೆರ್ಸ್ ಕೊಲ್ಲೆಗೆ",
                "stop_id": "22434",
                "lat": 12.94446,
                "lon": 77.5799
              },
              {
                "name": "Lalbagh Metro Station",
                "name_kn": "ಲಲ್ಬಘ್ ಮೆಟ್ರೊ ಸ್ಟಟಿೊಂ",
                "stop_id": "38814",
                "lat": 12.94739,
                "lon": 77.57993
              },
              {
                "name": "Lalbagh West Gate",
                "name_kn": "ಲಲ್ಬಘ್ ವೆಸ್ಟ್ ಗಟೆ",
                "stop_id": "22225",
                "lat": 12.94963,
                "lon": 77.57993
              },
              {
                "name": "Minerva Circle",
                "name_kn": "ಮಿನೆರ್ವ ಕಿರ್ಕ್ಲೆ",
                "stop_id": "22291",
                "lat": 12.95387,
                "lon": 77.57992
              },
              {
                "name": "Town Hall",
                "name_kn": "ಟೌಂ ಹಲ್ಲ್",
                "stop_id": "22565",
                "lat": 12.96353,
                "lon": 77.58507
              },
              {
                "name": "Corporation",
                "name_kn": "ಕೊರ್ಪೊರಟಿೊಂ",
                "stop_id": "20725",
                "lat": 12.96839,
                "lon": 77.58675
              },
              {
                "name": "Mysore Bank",
                "name_kn": "ಮೆಸೊರೆ ಬಂಕ್",
                "stop_id": "35383",
                "lat": 12.97253,
                "lon": 77.58199
              },
              {
                "name": "Kempegowda Bus Station",
                "name_kn": "ಕೆಂಪೆಗೌದ ಬುಸ್ ಸ್ಟಟಿೊಂ",
                "stop_id": "20922",
                "lat": 12.97749,
                "lon": 77.57327
              }
            ]
          },
          {
            "Route": "24-A",
            "RouteId": 3402,
            "RouteParentId": 1908,
            "Destination": "KR Market",
            "Via": "",
            "Area": "Mahadeshwara Nagara",
            "PlatformNumber": "2",
            "KannadaDestination": "ಕ್ರ್ ಮರ್ಕೆಟ್",
            "KannadaArea": "ಮಹದೇಶ್ವರ ನಗರ",
            "KannadaVia": "",
            "FromStationId": 21544,
            "Stops": [
              {
                "name": "Jayanagara Bus Station",
                "name_kn": "ಜಯನಗರ ಬುಸ್ ಸ್ಟಟಿೊಂ",
                "stop_id": "21544",
                "lat": 12.92852,
                "lon": 77.58418
              },
              {
                "name": "3rd Block Jayanagara",
                "name_kn": "3ರ್ದ್ ಬ್ಲೊಕ್ಕ್ ಜಯನಗರ",
                "stop_id": "21446",
                "lat": 12.9318,
                "lon": 77.58393
              },
              {
                "name": "Madhavan Park",
                "name_kn": "ಮಧವಂ ಪರ್ಕ್",
                "stop_id": "21563",
                "lat": 12.93644,
                "lon": 77.58392
              },
              {
                "name": "South End Circle",
                "name_kn": "ಸೌತ್ ೆಂದ್ ಕಿರ್ಕ್ಲೆ",
                "stop_id": "22505",
                "lat": 12.93717,
                "lon": 77.57965
              },
              {
                "name": "MN Krishna Rao Park",
                "name_kn": "ಂಂ ಕ್ರಿಶ್ನ ರೊ ಪರ್ಕ್",
                "stop_id": "22294",
                "lat": 12.94405,
                "lon": 77.57689
              },
              {
                "name": "Sajjan Rao Circle",
                "name_kn": "ಸಜ್ಜಂ ರೊ ಕಿರ್ಕ್ಲೆ",
                "stop_id": "22445",
                "lat": 12.95262,
                "lon": 77.57653
              },
              {
                "name": "Basappa Circle",
                "name_kn": "ಬಸಪ್ಪ ಕಿರ್ಕ್ಲೆ",
                "stop_id": "21718",
                "lat": 12.95624,
                "lon": 77.57721
              },
              {
                "name": "Makkala Koota",
                "name_kn": "ಮಕ್ಕಲ ಕೂಟ",
                "stop_id": "20986",
                "lat": 12.95803,
                "lon": 77.57385
              },
              {
                "name": "KR Market",
                "name_kn": "ಕ್ರ್ ಮರ್ಕೆಟ್",
                "stop_id": "22201",
                "lat": 12.96367,
                "lon": 77.57722
              }
            ]
          },
          {
            "Route": "2-E",
            "RouteId": 4017,
            "RouteParentId": 2228,
            "Destination": "Kempegowda Bus Station",
            "Via": "",
            "Area": "JP Nagara 6th Phase",
            "PlatformNumber": "2",
            "KannadaDestination": "ಕೆಂಪೆಗೌದ ಬುಸ್ ಸ್ಟಟಿೊಂ",
            "KannadaArea": "ಜೆಪಿ ನಗರ 6ನೇ ಹಂತ",
            "KannadaVia": "",
            "FromStationId": 21544,
            "Stops": [
              {
                "name": "Jayanagara Bus Station",
                "name_kn": "ಜಯನಗರ ಬುಸ್ ಸ್ಟಟಿೊಂ",
                "stop_id": "21544",
                "lat": 12.92852,
                "lon": 77.58418
              },
              {
                "name": "3rd Block Jayanagara",
                "name_kn": "3ರ್ದ್ ಬ್ಲೊಕ್ಕ್ ಜಯನಗರ",
                "stop_id": "21446",
                "lat": 12.9318,
                "lon": 77.58393
              },
              {
                "name": "Madhavan Park",
                "name_kn": "ಮಧವಂ ಪರ್ಕ್",
                "stop_id": "21563",
                "lat": 12.93644,
                "lon": 77.58392
              },
              {
                "name": "Vijaya College",
                "name_kn": "ವಿಜಯ ಕೊಲ್ಲೆಗೆ",
                "stop_id": "24269",
                "lat": 12.93958,
                "lon": 77.57996
              },
              {
                "name": "R V Teachers College",
                "name_kn": "ರ್ ವ್ ಟೆಚೆರ್ಸ್ ಕೊಲ್ಲೆಗೆ",
                "stop_id": "22434",
                "lat": 12.94446,
                "lon": 77.5799
              },
              {
                "name": "Lalbagh Metro Station",
                "name_kn": "ಲಲ್ಬಘ್ ಮೆಟ್ರೊ ಸ್ಟಟಿೊಂ",
                "stop_id": "38814",
                "lat": 12.94739,
                "lon": 77.57993
              },
              {
                "name": "Lalbagh West Gate",
                "name_kn": "ಲಲ್ಬಘ್ ವೆಸ್ಟ್ ಗಟೆ",
                "stop_id": "22225",
                "lat": 12.94963,
                "lon": 77.57993
              },
              {
                "name": "Minerva Circle",
                "name_kn": "ಮಿನೆರ್ವ ಕಿರ್ಕ್ಲೆ",
                "stop_id": "22291",
                "lat": 12.95387,
                "lon": 77.57992
              },
              {
                "name": "Town Hall",
                "name_kn": "ಟೌಂ ಹಲ್ಲ್",
                "stop_id": "22565",
                "lat": 12.96353,
                "lon": 77.58507
              },
              {
                "name": "Corporation",
                "name_kn": "ಕೊರ್ಪೊರಟಿೊಂ",
                "stop_id": "20725",
                "lat": 12.96839,
                "lon": 77.58675
              },
              {
                "name": "Mysore Bank",
                "name_kn": "ಮೆಸೊರೆ ಬಂಕ್",
                "stop_id": "35383",
                "lat": 12.97253,
                "lon": 77.58199
              },
              {
                "name": "Kempegowda Bus Station",
                "name_kn": "ಕೆಂಪೆಗೌದ ಬುಸ್ ಸ್ಟಟಿೊಂ",
                "stop_id": "20922",
                "lat": 12.97749,
                "lon": 77.57327
              }
            ]
          },
          {
            "Route": "364-B",
            "RouteId": 4185,
            "RouteParentId": 2298,
            "Destination": "Kempegowda Bus Station",
            "Via": "",
            "Area": "Devarachikkanahalli",
            "PlatformNumber": "2",
            "KannadaDestination": "ಕೆಂಪೆಗೌದ ಬುಸ್ ಸ್ಟಟಿೊಂ",
            "KannadaArea": "ದೇವರಚಿಕ್ಕನಹಳ್ಳಿ",
            "KannadaVia": "",
            "FromStationId": 21544,
            "Stops": [
              {
                "name": "Jayanagara Bus Station",
                "name_kn": "ಜಯನಗರ ಬುಸ್ ಸ್ಟಟಿೊಂ",
                "stop_id": "21544",
                "lat": 12.92852,
                "lon": 77.58418
              },
              {
                "name": "3rd Block Jayanagara",
                "name_kn": "3ರ್ದ್ ಬ್ಲೊಕ್ಕ್ ಜಯನಗರ",
                "stop_id": "21446",
                "lat": 12.9318,
                "lon": 77.58393
              },
              {
                "name": "Madhavan Park",
                "name_kn": "ಮಧವಂ ಪರ್ಕ್",
                "stop_id": "21563",
                "lat": 12.93644,
                "lon": 77.58392
              },
              {
                "name": "Vijaya College",
                "name_kn": "ವಿಜಯ ಕೊಲ್ಲೆಗೆ",
                "stop_id": "24269",
                "lat": 12.93958,
                "lon": 77.57996
              },
              {
                "name": "R V Teachers College",
                "name_kn": "ರ್ ವ್ ಟೆಚೆರ್ಸ್ ಕೊಲ್ಲೆಗೆ",
                "stop_id": "22434",
                "lat": 12.94446,
                "lon": 77.5799
              },
              {
                "name": "Lalbagh Metro Station",
                "name_kn": "ಲಲ್ಬಘ್ ಮೆಟ್ರೊ ಸ್ಟಟಿೊಂ",
                "stop_id": "38814",
                "lat": 12.94739,
                "lon": 77.57993
              },
              {
                "name": "Lalbagh West Gate",
                "name_kn": "ಲಲ್ಬಘ್ ವೆಸ್ಟ್ ಗಟೆ",
                "stop_id": "22225",
                "lat": 12.94963,
                "lon": 77.57993
              },
              {
                "name": "Minerva Circle",
                "name_kn": "ಮಿನೆರ್ವ ಕಿರ್ಕ್ಲೆ",
                "stop_id": "22291",
                "lat": 12.95387,
                "lon": 77.57992
              },
              {
                "name": "Town Hall",
                "name_kn": "ಟೌಂ ಹಲ್ಲ್",
                "stop_id": "22565",
                "lat": 12.96353,
                "lon": 77.58507
              },
              {
                "name": "Corporation",
                "name_kn": "ಕೊರ್ಪೊರಟಿೊಂ",
                "stop_id": "20725",
                "lat": 12.96839,
                "lon": 77.58675
              },
              {
                "name": "Mysore Bank",
                "name_kn": "ಮೆಸೊರೆ ಬಂಕ್",
                "stop_id": "35383",
                "lat": 12.97253,
                "lon": 77.58199
              },
              {
                "name": "Kempegowda Bus Station",
                "name_kn": "ಕೆಂಪೆಗೌದ ಬುಸ್ ಸ್ಟಟಿೊಂ",
                "stop_id": "20922",
                "lat": 12.97749,
                "lon": 77.57327
              }
            ]
          },
          {
            "Route": "215-R",
            "RouteId": 4225,
            "RouteParentId": 2322,
            "Destination": "Kempegowda Bus Station",
            "Via": "",
            "Area": "Kothanuru Hari Nagara",
            "PlatformNumber": "2",
            "KannadaDestination": "ಕೆಂಪೆಗೌದ ಬುಸ್ ಸ್ಟಟಿೊಂ",
            "KannadaArea": "ಕೊತ್ತನೂರು ಹರಿನಗರ",
            "KannadaVia": "",
            "FromStationId": 21544,
            "Stops": [
              {
                "name": "Jayanagara Bus Station",
                "name_kn": "ಜಯನಗರ ಬುಸ್ ಸ್ಟಟಿೊಂ",
                "stop_id": "21544",
                "lat": 12.92852,
                "lon": 77.58418
              },
              {
                "name": "3rd Block Jayanagara",
                "name_kn": "3ರ್ದ್ ಬ್ಲೊಕ್ಕ್ ಜಯನಗರ",
                "stop_id": "21446",
                "lat": 12.9318,
                "lon": 77.58393
              },
              {
                "name": "Madhavan Park",
                "name_kn": "ಮಧವಂ ಪರ್ಕ್",
                "stop_id": "21563",
                "lat": 12.93644,
                "lon": 77.58392
              },
              {
                "name": "Vijaya College",
                "name_kn": "ವಿಜಯ ಕೊಲ್ಲೆಗೆ",
                "stop_id": "24269",
                "lat": 12.93958,
                "lon": 77.57996
              },
              {
                "name": "R V Teachers College",
                "name_kn": "ರ್ ವ್ ಟೆಚೆರ್ಸ್ ಕೊಲ್ಲೆಗೆ",
                "stop_id": "22434",
                "lat": 12.94446,
                "lon": 77.5799
              },
              {
                "name": "Lalbagh Metro Station",
                "name_kn": "ಲಲ್ಬಘ್ ಮೆಟ್ರೊ ಸ್ಟಟಿೊಂ",
                "stop_id": "38814",
                "lat": 12.94739,
                "lon": 77.57993
              },
              {
                "name": "Lalbagh West Gate",
                "name_kn": "ಲಲ್ಬಘ್ ವೆಸ್ಟ್ ಗಟೆ",
                "stop_id": "22225",
                "lat": 12.94963,
                "lon": 77.57993
              },
              {
                "name": "Minerva Circle",
                "name_kn": "ಮಿನೆರ್ವ ಕಿರ್ಕ್ಲೆ",
                "stop_id": "22291",
                "lat": 12.95387,
                "lon": 77.57992
              },
              {
                "name": "Town Hall",
                "name_kn": "ಟೌಂ ಹಲ್ಲ್",
                "stop_id": "22565",
                "lat": 12.96353,
                "lon": 77.58507
              },
              {
                "name": "Corporation",
                "name_kn": "ಕೊರ್ಪೊರಟಿೊಂ",
                "stop_id": "20725",
                "lat": 12.96839,
                "lon": 77.58675
              },
              {
                "name": "Mysore Bank",
                "name_kn": "ಮೆಸೊರೆ ಬಂಕ್",
                "stop_id": "35383",
                "lat": 12.97253,
                "lon": 77.58199
              },
              {
                "name": "Kempegowda Bus Station",
                "name_kn": "ಕೆಂಪೆಗೌದ ಬುಸ್ ಸ್ಟಟಿೊಂ",
                "stop_id": "20922",
                "lat": 12.97749,
                "lon": 77.57327
              }
            ]
          },
          {
            "Route": "215-C",
            "RouteId": 4243,
            "RouteParentId": 2332,
            "Destination": "KR Market (Kalasipalya)",
            "Via": "",
            "Area": "Jambu Savari Dinne",
            "PlatformNumber": "2",
            "KannadaDestination": "ಕ್ರ್ ಮರ್ಕೆಟ್ (ಕಲಸಿಪಲೆ)",
            "KannadaArea": "ಜಂಬು ಸವಾರಿ ದಿಣ್ಣೆ",
            "KannadaVia": "",
            "FromStationId": 21544,
            "Stops": [
              {
                "name": "Jayanagara Bus Station",
                "name_kn": "ಜಯನಗರ ಬುಸ್ ಸ್ಟಟಿೊಂ",
                "stop_id": "21544",
                "lat": 12.92852,
                "lon": 77.58418
              },
              {
                "name": "3rd Block Jayanagara",
                "name_kn": "3ರ್ದ್ ಬ್ಲೊಕ್ಕ್ ಜಯನಗರ",
                "stop_id": "21446",
                "lat": 12.9318,
                "lon": 77.58393
              },
              {
                "name": "Madhavan Park",
                "name_kn": "ಮಧವಂ ಪರ್ಕ್",
                "stop_id": "21563",
                "lat": 12.93644,
                "lon": 77.58392
              },
              {
                "name": "South End Circle",
                "name_kn": "ಸೌತ್ ೆಂದ್ ಕಿರ್ಕ್ಲೆ",
                "stop_id": "22505",
                "lat": 12.93717,
                "lon": 77.57965
              },
              {
                "name": "MN Krishna Rao Park",
                "name_kn": "ಂಂ ಕ್ರಿಶ್ನ ರೊ ಪರ್ಕ್",
                "stop_id": "22294",
                "lat": 12.94405,
                "lon": 77.57689
              },
              {
                "name": "Sajjan Rao Circle",
                "name_kn": "ಸಜ್ಜಂ ರೊ ಕಿರ್ಕ್ಲೆ",
                "stop_id": "22445",
                "lat": 12.95262,
                "lon": 77.57653
              },
              {
                "name": "Basappa Circle",
                "name_kn": "ಬಸಪ್ಪ ಕಿರ್ಕ್ಲೆ",
                "stop_id": "21718",
                "lat": 12.95624,
                "lon": 77.57721
              },
              {
                "name": "Makkala Koota",
                "name_kn": "ಮಕ್ಕಲ ಕೂಟ",
                "stop_id": "20986",
                "lat": 12.95803,
                "lon": 77.57385
              },
              {
                "name": "KR Market (Kalasipalya)",
                "name_kn": "ಕ್ರ್ ಮರ್ಕೆಟ್ (ಕಲಸಿಪಲೆ)",
                "stop_id": "20945",
                "lat": 12.96154,
                "lon": 77.57736
              }
            ]
          },
          {
            "Route": "215-E",
            "RouteId": 4255,
            "RouteParentId": 2337,
            "Destination": "Kempegowda Bus Station",
            "Via": "",
            "Area": "Eshwara Layout",
            "PlatformNumber": "2",
            "KannadaDestination": "ಕೆಂಪೆಗೌದ ಬುಸ್ ಸ್ಟಟಿೊಂ",
            "KannadaArea": "ಈಶ್ವರ ಬಡಾವಣೆ",
            "KannadaVia": "",
            "FromStationId": 21544,
            "Stops": [
              {
                "name": "Jayanagara Bus Station",
                "name_kn": "ಜಯನಗರ ಬುಸ್ ಸ್ಟಟಿೊಂ",
                "stop_id": "21544",
                "lat": 12.92852,
                "lon": 77.58418
              },
              {
                "name": "3rd Block Jayanagara",
                "name_kn": "3ರ್ದ್ ಬ್ಲೊಕ್ಕ್ ಜಯನಗರ",
                "stop_id": "21446",
                "lat": 12.9318,
                "lon": 77.58393
              },
              {
                "name": "Madhavan Park",
                "name_kn": "ಮಧವಂ ಪರ್ಕ್",
                "stop_id": "21563",
                "lat": 12.93644,
                "lon": 77.58392
              },
              {
                "name": "Vijaya College",
                "name_kn": "ವಿಜಯ ಕೊಲ್ಲೆಗೆ",
                "stop_id": "24269",
                "lat": 12.93958,
                "lon": 77.57996
              },
              {
                "name": "R V Teachers College",
                "name_kn": "ರ್ ವ್ ಟೆಚೆರ್ಸ್ ಕೊಲ್ಲೆಗೆ",
                "stop_id": "22434",
                "lat": 12.94446,
                "lon": 77.5799
              },
              {
                "name": "Lalbagh Metro Station",
                "name_kn": "ಲಲ್ಬಘ್ ಮೆಟ್ರೊ ಸ್ಟಟಿೊಂ",
                "stop_id": "38814",
                "lat": 12.94739,
                "lon": 77.57993
              },
              {
                "name": "Lalbagh West Gate",
                "name_kn": "ಲಲ್ಬಘ್ ವೆಸ್ಟ್ ಗಟೆ",
                "stop_id": "22225",
                "lat": 12.94963,
                "lon": 77.57993
              },
              {
                "name": "Minerva Circle",
                "name_kn": "ಮಿನೆರ್ವ ಕಿರ್ಕ್ಲೆ",
                "stop_id": "22291",
                "lat": 12.95387,
                "lon": 77.57992
              },
              {
                "name": "Town Hall",
                "name_kn": "ಟೌಂ ಹಲ್ಲ್",
                "stop_id": "22565",
                "lat": 12.96353,
                "lon": 77.58507
              },
              {
                "name": "Corporation",
                "name_kn": "ಕೊರ್ಪೊರಟಿೊಂ",
                "stop_id": "20725",
                "lat": 12.96839,
                "lon": 77.58675
              },
              {
                "name": "Mysore Bank",
                "name_kn": "ಮೆಸೊರೆ ಬಂಕ್",
                "stop_id": "35383",
                "lat": 12.97253,
                "lon": 77.58199
              },
              {
                "name": "Kempegowda Bus Station",
                "name_kn": "ಕೆಂಪೆಗೌದ ಬುಸ್ ಸ್ಟಟಿೊಂ",
                "stop_id": "20922",
                "lat": 12.97749,
                "lon": 77.57327
              }
            ]
          },
          {
            "Route": "364-G",
            "RouteId": 4271,
            "RouteParentId": 2348,
            "Destination": "Kempegowda Bus Station",
            "Via": "",
            "Area": "Kodichikkanahalli",
            "PlatformNumber": "2",
            "KannadaDestination": "ಕೆಂಪೆಗೌದ ಬುಸ್ ಸ್ಟಟಿೊಂ",
            "KannadaArea": "ಕೋಡಿಚಿಕ್ಕನಹಳ್ಳಿ",
            "KannadaVia": "",
            "FromStationId": 21544,
            "Stops": [
              {
                "name": "Jayanagara Bus Station",
                "name_kn": "ಜಯನಗರ ಬುಸ್ ಸ್ಟಟಿೊಂ",
                "stop_id": "21544",
                "lat": 12.92852,
                "lon": 77.58418
              },
              {
                "name": "3rd Block Jayanagara",
                "name_kn": "3ರ್ದ್ ಬ್ಲೊಕ್ಕ್ ಜಯನಗರ",
                "stop_id": "21446",
                "lat": 12.9318,
                "lon": 77.58393
              },
              {
                "name": "Madhavan Park",
                "name_kn": "ಮಧವಂ ಪರ್ಕ್",
                "stop_id": "21563",
                "lat": 12.93644,
                "lon": 77.58392
              },
              {
                "name": "Vijaya College",
                "name_kn": "ವಿಜಯ ಕೊಲ್ಲೆಗೆ",
                "stop_id": "24269",
                "lat": 12.93958,
                "lon": 77.57996
              },
              {
                "name": "R V Teachers College",
                "name_kn": "ರ್ ವ್ ಟೆಚೆರ್ಸ್ ಕೊಲ್ಲೆಗೆ",
                "stop_id": "22434",
                "lat": 12.94446,
                "lon": 77.5799
              },
              {
                "name": "Lalbagh Metro Station",
                "name_kn": "ಲಲ್ಬಘ್ ಮೆಟ್ರೊ ಸ್ಟಟಿೊಂ",
                "stop_id": "38814",
                "lat": 12.94739,
                "lon": 77.57993
              },
              {
                "name": "Lalbagh West Gate",
                "name_kn": "ಲಲ್ಬಘ್ ವೆಸ್ಟ್ ಗಟೆ",
                "stop_id": "22225",
                "lat": 12.94963,
                "lon": 77.57993
              },
              {
                "name": "Minerva Circle",
                "name_kn": "ಮಿನೆರ್ವ ಕಿರ್ಕ್ಲೆ",
                "stop_id": "22291",
                "lat": 12.95387,
                "lon": 77.57992
              },
              {
                "name": "Town Hall",
                "name_kn": "ಟೌಂ ಹಲ್ಲ್",
                "stop_id": "22565",
                "lat": 12.96353,
                "lon": 77.58507
              },
              {
                "name": "Corporation",
                "name_kn": "ಕೊರ್ಪೊರಟಿೊಂ",
                "stop_id": "20725",
                "lat": 12.96839,
                "lon": 77.58675
              },
              {
                "name": "Mysore Bank",
                "name_kn": "ಮೆಸೊರೆ ಬಂಕ್",
                "stop_id": "35383",
                "lat": 12.97253,
                "lon": 77.58199
              },
              {
                "name": "Kempegowda Bus Station",
                "name_kn": "ಕೆಂಪೆಗೌದ ಬುಸ್ ಸ್ಟಟಿೊಂ",
                "stop_id": "20922",
                "lat": 12.97749,
                "lon": 77.57327
              }
            ]
          },
          {
            "Route": "2-A",
            "RouteId": 6466,
            "RouteParentId": 3493,
            "Destination": "Kempegowda Bus Station",
            "Via": "",
            "Area": "JP Nagara 1st Phase",
            "PlatformNumber": "2",
            "KannadaDestination": "ಕೆಂಪೆಗೌದ ಬುಸ್ ಸ್ಟಟಿೊಂ",
            "KannadaArea": "ಜೆಪಿ ನಗರ 1ನೇ ಹಂತ",
            "KannadaVia": "",
            "FromStationId": 21544,
            "Stops": [
              {
                "name": "Jayanagara Bus Station",
                "name_kn": "ಜಯನಗರ ಬುಸ್ ಸ್ಟಟಿೊಂ",
                "stop_id": "21544",
                "lat": 12.92852,
                "lon": 77.58418
              },
              {
                "name": "3rd Block Jayanagara",
                "name_kn": "3ರ್ದ್ ಬ್ಲೊಕ್ಕ್ ಜಯನಗರ",
                "stop_id": "21446",
                "lat": 12.9318,
                "lon": 77.58393
              },
              {
                "name": "Madhavan Park",
                "name_kn": "ಮಧವಂ ಪರ್ಕ್",
                "stop_id": "21563",
                "lat": 12.93644,
                "lon": 77.58392
              },
              {
                "name": "Vijaya College",
                "name_kn": "ವಿಜಯ ಕೊಲ್ಲೆಗೆ",
                "stop_id": "24269",
                "lat": 12.93958,
                "lon": 77.57996
              },
              {
                "name": "R V Teachers College",
                "name_kn": "ರ್ ವ್ ಟೆಚೆರ್ಸ್ ಕೊಲ್ಲೆಗೆ",
                "stop_id": "22434",
                "lat": 12.94446,
                "lon": 77.5799
              },
              {
                "name": "Lalbagh Metro Station",
                "name_kn": "ಲಲ್ಬಘ್ ಮೆಟ್ರೊ ಸ್ಟಟಿೊಂ",
                "stop_id": "38814",
                "lat": 12.94739,
                "lon": 77.57993
              },
              {
                "name": "Lalbagh West Gate",
                "name_kn": "ಲಲ್ಬಘ್ ವೆಸ್ಟ್ ಗಟೆ",
                "stop_id": "22225",
                "lat": 12.94963,
                "lon": 77.57993
              },
              {
                "name": "Minerva Circle",
                "name_kn": "ಮಿನೆರ್ವ ಕಿರ್ಕ್ಲೆ",
                "stop_id": "22291",
                "lat": 12.95387,
                "lon": 77.57992
              },
              {
                "name": "Town Hall",
                "name_kn": "ಟೌಂ ಹಲ್ಲ್",
                "stop_id": "22565",
                "lat": 12.96353,
                "lon": 77.58507
              },
              {
                "name": "Corporation",
                "name_kn": "ಕೊರ್ಪೊರಟಿೊಂ",
                "stop_id": "20725",
                "lat": 12.96839,
                "lon": 77.58675
              },
              {
                "name": "Mysore Bank",
                "name_kn": "ಮೆಸೊರೆ ಬಂಕ್",
                "stop_id": "35383",
                "lat": 12.97253,
                "lon": 77.58199
              },
              {
                "name": "Kempegowda Bus Station",
                "name_kn": "ಕೆಂಪೆಗೌದ ಬುಸ್ ಸ್ಟಟಿೊಂ",
                "stop_id": "20922",
                "lat": 12.97749,
                "lon": 77.57327
              }
            ]
          },
          {
            "Route": "2-E  JPN6-VSD",
            "RouteId": 6498,
            "RouteParentId": 3508,
            "Destination": "Vidhana Soudha Karnataka High Court",
            "Via": "",
            "Area": "JP Nagara 6th Phase",
            "PlatformNumber": "2",
            "KannadaDestination": "ವಿಧನ ಸೌಧ ಕರ್ನಟಕ ಹಿಘ್ ಕೌರ್ಟ್",
            "KannadaArea": "ಜೆಪಿ ನಗರ 6ನೇ ಹಂತ",
            "KannadaVia": "",
            "FromStationId": 21544,
            "Stops": [
              {
                "name": "Jayanagara Bus Station",
                "name_kn": "ಜಯನಗರ ಬುಸ್ ಸ್ಟಟಿೊಂ",
                "stop_id": "21544",
                "lat": 12.92852,
                "lon": 77.58418
              },
              {
                "name": "3rd Block Jayanagara",
                "name_kn": "3ರ್ದ್ ಬ್ಲೊಕ್ಕ್ ಜಯನಗರ",
                "stop_id": "21446",
                "lat": 12.9318,
                "lon": 77.58393
              },
              {
                "name": "Madhavan Park",
                "name_kn": "ಮಧವಂ ಪರ್ಕ್",
                "stop_id": "21563",
                "lat": 12.93644,
                "lon": 77.58392
              },
              {
                "name": "Vijaya College",
                "name_kn": "ವಿಜಯ ಕೊಲ್ಲೆಗೆ",
                "stop_id": "24269",
                "lat": 12.93958,
                "lon": 77.57996
              },
              {
                "name": "R V Teachers College",
                "name_kn": "ರ್ ವ್ ಟೆಚೆರ್ಸ್ ಕೊಲ್ಲೆಗೆ",
                "stop_id": "22434",
                "lat": 12.94446,
                "lon": 77.5799
              },
              {
                "name": "Lalbagh Metro Station",
                "name_kn": "ಲಲ್ಬಘ್ ಮೆಟ್ರೊ ಸ್ಟಟಿೊಂ",
                "stop_id": "38814",
                "lat": 12.94739,
                "lon": 77.57993
              },
              {
                "name": "Lalbagh West Gate",
                "name_kn": "ಲಲ್ಬಘ್ ವೆಸ್ಟ್ ಗಟೆ",
                "stop_id": "22225",
                "lat": 12.94963,
                "lon": 77.57993
              },
              {
                "name": "Minerva Circle",
                "name_kn": "ಮಿನೆರ್ವ ಕಿರ್ಕ್ಲೆ",
                "stop_id": "22291",
                "lat": 12.95387,
                "lon": 77.57992
              },
              {
                "name": "Town Hall",
                "name_kn": "ಟೌಂ ಹಲ್ಲ್",
                "stop_id": "22565",
                "lat": 12.96353,
                "lon": 77.58507
              },
              {
                "name": "Corporation",
                "name_kn": "ಕೊರ್ಪೊರಟಿೊಂ",
                "stop_id": "20725",
                "lat": 12.96839,
                "lon": 77.58675
              },
              {
                "name": "Mysore Bank",
                "name_kn": "ಮೆಸೊರೆ ಬಂಕ್",
                "stop_id": "35383",
                "lat": 12.97253,
                "lon": 77.58199
              },
              {
                "name": "KR Circle",
                "name_kn": "ಕ್ರ್ ಕಿರ್ಕ್ಲೆ",
                "stop_id": "22197",
                "lat": 12.97556,
                "lon": 77.58637
              },
              {
                "name": "Vidhana Soudha Karnataka High Court",
                "name_kn": "ವಿಧನ ಸೌಧ ಕರ್ನಟಕ ಹಿಘ್ ಕೌರ್ಟ್",
                "stop_id": "21259",
                "lat": 12.9802,
                "lon": 77.59296
              }
            ]
          },
          {
            "Route": "369",
            "RouteId": 7056,
            "RouteParentId": 3794,
            "Destination": "KR Market (Kalasipalya)",
            "Via": "",
            "Area": "Hulimavu",
            "PlatformNumber": "2",
            "KannadaDestination": "ಕ್ರ್ ಮರ್ಕೆಟ್ (ಕಲಸಿಪಲೆ)",
            "KannadaArea": "ಹುಳಿಮಾವು",
            "KannadaVia": "",
            "FromStationId": 21544,
            "Stops": [
              {
                "name": "Jayanagara Bus Station",
                "name_kn": "ಜಯನಗರ ಬುಸ್ ಸ್ಟಟಿೊಂ",
                "stop_id": "21544",
                "lat": 12.92852,
                "lon": 77.58418
              },
              {
                "name": "3rd Block Jayanagara",
                "name_kn": "3ರ್ದ್ ಬ್ಲೊಕ್ಕ್ ಜಯನಗರ",
                "stop_id": "21446",
                "lat": 12.9318,
                "lon": 77.58393
              },
              {
                "name": "Madhavan Park",
                "name_kn": "ಮಧವಂ ಪರ್ಕ್",
                "stop_id": "21563",
                "lat": 12.93644,
                "lon": 77.58392
              },
              {
                "name": "Vijaya College",
                "name_kn": "ವಿಜಯ ಕೊಲ್ಲೆಗೆ",
                "stop_id": "24269",
                "lat": 12.93958,
                "lon": 77.57996
              },
              {
                "name": "R V Teachers College",
                "name_kn": "ರ್ ವ್ ಟೆಚೆರ್ಸ್ ಕೊಲ್ಲೆಗೆ",
                "stop_id": "22434",
                "lat": 12.94446,
                "lon": 77.5799
              },
              {
                "name": "Lalbagh West Gate",
                "name_kn": "ಲಲ್ಬಘ್ ವೆಸ್ಟ್ ಗಟೆ",
                "stop_id": "20968",
                "lat": 12.94826,
                "lon": 77.57918
              },
              {
                "name": "Sajjan Rao Circle",
                "name_kn": "ಸಜ್ಜಂ ರೊ ಕಿರ್ಕ್ಲೆ",
                "stop_id": "22445",
                "lat": 12.95262,
                "lon": 77.57653
              },
              {
                "name": "Basappa Circle",
                "name_kn": "ಬಸಪ್ಪ ಕಿರ್ಕ್ಲೆ",
                "stop_id": "21718",
                "lat": 12.95624,
                "lon": 77.57721
              },
              {
                "name": "Makkala Koota",
                "name_kn": "ಮಕ್ಕಲ ಕೂಟ",
                "stop_id": "20986",
                "lat": 12.95803,
                "lon": 77.57385
              },
              {
                "name": "KR Market (Kalasipalya)",
                "name_kn": "ಕ್ರ್ ಮರ್ಕೆಟ್ (ಕಲಸಿಪಲೆ)",
                "stop_id": "20945",
                "lat": 12.96154,
                "lon": 77.57736
              }
            ]
          },
          {
            "Route": "369-N",
            "RouteId": 7061,
            "RouteParentId": 3797,
            "Destination": "KR Market (Kalasipalya)",
            "Via": "",
            "Area": "Yelenahalli",
            "PlatformNumber": "2",
            "KannadaDestination": "ಕ್ರ್ ಮರ್ಕೆಟ್ (ಕಲಸಿಪಲೆ)",
            "KannadaArea": "ಯಲೇನಹಳ್ಳಿ",
            "KannadaVia": "",
            "FromStationId": 21544,
            "Stops": [
              {
                "name": "Jayanagara Bus Station",
                "name_kn": "ಜಯನಗರ ಬುಸ್ ಸ್ಟಟಿೊಂ",
                "stop_id": "21544",
                "lat": 12.92852,
                "lon": 77.58418
              },
              {
                "name": "3rd Block Jayanagara",
                "name_kn": "3ರ್ದ್ ಬ್ಲೊಕ್ಕ್ ಜಯನಗರ",
                "stop_id": "21446",
                "lat": 12.9318,
                "lon": 77.58393
              },
              {
                "name": "Madhavan Park",
                "name_kn": "ಮಧವಂ ಪರ್ಕ್",
                "stop_id": "21563",
                "lat": 12.93644,
                "lon": 77.58392
              },
              {
                "name": "Vijaya College",
                "name_kn": "ವಿಜಯ ಕೊಲ್ಲೆಗೆ",
                "stop_id": "24269",
                "lat": 12.93958,
                "lon": 77.57996
              },
              {
                "name": "R V Teachers College",
                "name_kn": "ರ್ ವ್ ಟೆಚೆರ್ಸ್ ಕೊಲ್ಲೆಗೆ",
                "stop_id": "22434",
                "lat": 12.94446,
                "lon": 77.5799
              },
              {
                "name": "Lalbagh West Gate",
                "name_kn": "ಲಲ್ಬಘ್ ವೆಸ್ಟ್ ಗಟೆ",
                "stop_id": "20968",
                "lat": 12.94826,
                "lon": 77.57918
              },
              {
                "name": "Sajjan Rao Circle",
                "name_kn": "ಸಜ್ಜಂ ರೊ ಕಿರ್ಕ್ಲೆ",
                "stop_id": "22445",
                "lat": 12.95262,
                "lon": 77.57653
              },
              {
                "name": "Basappa Circle",
                "name_kn": "ಬಸಪ್ಪ ಕಿರ್ಕ್ಲೆ",
                "stop_id": "21718",
                "lat": 12.95624,
                "lon": 77.57721
              },
              {
                "name": "Makkala Koota",
                "name_kn": "ಮಕ್ಕಲ ಕೂಟ",
                "stop_id": "20986",
                "lat": 12.95803,
                "lon": 77.57385
              },
              {
                "name": "KR Market (Kalasipalya)",
                "name_kn": "ಕ್ರ್ ಮರ್ಕೆಟ್ (ಕಲಸಿಪಲೆ)",
                "stop_id": "20945",
                "lat": 12.96154,
                "lon": 77.57736
              }
            ]
          },
          {
            "Route": "215-C KMT-JSD-D34G",
            "RouteId": 12104,
            "RouteParentId": 6446,
            "Destination": "KR Market (Kalasipalya)",
            "Via": "",
            "Area": "Depot-34 Gate",
            "PlatformNumber": "2",
            "KannadaDestination": "ಕ್ರ್ ಮರ್ಕೆಟ್ (ಕಲಸಿಪಲೆ)",
            "KannadaArea": "ಘಟಕ -34 ಗೇಟ್",
            "KannadaVia": "",
            "FromStationId": 21544,
            "Stops": [
              {
                "name": "Jayanagara Bus Station",
                "name_kn": "ಜಯನಗರ ಬುಸ್ ಸ್ಟಟಿೊಂ",
                "stop_id": "21544",
                "lat": 12.92852,
                "lon": 77.58418
              },
              {
                "name": "3rd Block Jayanagara",
                "name_kn": "3ರ್ದ್ ಬ್ಲೊಕ್ಕ್ ಜಯನಗರ",
                "stop_id": "21446",
                "lat": 12.9318,
                "lon": 77.58393
              },
              {
                "name": "Madhavan Park",
                "name_kn": "ಮಧವಂ ಪರ್ಕ್",
                "stop_id": "21563",
                "lat": 12.93644,
                "lon": 77.58392
              },
              {
                "name": "South End Circle",
                "name_kn": "ಸೌತ್ ೆಂದ್ ಕಿರ್ಕ್ಲೆ",
                "stop_id": "22505",
                "lat": 12.93717,
                "lon": 77.57965
              },
              {
                "name": "MN Krishna Rao Park",
                "name_kn": "ಂಂ ಕ್ರಿಶ್ನ ರೊ ಪರ್ಕ್",
                "stop_id": "22294",
                "lat": 12.94405,
                "lon": 77.57689
              },
              {
                "name": "Sajjan Rao Circle",
                "name_kn": "ಸಜ್ಜಂ ರೊ ಕಿರ್ಕ್ಲೆ",
                "stop_id": "22445",
                "lat": 12.95262,
                "lon": 77.57653
              },
              {
                "name": "Basappa Circle",
                "name_kn": "ಬಸಪ್ಪ ಕಿರ್ಕ್ಲೆ",
                "stop_id": "21718",
                "lat": 12.95624,
                "lon": 77.57721
              },
              {
                "name": "Makkala Koota",
                "name_kn": "ಮಕ್ಕಲ ಕೂಟ",
                "stop_id": "20986",
                "lat": 12.95803,
                "lon": 77.57385
              },
              {
                "name": "KR Market (Kalasipalya)",
                "name_kn": "ಕ್ರ್ ಮರ್ಕೆಟ್ (ಕಲಸಿಪಲೆ)",
                "stop_id": "20945",
                "lat": 12.96154,
                "lon": 77.57736
              }
            ]
          },
          {
            "Route": "215-M",
            "RouteId": 13087,
            "RouteParentId": 6938,
            "Destination": "Kempegowda Bus Station",
            "Via": "",
            "Area": "Vinayaka Nagara JP Nagara",
            "PlatformNumber": "2",
            "KannadaDestination": "ಕೆಂಪೆಗೌದ ಬುಸ್ ಸ್ಟಟಿೊಂ",
            "KannadaArea": "ವಿನಾಯಕ ನಗರ ಜೆಪಿ ನಗರ",
            "KannadaVia": "",
            "FromStationId": 21544,
            "Stops": [
              {
                "name": "Jayanagara Bus Station",
                "name_kn": "ಜಯನಗರ ಬುಸ್ ಸ್ಟಟಿೊಂ",
                "stop_id": "21544",
                "lat": 12.92852,
                "lon": 77.58418
              },
              {
                "name": "3rd Block Jayanagara",
                "name_kn": "3ರ್ದ್ ಬ್ಲೊಕ್ಕ್ ಜಯನಗರ",
                "stop_id": "21446",
                "lat": 12.9318,
                "lon": 77.58393
              },
              {
                "name": "Madhavan Park",
                "name_kn": "ಮಧವಂ ಪರ್ಕ್",
                "stop_id": "21563",
                "lat": 12.93644,
                "lon": 77.58392
              },
              {
                "name": "Vijaya College",
                "name_kn": "ವಿಜಯ ಕೊಲ್ಲೆಗೆ",
                "stop_id": "24269",
                "lat": 12.93958,
                "lon": 77.57996
              },
              {
                "name": "R V Teachers College",
                "name_kn": "ರ್ ವ್ ಟೆಚೆರ್ಸ್ ಕೊಲ್ಲೆಗೆ",
                "stop_id": "22434",
                "lat": 12.94446,
                "lon": 77.5799
              },
              {
                "name": "Lalbagh Metro Station",
                "name_kn": "ಲಲ್ಬಘ್ ಮೆಟ್ರೊ ಸ್ಟಟಿೊಂ",
                "stop_id": "38814",
                "lat": 12.94739,
                "lon": 77.57993
              },
              {
                "name": "Lalbagh West Gate",
                "name_kn": "ಲಲ್ಬಘ್ ವೆಸ್ಟ್ ಗಟೆ",
                "stop_id": "22225",
                "lat": 12.94963,
                "lon": 77.57993
              },
              {
                "name": "Minerva Circle",
                "name_kn": "ಮಿನೆರ್ವ ಕಿರ್ಕ್ಲೆ",
                "stop_id": "22291",
                "lat": 12.95387,
                "lon": 77.57992
              },
              {
                "name": "Town Hall",
                "name_kn": "ಟೌಂ ಹಲ್ಲ್",
                "stop_id": "22565",
                "lat": 12.96353,
                "lon": 77.58507
              },
              {
                "name": "Corporation",
                "name_kn": "ಕೊರ್ಪೊರಟಿೊಂ",
                "stop_id": "20725",
                "lat": 12.96839,
                "lon": 77.58675
              },
              {
                "name": "Mysore Bank",
                "name_kn": "ಮೆಸೊರೆ ಬಂಕ್",
                "stop_id": "35383",
                "lat": 12.97253,
                "lon": 77.58199
              },
              {
                "name": "Kempegowda Bus Station",
                "name_kn": "ಕೆಂಪೆಗೌದ ಬುಸ್ ಸ್ಟಟಿೊಂ",
                "stop_id": "20922",
                "lat": 12.97749,
                "lon": 77.57327
              }
            ]
          },
          {
            "Route": "369-A",
            "RouteId": 14314,
            "RouteParentId": 7655,
            "Destination": "KR Market (Kalasipalya)",
            "Via": "",
            "Area": "Hulimavu",
            "PlatformNumber": "2",
            "KannadaDestination": "ಕ್ರ್ ಮರ್ಕೆಟ್ (ಕಲಸಿಪಲೆ)",
            "KannadaArea": "ಹುಳಿಮಾವು",
            "KannadaVia": "",
            "FromStationId": 21544,
            "Stops": [
              {
                "name": "Jayanagara Bus Station",
                "name_kn": "ಜಯನಗರ ಬುಸ್ ಸ್ಟಟಿೊಂ",
                "stop_id": "21544",
                "lat": 12.92852,
                "lon": 77.58418
              },
              {
                "name": "3rd Block Jayanagara",
                "name_kn": "3ರ್ದ್ ಬ್ಲೊಕ್ಕ್ ಜಯನಗರ",
                "stop_id": "21446",
                "lat": 12.9318,
                "lon": 77.58393
              },
              {
                "name": "Madhavan Park",
                "name_kn": "ಮಧವಂ ಪರ್ಕ್",
                "stop_id": "21563",
                "lat": 12.93644,
                "lon": 77.58392
              },
              {
                "name": "Vijaya College",
                "name_kn": "ವಿಜಯ ಕೊಲ್ಲೆಗೆ",
                "stop_id": "24269",
                "lat": 12.93958,
                "lon": 77.57996
              },
              {
                "name": "R V Teachers College",
                "name_kn": "ರ್ ವ್ ಟೆಚೆರ್ಸ್ ಕೊಲ್ಲೆಗೆ",
                "stop_id": "22434",
                "lat": 12.94446,
                "lon": 77.5799
              },
              {
                "name": "Lalbagh West Gate",
                "name_kn": "ಲಲ್ಬಘ್ ವೆಸ್ಟ್ ಗಟೆ",
                "stop_id": "20968",
                "lat": 12.94826,
                "lon": 77.57918
              },
              {
                "name": "Sajjan Rao Circle",
                "name_kn": "ಸಜ್ಜಂ ರೊ ಕಿರ್ಕ್ಲೆ",
                "stop_id": "22445",
                "lat": 12.95262,
                "lon": 77.57653
              },
              {
                "name": "Basappa Circle",
                "name_kn": "ಬಸಪ್ಪ ಕಿರ್ಕ್ಲೆ",
                "stop_id": "21718",
                "lat": 12.95624,
                "lon": 77.57721
              },
              {
                "name": "Makkala Koota",
                "name_kn": "ಮಕ್ಕಲ ಕೂಟ",
                "stop_id": "20986",
                "lat": 12.95803,
                "lon": 77.57385
              },
              {
                "name": "KR Market (Kalasipalya)",
                "name_kn": "ಕ್ರ್ ಮರ್ಕೆಟ್ (ಕಲಸಿಪಲೆ)",
                "stop_id": "20945",
                "lat": 12.96154,
                "lon": 77.57736
              }
            ]
          },
          {
            "Route": "365-H",
            "RouteId": 14930,
            "RouteParentId": 8000,
            "Destination": "Kempegowda Bus Station",
            "Via": "",
            "Area": "Jigani DLF Cloub House",
            "PlatformNumber": "2",
            "KannadaDestination": "ಕೆಂಪೆಗೌದ ಬುಸ್ ಸ್ಟಟಿೊಂ",
            "KannadaArea": "ಜಿಗಣಿ ಡಿಎಲ್ಎಫ್ ಕ್ಲಬ್ ಹೌಸ್",
            "KannadaVia": "",
            "FromStationId": 21544,
            "Stops": [
              {
                "name": "Jayanagara Bus Station",
                "name_kn": "ಜಯನಗರ ಬುಸ್ ಸ್ಟಟಿೊಂ",
                "stop_id": "21544",
                "lat": 12.92852,
                "lon": 77.58418
              },
              {
                "name": "3rd Block Jayanagara",
                "name_kn": "3ರ್ದ್ ಬ್ಲೊಕ್ಕ್ ಜಯನಗರ",
                "stop_id": "21446",
                "lat": 12.9318,
                "lon": 77.58393
              },
              {
                "name": "Madhavan Park",
                "name_kn": "ಮಧವಂ ಪರ್ಕ್",
                "stop_id": "21563",
                "lat": 12.93644,
                "lon": 77.58392
              },
              {
                "name": "Vijaya College",
                "name_kn": "ವಿಜಯ ಕೊಲ್ಲೆಗೆ",
                "stop_id": "24269",
                "lat": 12.93958,
                "lon": 77.57996
              },
              {
                "name": "R V Teachers College",
                "name_kn": "ರ್ ವ್ ಟೆಚೆರ್ಸ್ ಕೊಲ್ಲೆಗೆ",
                "stop_id": "22434",
                "lat": 12.94446,
                "lon": 77.5799
              },
              {
                "name": "Lalbagh Metro Station",
                "name_kn": "ಲಲ್ಬಘ್ ಮೆಟ್ರೊ ಸ್ಟಟಿೊಂ",
                "stop_id": "38814",
                "lat": 12.94739,
                "lon": 77.57993
              },
              {
                "name": "Lalbagh West Gate",
                "name_kn": "ಲಲ್ಬಘ್ ವೆಸ್ಟ್ ಗಟೆ",
                "stop_id": "22225",
                "lat": 12.94963,
                "lon": 77.57993
              },
              {
                "name": "Minerva Circle",
                "name_kn": "ಮಿನೆರ್ವ ಕಿರ್ಕ್ಲೆ",
                "stop_id": "22291",
                "lat": 12.95387,
                "lon": 77.57992
              },
              {
                "name": "Town Hall",
                "name_kn": "ಟೌಂ ಹಲ್ಲ್",
                "stop_id": "22565",
                "lat": 12.96353,
                "lon": 77.58507
              },
              {
                "name": "Corporation",
                "name_kn": "ಕೊರ್ಪೊರಟಿೊಂ",
                "stop_id": "20725",
                "lat": 12.96839,
                "lon": 77.58675
              },
              {
                "name": "Mysore Bank",
                "name_kn": "ಮೆಸೊರೆ ಬಂಕ್",
                "stop_id": "35383",
                "lat": 12.97253,
                "lon": 77.58199
              },
              {
                "name": "Kempegowda Bus Station",
                "name_kn": "ಕೆಂಪೆಗೌದ ಬುಸ್ ಸ್ಟಟಿೊಂ",
                "stop_id": "20922",
                "lat": 12.97749,
                "lon": 77.57327
              }
            ]
          },
          {
            "Route": "364-C",
            "RouteId": 15307,
            "RouteParentId": 8203,
            "Destination": "Kempegowda Bus Station",
            "Via": "",
            "Area": "BTM Layout 4th Stage Stadium",
            "PlatformNumber": "2",
            "KannadaDestination": "ಕೆಂಪೆಗೌದ ಬುಸ್ ಸ್ಟಟಿೊಂ",
            "KannadaArea": "ಬಿಟಿಎಂ ಬಡಾವಣೆ 4ನೇ ಹಂತ ಸ್ಟೇಡಿಯಂ",
            "KannadaVia": "",
            "FromStationId": 21544,
            "Stops": [
              {
                "name": "Jayanagara Bus Station",
                "name_kn": "ಜಯನಗರ ಬುಸ್ ಸ್ಟಟಿೊಂ",
                "stop_id": "21544",
                "lat": 12.92852,
                "lon": 77.58418
              },
              {
                "name": "3rd Block Jayanagara",
                "name_kn": "3ರ್ದ್ ಬ್ಲೊಕ್ಕ್ ಜಯನಗರ",
                "stop_id": "21446",
                "lat": 12.9318,
                "lon": 77.58393
              },
              {
                "name": "Madhavan Park",
                "name_kn": "ಮಧವಂ ಪರ್ಕ್",
                "stop_id": "21563",
                "lat": 12.93644,
                "lon": 77.58392
              },
              {
                "name": "Vijaya College",
                "name_kn": "ವಿಜಯ ಕೊಲ್ಲೆಗೆ",
                "stop_id": "24269",
                "lat": 12.93958,
                "lon": 77.57996
              },
              {
                "name": "R V Teachers College",
                "name_kn": "ರ್ ವ್ ಟೆಚೆರ್ಸ್ ಕೊಲ್ಲೆಗೆ",
                "stop_id": "22434",
                "lat": 12.94446,
                "lon": 77.5799
              },
              {
                "name": "Lalbagh Metro Station",
                "name_kn": "ಲಲ್ಬಘ್ ಮೆಟ್ರೊ ಸ್ಟಟಿೊಂ",
                "stop_id": "38814",
                "lat": 12.94739,
                "lon": 77.57993
              },
              {
                "name": "Lalbagh West Gate",
                "name_kn": "ಲಲ್ಬಘ್ ವೆಸ್ಟ್ ಗಟೆ",
                "stop_id": "22225",
                "lat": 12.94963,
                "lon": 77.57993
              },
              {
                "name": "Minerva Circle",
                "name_kn": "ಮಿನೆರ್ವ ಕಿರ್ಕ್ಲೆ",
                "stop_id": "22291",
                "lat": 12.95387,
                "lon": 77.57992
              },
              {
                "name": "Town Hall",
                "name_kn": "ಟೌಂ ಹಲ್ಲ್",
                "stop_id": "22565",
                "lat": 12.96353,
                "lon": 77.58507
              },
              {
                "name": "Corporation",
                "name_kn": "ಕೊರ್ಪೊರಟಿೊಂ",
                "stop_id": "20725",
                "lat": 12.96839,
                "lon": 77.58675
              },
              {
                "name": "Mysore Bank",
                "name_kn": "ಮೆಸೊರೆ ಬಂಕ್",
                "stop_id": "35383",
                "lat": 12.97253,
                "lon": 77.58199
              },
              {
                "name": "Kempegowda Bus Station",
                "name_kn": "ಕೆಂಪೆಗೌದ ಬುಸ್ ಸ್ಟಟಿೊಂ",
                "stop_id": "20922",
                "lat": 12.97749,
                "lon": 77.57327
              }
            ]
          },
          {
            "Route": "369-NR",
            "RouteId": 16575,
            "RouteParentId": 8876,
            "Destination": "KR Market (Kalasipalya)",
            "Via": "",
            "Area": "Sri Renuka Yellamma Layout",
            "PlatformNumber": "2",
            "KannadaDestination": "ಕ್ರ್ ಮರ್ಕೆಟ್ (ಕಲಸಿಪಲೆ)",
            "KannadaArea": "ಶ್ರೀ ರೇಣುಕಾ ಯಲ್ಲಮ್ಮ ಬಡಾವಣೆ",
            "KannadaVia": "",
            "FromStationId": 21544,
            "Stops": [
              {
                "name": "Jayanagara Bus Station",
                "name_kn": "ಜಯನಗರ ಬುಸ್ ಸ್ಟಟಿೊಂ",
                "stop_id": "21544",
                "lat": 12.92852,
                "lon": 77.58418
              },
              {
                "name": "3rd Block Jayanagara",
                "name_kn": "3ರ್ದ್ ಬ್ಲೊಕ್ಕ್ ಜಯನಗರ",
                "stop_id": "21446",
                "lat": 12.9318,
                "lon": 77.58393
              },
              {
                "name": "Madhavan Park",
                "name_kn": "ಮಧವಂ ಪರ್ಕ್",
                "stop_id": "21563",
                "lat": 12.93644,
                "lon": 77.58392
              },
              {
                "name": "South End Circle",
                "name_kn": "ಸೌತ್ ೆಂದ್ ಕಿರ್ಕ್ಲೆ",
                "stop_id": "22505",
                "lat": 12.93717,
                "lon": 77.57965
              },
              {
                "name": "MN Krishna Rao Park",
                "name_kn": "ಂಂ ಕ್ರಿಶ್ನ ರೊ ಪರ್ಕ್",
                "stop_id": "22294",
                "lat": 12.94405,
                "lon": 77.57689
              },
              {
                "name": "Sajjan Rao Circle",
                "name_kn": "ಸಜ್ಜಂ ರೊ ಕಿರ್ಕ್ಲೆ",
                "stop_id": "22445",
                "lat": 12.95262,
                "lon": 77.57653
              },
              {
                "name": "Basappa Circle",
                "name_kn": "ಬಸಪ್ಪ ಕಿರ್ಕ್ಲೆ",
                "stop_id": "21718",
                "lat": 12.95624,
                "lon": 77.57721
              },
              {
                "name": "Makkala Koota",
                "name_kn": "ಮಕ್ಕಲ ಕೂಟ",
                "stop_id": "20986",
                "lat": 12.95803,
                "lon": 77.57385
              },
              {
                "name": "KR Market (Kalasipalya)",
                "name_kn": "ಕ್ರ್ ಮರ್ಕೆಟ್ (ಕಲಸಿಪಲೆ)",
                "stop_id": "20945",
                "lat": 12.96154,
                "lon": 77.57736
              }
            ]
          },
          {
            "Route": "364-F",
            "RouteId": 16581,
            "RouteParentId": 8879,
            "Destination": "Kempegowda Bus Station",
            "Via": "",
            "Area": "BTM Layout 4th Stage Stadium",
            "PlatformNumber": "2",
            "KannadaDestination": "ಕೆಂಪೆಗೌದ ಬುಸ್ ಸ್ಟಟಿೊಂ",
            "KannadaArea": "ಬಿಟಿಎಂ ಬಡಾವಣೆ 4ನೇ ಹಂತ ಸ್ಟೇಡಿಯಂ",
            "KannadaVia": "",
            "FromStationId": 21544,
            "Stops": [
              {
                "name": "Jayanagara Bus Station",
                "name_kn": "ಜಯನಗರ ಬುಸ್ ಸ್ಟಟಿೊಂ",
                "stop_id": "21544",
                "lat": 12.92852,
                "lon": 77.58418
              },
              {
                "name": "3rd Block Jayanagara",
                "name_kn": "3ರ್ದ್ ಬ್ಲೊಕ್ಕ್ ಜಯನಗರ",
                "stop_id": "21446",
                "lat": 12.9318,
                "lon": 77.58393
              },
              {
                "name": "Madhavan Park",
                "name_kn": "ಮಧವಂ ಪರ್ಕ್",
                "stop_id": "21563",
                "lat": 12.93644,
                "lon": 77.58392
              },
              {
                "name": "Vijaya College",
                "name_kn": "ವಿಜಯ ಕೊಲ್ಲೆಗೆ",
                "stop_id": "24269",
                "lat": 12.93958,
                "lon": 77.57996
              },
              {
                "name": "R V Teachers College",
                "name_kn": "ರ್ ವ್ ಟೆಚೆರ್ಸ್ ಕೊಲ್ಲೆಗೆ",
                "stop_id": "22434",
                "lat": 12.94446,
                "lon": 77.5799
              },
              {
                "name": "Minerva Circle",
                "name_kn": "ಮಿನೆರ್ವ ಕಿರ್ಕ್ಲೆ",
                "stop_id": "22291",
                "lat": 12.95387,
                "lon": 77.57992
              },
              {
                "name": "Town Hall",
                "name_kn": "ಟೌಂ ಹಲ್ಲ್",
                "stop_id": "22565",
                "lat": 12.96353,
                "lon": 77.58507
              },
              {
                "name": "Corporation",
                "name_kn": "ಕೊರ್ಪೊರಟಿೊಂ",
                "stop_id": "20725",
                "lat": 12.96839,
                "lon": 77.58675
              },
              {
                "name": "Mysore Bank",
                "name_kn": "ಮೆಸೊರೆ ಬಂಕ್",
                "stop_id": "35383",
                "lat": 12.97253,
                "lon": 77.58199
              },
              {
                "name": "Kempegowda Bus Station",
                "name_kn": "ಕೆಂಪೆಗೌದ ಬುಸ್ ಸ್ಟಟಿೊಂ",
                "stop_id": "20922",
                "lat": 12.97749,
                "lon": 77.57327
              }
            ]
          },
          {
            "Route": "24-A KBS-KMT-BTMS",
            "RouteId": 16915,
            "RouteParentId": 9056,
            "Destination": "Kempegowda Bus Station",
            "Via": "",
            "Area": "Mahadeshwara Nagara",
            "PlatformNumber": "2",
            "KannadaDestination": "ಕೆಂಪೆಗೌದ ಬುಸ್ ಸ್ಟಟಿೊಂ",
            "KannadaArea": "ಮಹದೇಶ್ವರ ನಗರ",
            "KannadaVia": "",
            "FromStationId": 21544,
            "Stops": [
              {
                "name": "Jayanagara Bus Station",
                "name_kn": "ಜಯನಗರ ಬುಸ್ ಸ್ಟಟಿೊಂ",
                "stop_id": "21544",
                "lat": 12.92852,
                "lon": 77.58418
              },
              {
                "name": "3rd Block Jayanagara",
                "name_kn": "3ರ್ದ್ ಬ್ಲೊಕ್ಕ್ ಜಯನಗರ",
                "stop_id": "21446",
                "lat": 12.9318,
                "lon": 77.58393
              },
              {
                "name": "Madhavan Park",
                "name_kn": "ಮಧವಂ ಪರ್ಕ್",
                "stop_id": "21563",
                "lat": 12.93644,
                "lon": 77.58392
              },
              {
                "name": "South End Circle",
                "name_kn": "ಸೌತ್ ೆಂದ್ ಕಿರ್ಕ್ಲೆ",
                "stop_id": "22505",
                "lat": 12.93717,
                "lon": 77.57965
              },
              {
                "name": "MN Krishna Rao Park",
                "name_kn": "ಂಂ ಕ್ರಿಶ್ನ ರೊ ಪರ್ಕ್",
                "stop_id": "22294",
                "lat": 12.94405,
                "lon": 77.57689
              },
              {
                "name": "Sajjan Rao Circle",
                "name_kn": "ಸಜ್ಜಂ ರೊ ಕಿರ್ಕ್ಲೆ",
                "stop_id": "22445",
                "lat": 12.95262,
                "lon": 77.57653
              },
              {
                "name": "Basappa Circle",
                "name_kn": "ಬಸಪ್ಪ ಕಿರ್ಕ್ಲೆ",
                "stop_id": "21718",
                "lat": 12.95624,
                "lon": 77.57721
              },
              {
                "name": "Makkala Koota",
                "name_kn": "ಮಕ್ಕಲ ಕೂಟ",
                "stop_id": "20986",
                "lat": 12.95803,
                "lon": 77.57385
              },
              {
                "name": "KR Market",
                "name_kn": "ಕ್ರ್ ಮರ್ಕೆಟ್",
                "stop_id": "22199",
                "lat": 12.96437,
                "lon": 77.57736
              },
              {
                "name": "Town Hall",
                "name_kn": "ಟೌಂ ಹಲ್ಲ್",
                "stop_id": "21231",
                "lat": 12.96384,
                "lon": 77.58434
              },
              {
                "name": "Corporation",
                "name_kn": "ಕೊರ್ಪೊರಟಿೊಂ",
                "stop_id": "20725",
                "lat": 12.96839,
                "lon": 77.58675
              },
              {
                "name": "Mysore Bank",
                "name_kn": "ಮೆಸೊರೆ ಬಂಕ್",
                "stop_id": "35383",
                "lat": 12.97253,
                "lon": 77.58199
              },
              {
                "name": "Kempegowda Bus Station",
                "name_kn": "ಕೆಂಪೆಗೌದ ಬುಸ್ ಸ್ಟಟಿೊಂ",
                "stop_id": "20922",
                "lat": 12.97749,
                "lon": 77.57327
              }
            ]
          }
        ]
      }
    },
    {
      "type": "Feature",
      "geometry": {
        "coordinates": [
          77.58365982123007,
          12.928028906101815
        ],
        "type": "Point"
      },
      "properties": {
        "Platform": "SOUTH",
        "Color": "#000000",
        "Icon": "S",
        "OpenHour": 0,
        "CloseHour": 0,
        "ApiIds": [
          "21544",
          "21545"
        ],
        "Routes": [
          {
            "Route": "215-H",
            "RouteId": 3231,
            "RouteParentId": 1821,
            "Destination": "Jambu Savari Dinne",
            "Via": "",
            "Area": "Kempegowda Bus Station",
            "PlatformNumber": "SOUTH",
            "KannadaDestination": "ಜಂಬು ಸವರಿ ದಿಂನೆ",
            "KannadaArea": "ಕೆಂಪೇಗೌಡ ಬಸ್ ನಿಲ್ದಾಣ",
            "KannadaVia": "",
            "FromStationId": 21545,
            "Stops": [
              {
                "name": "Jayanagara Bus Station",
                "name_kn": "ಜಯನಗರ ಬುಸ್ ಸ್ಟಟಿೊಂ",
                "stop_id": "21545",
                "lat": 12.92802,
                "lon": 77.58364
              },
              {
                "name": "Jayanagara Telephone Exchange",
                "name_kn": "ಜಯನಗರ ಟೆಲೆಫೊನೆ ೆಕ್ಸ್ಚಙೆ",
                "stop_id": "39972",
                "lat": 12.92339,
                "lon": 77.58395
              },
              {
                "name": "MP Office Bangalore South",
                "name_kn": "ಂಪ್ ೊೞ್ೞಿಕೆ ಬಙಲೊರೆ ಸೌತ್",
                "stop_id": "39973",
                "lat": 12.9199,
                "lon": 77.58597
              },
              {
                "name": "Marenahalli",
                "name_kn": "ಮರೆನಹಲ್ಲಿ",
                "stop_id": "35080",
                "lat": 12.9149,
                "lon": 77.58588
              },
              {
                "name": "R V Dental College",
                "name_kn": "ರ್ ವ್ ದೆಂಟಲ್ ಕೊಲ್ಲೆಗೆ",
                "stop_id": "23450",
                "lat": 12.90988,
                "lon": 77.58579
              },
              {
                "name": "JP Nagara 15th Cross",
                "name_kn": "ಜ್ಪ್ ನಗರ 15ತ್ ಕ್ರೊಸ್ಸ್",
                "stop_id": "33177",
                "lat": 12.90665,
                "lon": 77.58581
              },
              {
                "name": "Nandini Hotel JP Nagara",
                "name_kn": "ನಂದಿನಿ ಹೊಟೆಲ್ ಜ್ಪ್ ನಗರ",
                "stop_id": "34195",
                "lat": 12.90512,
                "lon": 77.58581
              },
              {
                "name": "Inchara Hotel JP Nagar",
                "name_kn": "ಇಂಚರ ಹೊಟೆಲ್ ಜ್ಪ್ ನಗರ್",
                "stop_id": "37836",
                "lat": 12.90272,
                "lon": 77.5858
              },
              {
                "name": "Auto Gas/Royal School",
                "name_kn": "ಔಟೊ ಗಸ್/ರೊಯಲ್ ಸ್ಚೂಲ್",
                "stop_id": "28061",
                "lat": 12.90133,
                "lon": 77.58585
              },
              {
                "name": "Shobha Tulip JP Nagara",
                "name_kn": "ಶೊಭ ಟುಲಿಪ್ ಜ್ಪ್ ನಗರ",
                "stop_id": "28376",
                "lat": 12.89805,
                "lon": 77.58591
              },
              {
                "name": "Nayara Petrol Pump Puttenahalli Lake",
                "name_kn": "ನಯರ ಪೆಟ್ರೊಲ್ ಪುಂಪ್ ಪುಟೆನಹಲ್ಲಿ ಲಕೆ",
                "stop_id": "31886",
                "lat": 12.89127,
                "lon": 77.58769
              },
              {
                "name": "Sri Dharmaraya Circle",
                "name_kn": "ಸ್ರಿ ಧರ್ಮರಯ ಕಿರ್ಕ್ಲೆ",
                "stop_id": "23452",
                "lat": 12.89213,
                "lon": 77.58192
              },
              {
                "name": "RBI Layout",
                "name_kn": "ರ್ಬಿ ಲಯೌಟ್",
                "stop_id": "23453",
                "lat": 12.88806,
                "lon": 77.58198
              },
              {
                "name": "Gowrava Nagara",
                "name_kn": "ಗೌರವ ನಗರ",
                "stop_id": "23454",
                "lat": 12.88476,
                "lon": 77.58266
              },
              {
                "name": "Navodaya Nagara",
                "name_kn": "ನವೊದಯ ನಗರ",
                "stop_id": "23455",
                "lat": 12.88137,
                "lon": 77.58381
              },
              {
                "name": "Kothanuru Dinne Ganesha Temple",
                "name_kn": "ಕೊತನುರು ದಿಂನೆ ಗನೆಶ ಟೆಂಪ್ಲೆ",
                "stop_id": "23456",
                "lat": 12.87711,
                "lon": 77.58399
              },
              {
                "name": "Kothanur Dinne Water Tank",
                "name_kn": "ಕೊತನುರ್ ದಿಂನೆ ವಟೆರ್ ಟಂಕ್",
                "stop_id": "23457",
                "lat": 12.87455,
                "lon": 77.58419
              },
              {
                "name": "BK Circle",
                "name_kn": "ಬ್ಕ್ ಕಿರ್ಕ್ಲೆ",
                "stop_id": "35060",
                "lat": 12.87056,
                "lon": 77.58309
              },
              {
                "name": "Surabhi Layout",
                "name_kn": "ಸುರಭಿ ಲಯೌಟ್",
                "stop_id": "35114",
                "lat": 12.8675,
                "lon": 77.58184
              },
              {
                "name": "Jambu Savari Dinne",
                "name_kn": "ಜಂಬು ಸವರಿ ದಿಂನೆ",
                "stop_id": "35343",
                "lat": 12.86581,
                "lon": 77.58098
              }
            ]
          },
          {
            "Route": "215-H KBS-D34G",
            "RouteId": 3233,
            "RouteParentId": 1822,
            "Destination": "Depot-34 Gate",
            "Via": "",
            "Area": "Kempegowda Bus Station",
            "PlatformNumber": "SOUTH",
            "KannadaDestination": "ದೆಪೊಟ್-34 ಗಟೆ",
            "KannadaArea": "ಕೆಂಪೇಗೌಡ ಬಸ್ ನಿಲ್ದಾಣ",
            "KannadaVia": "",
            "FromStationId": 21545,
            "Stops": [
              {
                "name": "Jayanagara Bus Station",
                "name_kn": "ಜಯನಗರ ಬುಸ್ ಸ್ಟಟಿೊಂ",
                "stop_id": "21545",
                "lat": 12.92802,
                "lon": 77.58364
              },
              {
                "name": "Jayanagara Telephone Exchange",
                "name_kn": "ಜಯನಗರ ಟೆಲೆಫೊನೆ ೆಕ್ಸ್ಚಙೆ",
                "stop_id": "39972",
                "lat": 12.92339,
                "lon": 77.58395
              },
              {
                "name": "MP Office Bangalore South",
                "name_kn": "ಂಪ್ ೊೞ್ೞಿಕೆ ಬಙಲೊರೆ ಸೌತ್",
                "stop_id": "39973",
                "lat": 12.9199,
                "lon": 77.58597
              },
              {
                "name": "Marenahalli",
                "name_kn": "ಮರೆನಹಲ್ಲಿ",
                "stop_id": "35080",
                "lat": 12.9149,
                "lon": 77.58588
              },
              {
                "name": "R V Dental College",
                "name_kn": "ರ್ ವ್ ದೆಂಟಲ್ ಕೊಲ್ಲೆಗೆ",
                "stop_id": "23450",
                "lat": 12.90988,
                "lon": 77.58579
              },
              {
                "name": "JP Nagara 15th Cross",
                "name_kn": "ಜ್ಪ್ ನಗರ 15ತ್ ಕ್ರೊಸ್ಸ್",
                "stop_id": "33177",
                "lat": 12.90665,
                "lon": 77.58581
              },
              {
                "name": "Nandini Hotel JP Nagara",
                "name_kn": "ನಂದಿನಿ ಹೊಟೆಲ್ ಜ್ಪ್ ನಗರ",
                "stop_id": "34195",
                "lat": 12.90512,
                "lon": 77.58581
              },
              {
                "name": "Inchara Hotel JP Nagar",
                "name_kn": "ಇಂಚರ ಹೊಟೆಲ್ ಜ್ಪ್ ನಗರ್",
                "stop_id": "37836",
                "lat": 12.90272,
                "lon": 77.5858
              },
              {
                "name": "Auto Gas/Royal School",
                "name_kn": "ಔಟೊ ಗಸ್/ರೊಯಲ್ ಸ್ಚೂಲ್",
                "stop_id": "28061",
                "lat": 12.90133,
                "lon": 77.58585
              },
              {
                "name": "Shobha Tulip JP Nagara",
                "name_kn": "ಶೊಭ ಟುಲಿಪ್ ಜ್ಪ್ ನಗರ",
                "stop_id": "28376",
                "lat": 12.89805,
                "lon": 77.58591
              },
              {
                "name": "Nayara Petrol Pump Puttenahalli Lake",
                "name_kn": "ನಯರ ಪೆಟ್ರೊಲ್ ಪುಂಪ್ ಪುಟೆನಹಲ್ಲಿ ಲಕೆ",
                "stop_id": "31886",
                "lat": 12.89127,
                "lon": 77.58769
              },
              {
                "name": "Sri Dharmaraya Circle",
                "name_kn": "ಸ್ರಿ ಧರ್ಮರಯ ಕಿರ್ಕ್ಲೆ",
                "stop_id": "23452",
                "lat": 12.89213,
                "lon": 77.58192
              },
              {
                "name": "RBI Layout",
                "name_kn": "ರ್ಬಿ ಲಯೌಟ್",
                "stop_id": "23453",
                "lat": 12.88806,
                "lon": 77.58198
              },
              {
                "name": "Gowrava Nagara",
                "name_kn": "ಗೌರವ ನಗರ",
                "stop_id": "23454",
                "lat": 12.88476,
                "lon": 77.58266
              },
              {
                "name": "Navodaya Nagara",
                "name_kn": "ನವೊದಯ ನಗರ",
                "stop_id": "23455",
                "lat": 12.88137,
                "lon": 77.58381
              },
              {
                "name": "Kothanuru Dinne Ganesha Temple",
                "name_kn": "ಕೊತನುರು ದಿಂನೆ ಗನೆಶ ಟೆಂಪ್ಲೆ",
                "stop_id": "23456",
                "lat": 12.87711,
                "lon": 77.58399
              },
              {
                "name": "Kothanur Dinne Water Tank",
                "name_kn": "ಕೊತನುರ್ ದಿಂನೆ ವಟೆರ್ ಟಂಕ್",
                "stop_id": "23457",
                "lat": 12.87455,
                "lon": 77.58419
              },
              {
                "name": "BK Circle",
                "name_kn": "ಬ್ಕ್ ಕಿರ್ಕ್ಲೆ",
                "stop_id": "32100",
                "lat": 12.87062,
                "lon": 77.58325
              },
              {
                "name": "Depot-34 Gate",
                "name_kn": "ದೆಪೊಟ್-34 ಗಟೆ",
                "stop_id": "32430",
                "lat": 12.87023,
                "lon": 77.58567
              }
            ]
          },
          {
            "Route": "215-C D34G-KMT",
            "RouteId": 3236,
            "RouteParentId": 1823,
            "Destination": "Depot-34 Gate",
            "Via": "",
            "Area": "KR Market (Kalasipalya)",
            "PlatformNumber": "SOUTH",
            "KannadaDestination": "ದೆಪೊಟ್-34 ಗಟೆ",
            "KannadaArea": "ಕೆಆರ್ ಮಾರುಕಟ್ಟೆ (ಕಲಾಸಿಪಾಳ್ಯ)",
            "KannadaVia": "",
            "FromStationId": 21545,
            "Stops": [
              {
                "name": "Jayanagara Bus Station",
                "name_kn": "ಜಯನಗರ ಬುಸ್ ಸ್ಟಟಿೊಂ",
                "stop_id": "21545",
                "lat": 12.92802,
                "lon": 77.58364
              },
              {
                "name": "Jayanagara Telephone Exchange",
                "name_kn": "ಜಯನಗರ ಟೆಲೆಫೊನೆ ೆಕ್ಸ್ಚಙೆ",
                "stop_id": "39972",
                "lat": 12.92339,
                "lon": 77.58395
              },
              {
                "name": "MP Office Bangalore South",
                "name_kn": "ಂಪ್ ೊೞ್ೞಿಕೆ ಬಙಲೊರೆ ಸೌತ್",
                "stop_id": "39973",
                "lat": 12.9199,
                "lon": 77.58597
              },
              {
                "name": "Marenahalli",
                "name_kn": "ಮರೆನಹಲ್ಲಿ",
                "stop_id": "35080",
                "lat": 12.9149,
                "lon": 77.58588
              },
              {
                "name": "R V Dental College",
                "name_kn": "ರ್ ವ್ ದೆಂಟಲ್ ಕೊಲ್ಲೆಗೆ",
                "stop_id": "23450",
                "lat": 12.90988,
                "lon": 77.58579
              },
              {
                "name": "JP Nagara 15th Cross",
                "name_kn": "ಜ್ಪ್ ನಗರ 15ತ್ ಕ್ರೊಸ್ಸ್",
                "stop_id": "33177",
                "lat": 12.90665,
                "lon": 77.58581
              },
              {
                "name": "Nandini Hotel JP Nagara",
                "name_kn": "ನಂದಿನಿ ಹೊಟೆಲ್ ಜ್ಪ್ ನಗರ",
                "stop_id": "34195",
                "lat": 12.90512,
                "lon": 77.58581
              },
              {
                "name": "Inchara Hotel JP Nagar",
                "name_kn": "ಇಂಚರ ಹೊಟೆಲ್ ಜ್ಪ್ ನಗರ್",
                "stop_id": "37836",
                "lat": 12.90272,
                "lon": 77.5858
              },
              {
                "name": "Auto Gas/Royal School",
                "name_kn": "ಔಟೊ ಗಸ್/ರೊಯಲ್ ಸ್ಚೂಲ್",
                "stop_id": "28061",
                "lat": 12.90133,
                "lon": 77.58585
              },
              {
                "name": "Shobha Tulip JP Nagara",
                "name_kn": "ಶೊಭ ಟುಲಿಪ್ ಜ್ಪ್ ನಗರ",
                "stop_id": "28376",
                "lat": 12.89805,
                "lon": 77.58591
              },
              {
                "name": "Sri Dharmaraya Circle",
                "name_kn": "ಸ್ರಿ ಧರ್ಮರಯ ಕಿರ್ಕ್ಲೆ",
                "stop_id": "23452",
                "lat": 12.89213,
                "lon": 77.58192
              },
              {
                "name": "RBI Layout",
                "name_kn": "ರ್ಬಿ ಲಯೌಟ್",
                "stop_id": "23453",
                "lat": 12.88806,
                "lon": 77.58198
              },
              {
                "name": "Gowrava Nagara",
                "name_kn": "ಗೌರವ ನಗರ",
                "stop_id": "23454",
                "lat": 12.88476,
                "lon": 77.58266
              },
              {
                "name": "Navodaya Nagara",
                "name_kn": "ನವೊದಯ ನಗರ",
                "stop_id": "23455",
                "lat": 12.88137,
                "lon": 77.58381
              },
              {
                "name": "Kothanuru Dinne Ganesha Temple",
                "name_kn": "ಕೊತನುರು ದಿಂನೆ ಗನೆಶ ಟೆಂಪ್ಲೆ",
                "stop_id": "23456",
                "lat": 12.87711,
                "lon": 77.58399
              },
              {
                "name": "Kothanur Dinne Water Tank",
                "name_kn": "ಕೊತನುರ್ ದಿಂನೆ ವಟೆರ್ ಟಂಕ್",
                "stop_id": "23457",
                "lat": 12.87455,
                "lon": 77.58419
              },
              {
                "name": "BK Circle",
                "name_kn": "ಬ್ಕ್ ಕಿರ್ಕ್ಲೆ",
                "stop_id": "32100",
                "lat": 12.87062,
                "lon": 77.58325
              },
              {
                "name": "Depot-34 Gate",
                "name_kn": "ದೆಪೊಟ್-34 ಗಟೆ",
                "stop_id": "32430",
                "lat": 12.87023,
                "lon": 77.58567
              }
            ]
          },
          {
            "Route": "2-E",
            "RouteId": 4015,
            "RouteParentId": 2228,
            "Destination": "JP Nagara 6th Phase",
            "Via": "",
            "Area": "Kempegowda Bus Station",
            "PlatformNumber": "SOUTH",
            "KannadaDestination": "ಜ್ಪ್ ನಗರ 6ತ್ ಫಸೆ",
            "KannadaArea": "ಕೆಂಪೇಗೌಡ ಬಸ್ ನಿಲ್ದಾಣ",
            "KannadaVia": "",
            "FromStationId": 21545,
            "Stops": [
              {
                "name": "Jayanagara Bus Station",
                "name_kn": "ಜಯನಗರ ಬುಸ್ ಸ್ಟಟಿೊಂ",
                "stop_id": "21545",
                "lat": 12.92802,
                "lon": 77.58364
              },
              {
                "name": "Jayanagara Telephone Exchange",
                "name_kn": "ಜಯನಗರ ಟೆಲೆಫೊನೆ ೆಕ್ಸ್ಚಙೆ",
                "stop_id": "39972",
                "lat": 12.92339,
                "lon": 77.58395
              },
              {
                "name": "MP Office Bangalore South",
                "name_kn": "ಂಪ್ ೊೞ್ೞಿಕೆ ಬಙಲೊರೆ ಸೌತ್",
                "stop_id": "39973",
                "lat": 12.9199,
                "lon": 77.58597
              },
              {
                "name": "Marenahalli",
                "name_kn": "ಮರೆನಹಲ್ಲಿ",
                "stop_id": "35080",
                "lat": 12.9149,
                "lon": 77.58588
              },
              {
                "name": "R V Dental College",
                "name_kn": "ರ್ ವ್ ದೆಂಟಲ್ ಕೊಲ್ಲೆಗೆ",
                "stop_id": "23450",
                "lat": 12.90988,
                "lon": 77.58579
              },
              {
                "name": "JP Nagara 15th Cross",
                "name_kn": "ಜ್ಪ್ ನಗರ 15ತ್ ಕ್ರೊಸ್ಸ್",
                "stop_id": "33177",
                "lat": 12.90665,
                "lon": 77.58581
              },
              {
                "name": "JP Nagara 6th Phase",
                "name_kn": "ಜ್ಪ್ ನಗರ 6ತ್ ಫಸೆ",
                "stop_id": "30463",
                "lat": 12.90634,
                "lon": 77.57778
              }
            ]
          },
          {
            "Route": "215-C",
            "RouteId": 4242,
            "RouteParentId": 2332,
            "Destination": "Jambu Savari Dinne",
            "Via": "",
            "Area": "KR Market (Kalasipalya)",
            "PlatformNumber": "SOUTH",
            "KannadaDestination": "ಜಂಬು ಸವರಿ ದಿಂನೆ",
            "KannadaArea": "ಕೆಆರ್ ಮಾರುಕಟ್ಟೆ (ಕಲಾಸಿಪಾಳ್ಯ)",
            "KannadaVia": "",
            "FromStationId": 21545,
            "Stops": [
              {
                "name": "Jayanagara Bus Station",
                "name_kn": "ಜಯನಗರ ಬುಸ್ ಸ್ಟಟಿೊಂ",
                "stop_id": "21545",
                "lat": 12.92802,
                "lon": 77.58364
              },
              {
                "name": "Jayanagara Telephone Exchange",
                "name_kn": "ಜಯನಗರ ಟೆಲೆಫೊನೆ ೆಕ್ಸ್ಚಙೆ",
                "stop_id": "39972",
                "lat": 12.92339,
                "lon": 77.58395
              },
              {
                "name": "MP Office Bangalore South",
                "name_kn": "ಂಪ್ ೊೞ್ೞಿಕೆ ಬಙಲೊರೆ ಸೌತ್",
                "stop_id": "39973",
                "lat": 12.9199,
                "lon": 77.58597
              },
              {
                "name": "Marenahalli",
                "name_kn": "ಮರೆನಹಲ್ಲಿ",
                "stop_id": "35080",
                "lat": 12.9149,
                "lon": 77.58588
              },
              {
                "name": "R V Dental College",
                "name_kn": "ರ್ ವ್ ದೆಂಟಲ್ ಕೊಲ್ಲೆಗೆ",
                "stop_id": "23450",
                "lat": 12.90988,
                "lon": 77.58579
              },
              {
                "name": "JP Nagara 15th Cross",
                "name_kn": "ಜ್ಪ್ ನಗರ 15ತ್ ಕ್ರೊಸ್ಸ್",
                "stop_id": "33177",
                "lat": 12.90665,
                "lon": 77.58581
              },
              {
                "name": "Nandini Hotel JP Nagara",
                "name_kn": "ನಂದಿನಿ ಹೊಟೆಲ್ ಜ್ಪ್ ನಗರ",
                "stop_id": "34195",
                "lat": 12.90512,
                "lon": 77.58581
              },
              {
                "name": "Inchara Hotel JP Nagar",
                "name_kn": "ಇಂಚರ ಹೊಟೆಲ್ ಜ್ಪ್ ನಗರ್",
                "stop_id": "37836",
                "lat": 12.90272,
                "lon": 77.5858
              },
              {
                "name": "Auto Gas/Royal School",
                "name_kn": "ಔಟೊ ಗಸ್/ರೊಯಲ್ ಸ್ಚೂಲ್",
                "stop_id": "28061",
                "lat": 12.90133,
                "lon": 77.58585
              },
              {
                "name": "Shobha Tulip JP Nagara",
                "name_kn": "ಶೊಭ ಟುಲಿಪ್ ಜ್ಪ್ ನಗರ",
                "stop_id": "28376",
                "lat": 12.89805,
                "lon": 77.58591
              },
              {
                "name": "Nayara Petrol Pump Puttenahalli Lake",
                "name_kn": "ನಯರ ಪೆಟ್ರೊಲ್ ಪುಂಪ್ ಪುಟೆನಹಲ್ಲಿ ಲಕೆ",
                "stop_id": "31886",
                "lat": 12.89127,
                "lon": 77.58769
              },
              {
                "name": "Sri Dharmaraya Circle",
                "name_kn": "ಸ್ರಿ ಧರ್ಮರಯ ಕಿರ್ಕ್ಲೆ",
                "stop_id": "23452",
                "lat": 12.89213,
                "lon": 77.58192
              },
              {
                "name": "RBI Layout",
                "name_kn": "ರ್ಬಿ ಲಯೌಟ್",
                "stop_id": "23453",
                "lat": 12.88806,
                "lon": 77.58198
              },
              {
                "name": "Gowrava Nagara",
                "name_kn": "ಗೌರವ ನಗರ",
                "stop_id": "23454",
                "lat": 12.88476,
                "lon": 77.58266
              },
              {
                "name": "Navodaya Nagara",
                "name_kn": "ನವೊದಯ ನಗರ",
                "stop_id": "23455",
                "lat": 12.88137,
                "lon": 77.58381
              },
              {
                "name": "Kothanuru Dinne Ganesha Temple",
                "name_kn": "ಕೊತನುರು ದಿಂನೆ ಗನೆಶ ಟೆಂಪ್ಲೆ",
                "stop_id": "23456",
                "lat": 12.87711,
                "lon": 77.58399
              },
              {
                "name": "Kothanur Dinne Water Tank",
                "name_kn": "ಕೊತನುರ್ ದಿಂನೆ ವಟೆರ್ ಟಂಕ್",
                "stop_id": "23457",
                "lat": 12.87455,
                "lon": 77.58419
              },
              {
                "name": "BK Circle",
                "name_kn": "ಬ್ಕ್ ಕಿರ್ಕ್ಲೆ",
                "stop_id": "35060",
                "lat": 12.87056,
                "lon": 77.58309
              },
              {
                "name": "Surabhi Layout",
                "name_kn": "ಸುರಭಿ ಲಯೌಟ್",
                "stop_id": "35114",
                "lat": 12.8675,
                "lon": 77.58184
              },
              {
                "name": "Jambu Savari Dinne",
                "name_kn": "ಜಂಬು ಸವರಿ ದಿಂನೆ",
                "stop_id": "35343",
                "lat": 12.86581,
                "lon": 77.58098
              }
            ]
          },
          {
            "Route": "215-E",
            "RouteId": 4252,
            "RouteParentId": 2337,
            "Destination": "Eshwara Layout",
            "Via": "",
            "Area": "Kempegowda Bus Station",
            "PlatformNumber": "SOUTH",
            "KannadaDestination": "ಎಶ್ವರ ಲಯೌಟ್",
            "KannadaArea": "ಕೆಂಪೇಗೌಡ ಬಸ್ ನಿಲ್ದಾಣ",
            "KannadaVia": "",
            "FromStationId": 21545,
            "Stops": [
              {
                "name": "Jayanagara Bus Station",
                "name_kn": "ಜಯನಗರ ಬುಸ್ ಸ್ಟಟಿೊಂ",
                "stop_id": "21545",
                "lat": 12.92802,
                "lon": 77.58364
              },
              {
                "name": "Jayanagara Telephone Exchange",
                "name_kn": "ಜಯನಗರ ಟೆಲೆಫೊನೆ ೆಕ್ಸ್ಚಙೆ",
                "stop_id": "39972",
                "lat": 12.92339,
                "lon": 77.58395
              },
              {
                "name": "MP Office Bangalore South",
                "name_kn": "ಂಪ್ ೊೞ್ೞಿಕೆ ಬಙಲೊರೆ ಸೌತ್",
                "stop_id": "39973",
                "lat": 12.9199,
                "lon": 77.58597
              },
              {
                "name": "Marenahalli",
                "name_kn": "ಮರೆನಹಲ್ಲಿ",
                "stop_id": "35080",
                "lat": 12.9149,
                "lon": 77.58588
              },
              {
                "name": "R V Dental College",
                "name_kn": "ರ್ ವ್ ದೆಂಟಲ್ ಕೊಲ್ಲೆಗೆ",
                "stop_id": "23450",
                "lat": 12.90988,
                "lon": 77.58579
              },
              {
                "name": "JP Nagara 15th Cross",
                "name_kn": "ಜ್ಪ್ ನಗರ 15ತ್ ಕ್ರೊಸ್ಸ್",
                "stop_id": "33177",
                "lat": 12.90665,
                "lon": 77.58581
              },
              {
                "name": "Nandini Hotel JP Nagara",
                "name_kn": "ನಂದಿನಿ ಹೊಟೆಲ್ ಜ್ಪ್ ನಗರ",
                "stop_id": "34195",
                "lat": 12.90512,
                "lon": 77.58581
              },
              {
                "name": "Auto Gas/Royal School",
                "name_kn": "ಔಟೊ ಗಸ್/ರೊಯಲ್ ಸ್ಚೂಲ್",
                "stop_id": "28061",
                "lat": 12.90133,
                "lon": 77.58585
              },
              {
                "name": "Shobha Tulip JP Nagara",
                "name_kn": "ಶೊಭ ಟುಲಿಪ್ ಜ್ಪ್ ನಗರ",
                "stop_id": "28376",
                "lat": 12.89805,
                "lon": 77.58591
              },
              {
                "name": "Sri Dharmaraya Circle",
                "name_kn": "ಸ್ರಿ ಧರ್ಮರಯ ಕಿರ್ಕ್ಲೆ",
                "stop_id": "23452",
                "lat": 12.89213,
                "lon": 77.58192
              },
              {
                "name": "Eshwara Layout",
                "name_kn": "ಎಶ್ವರ ಲಯೌಟ್",
                "stop_id": "32599",
                "lat": 12.89145,
                "lon": 77.57566
              }
            ]
          },
          {
            "Route": "215 KMT-JBS-ELO",
            "RouteId": 4261,
            "RouteParentId": 2345,
            "Destination": "Eshwara Layout",
            "Via": "",
            "Area": "KR Market (Kalasipalya)",
            "PlatformNumber": "SOUTH",
            "KannadaDestination": "ಎಶ್ವರ ಲಯೌಟ್",
            "KannadaArea": "ಕೆಆರ್ ಮಾರುಕಟ್ಟೆ (ಕಲಾಸಿಪಾಳ್ಯ)",
            "KannadaVia": "",
            "FromStationId": 21545,
            "Stops": [
              {
                "name": "Jayanagara Bus Station",
                "name_kn": "ಜಯನಗರ ಬುಸ್ ಸ್ಟಟಿೊಂ",
                "stop_id": "21545",
                "lat": 12.92802,
                "lon": 77.58364
              },
              {
                "name": "Jayanagara Telephone Exchange",
                "name_kn": "ಜಯನಗರ ಟೆಲೆಫೊನೆ ೆಕ್ಸ್ಚಙೆ",
                "stop_id": "39972",
                "lat": 12.92339,
                "lon": 77.58395
              },
              {
                "name": "MP Office Bangalore South",
                "name_kn": "ಂಪ್ ೊೞ್ೞಿಕೆ ಬಙಲೊರೆ ಸೌತ್",
                "stop_id": "39973",
                "lat": 12.9199,
                "lon": 77.58597
              },
              {
                "name": "Marenahalli",
                "name_kn": "ಮರೆನಹಲ್ಲಿ",
                "stop_id": "35080",
                "lat": 12.9149,
                "lon": 77.58588
              },
              {
                "name": "R V Dental College",
                "name_kn": "ರ್ ವ್ ದೆಂಟಲ್ ಕೊಲ್ಲೆಗೆ",
                "stop_id": "23450",
                "lat": 12.90988,
                "lon": 77.58579
              },
              {
                "name": "JP Nagara 15th Cross",
                "name_kn": "ಜ್ಪ್ ನಗರ 15ತ್ ಕ್ರೊಸ್ಸ್",
                "stop_id": "33177",
                "lat": 12.90665,
                "lon": 77.58581
              },
              {
                "name": "Nandini Hotel JP Nagara",
                "name_kn": "ನಂದಿನಿ ಹೊಟೆಲ್ ಜ್ಪ್ ನಗರ",
                "stop_id": "34195",
                "lat": 12.90512,
                "lon": 77.58581
              },
              {
                "name": "Auto Gas/Royal School",
                "name_kn": "ಔಟೊ ಗಸ್/ರೊಯಲ್ ಸ್ಚೂಲ್",
                "stop_id": "28061",
                "lat": 12.90133,
                "lon": 77.58585
              },
              {
                "name": "Shobha Tulip JP Nagara",
                "name_kn": "ಶೊಭ ಟುಲಿಪ್ ಜ್ಪ್ ನಗರ",
                "stop_id": "28376",
                "lat": 12.89805,
                "lon": 77.58591
              },
              {
                "name": "Nayara Petrol Pump Puttenahalli Lake",
                "name_kn": "ನಯರ ಪೆಟ್ರೊಲ್ ಪುಂಪ್ ಪುಟೆನಹಲ್ಲಿ ಲಕೆ",
                "stop_id": "31886",
                "lat": 12.89127,
                "lon": 77.58769
              },
              {
                "name": "Sri Dharmaraya Circle",
                "name_kn": "ಸ್ರಿ ಧರ್ಮರಯ ಕಿರ್ಕ್ಲೆ",
                "stop_id": "23452",
                "lat": 12.89213,
                "lon": 77.58192
              },
              {
                "name": "Eshwara Layout",
                "name_kn": "ಎಶ್ವರ ಲಯೌಟ್",
                "stop_id": "32599",
                "lat": 12.89145,
                "lon": 77.57566
              }
            ]
          },
          {
            "Route": "2-A",
            "RouteId": 6464,
            "RouteParentId": 3493,
            "Destination": "JP Nagara 1st Phase",
            "Via": "",
            "Area": "Kempegowda Bus Station",
            "PlatformNumber": "SOUTH",
            "KannadaDestination": "ಜ್ಪ್ ನಗರ 1ಸ್ಟ್ ಫಸೆ",
            "KannadaArea": "ಕೆಂಪೇಗೌಡ ಬಸ್ ನಿಲ್ದಾಣ",
            "KannadaVia": "",
            "FromStationId": 21545,
            "Stops": [
              {
                "name": "Jayanagara Bus Station",
                "name_kn": "ಜಯನಗರ ಬುಸ್ ಸ್ಟಟಿೊಂ",
                "stop_id": "21545",
                "lat": 12.92802,
                "lon": 77.58364
              },
              {
                "name": "Jayanagara Telephone Exchange",
                "name_kn": "ಜಯನಗರ ಟೆಲೆಫೊನೆ ೆಕ್ಸ್ಚಙೆ",
                "stop_id": "39972",
                "lat": 12.92339,
                "lon": 77.58395
              },
              {
                "name": "MP Office Bangalore South",
                "name_kn": "ಂಪ್ ೊೞ್ೞಿಕೆ ಬಙಲೊರೆ ಸೌತ್",
                "stop_id": "39973",
                "lat": 12.9199,
                "lon": 77.58597
              },
              {
                "name": "Marenahalli",
                "name_kn": "ಮರೆನಹಲ್ಲಿ",
                "stop_id": "35080",
                "lat": 12.9149,
                "lon": 77.58588
              },
              {
                "name": "JP Nagara 24th Main 9th Cross",
                "name_kn": "ಜ್ಪ್ ನಗರ 24ತ್ ಮೈಂ 9ತ್ ಕ್ರೊಸ್ಸ್",
                "stop_id": "23663",
                "lat": 12.91052,
                "lon": 77.58315
              },
              {
                "name": "Indiragandhi Circle",
                "name_kn": "ಇಂದಿರಗಂಧಿ ಕಿರ್ಕ್ಲೆ",
                "stop_id": "35193",
                "lat": 12.91088,
                "lon": 77.57862
              },
              {
                "name": "JP Nagara 1st Phase",
                "name_kn": "ಜ್ಪ್ ನಗರ 1ಸ್ಟ್ ಫಸೆ",
                "stop_id": "23665",
                "lat": 12.91125,
                "lon": 77.57452
              }
            ]
          },
          {
            "Route": "215-H KBS-JSD-BNP",
            "RouteId": 8197,
            "RouteParentId": 4403,
            "Destination": "Bannerughatta National Park",
            "Via": "",
            "Area": "Kempegowda Bus Station",
            "PlatformNumber": "SOUTH",
            "KannadaDestination": "ಬಂನೆರುಘಟ ನಟಿೊನಲ್ ಪರ್ಕ್",
            "KannadaArea": "ಕೆಂಪೇಗೌಡ ಬಸ್ ನಿಲ್ದಾಣ",
            "KannadaVia": "",
            "FromStationId": 21545,
            "Stops": [
              {
                "name": "Jayanagara Bus Station",
                "name_kn": "ಜಯನಗರ ಬುಸ್ ಸ್ಟಟಿೊಂ",
                "stop_id": "21545",
                "lat": 12.92802,
                "lon": 77.58364
              },
              {
                "name": "Jayanagara Telephone Exchange",
                "name_kn": "ಜಯನಗರ ಟೆಲೆಫೊನೆ ೆಕ್ಸ್ಚಙೆ",
                "stop_id": "39972",
                "lat": 12.92339,
                "lon": 77.58395
              },
              {
                "name": "MP Office Bangalore South",
                "name_kn": "ಂಪ್ ೊೞ್ೞಿಕೆ ಬಙಲೊರೆ ಸೌತ್",
                "stop_id": "39973",
                "lat": 12.9199,
                "lon": 77.58597
              },
              {
                "name": "Marenahalli",
                "name_kn": "ಮರೆನಹಲ್ಲಿ",
                "stop_id": "35080",
                "lat": 12.9149,
                "lon": 77.58588
              },
              {
                "name": "R V Dental College",
                "name_kn": "ರ್ ವ್ ದೆಂಟಲ್ ಕೊಲ್ಲೆಗೆ",
                "stop_id": "23450",
                "lat": 12.90988,
                "lon": 77.58579
              },
              {
                "name": "JP Nagara 15th Cross",
                "name_kn": "ಜ್ಪ್ ನಗರ 15ತ್ ಕ್ರೊಸ್ಸ್",
                "stop_id": "33177",
                "lat": 12.90665,
                "lon": 77.58581
              },
              {
                "name": "Nandini Hotel JP Nagara",
                "name_kn": "ನಂದಿನಿ ಹೊಟೆಲ್ ಜ್ಪ್ ನಗರ",
                "stop_id": "34195",
                "lat": 12.90512,
                "lon": 77.58581
              },
              {
                "name": "Inchara Hotel JP Nagar",
                "name_kn": "ಇಂಚರ ಹೊಟೆಲ್ ಜ್ಪ್ ನಗರ್",
                "stop_id": "37836",
                "lat": 12.90272,
                "lon": 77.5858
              },
              {
                "name": "Auto Gas/Royal School",
                "name_kn": "ಔಟೊ ಗಸ್/ರೊಯಲ್ ಸ್ಚೂಲ್",
                "stop_id": "28061",
                "lat": 12.90133,
                "lon": 77.58585
              },
              {
                "name": "Shobha Tulip JP Nagara",
                "name_kn": "ಶೊಭ ಟುಲಿಪ್ ಜ್ಪ್ ನಗರ",
                "stop_id": "28376",
                "lat": 12.89805,
                "lon": 77.58591
              },
              {
                "name": "Sri Dharmaraya Circle",
                "name_kn": "ಸ್ರಿ ಧರ್ಮರಯ ಕಿರ್ಕ್ಲೆ",
                "stop_id": "23452",
                "lat": 12.89213,
                "lon": 77.58192
              },
              {
                "name": "RBI Layout",
                "name_kn": "ರ್ಬಿ ಲಯೌಟ್",
                "stop_id": "23453",
                "lat": 12.88806,
                "lon": 77.58198
              },
              {
                "name": "Gowrava Nagara",
                "name_kn": "ಗೌರವ ನಗರ",
                "stop_id": "23454",
                "lat": 12.88476,
                "lon": 77.58266
              },
              {
                "name": "Navodaya Nagara",
                "name_kn": "ನವೊದಯ ನಗರ",
                "stop_id": "23455",
                "lat": 12.88137,
                "lon": 77.58381
              },
              {
                "name": "Kothanuru Dinne Ganesha Temple",
                "name_kn": "ಕೊತನುರು ದಿಂನೆ ಗನೆಶ ಟೆಂಪ್ಲೆ",
                "stop_id": "23456",
                "lat": 12.87711,
                "lon": 77.58399
              },
              {
                "name": "Kothanur Dinne Water Tank",
                "name_kn": "ಕೊತನುರ್ ದಿಂನೆ ವಟೆರ್ ಟಂಕ್",
                "stop_id": "23457",
                "lat": 12.87455,
                "lon": 77.58419
              },
              {
                "name": "BK Circle",
                "name_kn": "ಬ್ಕ್ ಕಿರ್ಕ್ಲೆ",
                "stop_id": "35060",
                "lat": 12.87056,
                "lon": 77.58309
              },
              {
                "name": "Surabhi Layout",
                "name_kn": "ಸುರಭಿ ಲಯೌಟ್",
                "stop_id": "35114",
                "lat": 12.8675,
                "lon": 77.58184
              },
              {
                "name": "Jambu Savari Dinne",
                "name_kn": "ಜಂಬು ಸವರಿ ದಿಂನೆ",
                "stop_id": "35343",
                "lat": 12.86581,
                "lon": 77.58098
              },
              {
                "name": "Bhagya Nagara",
                "name_kn": "ಭಗೆ ನಗರ",
                "stop_id": "35342",
                "lat": 12.86089,
                "lon": 77.58544
              },
              {
                "name": "Gottigere",
                "name_kn": "ಗೊಟಿಗೆರೆ",
                "stop_id": "23588",
                "lat": 12.85652,
                "lon": 77.5889
              },
              {
                "name": "T John College",
                "name_kn": "ಟ್ ಜೊಹ್ಂ ಕೊಲ್ಲೆಗೆ",
                "stop_id": "35130",
                "lat": 12.84984,
                "lon": 77.58834
              },
              {
                "name": "Basavanapura Gate",
                "name_kn": "ಬಸವನಪುರ ಗಟೆ",
                "stop_id": "22752",
                "lat": 12.84634,
                "lon": 77.58822
              },
              {
                "name": "Koli Farm Gate",
                "name_kn": "ಕೊಲಿ ೞರ್ಂ ಗಟೆ",
                "stop_id": "35093",
                "lat": 12.84145,
                "lon": 77.58859
              },
              {
                "name": "Kalkere",
                "name_kn": "ಕಲ್ಕೆರೆ",
                "stop_id": "35062",
                "lat": 12.83262,
                "lon": 77.58906
              },
              {
                "name": "AMC College",
                "name_kn": "ಅಂಕ್ ಕೊಲ್ಲೆಗೆ",
                "stop_id": "23060",
                "lat": 12.82938,
                "lon": 77.58759
              },
              {
                "name": "Sampangiram Nagara",
                "name_kn": "ಸಂಪಙಿರಂ ನಗರ",
                "stop_id": "23779",
                "lat": 12.82533,
                "lon": 77.58621
              },
              {
                "name": "Rayan International School",
                "name_kn": "ರಯಂ ಿಂಟೆರ್ನಟಿೊನಲ್ ಸ್ಚೂಲ್",
                "stop_id": "23780",
                "lat": 12.81956,
                "lon": 77.58481
              },
              {
                "name": "Ananda Ashrama Bannerughatta",
                "name_kn": "ಅನಂದ ಶ್ರಮ ಬಂನೆರುಘಟ",
                "stop_id": "39749",
                "lat": 12.81799,
                "lon": 77.58412
              },
              {
                "name": "Vijaya Bank Bannerughatta",
                "name_kn": "ವಿಜಯ ಬಂಕ್ ಬಂನೆರುಘಟ",
                "stop_id": "23781",
                "lat": 12.81559,
                "lon": 77.58317
              },
              {
                "name": "Bannerughatta Circle",
                "name_kn": "ಬಂನೆರುಘಟ ಕಿರ್ಕ್ಲೆ",
                "stop_id": "39211",
                "lat": 12.81365,
                "lon": 77.58088
              },
              {
                "name": "Prabasnagara",
                "name_kn": "ಪ್ರಬಸ್ನಗರ",
                "stop_id": "23783",
                "lat": 12.81172,
                "lon": 77.57851
              },
              {
                "name": "Sampigehalli Bannerughatta",
                "name_kn": "ಸಂಪಿಗೆಹಲ್ಲಿ ಬಂನೆರುಘಟ",
                "stop_id": "35054",
                "lat": 12.80536,
                "lon": 77.57887
              },
              {
                "name": "Bannerughatta National Park",
                "name_kn": "ಬಂನೆರುಘಟ ನಟಿೊನಲ್ ಪರ್ಕ್",
                "stop_id": "23785",
                "lat": 12.80079,
                "lon": 77.57787
              }
            ]
          },
          {
            "Route": "MF-17",
            "RouteId": 8325,
            "RouteParentId": 4471,
            "Destination": "Vaddarapalya JP Nagara 8th Phase",
            "Via": "",
            "Area": "Jayanagara Metro Station Depature",
            "PlatformNumber": "SOUTH",
            "KannadaDestination": "ವದ್ದರಪಲೆ ಜ್ಪ್ ನಗರ 8ತ್ ಫಸೆ",
            "KannadaArea": "ಜಯನಗರ ಮೆಟ್ರೋ ನಿಲ್ದಾಣ ನಿರ್ಗಮನ",
            "KannadaVia": "",
            "FromStationId": 21545,
            "Stops": [
              {
                "name": "Jayanagara Bus Station",
                "name_kn": "ಜಯನಗರ ಬುಸ್ ಸ್ಟಟಿೊಂ",
                "stop_id": "21545",
                "lat": 12.92802,
                "lon": 77.58364
              },
              {
                "name": "Jayanagara Telephone Exchange",
                "name_kn": "ಜಯನಗರ ಟೆಲೆಫೊನೆ ೆಕ್ಸ್ಚಙೆ",
                "stop_id": "39972",
                "lat": 12.92339,
                "lon": 77.58395
              },
              {
                "name": "MP Office Bangalore South",
                "name_kn": "ಂಪ್ ೊೞ್ೞಿಕೆ ಬಙಲೊರೆ ಸೌತ್",
                "stop_id": "39973",
                "lat": 12.9199,
                "lon": 77.58597
              },
              {
                "name": "Marenahalli",
                "name_kn": "ಮರೆನಹಲ್ಲಿ",
                "stop_id": "35080",
                "lat": 12.9149,
                "lon": 77.58588
              },
              {
                "name": "R V Dental College",
                "name_kn": "ರ್ ವ್ ದೆಂಟಲ್ ಕೊಲ್ಲೆಗೆ",
                "stop_id": "23450",
                "lat": 12.90988,
                "lon": 77.58579
              },
              {
                "name": "JP Nagara 15th Cross",
                "name_kn": "ಜ್ಪ್ ನಗರ 15ತ್ ಕ್ರೊಸ್ಸ್",
                "stop_id": "33177",
                "lat": 12.90665,
                "lon": 77.58581
              },
              {
                "name": "Nandini Hotel JP Nagara",
                "name_kn": "ನಂದಿನಿ ಹೊಟೆಲ್ ಜ್ಪ್ ನಗರ",
                "stop_id": "34195",
                "lat": 12.90512,
                "lon": 77.58581
              },
              {
                "name": "Auto Gas/Royal School",
                "name_kn": "ಔಟೊ ಗಸ್/ರೊಯಲ್ ಸ್ಚೂಲ್",
                "stop_id": "28061",
                "lat": 12.90133,
                "lon": 77.58585
              },
              {
                "name": "Shobha Tulip JP Nagara",
                "name_kn": "ಶೊಭ ಟುಲಿಪ್ ಜ್ಪ್ ನಗರ",
                "stop_id": "28376",
                "lat": 12.89805,
                "lon": 77.58591
              },
              {
                "name": "Nayara Petrol Pump Puttenahalli Lake",
                "name_kn": "ನಯರ ಪೆಟ್ರೊಲ್ ಪುಂಪ್ ಪುಟೆನಹಲ್ಲಿ ಲಕೆ",
                "stop_id": "31886",
                "lat": 12.89127,
                "lon": 77.58769
              },
              {
                "name": "Sri Dharmaraya Circle",
                "name_kn": "ಸ್ರಿ ಧರ್ಮರಯ ಕಿರ್ಕ್ಲೆ",
                "stop_id": "23452",
                "lat": 12.89213,
                "lon": 77.58192
              },
              {
                "name": "RBI Layout",
                "name_kn": "ರ್ಬಿ ಲಯೌಟ್",
                "stop_id": "23453",
                "lat": 12.88806,
                "lon": 77.58198
              },
              {
                "name": "Gowrava Nagara",
                "name_kn": "ಗೌರವ ನಗರ",
                "stop_id": "23454",
                "lat": 12.88476,
                "lon": 77.58266
              },
              {
                "name": "Navodaya Nagara",
                "name_kn": "ನವೊದಯ ನಗರ",
                "stop_id": "23455",
                "lat": 12.88137,
                "lon": 77.58381
              },
              {
                "name": "Kothanuru Dinne Ganesha Temple",
                "name_kn": "ಕೊತನುರು ದಿಂನೆ ಗನೆಶ ಟೆಂಪ್ಲೆ",
                "stop_id": "23456",
                "lat": 12.87711,
                "lon": 77.58399
              },
              {
                "name": "Kothanur Dinne Water Tank",
                "name_kn": "ಕೊತನುರ್ ದಿಂನೆ ವಟೆರ್ ಟಂಕ್",
                "stop_id": "23457",
                "lat": 12.87455,
                "lon": 77.58419
              },
              {
                "name": "BK Circle",
                "name_kn": "ಬ್ಕ್ ಕಿರ್ಕ್ಲೆ",
                "stop_id": "35060",
                "lat": 12.87056,
                "lon": 77.58309
              },
              {
                "name": "Surabhi Layout",
                "name_kn": "ಸುರಭಿ ಲಯೌಟ್",
                "stop_id": "35114",
                "lat": 12.8675,
                "lon": 77.58184
              },
              {
                "name": "Jambu Savari Dinne",
                "name_kn": "ಜಂಬು ಸವರಿ ದಿಂನೆ",
                "stop_id": "35343",
                "lat": 12.86581,
                "lon": 77.58098
              },
              {
                "name": "Royal Layout",
                "name_kn": "ರೊಯಲ್ ಲಯೌಟ್",
                "stop_id": "23461",
                "lat": 12.86919,
                "lon": 77.57581
              },
              {
                "name": "Vaddarapalya JP Nagara 8th Phase",
                "name_kn": "ವದ್ದರಪಲೆ ಜ್ಪ್ ನಗರ 8ತ್ ಫಸೆ",
                "stop_id": "23464",
                "lat": 12.86412,
                "lon": 77.57524
              }
            ]
          },
          {
            "Route": "215-C D34G-JNMS",
            "RouteId": 8333,
            "RouteParentId": 4473,
            "Destination": "Depot-34 Gate",
            "Via": "",
            "Area": "Jayanagara Metro Station Arrival",
            "PlatformNumber": "SOUTH",
            "KannadaDestination": "ದೆಪೊಟ್-34 ಗಟೆ",
            "KannadaArea": "ಜಯನಗರ ಮೆಟ್ರೋ ನಿಲ್ದಾಣ ಆಗಮನ",
            "KannadaVia": "",
            "FromStationId": 21545,
            "Stops": [
              {
                "name": "Jayanagara Bus Station",
                "name_kn": "ಜಯನಗರ ಬುಸ್ ಸ್ಟಟಿೊಂ",
                "stop_id": "21545",
                "lat": 12.92802,
                "lon": 77.58364
              },
              {
                "name": "Jayanagara Telephone Exchange",
                "name_kn": "ಜಯನಗರ ಟೆಲೆಫೊನೆ ೆಕ್ಸ್ಚಙೆ",
                "stop_id": "39972",
                "lat": 12.92339,
                "lon": 77.58395
              },
              {
                "name": "MP Office Bangalore South",
                "name_kn": "ಂಪ್ ೊೞ್ೞಿಕೆ ಬಙಲೊರೆ ಸೌತ್",
                "stop_id": "39973",
                "lat": 12.9199,
                "lon": 77.58597
              },
              {
                "name": "Marenahalli",
                "name_kn": "ಮರೆನಹಲ್ಲಿ",
                "stop_id": "35080",
                "lat": 12.9149,
                "lon": 77.58588
              },
              {
                "name": "R V Dental College",
                "name_kn": "ರ್ ವ್ ದೆಂಟಲ್ ಕೊಲ್ಲೆಗೆ",
                "stop_id": "23450",
                "lat": 12.90988,
                "lon": 77.58579
              },
              {
                "name": "JP Nagara 15th Cross",
                "name_kn": "ಜ್ಪ್ ನಗರ 15ತ್ ಕ್ರೊಸ್ಸ್",
                "stop_id": "33177",
                "lat": 12.90665,
                "lon": 77.58581
              },
              {
                "name": "Nandini Hotel JP Nagara",
                "name_kn": "ನಂದಿನಿ ಹೊಟೆಲ್ ಜ್ಪ್ ನಗರ",
                "stop_id": "34195",
                "lat": 12.90512,
                "lon": 77.58581
              },
              {
                "name": "Inchara Hotel JP Nagar",
                "name_kn": "ಇಂಚರ ಹೊಟೆಲ್ ಜ್ಪ್ ನಗರ್",
                "stop_id": "37836",
                "lat": 12.90272,
                "lon": 77.5858
              },
              {
                "name": "Auto Gas/Royal School",
                "name_kn": "ಔಟೊ ಗಸ್/ರೊಯಲ್ ಸ್ಚೂಲ್",
                "stop_id": "28061",
                "lat": 12.90133,
                "lon": 77.58585
              },
              {
                "name": "Shobha Tulip JP Nagara",
                "name_kn": "ಶೊಭ ಟುಲಿಪ್ ಜ್ಪ್ ನಗರ",
                "stop_id": "28376",
                "lat": 12.89805,
                "lon": 77.58591
              },
              {
                "name": "Nayara Petrol Pump Puttenahalli Lake",
                "name_kn": "ನಯರ ಪೆಟ್ರೊಲ್ ಪುಂಪ್ ಪುಟೆನಹಲ್ಲಿ ಲಕೆ",
                "stop_id": "31886",
                "lat": 12.89127,
                "lon": 77.58769
              },
              {
                "name": "Sri Dharmaraya Circle",
                "name_kn": "ಸ್ರಿ ಧರ್ಮರಯ ಕಿರ್ಕ್ಲೆ",
                "stop_id": "23452",
                "lat": 12.89213,
                "lon": 77.58192
              },
              {
                "name": "RBI Layout",
                "name_kn": "ರ್ಬಿ ಲಯೌಟ್",
                "stop_id": "23453",
                "lat": 12.88806,
                "lon": 77.58198
              },
              {
                "name": "Gowrava Nagara",
                "name_kn": "ಗೌರವ ನಗರ",
                "stop_id": "23454",
                "lat": 12.88476,
                "lon": 77.58266
              },
              {
                "name": "Navodaya Nagara",
                "name_kn": "ನವೊದಯ ನಗರ",
                "stop_id": "23455",
                "lat": 12.88137,
                "lon": 77.58381
              },
              {
                "name": "Kothanuru Dinne Ganesha Temple",
                "name_kn": "ಕೊತನುರು ದಿಂನೆ ಗನೆಶ ಟೆಂಪ್ಲೆ",
                "stop_id": "23456",
                "lat": 12.87711,
                "lon": 77.58399
              },
              {
                "name": "Kothanur Dinne Water Tank",
                "name_kn": "ಕೊತನುರ್ ದಿಂನೆ ವಟೆರ್ ಟಂಕ್",
                "stop_id": "23457",
                "lat": 12.87455,
                "lon": 77.58419
              },
              {
                "name": "BK Circle",
                "name_kn": "ಬ್ಕ್ ಕಿರ್ಕ್ಲೆ",
                "stop_id": "32100",
                "lat": 12.87062,
                "lon": 77.58325
              },
              {
                "name": "Depot-34 Gate",
                "name_kn": "ದೆಪೊಟ್-34 ಗಟೆ",
                "stop_id": "35964",
                "lat": 12.87021,
                "lon": 77.58571
              }
            ]
          },
          {
            "Route": "215-S",
            "RouteId": 11899,
            "RouteParentId": 6339,
            "Destination": "Jambu Savari Dinne",
            "Via": "",
            "Area": "Shivajinagara Bus Station",
            "PlatformNumber": "SOUTH",
            "KannadaDestination": "ಜಂಬು ಸವರಿ ದಿಂನೆ",
            "KannadaArea": "ಶಿವಾಜಿನಗರ ಬಸ್ ನಿಲ್ದಾಣ",
            "KannadaVia": "",
            "FromStationId": 21545,
            "Stops": [
              {
                "name": "Jayanagara Bus Station",
                "name_kn": "ಜಯನಗರ ಬುಸ್ ಸ್ಟಟಿೊಂ",
                "stop_id": "21545",
                "lat": 12.92802,
                "lon": 77.58364
              },
              {
                "name": "Jayanagara Telephone Exchange",
                "name_kn": "ಜಯನಗರ ಟೆಲೆಫೊನೆ ೆಕ್ಸ್ಚಙೆ",
                "stop_id": "39972",
                "lat": 12.92339,
                "lon": 77.58395
              },
              {
                "name": "MP Office Bangalore South",
                "name_kn": "ಂಪ್ ೊೞ್ೞಿಕೆ ಬಙಲೊರೆ ಸೌತ್",
                "stop_id": "39973",
                "lat": 12.9199,
                "lon": 77.58597
              },
              {
                "name": "Marenahalli",
                "name_kn": "ಮರೆನಹಲ್ಲಿ",
                "stop_id": "35080",
                "lat": 12.9149,
                "lon": 77.58588
              },
              {
                "name": "R V Dental College",
                "name_kn": "ರ್ ವ್ ದೆಂಟಲ್ ಕೊಲ್ಲೆಗೆ",
                "stop_id": "23450",
                "lat": 12.90988,
                "lon": 77.58579
              },
              {
                "name": "JP Nagara 15th Cross",
                "name_kn": "ಜ್ಪ್ ನಗರ 15ತ್ ಕ್ರೊಸ್ಸ್",
                "stop_id": "33177",
                "lat": 12.90665,
                "lon": 77.58581
              },
              {
                "name": "Nandini Hotel JP Nagara",
                "name_kn": "ನಂದಿನಿ ಹೊಟೆಲ್ ಜ್ಪ್ ನಗರ",
                "stop_id": "34195",
                "lat": 12.90512,
                "lon": 77.58581
              },
              {
                "name": "Auto Gas/Royal School",
                "name_kn": "ಔಟೊ ಗಸ್/ರೊಯಲ್ ಸ್ಚೂಲ್",
                "stop_id": "28061",
                "lat": 12.90133,
                "lon": 77.58585
              },
              {
                "name": "Shobha Tulip JP Nagara",
                "name_kn": "ಶೊಭ ಟುಲಿಪ್ ಜ್ಪ್ ನಗರ",
                "stop_id": "28376",
                "lat": 12.89805,
                "lon": 77.58591
              },
              {
                "name": "Nayara Petrol Pump Puttenahalli Lake",
                "name_kn": "ನಯರ ಪೆಟ್ರೊಲ್ ಪುಂಪ್ ಪುಟೆನಹಲ್ಲಿ ಲಕೆ",
                "stop_id": "31886",
                "lat": 12.89127,
                "lon": 77.58769
              },
              {
                "name": "Sri Dharmaraya Circle",
                "name_kn": "ಸ್ರಿ ಧರ್ಮರಯ ಕಿರ್ಕ್ಲೆ",
                "stop_id": "23452",
                "lat": 12.89213,
                "lon": 77.58192
              },
              {
                "name": "RBI Layout",
                "name_kn": "ರ್ಬಿ ಲಯೌಟ್",
                "stop_id": "23453",
                "lat": 12.88806,
                "lon": 77.58198
              },
              {
                "name": "Gowrava Nagara",
                "name_kn": "ಗೌರವ ನಗರ",
                "stop_id": "23454",
                "lat": 12.88476,
                "lon": 77.58266
              },
              {
                "name": "Navodaya Nagara",
                "name_kn": "ನವೊದಯ ನಗರ",
                "stop_id": "23455",
                "lat": 12.88137,
                "lon": 77.58381
              },
              {
                "name": "Kothanuru Dinne Ganesha Temple",
                "name_kn": "ಕೊತನುರು ದಿಂನೆ ಗನೆಶ ಟೆಂಪ್ಲೆ",
                "stop_id": "23456",
                "lat": 12.87711,
                "lon": 77.58399
              },
              {
                "name": "Kothanur Dinne Water Tank",
                "name_kn": "ಕೊತನುರ್ ದಿಂನೆ ವಟೆರ್ ಟಂಕ್",
                "stop_id": "23457",
                "lat": 12.87455,
                "lon": 77.58419
              },
              {
                "name": "BK Circle",
                "name_kn": "ಬ್ಕ್ ಕಿರ್ಕ್ಲೆ",
                "stop_id": "35060",
                "lat": 12.87056,
                "lon": 77.58309
              },
              {
                "name": "Surabhi Layout",
                "name_kn": "ಸುರಭಿ ಲಯೌಟ್",
                "stop_id": "35114",
                "lat": 12.8675,
                "lon": 77.58184
              },
              {
                "name": "Jambu Savari Dinne",
                "name_kn": "ಜಂಬು ಸವರಿ ದಿಂನೆ",
                "stop_id": "35343",
                "lat": 12.86581,
                "lon": 77.58098
              }
            ]
          },
          {
            "Route": "215-C KMT-JSD-D34G",
            "RouteId": 12103,
            "RouteParentId": 6446,
            "Destination": "Depot-34 Gate",
            "Via": "",
            "Area": "KR Market (Kalasipalya)",
            "PlatformNumber": "SOUTH",
            "KannadaDestination": "ದೆಪೊಟ್-34 ಗಟೆ",
            "KannadaArea": "ಕೆಆರ್ ಮಾರುಕಟ್ಟೆ (ಕಲಾಸಿಪಾಳ್ಯ)",
            "KannadaVia": "",
            "FromStationId": 21545,
            "Stops": [
              {
                "name": "Jayanagara Bus Station",
                "name_kn": "ಜಯನಗರ ಬುಸ್ ಸ್ಟಟಿೊಂ",
                "stop_id": "21545",
                "lat": 12.92802,
                "lon": 77.58364
              },
              {
                "name": "Jayanagara Telephone Exchange",
                "name_kn": "ಜಯನಗರ ಟೆಲೆಫೊನೆ ೆಕ್ಸ್ಚಙೆ",
                "stop_id": "39972",
                "lat": 12.92339,
                "lon": 77.58395
              },
              {
                "name": "MP Office Bangalore South",
                "name_kn": "ಂಪ್ ೊೞ್ೞಿಕೆ ಬಙಲೊರೆ ಸೌತ್",
                "stop_id": "39973",
                "lat": 12.9199,
                "lon": 77.58597
              },
              {
                "name": "Marenahalli",
                "name_kn": "ಮರೆನಹಲ್ಲಿ",
                "stop_id": "35080",
                "lat": 12.9149,
                "lon": 77.58588
              },
              {
                "name": "R V Dental College",
                "name_kn": "ರ್ ವ್ ದೆಂಟಲ್ ಕೊಲ್ಲೆಗೆ",
                "stop_id": "23450",
                "lat": 12.90988,
                "lon": 77.58579
              },
              {
                "name": "JP Nagara 15th Cross",
                "name_kn": "ಜ್ಪ್ ನಗರ 15ತ್ ಕ್ರೊಸ್ಸ್",
                "stop_id": "33177",
                "lat": 12.90665,
                "lon": 77.58581
              },
              {
                "name": "Nandini Hotel JP Nagara",
                "name_kn": "ನಂದಿನಿ ಹೊಟೆಲ್ ಜ್ಪ್ ನಗರ",
                "stop_id": "34195",
                "lat": 12.90512,
                "lon": 77.58581
              },
              {
                "name": "Inchara Hotel JP Nagar",
                "name_kn": "ಇಂಚರ ಹೊಟೆಲ್ ಜ್ಪ್ ನಗರ್",
                "stop_id": "37836",
                "lat": 12.90272,
                "lon": 77.5858
              },
              {
                "name": "Auto Gas/Royal School",
                "name_kn": "ಔಟೊ ಗಸ್/ರೊಯಲ್ ಸ್ಚೂಲ್",
                "stop_id": "28061",
                "lat": 12.90133,
                "lon": 77.58585
              },
              {
                "name": "Shobha Tulip JP Nagara",
                "name_kn": "ಶೊಭ ಟುಲಿಪ್ ಜ್ಪ್ ನಗರ",
                "stop_id": "28376",
                "lat": 12.89805,
                "lon": 77.58591
              },
              {
                "name": "Nayara Petrol Pump Puttenahalli Lake",
                "name_kn": "ನಯರ ಪೆಟ್ರೊಲ್ ಪುಂಪ್ ಪುಟೆನಹಲ್ಲಿ ಲಕೆ",
                "stop_id": "31886",
                "lat": 12.89127,
                "lon": 77.58769
              },
              {
                "name": "Sri Dharmaraya Circle",
                "name_kn": "ಸ್ರಿ ಧರ್ಮರಯ ಕಿರ್ಕ್ಲೆ",
                "stop_id": "23452",
                "lat": 12.89213,
                "lon": 77.58192
              },
              {
                "name": "RBI Layout",
                "name_kn": "ರ್ಬಿ ಲಯೌಟ್",
                "stop_id": "23453",
                "lat": 12.88806,
                "lon": 77.58198
              },
              {
                "name": "Gowrava Nagara",
                "name_kn": "ಗೌರವ ನಗರ",
                "stop_id": "23454",
                "lat": 12.88476,
                "lon": 77.58266
              },
              {
                "name": "Navodaya Nagara",
                "name_kn": "ನವೊದಯ ನಗರ",
                "stop_id": "23455",
                "lat": 12.88137,
                "lon": 77.58381
              },
              {
                "name": "Kothanuru Dinne Ganesha Temple",
                "name_kn": "ಕೊತನುರು ದಿಂನೆ ಗನೆಶ ಟೆಂಪ್ಲೆ",
                "stop_id": "23456",
                "lat": 12.87711,
                "lon": 77.58399
              },
              {
                "name": "Kothanur Dinne Water Tank",
                "name_kn": "ಕೊತನುರ್ ದಿಂನೆ ವಟೆರ್ ಟಂಕ್",
                "stop_id": "23457",
                "lat": 12.87455,
                "lon": 77.58419
              },
              {
                "name": "BK Circle",
                "name_kn": "ಬ್ಕ್ ಕಿರ್ಕ್ಲೆ",
                "stop_id": "32100",
                "lat": 12.87062,
                "lon": 77.58325
              },
              {
                "name": "Depot-34 Gate",
                "name_kn": "ದೆಪೊಟ್-34 ಗಟೆ",
                "stop_id": "32430",
                "lat": 12.87023,
                "lon": 77.58567
              }
            ]
          },
          {
            "Route": "215-M",
            "RouteId": 13086,
            "RouteParentId": 6938,
            "Destination": "Vinayaka Nagara JP Nagara",
            "Via": "",
            "Area": "Kempegowda Bus Station",
            "PlatformNumber": "SOUTH",
            "KannadaDestination": "ವಿನಯಕ ನಗರ ಜ್ಪ್ ನಗರ",
            "KannadaArea": "ಕೆಂಪೇಗೌಡ ಬಸ್ ನಿಲ್ದಾಣ",
            "KannadaVia": "",
            "FromStationId": 21545,
            "Stops": [
              {
                "name": "Jayanagara Bus Station",
                "name_kn": "ಜಯನಗರ ಬುಸ್ ಸ್ಟಟಿೊಂ",
                "stop_id": "21545",
                "lat": 12.92802,
                "lon": 77.58364
              },
              {
                "name": "Jayanagara Telephone Exchange",
                "name_kn": "ಜಯನಗರ ಟೆಲೆಫೊನೆ ೆಕ್ಸ್ಚಙೆ",
                "stop_id": "39972",
                "lat": 12.92339,
                "lon": 77.58395
              },
              {
                "name": "MP Office Bangalore South",
                "name_kn": "ಂಪ್ ೊೞ್ೞಿಕೆ ಬಙಲೊರೆ ಸೌತ್",
                "stop_id": "39973",
                "lat": 12.9199,
                "lon": 77.58597
              },
              {
                "name": "Marenahalli",
                "name_kn": "ಮರೆನಹಲ್ಲಿ",
                "stop_id": "35080",
                "lat": 12.9149,
                "lon": 77.58588
              },
              {
                "name": "R V Dental College",
                "name_kn": "ರ್ ವ್ ದೆಂಟಲ್ ಕೊಲ್ಲೆಗೆ",
                "stop_id": "23450",
                "lat": 12.90988,
                "lon": 77.58579
              },
              {
                "name": "JP Nagara 15th Cross",
                "name_kn": "ಜ್ಪ್ ನಗರ 15ತ್ ಕ್ರೊಸ್ಸ್",
                "stop_id": "30456",
                "lat": 12.90639,
                "lon": 77.58758
              },
              {
                "name": "JP Nagara 5th Phase",
                "name_kn": "ಜ್ಪ್ ನಗರ 5ತ್ ಫಸೆ",
                "stop_id": "30461",
                "lat": 12.90637,
                "lon": 77.59035
              },
              {
                "name": "Dalmia Circle",
                "name_kn": "ದಲ್ಮಿ ಕಿರ್ಕ್ಲೆ",
                "stop_id": "24769",
                "lat": 12.90639,
                "lon": 77.59505
              },
              {
                "name": "Vinayaka Nagara JP Nagara",
                "name_kn": "ವಿನಯಕ ನಗರ ಜ್ಪ್ ನಗರ",
                "stop_id": "34867",
                "lat": 12.89928,
                "lon": 77.59141
              }
            ]
          },
          {
            "Route": "215-H KBS-ANJ10",
            "RouteId": 14319,
            "RouteParentId": 7659,
            "Destination": "Anjanapura 10th  Block",
            "Via": "",
            "Area": "Kempegowda Bus Station",
            "PlatformNumber": "SOUTH",
            "KannadaDestination": "ಅಞನಪುರ 10ತ್  ಬ್ಲೊಕ್ಕ್",
            "KannadaArea": "ಕೆಂಪೇಗೌಡ ಬಸ್ ನಿಲ್ದಾಣ",
            "KannadaVia": "",
            "FromStationId": 21545,
            "Stops": [
              {
                "name": "Jayanagara Bus Station",
                "name_kn": "ಜಯನಗರ ಬುಸ್ ಸ್ಟಟಿೊಂ",
                "stop_id": "21545",
                "lat": 12.92802,
                "lon": 77.58364
              },
              {
                "name": "Jayanagara Telephone Exchange",
                "name_kn": "ಜಯನಗರ ಟೆಲೆಫೊನೆ ೆಕ್ಸ್ಚಙೆ",
                "stop_id": "39972",
                "lat": 12.92339,
                "lon": 77.58395
              },
              {
                "name": "MP Office Bangalore South",
                "name_kn": "ಂಪ್ ೊೞ್ೞಿಕೆ ಬಙಲೊರೆ ಸೌತ್",
                "stop_id": "39973",
                "lat": 12.9199,
                "lon": 77.58597
              },
              {
                "name": "Marenahalli",
                "name_kn": "ಮರೆನಹಲ್ಲಿ",
                "stop_id": "35080",
                "lat": 12.9149,
                "lon": 77.58588
              },
              {
                "name": "R V Dental College",
                "name_kn": "ರ್ ವ್ ದೆಂಟಲ್ ಕೊಲ್ಲೆಗೆ",
                "stop_id": "23450",
                "lat": 12.90988,
                "lon": 77.58579
              },
              {
                "name": "JP Nagara 15th Cross",
                "name_kn": "ಜ್ಪ್ ನಗರ 15ತ್ ಕ್ರೊಸ್ಸ್",
                "stop_id": "33177",
                "lat": 12.90665,
                "lon": 77.58581
              },
              {
                "name": "Nandini Hotel JP Nagara",
                "name_kn": "ನಂದಿನಿ ಹೊಟೆಲ್ ಜ್ಪ್ ನಗರ",
                "stop_id": "34195",
                "lat": 12.90512,
                "lon": 77.58581
              },
              {
                "name": "Inchara Hotel JP Nagar",
                "name_kn": "ಇಂಚರ ಹೊಟೆಲ್ ಜ್ಪ್ ನಗರ್",
                "stop_id": "37836",
                "lat": 12.90272,
                "lon": 77.5858
              },
              {
                "name": "Auto Gas/Royal School",
                "name_kn": "ಔಟೊ ಗಸ್/ರೊಯಲ್ ಸ್ಚೂಲ್",
                "stop_id": "28061",
                "lat": 12.90133,
                "lon": 77.58585
              },
              {
                "name": "Shobha Tulip JP Nagara",
                "name_kn": "ಶೊಭ ಟುಲಿಪ್ ಜ್ಪ್ ನಗರ",
                "stop_id": "28376",
                "lat": 12.89805,
                "lon": 77.58591
              },
              {
                "name": "Nayara Petrol Pump Puttenahalli Lake",
                "name_kn": "ನಯರ ಪೆಟ್ರೊಲ್ ಪುಂಪ್ ಪುಟೆನಹಲ್ಲಿ ಲಕೆ",
                "stop_id": "31886",
                "lat": 12.89127,
                "lon": 77.58769
              },
              {
                "name": "Sri Dharmaraya Circle",
                "name_kn": "ಸ್ರಿ ಧರ್ಮರಯ ಕಿರ್ಕ್ಲೆ",
                "stop_id": "23452",
                "lat": 12.89213,
                "lon": 77.58192
              },
              {
                "name": "RBI Layout",
                "name_kn": "ರ್ಬಿ ಲಯೌಟ್",
                "stop_id": "23453",
                "lat": 12.88806,
                "lon": 77.58198
              },
              {
                "name": "Gowrava Nagara",
                "name_kn": "ಗೌರವ ನಗರ",
                "stop_id": "23454",
                "lat": 12.88476,
                "lon": 77.58266
              },
              {
                "name": "Navodaya Nagara",
                "name_kn": "ನವೊದಯ ನಗರ",
                "stop_id": "23455",
                "lat": 12.88137,
                "lon": 77.58381
              },
              {
                "name": "Kothanuru Dinne Ganesha Temple",
                "name_kn": "ಕೊತನುರು ದಿಂನೆ ಗನೆಶ ಟೆಂಪ್ಲೆ",
                "stop_id": "23456",
                "lat": 12.87711,
                "lon": 77.58399
              },
              {
                "name": "Kothanur Dinne Water Tank",
                "name_kn": "ಕೊತನುರ್ ದಿಂನೆ ವಟೆರ್ ಟಂಕ್",
                "stop_id": "23457",
                "lat": 12.87455,
                "lon": 77.58419
              },
              {
                "name": "BK Circle",
                "name_kn": "ಬ್ಕ್ ಕಿರ್ಕ್ಲೆ",
                "stop_id": "35060",
                "lat": 12.87056,
                "lon": 77.58309
              },
              {
                "name": "Surabhi Layout",
                "name_kn": "ಸುರಭಿ ಲಯೌಟ್",
                "stop_id": "35114",
                "lat": 12.8675,
                "lon": 77.58184
              },
              {
                "name": "Jambu Savari Dinne",
                "name_kn": "ಜಂಬು ಸವರಿ ದಿಂನೆ",
                "stop_id": "35343",
                "lat": 12.86581,
                "lon": 77.58098
              },
              {
                "name": "Royal Layout",
                "name_kn": "ರೊಯಲ್ ಲಯೌಟ್",
                "stop_id": "23461",
                "lat": 12.86919,
                "lon": 77.57581
              },
              {
                "name": "Sarathi Nagara",
                "name_kn": "ಸರತಿ ನಗರ",
                "stop_id": "28166",
                "lat": 12.87382,
                "lon": 77.57316
              },
              {
                "name": "Vinayaka Talkies",
                "name_kn": "ವಿನಯಕ ಟಲ್ಕಿೆಸ್",
                "stop_id": "31616",
                "lat": 12.87488,
                "lon": 77.56985
              },
              {
                "name": "Glass Factory",
                "name_kn": "ಗ್ಲಸ್ಸ್ ೞಕ್ಟೊರೆ",
                "stop_id": "21964",
                "lat": 12.87655,
                "lon": 77.56693
              },
              {
                "name": "Avalahalli",
                "name_kn": "ಅವಲಹಲ್ಲಿ",
                "stop_id": "21679",
                "lat": 12.87283,
                "lon": 77.56661
              },
              {
                "name": "Nandi Garden Kothanur",
                "name_kn": "ನಂದಿ ಗರ್ದೆಂ ಕೊತನುರ್",
                "stop_id": "23365",
                "lat": 12.86748,
                "lon": 77.56566
              },
              {
                "name": "Anjanapura",
                "name_kn": "ಅಞನಪುರ",
                "stop_id": "23101",
                "lat": 12.86196,
                "lon": 77.56393
              },
              {
                "name": "Anjanapura 10th  Block",
                "name_kn": "ಅಞನಪುರ 10ತ್  ಬ್ಲೊಕ್ಕ್",
                "stop_id": "38034",
                "lat": 12.8556,
                "lon": 77.57056
              }
            ]
          },
          {
            "Route": "2",
            "RouteId": 16356,
            "RouteParentId": 8759,
            "Destination": "JP Nagara Metro Station",
            "Via": "",
            "Area": "Kempegowda Bus Station",
            "PlatformNumber": "SOUTH",
            "KannadaDestination": "ಜ್ಪ್ ನಗರ ಮೆಟ್ರೊ ಸ್ಟಟಿೊಂ",
            "KannadaArea": "ಕೆಂಪೇಗೌಡ ಬಸ್ ನಿಲ್ದಾಣ",
            "KannadaVia": "",
            "FromStationId": 21545,
            "Stops": [
              {
                "name": "Jayanagara Bus Station",
                "name_kn": "ಜಯನಗರ ಬುಸ್ ಸ್ಟಟಿೊಂ",
                "stop_id": "21545",
                "lat": 12.92802,
                "lon": 77.58364
              },
              {
                "name": "Jayanagara Telephone Exchange",
                "name_kn": "ಜಯನಗರ ಟೆಲೆಫೊನೆ ೆಕ್ಸ್ಚಙೆ",
                "stop_id": "39972",
                "lat": 12.92339,
                "lon": 77.58395
              },
              {
                "name": "MP Office Bangalore South",
                "name_kn": "ಂಪ್ ೊೞ್ೞಿಕೆ ಬಙಲೊರೆ ಸೌತ್",
                "stop_id": "39973",
                "lat": 12.9199,
                "lon": 77.58597
              },
              {
                "name": "Marenahalli",
                "name_kn": "ಮರೆನಹಲ್ಲಿ",
                "stop_id": "35080",
                "lat": 12.9149,
                "lon": 77.58588
              },
              {
                "name": "R V Dental College",
                "name_kn": "ರ್ ವ್ ದೆಂಟಲ್ ಕೊಲ್ಲೆಗೆ",
                "stop_id": "37837",
                "lat": 12.91046,
                "lon": 77.58547
              },
              {
                "name": "JP Nagara 24th Main 9th Cross",
                "name_kn": "ಜ್ಪ್ ನಗರ 24ತ್ ಮೈಂ 9ತ್ ಕ್ರೊಸ್ಸ್",
                "stop_id": "23663",
                "lat": 12.91052,
                "lon": 77.58315
              },
              {
                "name": "Indiragandhi Circle",
                "name_kn": "ಇಂದಿರಗಂಧಿ ಕಿರ್ಕ್ಲೆ",
                "stop_id": "35193",
                "lat": 12.91088,
                "lon": 77.57862
              },
              {
                "name": "JP Nagara 1st Phase",
                "name_kn": "ಜ್ಪ್ ನಗರ 1ಸ್ಟ್ ಫಸೆ",
                "stop_id": "23665",
                "lat": 12.91125,
                "lon": 77.57452
              },
              {
                "name": "Sarakki",
                "name_kn": "ಸರಕ್ಕಿ",
                "stop_id": "22459",
                "lat": 12.9097,
                "lon": 77.57299
              },
              {
                "name": "JP Nagara Metro Station",
                "name_kn": "ಜ್ಪ್ ನಗರ ಮೆಟ್ರೊ ಸ್ಟಟಿೊಂ",
                "stop_id": "35926",
                "lat": 12.908,
                "lon": 77.57312
              }
            ]
          },
          {
            "Route": "215-HA",
            "RouteId": 16443,
            "RouteParentId": 8806,
            "Destination": "Lal Bahaddur Shastri Nagara",
            "Via": "",
            "Area": "Kempegowda Bus Station",
            "PlatformNumber": "SOUTH",
            "KannadaDestination": "ಲಲ್ ಬಹದ್ದುರ್ ಶಸ್ಟ್ರಿ ನಗರ",
            "KannadaArea": "ಕೆಂಪೇಗೌಡ ಬಸ್ ನಿಲ್ದಾಣ",
            "KannadaVia": "",
            "FromStationId": 21545,
            "Stops": [
              {
                "name": "Jayanagara Bus Station",
                "name_kn": "ಜಯನಗರ ಬುಸ್ ಸ್ಟಟಿೊಂ",
                "stop_id": "21545",
                "lat": 12.92802,
                "lon": 77.58364
              },
              {
                "name": "Jayanagara Telephone Exchange",
                "name_kn": "ಜಯನಗರ ಟೆಲೆಫೊನೆ ೆಕ್ಸ್ಚಙೆ",
                "stop_id": "39972",
                "lat": 12.92339,
                "lon": 77.58395
              },
              {
                "name": "MP Office Bangalore South",
                "name_kn": "ಂಪ್ ೊೞ್ೞಿಕೆ ಬಙಲೊರೆ ಸೌತ್",
                "stop_id": "39973",
                "lat": 12.9199,
                "lon": 77.58597
              },
              {
                "name": "Marenahalli",
                "name_kn": "ಮರೆನಹಲ್ಲಿ",
                "stop_id": "35080",
                "lat": 12.9149,
                "lon": 77.58588
              },
              {
                "name": "R V Dental College",
                "name_kn": "ರ್ ವ್ ದೆಂಟಲ್ ಕೊಲ್ಲೆಗೆ",
                "stop_id": "23450",
                "lat": 12.90988,
                "lon": 77.58579
              },
              {
                "name": "JP Nagara 15th Cross",
                "name_kn": "ಜ್ಪ್ ನಗರ 15ತ್ ಕ್ರೊಸ್ಸ್",
                "stop_id": "33177",
                "lat": 12.90665,
                "lon": 77.58581
              },
              {
                "name": "Nandini Hotel JP Nagara",
                "name_kn": "ನಂದಿನಿ ಹೊಟೆಲ್ ಜ್ಪ್ ನಗರ",
                "stop_id": "34195",
                "lat": 12.90512,
                "lon": 77.58581
              },
              {
                "name": "Inchara Hotel JP Nagar",
                "name_kn": "ಇಂಚರ ಹೊಟೆಲ್ ಜ್ಪ್ ನಗರ್",
                "stop_id": "37836",
                "lat": 12.90272,
                "lon": 77.5858
              },
              {
                "name": "Auto Gas/Royal School",
                "name_kn": "ಔಟೊ ಗಸ್/ರೊಯಲ್ ಸ್ಚೂಲ್",
                "stop_id": "28061",
                "lat": 12.90133,
                "lon": 77.58585
              },
              {
                "name": "Shobha Tulip JP Nagara",
                "name_kn": "ಶೊಭ ಟುಲಿಪ್ ಜ್ಪ್ ನಗರ",
                "stop_id": "28376",
                "lat": 12.89805,
                "lon": 77.58591
              },
              {
                "name": "Nayara Petrol Pump Puttenahalli Lake",
                "name_kn": "ನಯರ ಪೆಟ್ರೊಲ್ ಪುಂಪ್ ಪುಟೆನಹಲ್ಲಿ ಲಕೆ",
                "stop_id": "31886",
                "lat": 12.89127,
                "lon": 77.58769
              },
              {
                "name": "Sri Dharmaraya Circle",
                "name_kn": "ಸ್ರಿ ಧರ್ಮರಯ ಕಿರ್ಕ್ಲೆ",
                "stop_id": "23452",
                "lat": 12.89213,
                "lon": 77.58192
              },
              {
                "name": "RBI Layout",
                "name_kn": "ರ್ಬಿ ಲಯೌಟ್",
                "stop_id": "23453",
                "lat": 12.88806,
                "lon": 77.58198
              },
              {
                "name": "Gowrava Nagara",
                "name_kn": "ಗೌರವ ನಗರ",
                "stop_id": "23454",
                "lat": 12.88476,
                "lon": 77.58266
              },
              {
                "name": "Navodaya Nagara",
                "name_kn": "ನವೊದಯ ನಗರ",
                "stop_id": "23455",
                "lat": 12.88137,
                "lon": 77.58381
              },
              {
                "name": "Kothanuru Dinne Ganesha Temple",
                "name_kn": "ಕೊತನುರು ದಿಂನೆ ಗನೆಶ ಟೆಂಪ್ಲೆ",
                "stop_id": "23456",
                "lat": 12.87711,
                "lon": 77.58399
              },
              {
                "name": "Kothanur Dinne Water Tank",
                "name_kn": "ಕೊತನುರ್ ದಿಂನೆ ವಟೆರ್ ಟಂಕ್",
                "stop_id": "23457",
                "lat": 12.87455,
                "lon": 77.58419
              },
              {
                "name": "BK Circle",
                "name_kn": "ಬ್ಕ್ ಕಿರ್ಕ್ಲೆ",
                "stop_id": "35060",
                "lat": 12.87056,
                "lon": 77.58309
              },
              {
                "name": "Surabhi Layout",
                "name_kn": "ಸುರಭಿ ಲಯೌಟ್",
                "stop_id": "35114",
                "lat": 12.8675,
                "lon": 77.58184
              },
              {
                "name": "Kembathahalli Cross",
                "name_kn": "ಕೆಂಬತಹಲ್ಲಿ ಕ್ರೊಸ್ಸ್",
                "stop_id": "30934",
                "lat": 12.8552,
                "lon": 77.58025
              },
              {
                "name": "Lal Bahaddur Shastri Nagara",
                "name_kn": "ಲಲ್ ಬಹದ್ದುರ್ ಶಸ್ಟ್ರಿ ನಗರ",
                "stop_id": "33692",
                "lat": 12.85722,
                "lon": 77.5733
              }
            ]
          },
          {
            "Route": "13",
            "RouteId": 1666,
            "RouteParentId": 993,
            "Destination": "Banashankari Bus Station",
            "Via": "",
            "Area": "Shivajinagara Bus Station",
            "PlatformNumber": "SOUTH",
            "KannadaDestination": "ಬನಶಂಕರಿ ಬುಸ್ ಸ್ಟಟಿೊಂ",
            "KannadaArea": "ಶಿವಾಜಿನಗರ ಬಸ್ ನಿಲ್ದಾಣ",
            "KannadaVia": "",
            "FromStationId": 21545,
            "Stops": [
              {
                "name": "Jayanagara Bus Station",
                "name_kn": "ಜಯನಗರ ಬುಸ್ ಸ್ಟಟಿೊಂ",
                "stop_id": "21545",
                "lat": 12.92802,
                "lon": 77.58364
              },
              {
                "name": "Jayanagara Telephone Exchange",
                "name_kn": "ಜಯನಗರ ಟೆಲೆಫೊನೆ ೆಕ್ಸ್ಚಙೆ",
                "stop_id": "21543",
                "lat": 12.9228,
                "lon": 77.58385
              },
              {
                "name": "Jayanagara 40th Cross",
                "name_kn": "ಜಯನಗರ 40ತ್ ಕ್ರೊಸ್ಸ್",
                "stop_id": "21449",
                "lat": 12.91989,
                "lon": 77.58068
              },
              {
                "name": "Sangam Circle",
                "name_kn": "ಸಙಂ ಕಿರ್ಕ್ಲೆ",
                "stop_id": "21148",
                "lat": 12.91704,
                "lon": 77.57875
              },
              {
                "name": "Banashankari Bus Station",
                "name_kn": "ಬನಶಂಕರಿ ಬುಸ್ ಸ್ಟಟಿೊಂ",
                "stop_id": "20624",
                "lat": 12.91736,
                "lon": 77.5727
              }
            ]
          },
          {
            "Route": "13-C",
            "RouteId": 1672,
            "RouteParentId": 999,
            "Destination": "Kumaraswamy Layout",
            "Via": "",
            "Area": "Shivajinagara Bus Station",
            "PlatformNumber": "SOUTH",
            "KannadaDestination": "ಕುಮರಸ್ವಮೆ ಲಯೌಟ್",
            "KannadaArea": "ಶಿವಾಜಿನಗರ ಬಸ್ ನಿಲ್ದಾಣ",
            "KannadaVia": "",
            "FromStationId": 21545,
            "Stops": [
              {
                "name": "Jayanagara Bus Station",
                "name_kn": "ಜಯನಗರ ಬುಸ್ ಸ್ಟಟಿೊಂ",
                "stop_id": "21545",
                "lat": 12.92802,
                "lon": 77.58364
              },
              {
                "name": "Jayanagara Telephone Exchange",
                "name_kn": "ಜಯನಗರ ಟೆಲೆಫೊನೆ ೆಕ್ಸ್ಚಙೆ",
                "stop_id": "21543",
                "lat": 12.9228,
                "lon": 77.58385
              },
              {
                "name": "Jayanagara 38th Cross",
                "name_kn": "ಜಯನಗರ 38ತ್ ಕ್ರೊಸ್ಸ್",
                "stop_id": "21445",
                "lat": 12.92101,
                "lon": 77.58376
              },
              {
                "name": "Jayanagara 40th Cross",
                "name_kn": "ಜಯನಗರ 40ತ್ ಕ್ರೊಸ್ಸ್",
                "stop_id": "21449",
                "lat": 12.91989,
                "lon": 77.58068
              },
              {
                "name": "Sangam Circle",
                "name_kn": "ಸಙಂ ಕಿರ್ಕ್ಲೆ",
                "stop_id": "21148",
                "lat": 12.91704,
                "lon": 77.57875
              },
              {
                "name": "Banashankari Bus Station",
                "name_kn": "ಬನಶಂಕರಿ ಬುಸ್ ಸ್ಟಟಿೊಂ",
                "stop_id": "20623",
                "lat": 12.91779,
                "lon": 77.57272
              },
              {
                "name": "Banashankari Hunasemara",
                "name_kn": "ಬನಶಂಕರಿ ಹುನಸೆಮರ",
                "stop_id": "21713",
                "lat": 12.92084,
                "lon": 77.57414
              },
              {
                "name": "Monotype Corporation",
                "name_kn": "ಮೊನೊಟೆಪೆ ಕೊರ್ಪೊರಟಿೊಂ",
                "stop_id": "22295",
                "lat": 12.92154,
                "lon": 77.57104
              },
              {
                "name": "Kaveri Nagara",
                "name_kn": "ಕವೆರಿ ನಗರ",
                "stop_id": "35150",
                "lat": 12.91986,
                "lon": 77.56931
              },
              {
                "name": "Yarab Nagara",
                "name_kn": "ಯರಬ್ ನಗರ",
                "stop_id": "22631",
                "lat": 12.91657,
                "lon": 77.56914
              },
              {
                "name": "Kadirenahalli Cross",
                "name_kn": "ಕದಿರೆನಹಲ್ಲಿ ಕ್ರೊಸ್ಸ್",
                "stop_id": "20897",
                "lat": 12.91364,
                "lon": 77.56727
              },
              {
                "name": "Dayananda Sagar College",
                "name_kn": "ದಯನಂದ ಸಗರ್ ಕೊಲ್ಲೆಗೆ",
                "stop_id": "21874",
                "lat": 12.90948,
                "lon": 77.56553
              },
              {
                "name": "Kumaraswamy Layout Police Station",
                "name_kn": "ಕುಮರಸ್ವಮೆ ಲಯೌಟ್ ಪೊಲಿಕೆ ಸ್ಟಟಿೊಂ",
                "stop_id": "22213",
                "lat": 12.9053,
                "lon": 77.56274
              },
              {
                "name": "Kumaraswamy Layout",
                "name_kn": "ಕುಮರಸ್ವಮೆ ಲಯೌಟ್",
                "stop_id": "22211",
                "lat": 12.90313,
                "lon": 77.56165
              }
            ]
          },
          {
            "Route": "13-E",
            "RouteId": 1842,
            "RouteParentId": 1090,
            "Destination": "Shri Vidhyanagara",
            "Via": "",
            "Area": "Shivajinagara Bus Station",
            "PlatformNumber": "SOUTH",
            "KannadaDestination": "ಶ್ರಿ ವಿಥೆನಗರ",
            "KannadaArea": "ಶಿವಾಜಿನಗರ ಬಸ್ ನಿಲ್ದಾಣ",
            "KannadaVia": "",
            "FromStationId": 21545,
            "Stops": [
              {
                "name": "Jayanagara Bus Station",
                "name_kn": "ಜಯನಗರ ಬುಸ್ ಸ್ಟಟಿೊಂ",
                "stop_id": "21545",
                "lat": 12.92802,
                "lon": 77.58364
              },
              {
                "name": "Jayanagara Telephone Exchange",
                "name_kn": "ಜಯನಗರ ಟೆಲೆಫೊನೆ ೆಕ್ಸ್ಚಙೆ",
                "stop_id": "21543",
                "lat": 12.9228,
                "lon": 77.58385
              },
              {
                "name": "Jayanagara 38th Cross",
                "name_kn": "ಜಯನಗರ 38ತ್ ಕ್ರೊಸ್ಸ್",
                "stop_id": "21445",
                "lat": 12.92101,
                "lon": 77.58376
              },
              {
                "name": "Jayanagara 40th Cross",
                "name_kn": "ಜಯನಗರ 40ತ್ ಕ್ರೊಸ್ಸ್",
                "stop_id": "21449",
                "lat": 12.91989,
                "lon": 77.58068
              },
              {
                "name": "Sangam Circle",
                "name_kn": "ಸಙಂ ಕಿರ್ಕ್ಲೆ",
                "stop_id": "21148",
                "lat": 12.91704,
                "lon": 77.57875
              },
              {
                "name": "Banashankari Bus Station",
                "name_kn": "ಬನಶಂಕರಿ ಬುಸ್ ಸ್ಟಟಿೊಂ",
                "stop_id": "20623",
                "lat": 12.91779,
                "lon": 77.57272
              },
              {
                "name": "Kadirenahalli Cross",
                "name_kn": "ಕದಿರೆನಹಲ್ಲಿ ಕ್ರೊಸ್ಸ್",
                "stop_id": "20897",
                "lat": 12.91364,
                "lon": 77.56727
              },
              {
                "name": "Kadirenahalli Park",
                "name_kn": "ಕದಿರೆನಹಲ್ಲಿ ಪರ್ಕ್",
                "stop_id": "20899",
                "lat": 12.91762,
                "lon": 77.56447
              },
              {
                "name": "Devegowda Petrol Bunk",
                "name_kn": "ದೆವೆಗೌದ ಪೆಟ್ರೊಲ್ ಬುಂಕ್",
                "stop_id": "20756",
                "lat": 12.92194,
                "lon": 77.55914
              },
              {
                "name": "Kamakya Talkies",
                "name_kn": "ಕಮಕೆ ಟಲ್ಕಿೆಸ್",
                "stop_id": "35772",
                "lat": 12.92405,
                "lon": 77.55264
              },
              {
                "name": "Kathriguppe",
                "name_kn": "ಕತ್ರಿಗುಪ್ಪೆ",
                "stop_id": "20917",
                "lat": 12.92535,
                "lon": 77.54989
              },
              {
                "name": "Janatha Bazar Banashankari",
                "name_kn": "ಜನತ ಬಜ಼ರ್ ಬನಶಂಕರಿ",
                "stop_id": "20876",
                "lat": 12.92837,
                "lon": 77.54577
              },
              {
                "name": "Hosakerehalli  Junction",
                "name_kn": "ಹೊಸಕೆರೆಹಲ್ಲಿ  ಜುಂಕ್ಟಿೊಂ",
                "stop_id": "35951",
                "lat": 12.93067,
                "lon": 77.54353
              },
              {
                "name": "Nanjundeshwara Stores",
                "name_kn": "ನಞುಂದೆಶ್ವರ ಸ್ಟೊರೆಸ್",
                "stop_id": "22345",
                "lat": 12.93361,
                "lon": 77.54205
              },
              {
                "name": "Shri Vidhyanagara",
                "name_kn": "ಶ್ರಿ ವಿಥೆನಗರ",
                "stop_id": "22675",
                "lat": 12.93431,
                "lon": 77.53985
              }
            ]
          },
          {
            "Route": "13-A",
            "RouteId": 1974,
            "RouteParentId": 1161,
            "Destination": "Kumaraswamy Layout 2nd Stage",
            "Via": "",
            "Area": "Shivajinagara Bus Station",
            "PlatformNumber": "SOUTH",
            "KannadaDestination": "ಕುಮರಸ್ವಮೆ ಲಯೌಟ್ 2ಂದ್ ಸ್ಟಗೆ",
            "KannadaArea": "ಶಿವಾಜಿನಗರ ಬಸ್ ನಿಲ್ದಾಣ",
            "KannadaVia": "",
            "FromStationId": 21545,
            "Stops": [
              {
                "name": "Jayanagara Bus Station",
                "name_kn": "ಜಯನಗರ ಬುಸ್ ಸ್ಟಟಿೊಂ",
                "stop_id": "21545",
                "lat": 12.92802,
                "lon": 77.58364
              },
              {
                "name": "Jayanagara Telephone Exchange",
                "name_kn": "ಜಯನಗರ ಟೆಲೆಫೊನೆ ೆಕ್ಸ್ಚಙೆ",
                "stop_id": "21543",
                "lat": 12.9228,
                "lon": 77.58385
              },
              {
                "name": "Jayanagara 38th Cross",
                "name_kn": "ಜಯನಗರ 38ತ್ ಕ್ರೊಸ್ಸ್",
                "stop_id": "21445",
                "lat": 12.92101,
                "lon": 77.58376
              },
              {
                "name": "Jayanagara 40th Cross",
                "name_kn": "ಜಯನಗರ 40ತ್ ಕ್ರೊಸ್ಸ್",
                "stop_id": "21449",
                "lat": 12.91989,
                "lon": 77.58068
              },
              {
                "name": "Sangam Circle",
                "name_kn": "ಸಙಂ ಕಿರ್ಕ್ಲೆ",
                "stop_id": "21148",
                "lat": 12.91704,
                "lon": 77.57875
              },
              {
                "name": "Banashankari Bus Station",
                "name_kn": "ಬನಶಂಕರಿ ಬುಸ್ ಸ್ಟಟಿೊಂ",
                "stop_id": "20623",
                "lat": 12.91779,
                "lon": 77.57272
              },
              {
                "name": "Banashankari Hunasemara",
                "name_kn": "ಬನಶಂಕರಿ ಹುನಸೆಮರ",
                "stop_id": "21713",
                "lat": 12.92084,
                "lon": 77.57414
              },
              {
                "name": "Monotype Corporation",
                "name_kn": "ಮೊನೊಟೆಪೆ ಕೊರ್ಪೊರಟಿೊಂ",
                "stop_id": "22295",
                "lat": 12.92154,
                "lon": 77.57104
              },
              {
                "name": "Kaveri Nagara",
                "name_kn": "ಕವೆರಿ ನಗರ",
                "stop_id": "35150",
                "lat": 12.91986,
                "lon": 77.56931
              },
              {
                "name": "Yarab Nagara",
                "name_kn": "ಯರಬ್ ನಗರ",
                "stop_id": "22631",
                "lat": 12.91657,
                "lon": 77.56914
              },
              {
                "name": "Kadirenahalli Cross",
                "name_kn": "ಕದಿರೆನಹಲ್ಲಿ ಕ್ರೊಸ್ಸ್",
                "stop_id": "20897",
                "lat": 12.91364,
                "lon": 77.56727
              },
              {
                "name": "Dayananda Sagar College",
                "name_kn": "ದಯನಂದ ಸಗರ್ ಕೊಲ್ಲೆಗೆ",
                "stop_id": "21874",
                "lat": 12.90948,
                "lon": 77.56553
              },
              {
                "name": "Water Tank",
                "name_kn": "ವಟೆರ್ ಟಂಕ್",
                "stop_id": "23758",
                "lat": 12.90847,
                "lon": 77.56169
              },
              {
                "name": "Kumaraswamy Layout 2nd Stage",
                "name_kn": "ಕುಮರಸ್ವಮೆ ಲಯೌಟ್ 2ಂದ್ ಸ್ಟಗೆ",
                "stop_id": "38355",
                "lat": 12.90584,
                "lon": 77.55814
              }
            ]
          },
          {
            "Route": "13-B",
            "RouteId": 1978,
            "RouteParentId": 1163,
            "Destination": "Padmanabha Nagara Rock",
            "Via": "",
            "Area": "Shivajinagara Bus Station",
            "PlatformNumber": "SOUTH",
            "KannadaDestination": "ಪದ್ಮನಭ ನಗರ ರೊಕ್ಕ್",
            "KannadaArea": "ಶಿವಾಜಿನಗರ ಬಸ್ ನಿಲ್ದಾಣ",
            "KannadaVia": "",
            "FromStationId": 21545,
            "Stops": [
              {
                "name": "Jayanagara Bus Station",
                "name_kn": "ಜಯನಗರ ಬುಸ್ ಸ್ಟಟಿೊಂ",
                "stop_id": "21545",
                "lat": 12.92802,
                "lon": 77.58364
              },
              {
                "name": "Jayanagara Telephone Exchange",
                "name_kn": "ಜಯನಗರ ಟೆಲೆಫೊನೆ ೆಕ್ಸ್ಚಙೆ",
                "stop_id": "21543",
                "lat": 12.9228,
                "lon": 77.58385
              },
              {
                "name": "Jayanagara 38th Cross",
                "name_kn": "ಜಯನಗರ 38ತ್ ಕ್ರೊಸ್ಸ್",
                "stop_id": "21445",
                "lat": 12.92101,
                "lon": 77.58376
              },
              {
                "name": "Jayanagara 40th Cross",
                "name_kn": "ಜಯನಗರ 40ತ್ ಕ್ರೊಸ್ಸ್",
                "stop_id": "21449",
                "lat": 12.91989,
                "lon": 77.58068
              },
              {
                "name": "Sangam Circle",
                "name_kn": "ಸಙಂ ಕಿರ್ಕ್ಲೆ",
                "stop_id": "21148",
                "lat": 12.91704,
                "lon": 77.57875
              },
              {
                "name": "Banashankari Bus Station",
                "name_kn": "ಬನಶಂಕರಿ ಬುಸ್ ಸ್ಟಟಿೊಂ",
                "stop_id": "20623",
                "lat": 12.91779,
                "lon": 77.57272
              },
              {
                "name": "Banashankari Hunasemara",
                "name_kn": "ಬನಶಂಕರಿ ಹುನಸೆಮರ",
                "stop_id": "21713",
                "lat": 12.92084,
                "lon": 77.57414
              },
              {
                "name": "Monotype Corporation",
                "name_kn": "ಮೊನೊಟೆಪೆ ಕೊರ್ಪೊರಟಿೊಂ",
                "stop_id": "22295",
                "lat": 12.92154,
                "lon": 77.57104
              },
              {
                "name": "Kaveri Nagara",
                "name_kn": "ಕವೆರಿ ನಗರ",
                "stop_id": "35150",
                "lat": 12.91986,
                "lon": 77.56931
              },
              {
                "name": "Yarab Nagara",
                "name_kn": "ಯರಬ್ ನಗರ",
                "stop_id": "22631",
                "lat": 12.91657,
                "lon": 77.56914
              },
              {
                "name": "Kadirenahalli Cross",
                "name_kn": "ಕದಿರೆನಹಲ್ಲಿ ಕ್ರೊಸ್ಸ್",
                "stop_id": "20897",
                "lat": 12.91364,
                "lon": 77.56727
              },
              {
                "name": "Kadirenahalli Village",
                "name_kn": "ಕದಿರೆನಹಲ್ಲಿ ವಿಲ್ಲಗೆ",
                "stop_id": "22134",
                "lat": 12.9157,
                "lon": 77.56146
              },
              {
                "name": "Padmanabha Nagara",
                "name_kn": "ಪದ್ಮನಭ ನಗರ",
                "stop_id": "35935",
                "lat": 12.91798,
                "lon": 77.55994
              },
              {
                "name": "Padmanabha Nagara Rock",
                "name_kn": "ಪದ್ಮನಭ ನಗರ ರೊಕ್ಕ್",
                "stop_id": "35210",
                "lat": 12.91845,
                "lon": 77.55743
              }
            ]
          },
          {
            "Route": "13-F",
            "RouteId": 2860,
            "RouteParentId": 1631,
            "Destination": "Channammanakere Achukattu",
            "Via": "",
            "Area": "Shivajinagara Bus Station",
            "PlatformNumber": "SOUTH",
            "KannadaDestination": "ಚಂನಮ್ಮನಕೆರೆ ಚುಕಟು",
            "KannadaArea": "ಶಿವಾಜಿನಗರ ಬಸ್ ನಿಲ್ದಾಣ",
            "KannadaVia": "",
            "FromStationId": 21545,
            "Stops": [
              {
                "name": "Jayanagara Bus Station",
                "name_kn": "ಜಯನಗರ ಬುಸ್ ಸ್ಟಟಿೊಂ",
                "stop_id": "21545",
                "lat": 12.92802,
                "lon": 77.58364
              },
              {
                "name": "Jayanagara Telephone Exchange",
                "name_kn": "ಜಯನಗರ ಟೆಲೆಫೊನೆ ೆಕ್ಸ್ಚಙೆ",
                "stop_id": "21543",
                "lat": 12.9228,
                "lon": 77.58385
              },
              {
                "name": "Jayanagara 38th Cross",
                "name_kn": "ಜಯನಗರ 38ತ್ ಕ್ರೊಸ್ಸ್",
                "stop_id": "21445",
                "lat": 12.92101,
                "lon": 77.58376
              },
              {
                "name": "Jayanagara 40th Cross",
                "name_kn": "ಜಯನಗರ 40ತ್ ಕ್ರೊಸ್ಸ್",
                "stop_id": "21449",
                "lat": 12.91989,
                "lon": 77.58068
              },
              {
                "name": "Sangam Circle",
                "name_kn": "ಸಙಂ ಕಿರ್ಕ್ಲೆ",
                "stop_id": "21148",
                "lat": 12.91704,
                "lon": 77.57875
              },
              {
                "name": "Banashankari Bus Station",
                "name_kn": "ಬನಶಂಕರಿ ಬುಸ್ ಸ್ಟಟಿೊಂ",
                "stop_id": "20623",
                "lat": 12.91779,
                "lon": 77.57272
              },
              {
                "name": "Banashankari Hunasemara",
                "name_kn": "ಬನಶಂಕರಿ ಹುನಸೆಮರ",
                "stop_id": "21713",
                "lat": 12.92084,
                "lon": 77.57414
              },
              {
                "name": "Monotype Corporation",
                "name_kn": "ಮೊನೊಟೆಪೆ ಕೊರ್ಪೊರಟಿೊಂ",
                "stop_id": "22295",
                "lat": 12.92154,
                "lon": 77.57104
              },
              {
                "name": "Bata Show Room banashankari",
                "name_kn": "ಬಟ ಶೌ ರೂಂ ಬನಶಂಕರಿ",
                "stop_id": "37682",
                "lat": 12.92348,
                "lon": 77.57008
              },
              {
                "name": "BDA Complex Banashankari 2nd Stage",
                "name_kn": "ಬ್ದ ಕೊಂಪ್ಲೆಕ್ಸ್ ಬನಶಂಕರಿ 2ಂದ್ ಸ್ಟಗೆ",
                "stop_id": "24341",
                "lat": 12.92448,
                "lon": 77.56464
              },
              {
                "name": "Indira Nursing Home",
                "name_kn": "ಇಂದಿರ ನುರ್ಸಿಙ್ ಹೊಮೆ",
                "stop_id": "23733",
                "lat": 12.92907,
                "lon": 77.5646
              },
              {
                "name": "KIMS College",
                "name_kn": "ಕಿಂಸ್ ಕೊಲ್ಲೆಗೆ",
                "stop_id": "23734",
                "lat": 12.92718,
                "lon": 77.56176
              },
              {
                "name": "Devegowda Petrol Bunk",
                "name_kn": "ದೆವೆಗೌದ ಪೆಟ್ರೊಲ್ ಬುಂಕ್",
                "stop_id": "20756",
                "lat": 12.92194,
                "lon": 77.55914
              },
              {
                "name": "Srikanteshwara Park",
                "name_kn": "ಸ್ರಿಕಂಟೆಶ್ವರ ಪರ್ಕ್",
                "stop_id": "22726",
                "lat": 12.92643,
                "lon": 77.55369
              },
              {
                "name": "Channammanakere Achukattu",
                "name_kn": "ಚಂನಮ್ಮನಕೆರೆ ಚುಕಟು",
                "stop_id": "22727",
                "lat": 12.9283,
                "lon": 77.5565
              }
            ]
          },
          {
            "Route": "13-H",
            "RouteId": 2862,
            "RouteParentId": 1632,
            "Destination": "AGS Layout Arehalli",
            "Via": "",
            "Area": "Shivajinagara Bus Station",
            "PlatformNumber": "SOUTH",
            "KannadaDestination": "ಅಗ್ಸ್ ಲಯೌಟ್ ರೆಹಲ್ಲಿ",
            "KannadaArea": "ಶಿವಾಜಿನಗರ ಬಸ್ ನಿಲ್ದಾಣ",
            "KannadaVia": "",
            "FromStationId": 21545,
            "Stops": [
              {
                "name": "Jayanagara Bus Station",
                "name_kn": "ಜಯನಗರ ಬುಸ್ ಸ್ಟಟಿೊಂ",
                "stop_id": "21545",
                "lat": 12.92802,
                "lon": 77.58364
              },
              {
                "name": "Jayanagara Telephone Exchange",
                "name_kn": "ಜಯನಗರ ಟೆಲೆಫೊನೆ ೆಕ್ಸ್ಚಙೆ",
                "stop_id": "21543",
                "lat": 12.9228,
                "lon": 77.58385
              },
              {
                "name": "Jayanagara 38th Cross",
                "name_kn": "ಜಯನಗರ 38ತ್ ಕ್ರೊಸ್ಸ್",
                "stop_id": "21445",
                "lat": 12.92101,
                "lon": 77.58376
              },
              {
                "name": "Jayanagara 40th Cross",
                "name_kn": "ಜಯನಗರ 40ತ್ ಕ್ರೊಸ್ಸ್",
                "stop_id": "21449",
                "lat": 12.91989,
                "lon": 77.58068
              },
              {
                "name": "Sangam Circle",
                "name_kn": "ಸಙಂ ಕಿರ್ಕ್ಲೆ",
                "stop_id": "21148",
                "lat": 12.91704,
                "lon": 77.57875
              },
              {
                "name": "Banashankari Bus Station",
                "name_kn": "ಬನಶಂಕರಿ ಬುಸ್ ಸ್ಟಟಿೊಂ",
                "stop_id": "20623",
                "lat": 12.91779,
                "lon": 77.57272
              },
              {
                "name": "Banashankari Hunasemara",
                "name_kn": "ಬನಶಂಕರಿ ಹುನಸೆಮರ",
                "stop_id": "21713",
                "lat": 12.92084,
                "lon": 77.57414
              },
              {
                "name": "Monotype Corporation",
                "name_kn": "ಮೊನೊಟೆಪೆ ಕೊರ್ಪೊರಟಿೊಂ",
                "stop_id": "22295",
                "lat": 12.92154,
                "lon": 77.57104
              },
              {
                "name": "Bata Show Room banashankari",
                "name_kn": "ಬಟ ಶೌ ರೂಂ ಬನಶಂಕರಿ",
                "stop_id": "37682",
                "lat": 12.92348,
                "lon": 77.57008
              },
              {
                "name": "BDA Complex Banashankari 2nd Stage",
                "name_kn": "ಬ್ದ ಕೊಂಪ್ಲೆಕ್ಸ್ ಬನಶಂಕರಿ 2ಂದ್ ಸ್ಟಗೆ",
                "stop_id": "24341",
                "lat": 12.92448,
                "lon": 77.56464
              },
              {
                "name": "Indira Nursing Home",
                "name_kn": "ಇಂದಿರ ನುರ್ಸಿಙ್ ಹೊಮೆ",
                "stop_id": "23733",
                "lat": 12.92907,
                "lon": 77.5646
              },
              {
                "name": "KIMS College",
                "name_kn": "ಕಿಂಸ್ ಕೊಲ್ಲೆಗೆ",
                "stop_id": "23734",
                "lat": 12.92718,
                "lon": 77.56176
              },
              {
                "name": "Devegowda Petrol Bunk",
                "name_kn": "ದೆವೆಗೌದ ಪೆಟ್ರೊಲ್ ಬುಂಕ್",
                "stop_id": "20756",
                "lat": 12.92194,
                "lon": 77.55914
              },
              {
                "name": "Kamakya Talkies",
                "name_kn": "ಕಮಕೆ ಟಲ್ಕಿೆಸ್",
                "stop_id": "35772",
                "lat": 12.92405,
                "lon": 77.55264
              },
              {
                "name": "Kathriguppe",
                "name_kn": "ಕತ್ರಿಗುಪ್ಪೆ",
                "stop_id": "20917",
                "lat": 12.92535,
                "lon": 77.54989
              },
              {
                "name": "Janatabazar Junction",
                "name_kn": "ಜನಟಬಜ಼ರ್ ಜುಂಕ್ಟಿೊಂ",
                "stop_id": "23965",
                "lat": 12.92781,
                "lon": 77.54612
              },
              {
                "name": "Srinivasa Kalyana Mantapa",
                "name_kn": "ಸ್ರಿನಿವಸ ಕಲೆನ ಮಂಟಪ",
                "stop_id": "23966",
                "lat": 12.926,
                "lon": 77.54438
              },
              {
                "name": "SLV Bakery",
                "name_kn": "ಸ್ಲ್ವ್ ಬಕೆರೆ",
                "stop_id": "23968",
                "lat": 12.92127,
                "lon": 77.54322
              },
              {
                "name": "Ittamadu",
                "name_kn": "ಇಟಮದು",
                "stop_id": "35090",
                "lat": 12.91966,
                "lon": 77.5424
              },
              {
                "name": "AGS Layout Cross",
                "name_kn": "ಅಗ್ಸ್ ಲಯೌಟ್ ಕ್ರೊಸ್ಸ್",
                "stop_id": "23014",
                "lat": 12.91347,
                "lon": 77.54088
              },
              {
                "name": "AGS Layout Arehalli",
                "name_kn": "ಅಗ್ಸ್ ಲಯೌಟ್ ರೆಹಲ್ಲಿ",
                "stop_id": "29462",
                "lat": 12.91246,
                "lon": 77.53706
              }
            ]
          },
          {
            "Route": "13-J",
            "RouteId": 2866,
            "RouteParentId": 1634,
            "Destination": "Hoskerehalli",
            "Via": "",
            "Area": "Shivajinagara Bus Station",
            "PlatformNumber": "SOUTH",
            "KannadaDestination": "ಹೊಸ್ಕೆರೆಹಲ್ಲಿ",
            "KannadaArea": "ಶಿವಾಜಿನಗರ ಬಸ್ ನಿಲ್ದಾಣ",
            "KannadaVia": "",
            "FromStationId": 21545,
            "Stops": [
              {
                "name": "Jayanagara Bus Station",
                "name_kn": "ಜಯನಗರ ಬುಸ್ ಸ್ಟಟಿೊಂ",
                "stop_id": "21545",
                "lat": 12.92802,
                "lon": 77.58364
              },
              {
                "name": "Jayanagara Telephone Exchange",
                "name_kn": "ಜಯನಗರ ಟೆಲೆಫೊನೆ ೆಕ್ಸ್ಚಙೆ",
                "stop_id": "21543",
                "lat": 12.9228,
                "lon": 77.58385
              },
              {
                "name": "Jayanagara 38th Cross",
                "name_kn": "ಜಯನಗರ 38ತ್ ಕ್ರೊಸ್ಸ್",
                "stop_id": "21445",
                "lat": 12.92101,
                "lon": 77.58376
              },
              {
                "name": "Jayanagara 40th Cross",
                "name_kn": "ಜಯನಗರ 40ತ್ ಕ್ರೊಸ್ಸ್",
                "stop_id": "21449",
                "lat": 12.91989,
                "lon": 77.58068
              },
              {
                "name": "Sangam Circle",
                "name_kn": "ಸಙಂ ಕಿರ್ಕ್ಲೆ",
                "stop_id": "21148",
                "lat": 12.91704,
                "lon": 77.57875
              },
              {
                "name": "Banashankari Bus Station",
                "name_kn": "ಬನಶಂಕರಿ ಬುಸ್ ಸ್ಟಟಿೊಂ",
                "stop_id": "20623",
                "lat": 12.91779,
                "lon": 77.57272
              },
              {
                "name": "Banashankari Hunasemara",
                "name_kn": "ಬನಶಂಕರಿ ಹುನಸೆಮರ",
                "stop_id": "21713",
                "lat": 12.92084,
                "lon": 77.57414
              },
              {
                "name": "Monotype Corporation",
                "name_kn": "ಮೊನೊಟೆಪೆ ಕೊರ್ಪೊರಟಿೊಂ",
                "stop_id": "22295",
                "lat": 12.92154,
                "lon": 77.57104
              },
              {
                "name": "Kaveri Nagara",
                "name_kn": "ಕವೆರಿ ನಗರ",
                "stop_id": "35150",
                "lat": 12.91986,
                "lon": 77.56931
              },
              {
                "name": "Yarab Nagara",
                "name_kn": "ಯರಬ್ ನಗರ",
                "stop_id": "22631",
                "lat": 12.91657,
                "lon": 77.56914
              },
              {
                "name": "Kadirenahalli Cross",
                "name_kn": "ಕದಿರೆನಹಲ್ಲಿ ಕ್ರೊಸ್ಸ್",
                "stop_id": "20897",
                "lat": 12.91364,
                "lon": 77.56727
              },
              {
                "name": "Kadirenahalli Park",
                "name_kn": "ಕದಿರೆನಹಲ್ಲಿ ಪರ್ಕ್",
                "stop_id": "20899",
                "lat": 12.91762,
                "lon": 77.56447
              },
              {
                "name": "Devegowda Petrol Bunk",
                "name_kn": "ದೆವೆಗೌದ ಪೆಟ್ರೊಲ್ ಬುಂಕ್",
                "stop_id": "20756",
                "lat": 12.92194,
                "lon": 77.55914
              },
              {
                "name": "Kamakya Talkies",
                "name_kn": "ಕಮಕೆ ಟಲ್ಕಿೆಸ್",
                "stop_id": "35772",
                "lat": 12.92405,
                "lon": 77.55264
              },
              {
                "name": "Kathriguppe",
                "name_kn": "ಕತ್ರಿಗುಪ್ಪೆ",
                "stop_id": "20917",
                "lat": 12.92535,
                "lon": 77.54989
              },
              {
                "name": "Janatha Bazar Banashankari",
                "name_kn": "ಜನತ ಬಜ಼ರ್ ಬನಶಂಕರಿ",
                "stop_id": "20876",
                "lat": 12.92837,
                "lon": 77.54577
              },
              {
                "name": "Hosakerehalli  Junction",
                "name_kn": "ಹೊಸಕೆರೆಹಲ್ಲಿ  ಜುಂಕ್ಟಿೊಂ",
                "stop_id": "20843",
                "lat": 12.93044,
                "lon": 77.54342
              },
              {
                "name": "Hosakerehalli Petrol Bunk",
                "name_kn": "ಹೊಸಕೆರೆಹಲ್ಲಿ ಪೆಟ್ರೊಲ್ ಬುಂಕ್",
                "stop_id": "20845",
                "lat": 12.933,
                "lon": 77.54018
              },
              {
                "name": "Hoskerehalli",
                "name_kn": "ಹೊಸ್ಕೆರೆಹಲ್ಲಿ",
                "stop_id": "22042",
                "lat": 12.93085,
                "lon": 77.53971
              }
            ]
          },
          {
            "Route": "13-K",
            "RouteId": 2873,
            "RouteParentId": 1638,
            "Destination": "Minaznagara",
            "Via": "",
            "Area": "Shivajinagara Bus Station",
            "PlatformNumber": "SOUTH",
            "KannadaDestination": "ಮಿನಜ಼್ನಗರ",
            "KannadaArea": "ಶಿವಾಜಿನಗರ ಬಸ್ ನಿಲ್ದಾಣ",
            "KannadaVia": "",
            "FromStationId": 21545,
            "Stops": [
              {
                "name": "Jayanagara Bus Station",
                "name_kn": "ಜಯನಗರ ಬುಸ್ ಸ್ಟಟಿೊಂ",
                "stop_id": "21545",
                "lat": 12.92802,
                "lon": 77.58364
              },
              {
                "name": "Jayanagara Telephone Exchange",
                "name_kn": "ಜಯನಗರ ಟೆಲೆಫೊನೆ ೆಕ್ಸ್ಚಙೆ",
                "stop_id": "21543",
                "lat": 12.9228,
                "lon": 77.58385
              },
              {
                "name": "Jayanagara 38th Cross",
                "name_kn": "ಜಯನಗರ 38ತ್ ಕ್ರೊಸ್ಸ್",
                "stop_id": "21445",
                "lat": 12.92101,
                "lon": 77.58376
              },
              {
                "name": "Jayanagara 40th Cross",
                "name_kn": "ಜಯನಗರ 40ತ್ ಕ್ರೊಸ್ಸ್",
                "stop_id": "21449",
                "lat": 12.91989,
                "lon": 77.58068
              },
              {
                "name": "Sangam Circle",
                "name_kn": "ಸಙಂ ಕಿರ್ಕ್ಲೆ",
                "stop_id": "21148",
                "lat": 12.91704,
                "lon": 77.57875
              },
              {
                "name": "Banashankari Bus Station",
                "name_kn": "ಬನಶಂಕರಿ ಬುಸ್ ಸ್ಟಟಿೊಂ",
                "stop_id": "20623",
                "lat": 12.91779,
                "lon": 77.57272
              },
              {
                "name": "Banashankari Hunasemara",
                "name_kn": "ಬನಶಂಕರಿ ಹುನಸೆಮರ",
                "stop_id": "22062",
                "lat": 12.91966,
                "lon": 77.57413
              },
              {
                "name": "Banashankari Hunasemara",
                "name_kn": "ಬನಶಂಕರಿ ಹುನಸೆಮರ",
                "stop_id": "21713",
                "lat": 12.92084,
                "lon": 77.57414
              },
              {
                "name": "Monotype Corporation",
                "name_kn": "ಮೊನೊಟೆಪೆ ಕೊರ್ಪೊರಟಿೊಂ",
                "stop_id": "22295",
                "lat": 12.92154,
                "lon": 77.57104
              },
              {
                "name": "Kaveri Nagara",
                "name_kn": "ಕವೆರಿ ನಗರ",
                "stop_id": "35150",
                "lat": 12.91986,
                "lon": 77.56931
              },
              {
                "name": "Yarab Nagara",
                "name_kn": "ಯರಬ್ ನಗರ",
                "stop_id": "22631",
                "lat": 12.91657,
                "lon": 77.56914
              },
              {
                "name": "Kadirenahalli Cross",
                "name_kn": "ಕದಿರೆನಹಲ್ಲಿ ಕ್ರೊಸ್ಸ್",
                "stop_id": "20897",
                "lat": 12.91364,
                "lon": 77.56727
              },
              {
                "name": "JHBCS Layout",
                "name_kn": "ಝ್ಬ್ಕ್ಸ್ ಲಯೌಟ್",
                "stop_id": "33130",
                "lat": 12.91133,
                "lon": 77.56334
              },
              {
                "name": "Minaznagara",
                "name_kn": "ಮಿನಜ಼್ನಗರ",
                "stop_id": "33936",
                "lat": 12.91216,
                "lon": 77.56183
              }
            ]
          },
          {
            "Route": "375-H SGH-KGR",
            "RouteId": 2945,
            "RouteParentId": 1676,
            "Destination": "Kengeri Bus Station",
            "Via": "",
            "Area": "Sanjay Gandhi Hospital",
            "PlatformNumber": "SOUTH",
            "KannadaDestination": "ಕೆಙೆರಿ ಬುಸ್ ಸ್ಟಟಿೊಂ",
            "KannadaArea": "ಸಂಜಯ್ ಗಾಂಧಿ ಆಸ್ಪತ್ರೆ",
            "KannadaVia": "",
            "FromStationId": 21545,
            "Stops": [
              {
                "name": "Jayanagara Bus Station",
                "name_kn": "ಜಯನಗರ ಬುಸ್ ಸ್ಟಟಿೊಂ",
                "stop_id": "21545",
                "lat": 12.92802,
                "lon": 77.58364
              },
              {
                "name": "Jayanagara Telephone Exchange",
                "name_kn": "ಜಯನಗರ ಟೆಲೆಫೊನೆ ೆಕ್ಸ್ಚಙೆ",
                "stop_id": "21543",
                "lat": 12.9228,
                "lon": 77.58385
              },
              {
                "name": "Jayanagara 38th Cross",
                "name_kn": "ಜಯನಗರ 38ತ್ ಕ್ರೊಸ್ಸ್",
                "stop_id": "21445",
                "lat": 12.92101,
                "lon": 77.58376
              },
              {
                "name": "Jayanagara 40th Cross",
                "name_kn": "ಜಯನಗರ 40ತ್ ಕ್ರೊಸ್ಸ್",
                "stop_id": "21449",
                "lat": 12.91989,
                "lon": 77.58068
              },
              {
                "name": "Sangam Circle",
                "name_kn": "ಸಙಂ ಕಿರ್ಕ್ಲೆ",
                "stop_id": "21148",
                "lat": 12.91704,
                "lon": 77.57875
              },
              {
                "name": "Banashankari Bus Station",
                "name_kn": "ಬನಶಂಕರಿ ಬುಸ್ ಸ್ಟಟಿೊಂ",
                "stop_id": "20624",
                "lat": 12.91736,
                "lon": 77.5727
              },
              {
                "name": "Kadirenahalli Cross",
                "name_kn": "ಕದಿರೆನಹಲ್ಲಿ ಕ್ರೊಸ್ಸ್",
                "stop_id": "20897",
                "lat": 12.91364,
                "lon": 77.56727
              },
              {
                "name": "Kadirenahalli Village",
                "name_kn": "ಕದಿರೆನಹಲ್ಲಿ ವಿಲ್ಲಗೆ",
                "stop_id": "22134",
                "lat": 12.9157,
                "lon": 77.56146
              },
              {
                "name": "Prarthana School",
                "name_kn": "ಪ್ರರ್ತನ ಸ್ಚೂಲ್",
                "stop_id": "22404",
                "lat": 12.91155,
                "lon": 77.5583
              },
              {
                "name": "Gowdanapalya",
                "name_kn": "ಗೌದನಪಲೆ",
                "stop_id": "21979",
                "lat": 12.91157,
                "lon": 77.55608
              },
              {
                "name": "Chikkallasandra Aralimara",
                "name_kn": "ಚಿಕ್ಕಲ್ಲಸಂದ್ರ ರಲಿಮರ",
                "stop_id": "21841",
                "lat": 12.91157,
                "lon": 77.55238
              },
              {
                "name": "Chikkallasandra Bank Colony",
                "name_kn": "ಚಿಕ್ಕಲ್ಲಸಂದ್ರ ಬಂಕ್ ಕೊಲೊನೆ",
                "stop_id": "21843",
                "lat": 12.90914,
                "lon": 77.54927
              },
              {
                "name": "Nano Hospital",
                "name_kn": "ನನೊ ಹೊಸ್ಪಿಟಲ್",
                "stop_id": "22198",
                "lat": 12.90698,
                "lon": 77.54622
              },
              {
                "name": "Uttarahalli",
                "name_kn": "ಉಟರಹಲ್ಲಿ",
                "stop_id": "22571",
                "lat": 12.90575,
                "lon": 77.54257
              },
              {
                "name": "Arehalli",
                "name_kn": "ಅರೆಹಲ್ಲಿ",
                "stop_id": "21659",
                "lat": 12.90849,
                "lon": 77.53855
              },
              {
                "name": "Poornaprajna Layout",
                "name_kn": "ಪೂರ್ನಪ್ರಜ್ನ ಲಯೌಟ್",
                "stop_id": "34271",
                "lat": 12.90877,
                "lon": 77.53592
              },
              {
                "name": "Poornaprajna Layout Water Tank",
                "name_kn": "ಪೂರ್ನಪ್ರಜ್ನ ಲಯೌಟ್ ವಟೆರ್ ಟಂಕ್",
                "stop_id": "22573",
                "lat": 12.90841,
                "lon": 77.53463
              },
              {
                "name": "Patalamma Temple",
                "name_kn": "ಪಟಲಮ್ಮ ಟೆಂಪ್ಲೆ",
                "stop_id": "22376",
                "lat": 12.90477,
                "lon": 77.53014
              },
              {
                "name": "Mantri Alpyne Apartment",
                "name_kn": "ಮಂಟ್ರಿ ಲ್ಪೆನೆ ಪರ್ಟ್ಮೆಂಟ್",
                "stop_id": "28772",
                "lat": 12.90453,
                "lon": 77.52725
              },
              {
                "name": "Channasandra",
                "name_kn": "ಚಂನಸಂದ್ರ",
                "stop_id": "21823",
                "lat": 12.90281,
                "lon": 77.52127
              },
              {
                "name": "Channasandra Colony",
                "name_kn": "ಚಂನಸಂದ್ರ ಕೊಲೊನೆ",
                "stop_id": "21825",
                "lat": 12.90331,
                "lon": 77.5164
              },
              {
                "name": "Indo American Hybrid Farm",
                "name_kn": "ಇಂದೊ ಮೆರಿಕಂ ಹೆಬ್ರಿದ್ ೞರ್ಂ",
                "stop_id": "22077",
                "lat": 12.90402,
                "lon": 77.51245
              },
              {
                "name": "JSS College",
                "name_kn": "ಜ್ಸ್ಸ್ ಕೊಲ್ಲೆಗೆ",
                "stop_id": "22122",
                "lat": 12.90382,
                "lon": 77.50828
              },
              {
                "name": "Omkar Hills",
                "name_kn": "ಒಂಕರ್ ಹಿಲ್ಲ್ಸ್",
                "stop_id": "22373",
                "lat": 12.90473,
                "lon": 77.50461
              },
              {
                "name": "BGS Health City Gate Abhiman Studio",
                "name_kn": "ಬ್ಗ್ಸ್ ಹೆಲ್ತ್ ಕಿಟೆ ಗಟೆ ಭಿಮಂ ಸ್ಟುದಿೊ",
                "stop_id": "21754",
                "lat": 12.90706,
                "lon": 77.49915
              },
              {
                "name": "Savandarbar Ashrama",
                "name_kn": "ಸವಂದರ್ಬರ್ ಶ್ರಮ",
                "stop_id": "22466",
                "lat": 12.90934,
                "lon": 77.49249
              },
              {
                "name": "Kodihalli Gate/Gollahallii Jn",
                "name_kn": "ಕೊದಿಹಲ್ಲಿ ಗಟೆ/ಗೊಲ್ಲಹಲ್ಲೀ ಜ್ಂ",
                "stop_id": "22113",
                "lat": 12.90758,
                "lon": 77.48887
              },
              {
                "name": "Kengeri",
                "name_kn": "ಕೆಙೆರಿ",
                "stop_id": "36259",
                "lat": 12.91237,
                "lon": 77.4854
              },
              {
                "name": "Kengeri Bus Station",
                "name_kn": "ಕೆಙೆರಿ ಬುಸ್ ಸ್ಟಟಿೊಂ",
                "stop_id": "20925",
                "lat": 12.91379,
                "lon": 77.4871
              }
            ]
          },
          {
            "Route": "213-V SGH-HRH",
            "RouteId": 3451,
            "RouteParentId": 1935,
            "Destination": "Harohalli",
            "Via": "",
            "Area": "Sanjay Gandhi Hospital",
            "PlatformNumber": "SOUTH",
            "KannadaDestination": "ಹರೊಹಲ್ಲಿ",
            "KannadaArea": "ಸಂಜಯ್ ಗಾಂಧಿ ಆಸ್ಪತ್ರೆ",
            "KannadaVia": "",
            "FromStationId": 21545,
            "Stops": [
              {
                "name": "Jayanagara Bus Station",
                "name_kn": "ಜಯನಗರ ಬುಸ್ ಸ್ಟಟಿೊಂ",
                "stop_id": "21545",
                "lat": 12.92802,
                "lon": 77.58364
              },
              {
                "name": "Jayanagara Telephone Exchange",
                "name_kn": "ಜಯನಗರ ಟೆಲೆಫೊನೆ ೆಕ್ಸ್ಚಙೆ",
                "stop_id": "21543",
                "lat": 12.9228,
                "lon": 77.58385
              },
              {
                "name": "Jayanagara 38th Cross",
                "name_kn": "ಜಯನಗರ 38ತ್ ಕ್ರೊಸ್ಸ್",
                "stop_id": "21445",
                "lat": 12.92101,
                "lon": 77.58376
              },
              {
                "name": "Jayanagara 40th Cross",
                "name_kn": "ಜಯನಗರ 40ತ್ ಕ್ರೊಸ್ಸ್",
                "stop_id": "21449",
                "lat": 12.91989,
                "lon": 77.58068
              },
              {
                "name": "Sangam Circle",
                "name_kn": "ಸಙಂ ಕಿರ್ಕ್ಲೆ",
                "stop_id": "21148",
                "lat": 12.91704,
                "lon": 77.57875
              },
              {
                "name": "Banashankari",
                "name_kn": "ಬನಶಂಕರಿ",
                "stop_id": "21711",
                "lat": 12.91631,
                "lon": 77.57373
              },
              {
                "name": "Sarakki",
                "name_kn": "ಸರಕ್ಕಿ",
                "stop_id": "22459",
                "lat": 12.9097,
                "lon": 77.57299
              },
              {
                "name": "JP Nagara Metro Station",
                "name_kn": "ಜ್ಪ್ ನಗರ ಮೆಟ್ರೊ ಸ್ಟಟಿೊಂ",
                "stop_id": "35926",
                "lat": 12.908,
                "lon": 77.57312
              },
              {
                "name": "Jaraganahalli Cross",
                "name_kn": "ಜರಗನಹಲ್ಲಿ ಕ್ರೊಸ್ಸ್",
                "stop_id": "22101",
                "lat": 12.9014,
                "lon": 77.57344
              },
              {
                "name": "Yalachenahalli",
                "name_kn": "ಯಲಚೆನಹಲ್ಲಿ",
                "stop_id": "22638",
                "lat": 12.89764,
                "lon": 77.57167
              },
              {
                "name": "Metro",
                "name_kn": "ಮೆಟ್ರೊ",
                "stop_id": "22284",
                "lat": 12.89336,
                "lon": 77.56772
              },
              {
                "name": "Konanakunte Cross",
                "name_kn": "ಕೊನನಕುಂಟೆ ಕ್ರೊಸ್ಸ್",
                "stop_id": "22190",
                "lat": 12.89053,
                "lon": 77.56459
              },
              {
                "name": "Konanakunte Cross Metro Station",
                "name_kn": "ಕೊನನಕುಂಟೆ ಕ್ರೊಸ್ಸ್ ಮೆಟ್ರೊ ಸ್ಟಟಿೊಂ",
                "stop_id": "38358",
                "lat": 12.88907,
                "lon": 77.56306
              },
              {
                "name": "Cura Hospital",
                "name_kn": "ಕುರ ಹೊಸ್ಪಿಟಲ್",
                "stop_id": "39689",
                "lat": 12.88787,
                "lon": 77.56161
              },
              {
                "name": "Doddakallasandra",
                "name_kn": "ದೊದ್ದಕಲ್ಲಸಂದ್ರ",
                "stop_id": "21909",
                "lat": 12.88574,
                "lon": 77.5565
              },
              {
                "name": "Doddakallasandra Metro Station",
                "name_kn": "ದೊದ್ದಕಲ್ಲಸಂದ್ರ ಮೆಟ್ರೊ ಸ್ಟಟಿೊಂ",
                "stop_id": "38362",
                "lat": 12.88467,
                "lon": 77.55312
              },
              {
                "name": "Gubbalala Gate",
                "name_kn": "ಗುಬ್ಬಲಲ ಗಟೆ",
                "stop_id": "21982",
                "lat": 12.88423,
                "lon": 77.55153
              },
              {
                "name": "Raghuvanahalli Cross",
                "name_kn": "ರಘುವನಹಲ್ಲಿ ಕ್ರೊಸ್ಸ್",
                "stop_id": "22408",
                "lat": 12.88067,
                "lon": 77.54621
              },
              {
                "name": "Vajarahalli Metro Station",
                "name_kn": "ವಜರಹಲ್ಲಿ ಮೆಟ್ರೊ ಸ್ಟಟಿೊಂ",
                "stop_id": "38360",
                "lat": 12.87768,
                "lon": 77.54498
              },
              {
                "name": "Bayyanapalya",
                "name_kn": "ಬಯೆನಪಲೆ",
                "stop_id": "21723",
                "lat": 12.87558,
                "lon": 77.54374
              },
              {
                "name": "Thalaghattapura Metro Station",
                "name_kn": "ತಲಘಟಪುರ ಮೆಟ್ರೊ ಸ್ಟಟಿೊಂ",
                "stop_id": "37739",
                "lat": 12.87128,
                "lon": 77.53854
              },
              {
                "name": "Thalagattapura",
                "name_kn": "ತಲಗಟಪುರ",
                "stop_id": "22538",
                "lat": 12.86958,
                "lon": 77.53705
              },
              {
                "name": "Vajramuneshwara Gate",
                "name_kn": "ವಜ್ರಮುನೆಶ್ವರ ಗಟೆ",
                "stop_id": "22574",
                "lat": 12.86481,
                "lon": 77.53334
              },
              {
                "name": "Silk Institute Metro Station",
                "name_kn": "ಸಿಲ್ಕ್ ಿಂಸ್ಟಿಟುಟೆ ಮೆಟ್ರೊ ಸ್ಟಟಿೊಂ",
                "stop_id": "35891",
                "lat": 12.8616,
                "lon": 77.52993
              },
              {
                "name": "Jyothi Farm",
                "name_kn": "ಜೆೊತಿ ೞರ್ಂ",
                "stop_id": "23600",
                "lat": 12.85989,
                "lon": 77.529
              },
              {
                "name": "NICE Road",
                "name_kn": "ನಿಕೆ ರೊದ್",
                "stop_id": "22363",
                "lat": 12.85694,
                "lon": 77.52685
              },
              {
                "name": "Chinnayyanapalya Silk Farm",
                "name_kn": "ಚಿಂನಯೆನಪಲೆ ಸಿಲ್ಕ್ ೞರ್ಂ",
                "stop_id": "21844",
                "lat": 12.85356,
                "lon": 77.52343
              },
              {
                "name": "Agara Cross",
                "name_kn": "ಅಗರ ಕ್ರೊಸ್ಸ್",
                "stop_id": "21640",
                "lat": 12.84887,
                "lon": 77.5221
              },
              {
                "name": "Kuppareddy Kere",
                "name_kn": "ಕುಪ್ಪರೆದ್ಠೆ ಕೆರೆ",
                "stop_id": "22216",
                "lat": 12.84268,
                "lon": 77.51789
              },
              {
                "name": "Shanimahathma Temple",
                "name_kn": "ಶನಿಮಹತ್ಮ ಟೆಂಪ್ಲೆ",
                "stop_id": "22474",
                "lat": 12.8372,
                "lon": 77.51626
              },
              {
                "name": "Lakshmipura",
                "name_kn": "ಲಕ್ಷ್ಮಿಪುರ",
                "stop_id": "22220",
                "lat": 12.83321,
                "lon": 77.51377
              },
              {
                "name": "Saalu Doddy",
                "name_kn": "ಸಾಲು ದೊದ್ಠೆ",
                "stop_id": "22437",
                "lat": 12.83067,
                "lon": 77.51313
              },
              {
                "name": "Art Of Living Ravishankar Ashram",
                "name_kn": "ಅರ್ಟ್ ೊೞ್ ಲಿವಿಙ್ ರವಿಶಂಕರ್ ಶ್ರಂ",
                "stop_id": "35673",
                "lat": 12.82858,
                "lon": 77.51277
              },
              {
                "name": "Dayananda Sagar Vidya Samste",
                "name_kn": "ದಯನಂದ ಸಗರ್ ವಿಠೆ ಸಂಸ್ಟೆ",
                "stop_id": "23601",
                "lat": 12.82494,
                "lon": 77.51374
              },
              {
                "name": "Art of Living (Kanakapura Road)",
                "name_kn": "ಅರ್ಟ್ ೊೞ್ ಲಿವಿಙ್ (ಕನಕಪುರ ರೊದ್)",
                "stop_id": "29575",
                "lat": 12.82279,
                "lon": 77.51417
              },
              {
                "name": "Udipalya",
                "name_kn": "ಉದಿಪಲೆ",
                "stop_id": "23602",
                "lat": 12.82044,
                "lon": 77.5142
              },
              {
                "name": "Udayapura",
                "name_kn": "ಉದಯಪುರ",
                "stop_id": "22566",
                "lat": 12.81324,
                "lon": 77.51201
              },
              {
                "name": "Saluhunase",
                "name_kn": "ಸಲುಹುನಸೆ",
                "stop_id": "22446",
                "lat": 12.81092,
                "lon": 77.51158
              },
              {
                "name": "Santekatte",
                "name_kn": "ಸಂಟೆಕಟೆ",
                "stop_id": "23635",
                "lat": 12.8067,
                "lon": 77.51063
              },
              {
                "name": "Kaggalipura",
                "name_kn": "ಕಗ್ಗಲಿಪುರ",
                "stop_id": "22137",
                "lat": 12.80032,
                "lon": 77.50849
              },
              {
                "name": "Pattareddypalya",
                "name_kn": "ಪಟರೆದ್ಠೆಪಲೆ",
                "stop_id": "23604",
                "lat": 12.79451,
                "lon": 77.50544
              },
              {
                "name": "Gandhi Nagara",
                "name_kn": "ಗಂಧಿ ನಗರ",
                "stop_id": "23546",
                "lat": 12.79019,
                "lon": 77.50452
              },
              {
                "name": "KEB Power Hosue",
                "name_kn": "ಕೆಬ್ ಪೌೆರ್ ಹೊಸುೆ",
                "stop_id": "39559",
                "lat": 12.78563,
                "lon": 77.50224
              },
              {
                "name": "Somanahalli Toll",
                "name_kn": "ಸೊಮನಹಲ್ಲಿ ಟೊಲ್ಲ್",
                "stop_id": "39558",
                "lat": 12.78337,
                "lon": 77.50044
              },
              {
                "name": "APS College",
                "name_kn": "ಅಪ್ಸ್ ಕೊಲ್ಲೆಗೆ",
                "stop_id": "23134",
                "lat": 12.78276,
                "lon": 77.49966
              },
              {
                "name": "Somanahalli Gate",
                "name_kn": "ಸೊಮನಹಲ್ಲಿ ಗಟೆ",
                "stop_id": "35171",
                "lat": 12.78049,
                "lon": 77.49674
              },
              {
                "name": "Nelagulli Cross",
                "name_kn": "ನೆಲಗುಲ್ಲಿ ಕ್ರೊಸ್ಸ್",
                "stop_id": "23549",
                "lat": 12.77412,
                "lon": 77.49242
              },
              {
                "name": "Sadhanapalya Gate",
                "name_kn": "ಸಧನಪಲೆ ಗಟೆ",
                "stop_id": "23605",
                "lat": 12.76803,
                "lon": 77.48882
              },
              {
                "name": "Hosa Doddy Gate",
                "name_kn": "ಹೊಸ ದೊದ್ಠೆ ಗಟೆ",
                "stop_id": "23550",
                "lat": 12.76458,
                "lon": 77.48755
              },
              {
                "name": "Nettigere Cross",
                "name_kn": "ನೆಟಿಗೆರೆ ಕ್ರೊಸ್ಸ್",
                "stop_id": "23551",
                "lat": 12.76118,
                "lon": 77.48671
              },
              {
                "name": "Bolare",
                "name_kn": "ಬೊಲರೆ",
                "stop_id": "23552",
                "lat": 12.75429,
                "lon": 77.48468
              },
              {
                "name": "Ravagodlu Gate",
                "name_kn": "ರವಗೊದ್ಲು ಗಟೆ",
                "stop_id": "23553",
                "lat": 12.74897,
                "lon": 77.4865
              },
              {
                "name": "Gantakana Doddy Cross",
                "name_kn": "ಗಂಟಕನ ದೊದ್ಠೆ ಕ್ರೊಸ್ಸ್",
                "stop_id": "23607",
                "lat": 12.74145,
                "lon": 77.48836
              },
              {
                "name": "Yadamadu Kanakapura Road",
                "name_kn": "ಯದಮದು ಕನಕಪುರ ರೊದ್",
                "stop_id": "23608",
                "lat": 12.73537,
                "lon": 77.48809
              },
              {
                "name": "Kaggalahalli",
                "name_kn": "ಕಗ್ಗಲಹಲ್ಲಿ",
                "stop_id": "35077",
                "lat": 12.72772,
                "lon": 77.48694
              },
              {
                "name": "Kanyakumari",
                "name_kn": "ಕನೆಕುಮರಿ",
                "stop_id": "23610",
                "lat": 12.71798,
                "lon": 77.48252
              },
              {
                "name": "New Gabbadi",
                "name_kn": "ನೆವ್ ಗಬ್ಬದಿ",
                "stop_id": "23611",
                "lat": 12.71347,
                "lon": 77.48163
              },
              {
                "name": "Kebbedoddi Gate",
                "name_kn": "ಕೆಬ್ಬೆದೊದ್ದಿ ಗಟೆ",
                "stop_id": "23612",
                "lat": 12.70305,
                "lon": 77.481
              },
              {
                "name": "Harohalli Depot",
                "name_kn": "ಹರೊಹಲ್ಲಿ ದೆಪೊಟ್",
                "stop_id": "23613",
                "lat": 12.69801,
                "lon": 77.47846
              },
              {
                "name": "Harohalli Petrol bunk",
                "name_kn": "ಹರೊಹಲ್ಲಿ ಪೆಟ್ರೊಲ್ ಬುಂಕ್",
                "stop_id": "23614",
                "lat": 12.68712,
                "lon": 77.47494
              },
              {
                "name": "Harohalli",
                "name_kn": "ಹರೊಹಲ್ಲಿ",
                "stop_id": "35155",
                "lat": 12.68009,
                "lon": 77.46966
              }
            ]
          },
          {
            "Route": "210-FA",
            "RouteId": 3470,
            "RouteParentId": 1945,
            "Destination": "Poornaprajna Layout",
            "Via": "",
            "Area": "Shivajinagara Bus Station",
            "PlatformNumber": "SOUTH",
            "KannadaDestination": "ಪೂರ್ನಪ್ರಜ್ನ ಲಯೌಟ್",
            "KannadaArea": "ಶಿವಾಜಿನಗರ ಬಸ್ ನಿಲ್ದಾಣ",
            "KannadaVia": "",
            "FromStationId": 21545,
            "Stops": [
              {
                "name": "Jayanagara Bus Station",
                "name_kn": "ಜಯನಗರ ಬುಸ್ ಸ್ಟಟಿೊಂ",
                "stop_id": "21545",
                "lat": 12.92802,
                "lon": 77.58364
              },
              {
                "name": "Jayanagara Telephone Exchange",
                "name_kn": "ಜಯನಗರ ಟೆಲೆಫೊನೆ ೆಕ್ಸ್ಚಙೆ",
                "stop_id": "21543",
                "lat": 12.9228,
                "lon": 77.58385
              },
              {
                "name": "Jayanagara 38th Cross",
                "name_kn": "ಜಯನಗರ 38ತ್ ಕ್ರೊಸ್ಸ್",
                "stop_id": "21445",
                "lat": 12.92101,
                "lon": 77.58376
              },
              {
                "name": "Jayanagara 40th Cross",
                "name_kn": "ಜಯನಗರ 40ತ್ ಕ್ರೊಸ್ಸ್",
                "stop_id": "21449",
                "lat": 12.91989,
                "lon": 77.58068
              },
              {
                "name": "Sangam Circle",
                "name_kn": "ಸಙಂ ಕಿರ್ಕ್ಲೆ",
                "stop_id": "21148",
                "lat": 12.91704,
                "lon": 77.57875
              },
              {
                "name": "Banashankari Bus Station",
                "name_kn": "ಬನಶಂಕರಿ ಬುಸ್ ಸ್ಟಟಿೊಂ",
                "stop_id": "20623",
                "lat": 12.91779,
                "lon": 77.57272
              },
              {
                "name": "Kadirenahalli Cross",
                "name_kn": "ಕದಿರೆನಹಲ್ಲಿ ಕ್ರೊಸ್ಸ್",
                "stop_id": "20897",
                "lat": 12.91364,
                "lon": 77.56727
              },
              {
                "name": "Kadirenahalli Village",
                "name_kn": "ಕದಿರೆನಹಲ್ಲಿ ವಿಲ್ಲಗೆ",
                "stop_id": "22134",
                "lat": 12.9157,
                "lon": 77.56146
              },
              {
                "name": "Prarthana School",
                "name_kn": "ಪ್ರರ್ತನ ಸ್ಚೂಲ್",
                "stop_id": "22404",
                "lat": 12.91155,
                "lon": 77.5583
              },
              {
                "name": "Gowdanapalya",
                "name_kn": "ಗೌದನಪಲೆ",
                "stop_id": "21979",
                "lat": 12.91157,
                "lon": 77.55608
              },
              {
                "name": "Chikkallasandra Aralimara",
                "name_kn": "ಚಿಕ್ಕಲ್ಲಸಂದ್ರ ರಲಿಮರ",
                "stop_id": "21841",
                "lat": 12.91157,
                "lon": 77.55238
              },
              {
                "name": "Chikkallasandra Bank Colony",
                "name_kn": "ಚಿಕ್ಕಲ್ಲಸಂದ್ರ ಬಂಕ್ ಕೊಲೊನೆ",
                "stop_id": "21843",
                "lat": 12.90914,
                "lon": 77.54927
              },
              {
                "name": "Nano Hospital",
                "name_kn": "ನನೊ ಹೊಸ್ಪಿಟಲ್",
                "stop_id": "22198",
                "lat": 12.90698,
                "lon": 77.54622
              },
              {
                "name": "Uttarahalli",
                "name_kn": "ಉಟರಹಲ್ಲಿ",
                "stop_id": "22571",
                "lat": 12.90575,
                "lon": 77.54257
              },
              {
                "name": "Arehalli",
                "name_kn": "ಅರೆಹಲ್ಲಿ",
                "stop_id": "21659",
                "lat": 12.90849,
                "lon": 77.53855
              },
              {
                "name": "Poornaprajna Layout",
                "name_kn": "ಪೂರ್ನಪ್ರಜ್ನ ಲಯೌಟ್",
                "stop_id": "34271",
                "lat": 12.90877,
                "lon": 77.53592
              }
            ]
          },
          {
            "Route": "375-H",
            "RouteId": 3523,
            "RouteParentId": 1974,
            "Destination": "Kengeri Bus Station",
            "Via": "",
            "Area": "Jayanagara Bus Station",
            "PlatformNumber": "SOUTH",
            "KannadaDestination": "ಕೆಙೆರಿ ಬುಸ್ ಸ್ಟಟಿೊಂ",
            "KannadaArea": "ಜಯನಗರ ಬಸ್ ನಿಲ್ದಾಣ",
            "KannadaVia": "",
            "FromStationId": 21545,
            "Stops": [
              {
                "name": "Jayanagara Bus Station",
                "name_kn": "ಜಯನಗರ ಬುಸ್ ಸ್ಟಟಿೊಂ",
                "stop_id": "21545",
                "lat": 12.92802,
                "lon": 77.58364
              },
              {
                "name": "Jayanagara Telephone Exchange",
                "name_kn": "ಜಯನಗರ ಟೆಲೆಫೊನೆ ೆಕ್ಸ್ಚಙೆ",
                "stop_id": "21543",
                "lat": 12.9228,
                "lon": 77.58385
              },
              {
                "name": "Jayanagara 38th Cross",
                "name_kn": "ಜಯನಗರ 38ತ್ ಕ್ರೊಸ್ಸ್",
                "stop_id": "21445",
                "lat": 12.92101,
                "lon": 77.58376
              },
              {
                "name": "Jayanagara 40th Cross",
                "name_kn": "ಜಯನಗರ 40ತ್ ಕ್ರೊಸ್ಸ್",
                "stop_id": "21449",
                "lat": 12.91989,
                "lon": 77.58068
              },
              {
                "name": "Sangam Circle",
                "name_kn": "ಸಙಂ ಕಿರ್ಕ್ಲೆ",
                "stop_id": "21148",
                "lat": 12.91704,
                "lon": 77.57875
              },
              {
                "name": "Banashankari Bus Station",
                "name_kn": "ಬನಶಂಕರಿ ಬುಸ್ ಸ್ಟಟಿೊಂ",
                "stop_id": "20624",
                "lat": 12.91736,
                "lon": 77.5727
              },
              {
                "name": "Kadirenahalli Cross",
                "name_kn": "ಕದಿರೆನಹಲ್ಲಿ ಕ್ರೊಸ್ಸ್",
                "stop_id": "20897",
                "lat": 12.91364,
                "lon": 77.56727
              },
              {
                "name": "Kadirenahalli Village",
                "name_kn": "ಕದಿರೆನಹಲ್ಲಿ ವಿಲ್ಲಗೆ",
                "stop_id": "22134",
                "lat": 12.9157,
                "lon": 77.56146
              },
              {
                "name": "Prarthana School",
                "name_kn": "ಪ್ರರ್ತನ ಸ್ಚೂಲ್",
                "stop_id": "22404",
                "lat": 12.91155,
                "lon": 77.5583
              },
              {
                "name": "Gowdanapalya",
                "name_kn": "ಗೌದನಪಲೆ",
                "stop_id": "21979",
                "lat": 12.91157,
                "lon": 77.55608
              },
              {
                "name": "Chikkallasandra Aralimara",
                "name_kn": "ಚಿಕ್ಕಲ್ಲಸಂದ್ರ ರಲಿಮರ",
                "stop_id": "21841",
                "lat": 12.91157,
                "lon": 77.55238
              },
              {
                "name": "Chikkallasandra Bank Colony",
                "name_kn": "ಚಿಕ್ಕಲ್ಲಸಂದ್ರ ಬಂಕ್ ಕೊಲೊನೆ",
                "stop_id": "21843",
                "lat": 12.90914,
                "lon": 77.54927
              },
              {
                "name": "Nano Hospital",
                "name_kn": "ನನೊ ಹೊಸ್ಪಿಟಲ್",
                "stop_id": "22198",
                "lat": 12.90698,
                "lon": 77.54622
              },
              {
                "name": "Uttarahalli",
                "name_kn": "ಉಟರಹಲ್ಲಿ",
                "stop_id": "22571",
                "lat": 12.90575,
                "lon": 77.54257
              },
              {
                "name": "Arehalli",
                "name_kn": "ಅರೆಹಲ್ಲಿ",
                "stop_id": "21659",
                "lat": 12.90849,
                "lon": 77.53855
              },
              {
                "name": "Poornaprajna Layout",
                "name_kn": "ಪೂರ್ನಪ್ರಜ್ನ ಲಯೌಟ್",
                "stop_id": "34271",
                "lat": 12.90877,
                "lon": 77.53592
              },
              {
                "name": "Poornaprajna Layout Water Tank",
                "name_kn": "ಪೂರ್ನಪ್ರಜ್ನ ಲಯೌಟ್ ವಟೆರ್ ಟಂಕ್",
                "stop_id": "22573",
                "lat": 12.90841,
                "lon": 77.53463
              },
              {
                "name": "Patalamma Temple",
                "name_kn": "ಪಟಲಮ್ಮ ಟೆಂಪ್ಲೆ",
                "stop_id": "22376",
                "lat": 12.90477,
                "lon": 77.53014
              },
              {
                "name": "Mantri Alpyne Apartment",
                "name_kn": "ಮಂಟ್ರಿ ಲ್ಪೆನೆ ಪರ್ಟ್ಮೆಂಟ್",
                "stop_id": "28772",
                "lat": 12.90453,
                "lon": 77.52725
              },
              {
                "name": "Channasandra",
                "name_kn": "ಚಂನಸಂದ್ರ",
                "stop_id": "21823",
                "lat": 12.90281,
                "lon": 77.52127
              },
              {
                "name": "Channasandra Colony",
                "name_kn": "ಚಂನಸಂದ್ರ ಕೊಲೊನೆ",
                "stop_id": "21825",
                "lat": 12.90331,
                "lon": 77.5164
              },
              {
                "name": "Indo American Hybrid Farm",
                "name_kn": "ಇಂದೊ ಮೆರಿಕಂ ಹೆಬ್ರಿದ್ ೞರ್ಂ",
                "stop_id": "22077",
                "lat": 12.90402,
                "lon": 77.51245
              },
              {
                "name": "JSS College",
                "name_kn": "ಜ್ಸ್ಸ್ ಕೊಲ್ಲೆಗೆ",
                "stop_id": "22122",
                "lat": 12.90382,
                "lon": 77.50828
              },
              {
                "name": "Omkar Hills",
                "name_kn": "ಒಂಕರ್ ಹಿಲ್ಲ್ಸ್",
                "stop_id": "22373",
                "lat": 12.90473,
                "lon": 77.50461
              },
              {
                "name": "BGS Health City Gate Abhiman Studio",
                "name_kn": "ಬ್ಗ್ಸ್ ಹೆಲ್ತ್ ಕಿಟೆ ಗಟೆ ಭಿಮಂ ಸ್ಟುದಿೊ",
                "stop_id": "21754",
                "lat": 12.90706,
                "lon": 77.49915
              },
              {
                "name": "Savandarbar Ashrama",
                "name_kn": "ಸವಂದರ್ಬರ್ ಶ್ರಮ",
                "stop_id": "22466",
                "lat": 12.90934,
                "lon": 77.49249
              },
              {
                "name": "Kodihalli Gate/Gollahallii Jn",
                "name_kn": "ಕೊದಿಹಲ್ಲಿ ಗಟೆ/ಗೊಲ್ಲಹಲ್ಲೀ ಜ್ಂ",
                "stop_id": "22113",
                "lat": 12.90758,
                "lon": 77.48887
              },
              {
                "name": "Kengeri Bus Station",
                "name_kn": "ಕೆಙೆರಿ ಬುಸ್ ಸ್ಟಟಿೊಂ",
                "stop_id": "20925",
                "lat": 12.91379,
                "lon": 77.4871
              }
            ]
          },
          {
            "Route": "210-G",
            "RouteId": 3790,
            "RouteParentId": 2113,
            "Destination": "Vasanthapura",
            "Via": "",
            "Area": "Shivajinagara Bus Station",
            "PlatformNumber": "SOUTH",
            "KannadaDestination": "ವಸಂತಪುರ",
            "KannadaArea": "ಶಿವಾಜಿನಗರ ಬಸ್ ನಿಲ್ದಾಣ",
            "KannadaVia": "",
            "FromStationId": 21545,
            "Stops": [
              {
                "name": "Jayanagara Bus Station",
                "name_kn": "ಜಯನಗರ ಬುಸ್ ಸ್ಟಟಿೊಂ",
                "stop_id": "21545",
                "lat": 12.92802,
                "lon": 77.58364
              },
              {
                "name": "Jayanagara Telephone Exchange",
                "name_kn": "ಜಯನಗರ ಟೆಲೆಫೊನೆ ೆಕ್ಸ್ಚಙೆ",
                "stop_id": "21543",
                "lat": 12.9228,
                "lon": 77.58385
              },
              {
                "name": "Jayanagara 38th Cross",
                "name_kn": "ಜಯನಗರ 38ತ್ ಕ್ರೊಸ್ಸ್",
                "stop_id": "21445",
                "lat": 12.92101,
                "lon": 77.58376
              },
              {
                "name": "Jayanagara 40th Cross",
                "name_kn": "ಜಯನಗರ 40ತ್ ಕ್ರೊಸ್ಸ್",
                "stop_id": "21449",
                "lat": 12.91989,
                "lon": 77.58068
              },
              {
                "name": "Sangam Circle",
                "name_kn": "ಸಙಂ ಕಿರ್ಕ್ಲೆ",
                "stop_id": "21148",
                "lat": 12.91704,
                "lon": 77.57875
              },
              {
                "name": "Banashankari Bus Station",
                "name_kn": "ಬನಶಂಕರಿ ಬುಸ್ ಸ್ಟಟಿೊಂ",
                "stop_id": "20624",
                "lat": 12.91736,
                "lon": 77.5727
              },
              {
                "name": "Banashankari Hunasemara",
                "name_kn": "ಬನಶಂಕರಿ ಹುನಸೆಮರ",
                "stop_id": "21713",
                "lat": 12.92084,
                "lon": 77.57414
              },
              {
                "name": "Monotype Corporation",
                "name_kn": "ಮೊನೊಟೆಪೆ ಕೊರ್ಪೊರಟಿೊಂ",
                "stop_id": "22295",
                "lat": 12.92154,
                "lon": 77.57104
              },
              {
                "name": "Kaveri Nagara",
                "name_kn": "ಕವೆರಿ ನಗರ",
                "stop_id": "35150",
                "lat": 12.91986,
                "lon": 77.56931
              },
              {
                "name": "Yarab Nagara",
                "name_kn": "ಯರಬ್ ನಗರ",
                "stop_id": "22631",
                "lat": 12.91657,
                "lon": 77.56914
              },
              {
                "name": "Kadirenahalli Cross",
                "name_kn": "ಕದಿರೆನಹಲ್ಲಿ ಕ್ರೊಸ್ಸ್",
                "stop_id": "20897",
                "lat": 12.91364,
                "lon": 77.56727
              },
              {
                "name": "Dayananda Sagar College",
                "name_kn": "ದಯನಂದ ಸಗರ್ ಕೊಲ್ಲೆಗೆ",
                "stop_id": "21874",
                "lat": 12.90948,
                "lon": 77.56553
              },
              {
                "name": "Kumaraswamy Layout Police Station",
                "name_kn": "ಕುಮರಸ್ವಮೆ ಲಯೌಟ್ ಪೊಲಿಕೆ ಸ್ಟಟಿೊಂ",
                "stop_id": "22213",
                "lat": 12.9053,
                "lon": 77.56274
              },
              {
                "name": "Kumaraswamy Layout",
                "name_kn": "ಕುಮರಸ್ವಮೆ ಲಯೌಟ್",
                "stop_id": "22211",
                "lat": 12.90313,
                "lon": 77.56165
              },
              {
                "name": "West Cross Kumaraswamy Layout",
                "name_kn": "ವೆಸ್ಟ್ ಕ್ರೊಸ್ಸ್ ಕುಮರಸ್ವಮೆ ಲಯೌಟ್",
                "stop_id": "22619",
                "lat": 12.90094,
                "lon": 77.55993
              },
              {
                "name": "ISRO Layout",
                "name_kn": "ಇಸ್ರೊ ಲಯೌಟ್",
                "stop_id": "22080",
                "lat": 12.89978,
                "lon": 77.5585
              },
              {
                "name": "Bikashipura",
                "name_kn": "ಬಿಕಶಿಪುರ",
                "stop_id": "35405",
                "lat": 12.89818,
                "lon": 77.55768
              },
              {
                "name": "Pipeline ISRO Layout",
                "name_kn": "ಪಿಪೆಲಿನೆ ಿಸ್ರೊ ಲಯೌಟ್",
                "stop_id": "22386",
                "lat": 12.89515,
                "lon": 77.5551
              },
              {
                "name": "Vasanthapura",
                "name_kn": "ವಸಂತಪುರ",
                "stop_id": "22588",
                "lat": 12.89635,
                "lon": 77.55242
              }
            ]
          },
          {
            "Route": "210-Q",
            "RouteId": 3799,
            "RouteParentId": 2118,
            "Destination": "Chikkallasandra",
            "Via": "",
            "Area": "Shivajinagara Bus Station",
            "PlatformNumber": "SOUTH",
            "KannadaDestination": "ಚಿಕ್ಕಲ್ಲಸಂದ್ರ",
            "KannadaArea": "ಶಿವಾಜಿನಗರ ಬಸ್ ನಿಲ್ದಾಣ",
            "KannadaVia": "",
            "FromStationId": 21545,
            "Stops": [
              {
                "name": "Jayanagara Bus Station",
                "name_kn": "ಜಯನಗರ ಬುಸ್ ಸ್ಟಟಿೊಂ",
                "stop_id": "21545",
                "lat": 12.92802,
                "lon": 77.58364
              },
              {
                "name": "Jayanagara Telephone Exchange",
                "name_kn": "ಜಯನಗರ ಟೆಲೆಫೊನೆ ೆಕ್ಸ್ಚಙೆ",
                "stop_id": "21543",
                "lat": 12.9228,
                "lon": 77.58385
              },
              {
                "name": "Jayanagara 38th Cross",
                "name_kn": "ಜಯನಗರ 38ತ್ ಕ್ರೊಸ್ಸ್",
                "stop_id": "21445",
                "lat": 12.92101,
                "lon": 77.58376
              },
              {
                "name": "Jayanagara 40th Cross",
                "name_kn": "ಜಯನಗರ 40ತ್ ಕ್ರೊಸ್ಸ್",
                "stop_id": "21449",
                "lat": 12.91989,
                "lon": 77.58068
              },
              {
                "name": "Sangam Circle",
                "name_kn": "ಸಙಂ ಕಿರ್ಕ್ಲೆ",
                "stop_id": "21148",
                "lat": 12.91704,
                "lon": 77.57875
              },
              {
                "name": "Banashankari Bus Station",
                "name_kn": "ಬನಶಂಕರಿ ಬುಸ್ ಸ್ಟಟಿೊಂ",
                "stop_id": "20623",
                "lat": 12.91779,
                "lon": 77.57272
              },
              {
                "name": "Kadirenahalli Cross",
                "name_kn": "ಕದಿರೆನಹಲ್ಲಿ ಕ್ರೊಸ್ಸ್",
                "stop_id": "20897",
                "lat": 12.91364,
                "lon": 77.56727
              },
              {
                "name": "Kadirenahalli Village",
                "name_kn": "ಕದಿರೆನಹಲ್ಲಿ ವಿಲ್ಲಗೆ",
                "stop_id": "22134",
                "lat": 12.9157,
                "lon": 77.56146
              },
              {
                "name": "Prarthana School",
                "name_kn": "ಪ್ರರ್ತನ ಸ್ಚೂಲ್",
                "stop_id": "22404",
                "lat": 12.91155,
                "lon": 77.5583
              },
              {
                "name": "Gowdanapalya",
                "name_kn": "ಗೌದನಪಲೆ",
                "stop_id": "21979",
                "lat": 12.91157,
                "lon": 77.55608
              },
              {
                "name": "Chikkallasandra Aralimara",
                "name_kn": "ಚಿಕ್ಕಲ್ಲಸಂದ್ರ ರಲಿಮರ",
                "stop_id": "21841",
                "lat": 12.91157,
                "lon": 77.55238
              },
              {
                "name": "Chikkallasandra",
                "name_kn": "ಚಿಕ್ಕಲ್ಲಸಂದ್ರ",
                "stop_id": "24575",
                "lat": 12.91507,
                "lon": 77.55198
              }
            ]
          },
          {
            "Route": "215-U",
            "RouteId": 4213,
            "RouteParentId": 2316,
            "Destination": "Kothanuru Hari Nagara",
            "Via": "",
            "Area": "Shivajinagara Bus Station",
            "PlatformNumber": "SOUTH",
            "KannadaDestination": "ಕೊತನುರು ಹರಿ ನಗರ",
            "KannadaArea": "ಶಿವಾಜಿನಗರ ಬಸ್ ನಿಲ್ದಾಣ",
            "KannadaVia": "",
            "FromStationId": 21545,
            "Stops": [
              {
                "name": "Jayanagara Bus Station",
                "name_kn": "ಜಯನಗರ ಬುಸ್ ಸ್ಟಟಿೊಂ",
                "stop_id": "21545",
                "lat": 12.92802,
                "lon": 77.58364
              },
              {
                "name": "Jayanagara Telephone Exchange",
                "name_kn": "ಜಯನಗರ ಟೆಲೆಫೊನೆ ೆಕ್ಸ್ಚಙೆ",
                "stop_id": "21543",
                "lat": 12.9228,
                "lon": 77.58385
              },
              {
                "name": "Jayanagara 38th Cross",
                "name_kn": "ಜಯನಗರ 38ತ್ ಕ್ರೊಸ್ಸ್",
                "stop_id": "21445",
                "lat": 12.92101,
                "lon": 77.58376
              },
              {
                "name": "Jayanagara 40th Cross",
                "name_kn": "ಜಯನಗರ 40ತ್ ಕ್ರೊಸ್ಸ್",
                "stop_id": "21449",
                "lat": 12.91989,
                "lon": 77.58068
              },
              {
                "name": "Sangam Circle",
                "name_kn": "ಸಙಂ ಕಿರ್ಕ್ಲೆ",
                "stop_id": "21148",
                "lat": 12.91704,
                "lon": 77.57875
              },
              {
                "name": "Banashankari",
                "name_kn": "ಬನಶಂಕರಿ",
                "stop_id": "21711",
                "lat": 12.91631,
                "lon": 77.57373
              },
              {
                "name": "Sarakki",
                "name_kn": "ಸರಕ್ಕಿ",
                "stop_id": "22459",
                "lat": 12.9097,
                "lon": 77.57299
              },
              {
                "name": "Jaraganahalli Cross",
                "name_kn": "ಜರಗನಹಲ್ಲಿ ಕ್ರೊಸ್ಸ್",
                "stop_id": "22101",
                "lat": 12.9014,
                "lon": 77.57344
              },
              {
                "name": "Yalachenahalli",
                "name_kn": "ಯಲಚೆನಹಲ್ಲಿ",
                "stop_id": "22638",
                "lat": 12.89764,
                "lon": 77.57167
              },
              {
                "name": "Ganapathipura",
                "name_kn": "ಗನಪತಿಪುರ",
                "stop_id": "32624",
                "lat": 12.89338,
                "lon": 77.57192
              },
              {
                "name": "Bekary Chunchaghatta",
                "name_kn": "ಬೆಕರೆ ಚುಂಚಘಟ",
                "stop_id": "31945",
                "lat": 12.88652,
                "lon": 77.57071
              },
              {
                "name": "Chunchaghatta",
                "name_kn": "ಚುಂಚಘಟ",
                "stop_id": "24694",
                "lat": 12.88558,
                "lon": 77.57487
              },
              {
                "name": "Maruthi School",
                "name_kn": "ಮರುತಿ ಸ್ಚೂಲ್",
                "stop_id": "33870",
                "lat": 12.88128,
                "lon": 77.57587
              },
              {
                "name": "Kothanuru Hari Nagara",
                "name_kn": "ಕೊತನುರು ಹರಿ ನಗರ",
                "stop_id": "31248",
                "lat": 12.87655,
                "lon": 77.5772
              }
            ]
          },
          {
            "Route": "215-R",
            "RouteId": 4224,
            "RouteParentId": 2322,
            "Destination": "Kothanuru Hari Nagara",
            "Via": "",
            "Area": "Kempegowda Bus Station",
            "PlatformNumber": "SOUTH",
            "KannadaDestination": "ಕೊತನುರು ಹರಿ ನಗರ",
            "KannadaArea": "ಕೆಂಪೇಗೌಡ ಬಸ್ ನಿಲ್ದಾಣ",
            "KannadaVia": "",
            "FromStationId": 21545,
            "Stops": [
              {
                "name": "Jayanagara Bus Station",
                "name_kn": "ಜಯನಗರ ಬುಸ್ ಸ್ಟಟಿೊಂ",
                "stop_id": "21545",
                "lat": 12.92802,
                "lon": 77.58364
              },
              {
                "name": "Jayanagara Telephone Exchange",
                "name_kn": "ಜಯನಗರ ಟೆಲೆಫೊನೆ ೆಕ್ಸ್ಚಙೆ",
                "stop_id": "21543",
                "lat": 12.9228,
                "lon": 77.58385
              },
              {
                "name": "Jayanagara 38th Cross",
                "name_kn": "ಜಯನಗರ 38ತ್ ಕ್ರೊಸ್ಸ್",
                "stop_id": "21445",
                "lat": 12.92101,
                "lon": 77.58376
              },
              {
                "name": "Jayanagara 40th Cross",
                "name_kn": "ಜಯನಗರ 40ತ್ ಕ್ರೊಸ್ಸ್",
                "stop_id": "21449",
                "lat": 12.91989,
                "lon": 77.58068
              },
              {
                "name": "Sangam Circle",
                "name_kn": "ಸಙಂ ಕಿರ್ಕ್ಲೆ",
                "stop_id": "21148",
                "lat": 12.91704,
                "lon": 77.57875
              },
              {
                "name": "Banashankari",
                "name_kn": "ಬನಶಂಕರಿ",
                "stop_id": "21711",
                "lat": 12.91631,
                "lon": 77.57373
              },
              {
                "name": "Sarakki",
                "name_kn": "ಸರಕ್ಕಿ",
                "stop_id": "22459",
                "lat": 12.9097,
                "lon": 77.57299
              },
              {
                "name": "Sarakki Signal",
                "name_kn": "ಸರಕ್ಕಿ ಸಿಗ್ನಲ್",
                "stop_id": "28162",
                "lat": 12.9067,
                "lon": 77.57334
              },
              {
                "name": "JP Nagara Metro Station",
                "name_kn": "ಜ್ಪ್ ನಗರ ಮೆಟ್ರೊ ಸ್ಟಟಿೊಂ",
                "stop_id": "35926",
                "lat": 12.908,
                "lon": 77.57312
              },
              {
                "name": "Jaraganahalli Cross",
                "name_kn": "ಜರಗನಹಲ್ಲಿ ಕ್ರೊಸ್ಸ್",
                "stop_id": "22101",
                "lat": 12.9014,
                "lon": 77.57344
              },
              {
                "name": "Yalachenahalli",
                "name_kn": "ಯಲಚೆನಹಲ್ಲಿ",
                "stop_id": "22638",
                "lat": 12.89764,
                "lon": 77.57167
              },
              {
                "name": "Ganapathipura",
                "name_kn": "ಗನಪತಿಪುರ",
                "stop_id": "32624",
                "lat": 12.89338,
                "lon": 77.57192
              },
              {
                "name": "Bekary Chunchaghatta",
                "name_kn": "ಬೆಕರೆ ಚುಂಚಘಟ",
                "stop_id": "31945",
                "lat": 12.88652,
                "lon": 77.57071
              },
              {
                "name": "Chunchaghatta",
                "name_kn": "ಚುಂಚಘಟ",
                "stop_id": "24694",
                "lat": 12.88558,
                "lon": 77.57487
              },
              {
                "name": "Maruthi School",
                "name_kn": "ಮರುತಿ ಸ್ಚೂಲ್",
                "stop_id": "33870",
                "lat": 12.88128,
                "lon": 77.57587
              },
              {
                "name": "Kothanuru Hari Nagara",
                "name_kn": "ಕೊತನುರು ಹರಿ ನಗರ",
                "stop_id": "31248",
                "lat": 12.87655,
                "lon": 77.5772
              }
            ]
          },
          {
            "Route": "215-NG",
            "RouteId": 4229,
            "RouteParentId": 2325,
            "Destination": "Narayananagara 3rd Stage",
            "Via": "",
            "Area": "Jayanagara Bus Station",
            "PlatformNumber": "SOUTH",
            "KannadaDestination": "ನರಯನನಗರ 3ರ್ದ್ ಸ್ಟಗೆ",
            "KannadaArea": "ಜಯನಗರ ಬಸ್ ನಿಲ್ದಾಣ",
            "KannadaVia": "",
            "FromStationId": 21545,
            "Stops": [
              {
                "name": "Jayanagara Bus Station",
                "name_kn": "ಜಯನಗರ ಬುಸ್ ಸ್ಟಟಿೊಂ",
                "stop_id": "21545",
                "lat": 12.92802,
                "lon": 77.58364
              },
              {
                "name": "Jayanagara Telephone Exchange",
                "name_kn": "ಜಯನಗರ ಟೆಲೆಫೊನೆ ೆಕ್ಸ್ಚಙೆ",
                "stop_id": "21543",
                "lat": 12.9228,
                "lon": 77.58385
              },
              {
                "name": "Jayanagara 38th Cross",
                "name_kn": "ಜಯನಗರ 38ತ್ ಕ್ರೊಸ್ಸ್",
                "stop_id": "21445",
                "lat": 12.92101,
                "lon": 77.58376
              },
              {
                "name": "Jayanagara 40th Cross",
                "name_kn": "ಜಯನಗರ 40ತ್ ಕ್ರೊಸ್ಸ್",
                "stop_id": "21449",
                "lat": 12.91989,
                "lon": 77.58068
              },
              {
                "name": "Sangam Circle",
                "name_kn": "ಸಙಂ ಕಿರ್ಕ್ಲೆ",
                "stop_id": "21148",
                "lat": 12.91704,
                "lon": 77.57875
              },
              {
                "name": "Banashankari",
                "name_kn": "ಬನಶಂಕರಿ",
                "stop_id": "21711",
                "lat": 12.91631,
                "lon": 77.57373
              },
              {
                "name": "Sarakki",
                "name_kn": "ಸರಕ್ಕಿ",
                "stop_id": "22459",
                "lat": 12.9097,
                "lon": 77.57299
              },
              {
                "name": "JP Nagara Metro Station",
                "name_kn": "ಜ್ಪ್ ನಗರ ಮೆಟ್ರೊ ಸ್ಟಟಿೊಂ",
                "stop_id": "35926",
                "lat": 12.908,
                "lon": 77.57312
              },
              {
                "name": "Jaraganahalli Cross",
                "name_kn": "ಜರಗನಹಲ್ಲಿ ಕ್ರೊಸ್ಸ್",
                "stop_id": "22101",
                "lat": 12.9014,
                "lon": 77.57344
              },
              {
                "name": "Yalachenahalli",
                "name_kn": "ಯಲಚೆನಹಲ್ಲಿ",
                "stop_id": "22638",
                "lat": 12.89764,
                "lon": 77.57167
              },
              {
                "name": "Metro",
                "name_kn": "ಮೆಟ್ರೊ",
                "stop_id": "22284",
                "lat": 12.89336,
                "lon": 77.56772
              },
              {
                "name": "Konanakunte Cross",
                "name_kn": "ಕೊನನಕುಂಟೆ ಕ್ರೊಸ್ಸ್",
                "stop_id": "22190",
                "lat": 12.89053,
                "lon": 77.56459
              },
              {
                "name": "Konanakunte",
                "name_kn": "ಕೊನನಕುಂಟೆ",
                "stop_id": "22188",
                "lat": 12.88617,
                "lon": 77.56658
              },
              {
                "name": "Sowdamini Kalyana Mantapa",
                "name_kn": "ಸೌದಮಿನಿ ಕಲೆನ ಮಂಟಪ",
                "stop_id": "22507",
                "lat": 12.88387,
                "lon": 77.56663
              },
              {
                "name": "Hari Nagara Cross",
                "name_kn": "ಹರಿ ನಗರ ಕ್ರೊಸ್ಸ್",
                "stop_id": "22015",
                "lat": 12.87907,
                "lon": 77.5673
              },
              {
                "name": "Glass Factory",
                "name_kn": "ಗ್ಲಸ್ಸ್ ೞಕ್ಟೊರೆ",
                "stop_id": "21964",
                "lat": 12.87655,
                "lon": 77.56693
              },
              {
                "name": "Avalahalli",
                "name_kn": "ಅವಲಹಲ್ಲಿ",
                "stop_id": "21679",
                "lat": 12.87283,
                "lon": 77.56661
              },
              {
                "name": "Avalahalli BDA Layout",
                "name_kn": "ಅವಲಹಲ್ಲಿ ಬ್ದ ಲಯೌಟ್",
                "stop_id": "35661",
                "lat": 12.87383,
                "lon": 77.56154
              },
              {
                "name": "Narayana Nagara Cross",
                "name_kn": "ನರಯನ ನಗರ ಕ್ರೊಸ್ಸ್",
                "stop_id": "29325",
                "lat": 12.87939,
                "lon": 77.55384
              },
              {
                "name": "Narayananagara 3rd Stage",
                "name_kn": "ನರಯನನಗರ 3ರ್ದ್ ಸ್ಟಗೆ",
                "stop_id": "34108",
                "lat": 12.87911,
                "lon": 77.55845
              }
            ]
          },
          {
            "Route": "210-T",
            "RouteId": 4357,
            "RouteParentId": 2400,
            "Destination": "Pratyangira Temple Turahalli",
            "Via": "",
            "Area": "Shivajinagara Bus Station",
            "PlatformNumber": "SOUTH",
            "KannadaDestination": "ಪ್ರಟೆಙಿರ ಟೆಂಪ್ಲೆ ಟುರಹಲ್ಲಿ",
            "KannadaArea": "ಶಿವಾಜಿನಗರ ಬಸ್ ನಿಲ್ದಾಣ",
            "KannadaVia": "",
            "FromStationId": 21545,
            "Stops": [
              {
                "name": "Jayanagara Bus Station",
                "name_kn": "ಜಯನಗರ ಬುಸ್ ಸ್ಟಟಿೊಂ",
                "stop_id": "21545",
                "lat": 12.92802,
                "lon": 77.58364
              },
              {
                "name": "Jayanagara Telephone Exchange",
                "name_kn": "ಜಯನಗರ ಟೆಲೆಫೊನೆ ೆಕ್ಸ್ಚಙೆ",
                "stop_id": "21543",
                "lat": 12.9228,
                "lon": 77.58385
              },
              {
                "name": "Jayanagara 38th Cross",
                "name_kn": "ಜಯನಗರ 38ತ್ ಕ್ರೊಸ್ಸ್",
                "stop_id": "21445",
                "lat": 12.92101,
                "lon": 77.58376
              },
              {
                "name": "Jayanagara 40th Cross",
                "name_kn": "ಜಯನಗರ 40ತ್ ಕ್ರೊಸ್ಸ್",
                "stop_id": "21449",
                "lat": 12.91989,
                "lon": 77.58068
              },
              {
                "name": "Sangam Circle",
                "name_kn": "ಸಙಂ ಕಿರ್ಕ್ಲೆ",
                "stop_id": "21148",
                "lat": 12.91704,
                "lon": 77.57875
              },
              {
                "name": "Banashankari Bus Station",
                "name_kn": "ಬನಶಂಕರಿ ಬುಸ್ ಸ್ಟಟಿೊಂ",
                "stop_id": "20623",
                "lat": 12.91779,
                "lon": 77.57272
              },
              {
                "name": "Kadirenahalli Cross",
                "name_kn": "ಕದಿರೆನಹಲ್ಲಿ ಕ್ರೊಸ್ಸ್",
                "stop_id": "20897",
                "lat": 12.91364,
                "lon": 77.56727
              },
              {
                "name": "Kadirenahalli Village",
                "name_kn": "ಕದಿರೆನಹಲ್ಲಿ ವಿಲ್ಲಗೆ",
                "stop_id": "22134",
                "lat": 12.9157,
                "lon": 77.56146
              },
              {
                "name": "Prarthana School",
                "name_kn": "ಪ್ರರ್ತನ ಸ್ಚೂಲ್",
                "stop_id": "22404",
                "lat": 12.91155,
                "lon": 77.5583
              },
              {
                "name": "Gowdanapalya",
                "name_kn": "ಗೌದನಪಲೆ",
                "stop_id": "21979",
                "lat": 12.91157,
                "lon": 77.55608
              },
              {
                "name": "Chikkallasandra Aralimara",
                "name_kn": "ಚಿಕ್ಕಲ್ಲಸಂದ್ರ ರಲಿಮರ",
                "stop_id": "21841",
                "lat": 12.91157,
                "lon": 77.55238
              },
              {
                "name": "Chikkallasandra Bank Colony",
                "name_kn": "ಚಿಕ್ಕಲ್ಲಸಂದ್ರ ಬಂಕ್ ಕೊಲೊನೆ",
                "stop_id": "21843",
                "lat": 12.90914,
                "lon": 77.54927
              },
              {
                "name": "Nano Hospital",
                "name_kn": "ನನೊ ಹೊಸ್ಪಿಟಲ್",
                "stop_id": "22198",
                "lat": 12.90698,
                "lon": 77.54622
              },
              {
                "name": "Uttarahalli Bus Stand",
                "name_kn": "ಉಟರಹಲ್ಲಿ ಬುಸ್ ಸ್ಟಂದ್",
                "stop_id": "22569",
                "lat": 12.90535,
                "lon": 77.54327
              },
              {
                "name": "Subramanyapura Police Station",
                "name_kn": "ಸುಬ್ರಮನೆಪುರ ಪೊಲಿಕೆ ಸ್ಟಟಿೊಂ",
                "stop_id": "22393",
                "lat": 12.90149,
                "lon": 77.54417
              },
              {
                "name": "Subramanyapura Post Office",
                "name_kn": "ಸುಬ್ರಮನೆಪುರ ಪೊಸ್ಟ್ ೊೞ್ೞಿಕೆ",
                "stop_id": "34276",
                "lat": 12.89878,
                "lon": 77.54389
              },
              {
                "name": "Shanimahathma Temple",
                "name_kn": "ಶನಿಮಹತ್ಮ ಟೆಂಪ್ಲೆ",
                "stop_id": "34513",
                "lat": 12.8934,
                "lon": 77.54338
              },
              {
                "name": "Turahalli Cross",
                "name_kn": "ಟುರಹಲ್ಲಿ ಕ್ರೊಸ್ಸ್",
                "stop_id": "39647",
                "lat": 12.89339,
                "lon": 77.53819
              },
              {
                "name": "Pratyangira Temple Turahalli",
                "name_kn": "ಪ್ರಟೆಙಿರ ಟೆಂಪ್ಲೆ ಟುರಹಲ್ಲಿ",
                "stop_id": "34282",
                "lat": 12.89259,
                "lon": 77.53668
              }
            ]
          },
          {
            "Route": "210-G SBS-ISRLO-PPLO",
            "RouteId": 4479,
            "RouteParentId": 2461,
            "Destination": "Poornaprajna Layout",
            "Via": "",
            "Area": "Shivajinagara Bus Station",
            "PlatformNumber": "SOUTH",
            "KannadaDestination": "ಪೂರ್ನಪ್ರಜ್ನ ಲಯೌಟ್",
            "KannadaArea": "ಶಿವಾಜಿನಗರ ಬಸ್ ನಿಲ್ದಾಣ",
            "KannadaVia": "",
            "FromStationId": 21545,
            "Stops": [
              {
                "name": "Jayanagara Bus Station",
                "name_kn": "ಜಯನಗರ ಬುಸ್ ಸ್ಟಟಿೊಂ",
                "stop_id": "21545",
                "lat": 12.92802,
                "lon": 77.58364
              },
              {
                "name": "Jayanagara Telephone Exchange",
                "name_kn": "ಜಯನಗರ ಟೆಲೆಫೊನೆ ೆಕ್ಸ್ಚಙೆ",
                "stop_id": "21543",
                "lat": 12.9228,
                "lon": 77.58385
              },
              {
                "name": "Jayanagara 38th Cross",
                "name_kn": "ಜಯನಗರ 38ತ್ ಕ್ರೊಸ್ಸ್",
                "stop_id": "21445",
                "lat": 12.92101,
                "lon": 77.58376
              },
              {
                "name": "Jayanagara 40th Cross",
                "name_kn": "ಜಯನಗರ 40ತ್ ಕ್ರೊಸ್ಸ್",
                "stop_id": "21449",
                "lat": 12.91989,
                "lon": 77.58068
              },
              {
                "name": "Sangam Circle",
                "name_kn": "ಸಙಂ ಕಿರ್ಕ್ಲೆ",
                "stop_id": "21148",
                "lat": 12.91704,
                "lon": 77.57875
              },
              {
                "name": "Banashankari Bus Station",
                "name_kn": "ಬನಶಂಕರಿ ಬುಸ್ ಸ್ಟಟಿೊಂ",
                "stop_id": "20623",
                "lat": 12.91779,
                "lon": 77.57272
              },
              {
                "name": "Kadirenahalli Cross",
                "name_kn": "ಕದಿರೆನಹಲ್ಲಿ ಕ್ರೊಸ್ಸ್",
                "stop_id": "20897",
                "lat": 12.91364,
                "lon": 77.56727
              },
              {
                "name": "Dayananda Sagar College",
                "name_kn": "ದಯನಂದ ಸಗರ್ ಕೊಲ್ಲೆಗೆ",
                "stop_id": "21874",
                "lat": 12.90948,
                "lon": 77.56553
              },
              {
                "name": "Kumaraswamy Layout Police Station",
                "name_kn": "ಕುಮರಸ್ವಮೆ ಲಯೌಟ್ ಪೊಲಿಕೆ ಸ್ಟಟಿೊಂ",
                "stop_id": "22213",
                "lat": 12.9053,
                "lon": 77.56274
              },
              {
                "name": "Kumaraswamy Layout",
                "name_kn": "ಕುಮರಸ್ವಮೆ ಲಯೌಟ್",
                "stop_id": "22211",
                "lat": 12.90313,
                "lon": 77.56165
              },
              {
                "name": "West Cross Kumaraswamy Layout",
                "name_kn": "ವೆಸ್ಟ್ ಕ್ರೊಸ್ಸ್ ಕುಮರಸ್ವಮೆ ಲಯೌಟ್",
                "stop_id": "22619",
                "lat": 12.90094,
                "lon": 77.55993
              },
              {
                "name": "ISRO Layout",
                "name_kn": "ಇಸ್ರೊ ಲಯೌಟ್",
                "stop_id": "22080",
                "lat": 12.89978,
                "lon": 77.5585
              },
              {
                "name": "Bikashipura",
                "name_kn": "ಬಿಕಶಿಪುರ",
                "stop_id": "35405",
                "lat": 12.89818,
                "lon": 77.55768
              },
              {
                "name": "Pipeline ISRO Layout",
                "name_kn": "ಪಿಪೆಲಿನೆ ಿಸ್ರೊ ಲಯೌಟ್",
                "stop_id": "22386",
                "lat": 12.89515,
                "lon": 77.5551
              },
              {
                "name": "Vasanthapura",
                "name_kn": "ವಸಂತಪುರ",
                "stop_id": "22589",
                "lat": 12.89626,
                "lon": 77.55244
              },
              {
                "name": "Yadalam Nagara",
                "name_kn": "ಯದಲಂ ನಗರ",
                "stop_id": "22624",
                "lat": 12.89639,
                "lon": 77.54827
              },
              {
                "name": "Subramanyapura KEB",
                "name_kn": "ಸುಬ್ರಮನೆಪುರ ಕೆಬ್",
                "stop_id": "22160",
                "lat": 12.89759,
                "lon": 77.54631
              },
              {
                "name": "Subramanyapura Post Office",
                "name_kn": "ಸುಬ್ರಮನೆಪುರ ಪೊಸ್ಟ್ ೊೞ್ೞಿಕೆ",
                "stop_id": "34276",
                "lat": 12.89878,
                "lon": 77.54389
              },
              {
                "name": "Subramanyapura Police Station",
                "name_kn": "ಸುಬ್ರಮನೆಪುರ ಪೊಲಿಕೆ ಸ್ಟಟಿೊಂ",
                "stop_id": "22394",
                "lat": 12.90146,
                "lon": 77.54411
              },
              {
                "name": "Uttarahalli Bus Stand",
                "name_kn": "ಉಟರಹಲ್ಲಿ ಬುಸ್ ಸ್ಟಂದ್",
                "stop_id": "22570",
                "lat": 12.90521,
                "lon": 77.5432
              },
              {
                "name": "Arehalli",
                "name_kn": "ಅರೆಹಲ್ಲಿ",
                "stop_id": "21659",
                "lat": 12.90849,
                "lon": 77.53855
              },
              {
                "name": "Poornaprajna Layout",
                "name_kn": "ಪೂರ್ನಪ್ರಜ್ನ ಲಯೌಟ್",
                "stop_id": "34271",
                "lat": 12.90877,
                "lon": 77.53592
              }
            ]
          },
          {
            "Route": "410-F",
            "RouteId": 6039,
            "RouteParentId": 3270,
            "Destination": "Yeshawanthapura Bus Station",
            "Via": "",
            "Area": "Jayanagara Bus Station",
            "PlatformNumber": "SOUTH",
            "KannadaDestination": "ಯೆಶವಂತಪುರ ಬುಸ್ ಸ್ಟಟಿೊಂ",
            "KannadaArea": "ಜಯನಗರ ಬಸ್ ನಿಲ್ದಾಣ",
            "KannadaVia": "",
            "FromStationId": 21545,
            "Stops": [
              {
                "name": "Jayanagara Bus Station",
                "name_kn": "ಜಯನಗರ ಬುಸ್ ಸ್ಟಟಿೊಂ",
                "stop_id": "21545",
                "lat": 12.92802,
                "lon": 77.58364
              },
              {
                "name": "Jayanagara Telephone Exchange",
                "name_kn": "ಜಯನಗರ ಟೆಲೆಫೊನೆ ೆಕ್ಸ್ಚಙೆ",
                "stop_id": "21543",
                "lat": 12.9228,
                "lon": 77.58385
              },
              {
                "name": "Jayanagara 38th Cross",
                "name_kn": "ಜಯನಗರ 38ತ್ ಕ್ರೊಸ್ಸ್",
                "stop_id": "21445",
                "lat": 12.92101,
                "lon": 77.58376
              },
              {
                "name": "Jayanagara 40th Cross",
                "name_kn": "ಜಯನಗರ 40ತ್ ಕ್ರೊಸ್ಸ್",
                "stop_id": "21449",
                "lat": 12.91989,
                "lon": 77.58068
              },
              {
                "name": "Sangam Circle",
                "name_kn": "ಸಙಂ ಕಿರ್ಕ್ಲೆ",
                "stop_id": "21148",
                "lat": 12.91704,
                "lon": 77.57875
              },
              {
                "name": "Banashankari Bus Station",
                "name_kn": "ಬನಶಂಕರಿ ಬುಸ್ ಸ್ಟಟಿೊಂ",
                "stop_id": "20623",
                "lat": 12.91779,
                "lon": 77.57272
              },
              {
                "name": "Kadirenahalli Cross",
                "name_kn": "ಕದಿರೆನಹಲ್ಲಿ ಕ್ರೊಸ್ಸ್",
                "stop_id": "20897",
                "lat": 12.91364,
                "lon": 77.56727
              },
              {
                "name": "Kadirenahalli Park",
                "name_kn": "ಕದಿರೆನಹಲ್ಲಿ ಪರ್ಕ್",
                "stop_id": "20899",
                "lat": 12.91762,
                "lon": 77.56447
              },
              {
                "name": "Devegowda Petrol Bunk",
                "name_kn": "ದೆವೆಗೌದ ಪೆಟ್ರೊಲ್ ಬುಂಕ್",
                "stop_id": "20756",
                "lat": 12.92194,
                "lon": 77.55914
              },
              {
                "name": "Kamakya Talkies",
                "name_kn": "ಕಮಕೆ ಟಲ್ಕಿೆಸ್",
                "stop_id": "35772",
                "lat": 12.92405,
                "lon": 77.55264
              },
              {
                "name": "Kathriguppe",
                "name_kn": "ಕತ್ರಿಗುಪ್ಪೆ",
                "stop_id": "20917",
                "lat": 12.92535,
                "lon": 77.54989
              },
              {
                "name": "Janatha Bazar Banashankari",
                "name_kn": "ಜನತ ಬಜ಼ರ್ ಬನಶಂಕರಿ",
                "stop_id": "20876",
                "lat": 12.92837,
                "lon": 77.54577
              },
              {
                "name": "Hosakerehalli  Junction",
                "name_kn": "ಹೊಸಕೆರೆಹಲ್ಲಿ  ಜುಂಕ್ಟಿೊಂ",
                "stop_id": "20843",
                "lat": 12.93044,
                "lon": 77.54342
              },
              {
                "name": "Hosakerehalli Petrol Bunk",
                "name_kn": "ಹೊಸಕೆರೆಹಲ್ಲಿ ಪೆಟ್ರೊಲ್ ಬುಂಕ್",
                "stop_id": "20845",
                "lat": 12.933,
                "lon": 77.54018
              },
              {
                "name": "PES College",
                "name_kn": "ಪೆಸ್ ಕೊಲ್ಲೆಗೆ",
                "stop_id": "21089",
                "lat": 12.93489,
                "lon": 77.53707
              },
              {
                "name": "Veerabhadranagara",
                "name_kn": "ವೀರಭದ್ರನಗರ",
                "stop_id": "21250",
                "lat": 12.93828,
                "lon": 77.53343
              },
              {
                "name": "Nayandahalli Junction",
                "name_kn": "ನಯಂದಹಲ್ಲಿ ಜುಂಕ್ಟಿೊಂ",
                "stop_id": "20887",
                "lat": 12.94509,
                "lon": 77.52857
              },
              {
                "name": "1st Stage 3rd Block Nagarabhavi (Summanahalli)",
                "name_kn": "1ಸ್ಟ್ ಸ್ಟಗೆ 3ರ್ದ್ ಬ್ಲೊಕ್ಕ್ ನಗರಭವಿ (ಸುಮ್ಮನಹಲ್ಲಿ)",
                "stop_id": "22897",
                "lat": 12.95286,
                "lon": 77.52017
              },
              {
                "name": "Nagarabhavi Circle",
                "name_kn": "ನಗರಭವಿ ಕಿರ್ಕ್ಲೆ",
                "stop_id": "29205",
                "lat": 12.95894,
                "lon": 77.51681
              },
              {
                "name": "12th Block Nagarabhavi",
                "name_kn": "12ತ್ ಬ್ಲೊಕ್ಕ್ ನಗರಭವಿ",
                "stop_id": "21629",
                "lat": 12.96018,
                "lon": 77.51398
              },
              {
                "name": "BDA Complex Cross Nagarabhavi",
                "name_kn": "ಬ್ದ ಕೊಂಪ್ಲೆಕ್ಸ್ ಕ್ರೊಸ್ಸ್ ನಗರಭವಿ",
                "stop_id": "31929",
                "lat": 12.97199,
                "lon": 77.51278
              },
              {
                "name": "Malagala",
                "name_kn": "ಮಲಗಲ",
                "stop_id": "28656",
                "lat": 12.97856,
                "lon": 77.51502
              },
              {
                "name": "Summanahalli",
                "name_kn": "ಸುಮ್ಮನಹಲ್ಲಿ",
                "stop_id": "35413",
                "lat": 12.98848,
                "lon": 77.51962
              },
              {
                "name": "Depot-31 Gate",
                "name_kn": "ದೆಪೊಟ್-31 ಗಟೆ",
                "stop_id": "35917",
                "lat": 12.99311,
                "lon": 77.5213
              },
              {
                "name": "Lurdubayi Samudaya Bhavana",
                "name_kn": "ಲುರ್ದುಬಯಿ ಸಮುದಯ ಭವನ",
                "stop_id": "33695",
                "lat": 12.99752,
                "lon": 77.52334
              },
              {
                "name": "Kempegowda Arch",
                "name_kn": "ಕೆಂಪೆಗೌದ ರ್ಚ್",
                "stop_id": "33443",
                "lat": 13.00171,
                "lon": 77.52538
              },
              {
                "name": "Laggere Bridge",
                "name_kn": "ಲಗ್ಗೆರೆ ಬ್ರಿದ್ಗೆ",
                "stop_id": "28439",
                "lat": 13.00843,
                "lon": 77.52664
              },
              {
                "name": "Nandini Layout Ring Road",
                "name_kn": "ನಂದಿನಿ ಲಯೌಟ್ ರಿಙ್ ರೊದ್",
                "stop_id": "27499",
                "lat": 13.0116,
                "lon": 77.52853
              },
              {
                "name": "Nandhini Layout",
                "name_kn": "ನಂಧಿನಿ ಲಯೌಟ್",
                "stop_id": "29289",
                "lat": 13.01473,
                "lon": 77.53052
              },
              {
                "name": "Rajkumar Punya Bhoomi",
                "name_kn": "ರಜ್ಕುಮರ್ ಪುನೆ ಭೂಮಿ",
                "stop_id": "34344",
                "lat": 13.01818,
                "lon": 77.53163
              },
              {
                "name": "Kanteerava Studio",
                "name_kn": "ಕಂಟೀರವ ಸ್ಟುದಿೊ",
                "stop_id": "35254",
                "lat": 13.02263,
                "lon": 77.5327
              },
              {
                "name": "Modern Food Goraguntepalya",
                "name_kn": "ಮೊದೆರ್ಂ ೞೂದ್ ಗೊರಗುಂಟೆಪಲೆ",
                "stop_id": "24014",
                "lat": 13.02482,
                "lon": 77.53395
              },
              {
                "name": "Reliance Petrol Bunk Goraguntepalya",
                "name_kn": "ರೆಲಿಂಕೆ ಪೆಟ್ರೊಲ್ ಬುಂಕ್ ಗೊರಗುಂಟೆಪಲೆ",
                "stop_id": "24015",
                "lat": 13.02861,
                "lon": 77.53612
              },
              {
                "name": "Goraguntepalya",
                "name_kn": "ಗೊರಗುಂಟೆಪಲೆ",
                "stop_id": "20789",
                "lat": 13.02835,
                "lon": 77.54123
              },
              {
                "name": "MEI Factory",
                "name_kn": "ಮೈ ೞಕ್ಟೊರೆ",
                "stop_id": "21017",
                "lat": 13.02652,
                "lon": 77.54439
              },
              {
                "name": "RMC Yard (Yeshawanthapura New Railway Station)",
                "name_kn": "ರ್ಂಕ್ ಯರ್ದ್ (ಯೆಶವಂತಪುರ ನೆವ್ ರೈಲ್ವಯ್ ಸ್ಟಟಿೊಂ)",
                "stop_id": "21132",
                "lat": 13.02462,
                "lon": 77.54776
              },
              {
                "name": "Govardhan Talkies",
                "name_kn": "ಗೊವರ್ಧಂ ಟಲ್ಕಿೆಸ್",
                "stop_id": "20792",
                "lat": 13.01853,
                "lon": 77.55339
              },
              {
                "name": "Yeshawanthapura Bus Station",
                "name_kn": "ಯೆಶವಂತಪುರ ಬುಸ್ ಸ್ಟಟಿೊಂ",
                "stop_id": "24016",
                "lat": 13.01771,
                "lon": 77.55657
              }
            ]
          },
          {
            "Route": "13 PPLO-SBS",
            "RouteId": 6140,
            "RouteParentId": 3319,
            "Destination": "Poornaprajna Layout",
            "Via": "",
            "Area": "Shivajinagara Bus Station",
            "PlatformNumber": "SOUTH",
            "KannadaDestination": "ಪೂರ್ನಪ್ರಜ್ನ ಲಯೌಟ್",
            "KannadaArea": "ಶಿವಾಜಿನಗರ ಬಸ್ ನಿಲ್ದಾಣ",
            "KannadaVia": "",
            "FromStationId": 21545,
            "Stops": [
              {
                "name": "Jayanagara Bus Station",
                "name_kn": "ಜಯನಗರ ಬುಸ್ ಸ್ಟಟಿೊಂ",
                "stop_id": "21545",
                "lat": 12.92802,
                "lon": 77.58364
              },
              {
                "name": "Jayanagara Telephone Exchange",
                "name_kn": "ಜಯನಗರ ಟೆಲೆಫೊನೆ ೆಕ್ಸ್ಚಙೆ",
                "stop_id": "21543",
                "lat": 12.9228,
                "lon": 77.58385
              },
              {
                "name": "Jayanagara 38th Cross",
                "name_kn": "ಜಯನಗರ 38ತ್ ಕ್ರೊಸ್ಸ್",
                "stop_id": "21445",
                "lat": 12.92101,
                "lon": 77.58376
              },
              {
                "name": "Jayanagara 40th Cross",
                "name_kn": "ಜಯನಗರ 40ತ್ ಕ್ರೊಸ್ಸ್",
                "stop_id": "21449",
                "lat": 12.91989,
                "lon": 77.58068
              },
              {
                "name": "Sangam Circle",
                "name_kn": "ಸಙಂ ಕಿರ್ಕ್ಲೆ",
                "stop_id": "21148",
                "lat": 12.91704,
                "lon": 77.57875
              },
              {
                "name": "Banashankari Bus Station",
                "name_kn": "ಬನಶಂಕರಿ ಬುಸ್ ಸ್ಟಟಿೊಂ",
                "stop_id": "20624",
                "lat": 12.91736,
                "lon": 77.5727
              },
              {
                "name": "Kadirenahalli Cross",
                "name_kn": "ಕದಿರೆನಹಲ್ಲಿ ಕ್ರೊಸ್ಸ್",
                "stop_id": "20897",
                "lat": 12.91364,
                "lon": 77.56727
              },
              {
                "name": "Kadirenahalli Village",
                "name_kn": "ಕದಿರೆನಹಲ್ಲಿ ವಿಲ್ಲಗೆ",
                "stop_id": "22134",
                "lat": 12.9157,
                "lon": 77.56146
              },
              {
                "name": "Prarthana School",
                "name_kn": "ಪ್ರರ್ತನ ಸ್ಚೂಲ್",
                "stop_id": "22404",
                "lat": 12.91155,
                "lon": 77.5583
              },
              {
                "name": "Gowdanapalya",
                "name_kn": "ಗೌದನಪಲೆ",
                "stop_id": "21979",
                "lat": 12.91157,
                "lon": 77.55608
              },
              {
                "name": "Chikkallasandra Aralimara",
                "name_kn": "ಚಿಕ್ಕಲ್ಲಸಂದ್ರ ರಲಿಮರ",
                "stop_id": "21841",
                "lat": 12.91157,
                "lon": 77.55238
              },
              {
                "name": "Chikkallasandra Bank Colony",
                "name_kn": "ಚಿಕ್ಕಲ್ಲಸಂದ್ರ ಬಂಕ್ ಕೊಲೊನೆ",
                "stop_id": "21843",
                "lat": 12.90914,
                "lon": 77.54927
              },
              {
                "name": "Nano Hospital",
                "name_kn": "ನನೊ ಹೊಸ್ಪಿಟಲ್",
                "stop_id": "22198",
                "lat": 12.90698,
                "lon": 77.54622
              },
              {
                "name": "Uttarahalli",
                "name_kn": "ಉಟರಹಲ್ಲಿ",
                "stop_id": "22571",
                "lat": 12.90575,
                "lon": 77.54257
              },
              {
                "name": "Arehalli",
                "name_kn": "ಅರೆಹಲ್ಲಿ",
                "stop_id": "21659",
                "lat": 12.90849,
                "lon": 77.53855
              },
              {
                "name": "Poornaprajna Layout",
                "name_kn": "ಪೂರ್ನಪ್ರಜ್ನ ಲಯೌಟ್",
                "stop_id": "34271",
                "lat": 12.90877,
                "lon": 77.53592
              }
            ]
          },
          {
            "Route": "215-U SBS-ANP",
            "RouteId": 8184,
            "RouteParentId": 4397,
            "Destination": "Anjanapura",
            "Via": "",
            "Area": "Shivajinagara Bus Station",
            "PlatformNumber": "SOUTH",
            "KannadaDestination": "ಅಞನಪುರ",
            "KannadaArea": "ಶಿವಾಜಿನಗರ ಬಸ್ ನಿಲ್ದಾಣ",
            "KannadaVia": "",
            "FromStationId": 21545,
            "Stops": [
              {
                "name": "Jayanagara Bus Station",
                "name_kn": "ಜಯನಗರ ಬುಸ್ ಸ್ಟಟಿೊಂ",
                "stop_id": "21545",
                "lat": 12.92802,
                "lon": 77.58364
              },
              {
                "name": "Jayanagara Telephone Exchange",
                "name_kn": "ಜಯನಗರ ಟೆಲೆಫೊನೆ ೆಕ್ಸ್ಚಙೆ",
                "stop_id": "21543",
                "lat": 12.9228,
                "lon": 77.58385
              },
              {
                "name": "Jayanagara 38th Cross",
                "name_kn": "ಜಯನಗರ 38ತ್ ಕ್ರೊಸ್ಸ್",
                "stop_id": "21445",
                "lat": 12.92101,
                "lon": 77.58376
              },
              {
                "name": "Jayanagara 40th Cross",
                "name_kn": "ಜಯನಗರ 40ತ್ ಕ್ರೊಸ್ಸ್",
                "stop_id": "21449",
                "lat": 12.91989,
                "lon": 77.58068
              },
              {
                "name": "Sangam Circle",
                "name_kn": "ಸಙಂ ಕಿರ್ಕ್ಲೆ",
                "stop_id": "21148",
                "lat": 12.91704,
                "lon": 77.57875
              },
              {
                "name": "Banashankari",
                "name_kn": "ಬನಶಂಕರಿ",
                "stop_id": "21711",
                "lat": 12.91631,
                "lon": 77.57373
              },
              {
                "name": "Sarakki",
                "name_kn": "ಸರಕ್ಕಿ",
                "stop_id": "22459",
                "lat": 12.9097,
                "lon": 77.57299
              },
              {
                "name": "JP Nagara Metro Station",
                "name_kn": "ಜ್ಪ್ ನಗರ ಮೆಟ್ರೊ ಸ್ಟಟಿೊಂ",
                "stop_id": "35926",
                "lat": 12.908,
                "lon": 77.57312
              },
              {
                "name": "Jaraganahalli Cross",
                "name_kn": "ಜರಗನಹಲ್ಲಿ ಕ್ರೊಸ್ಸ್",
                "stop_id": "22101",
                "lat": 12.9014,
                "lon": 77.57344
              },
              {
                "name": "Yalachenahalli",
                "name_kn": "ಯಲಚೆನಹಲ್ಲಿ",
                "stop_id": "22638",
                "lat": 12.89764,
                "lon": 77.57167
              },
              {
                "name": "Metro",
                "name_kn": "ಮೆಟ್ರೊ",
                "stop_id": "22284",
                "lat": 12.89336,
                "lon": 77.56772
              },
              {
                "name": "Konanakunte Cross",
                "name_kn": "ಕೊನನಕುಂಟೆ ಕ್ರೊಸ್ಸ್",
                "stop_id": "22190",
                "lat": 12.89053,
                "lon": 77.56459
              },
              {
                "name": "Konanakunte",
                "name_kn": "ಕೊನನಕುಂಟೆ",
                "stop_id": "22188",
                "lat": 12.88617,
                "lon": 77.56658
              },
              {
                "name": "Sowdamini Kalyana Mantapa",
                "name_kn": "ಸೌದಮಿನಿ ಕಲೆನ ಮಂಟಪ",
                "stop_id": "22507",
                "lat": 12.88387,
                "lon": 77.56663
              },
              {
                "name": "Hari Nagara Cross",
                "name_kn": "ಹರಿ ನಗರ ಕ್ರೊಸ್ಸ್",
                "stop_id": "22015",
                "lat": 12.87907,
                "lon": 77.5673
              },
              {
                "name": "Glass Factory",
                "name_kn": "ಗ್ಲಸ್ಸ್ ೞಕ್ಟೊರೆ",
                "stop_id": "21964",
                "lat": 12.87655,
                "lon": 77.56693
              },
              {
                "name": "Avalahalli",
                "name_kn": "ಅವಲಹಲ್ಲಿ",
                "stop_id": "21679",
                "lat": 12.87283,
                "lon": 77.56661
              },
              {
                "name": "Nandi Garden Kothanur",
                "name_kn": "ನಂದಿ ಗರ್ದೆಂ ಕೊತನುರ್",
                "stop_id": "23365",
                "lat": 12.86748,
                "lon": 77.56566
              },
              {
                "name": "Anjanapura",
                "name_kn": "ಅಞನಪುರ",
                "stop_id": "23101",
                "lat": 12.86196,
                "lon": 77.56393
              }
            ]
          },
          {
            "Route": "13 SGH-BSK",
            "RouteId": 8278,
            "RouteParentId": 4446,
            "Destination": "Banashankari Bus Station",
            "Via": "",
            "Area": "Sanjay Gandhi Hospital",
            "PlatformNumber": "SOUTH",
            "KannadaDestination": "ಬನಶಂಕರಿ ಬುಸ್ ಸ್ಟಟಿೊಂ",
            "KannadaArea": "ಸಂಜಯ್ ಗಾಂಧಿ ಆಸ್ಪತ್ರೆ",
            "KannadaVia": "",
            "FromStationId": 21545,
            "Stops": [
              {
                "name": "Jayanagara Bus Station",
                "name_kn": "ಜಯನಗರ ಬುಸ್ ಸ್ಟಟಿೊಂ",
                "stop_id": "21545",
                "lat": 12.92802,
                "lon": 77.58364
              },
              {
                "name": "Jayanagara Telephone Exchange",
                "name_kn": "ಜಯನಗರ ಟೆಲೆಫೊನೆ ೆಕ್ಸ್ಚಙೆ",
                "stop_id": "21543",
                "lat": 12.9228,
                "lon": 77.58385
              },
              {
                "name": "Jayanagara 38th Cross",
                "name_kn": "ಜಯನಗರ 38ತ್ ಕ್ರೊಸ್ಸ್",
                "stop_id": "21445",
                "lat": 12.92101,
                "lon": 77.58376
              },
              {
                "name": "Jayanagara 40th Cross",
                "name_kn": "ಜಯನಗರ 40ತ್ ಕ್ರೊಸ್ಸ್",
                "stop_id": "21449",
                "lat": 12.91989,
                "lon": 77.58068
              },
              {
                "name": "Sangam Circle",
                "name_kn": "ಸಙಂ ಕಿರ್ಕ್ಲೆ",
                "stop_id": "21148",
                "lat": 12.91704,
                "lon": 77.57875
              },
              {
                "name": "Banashankari Bus Station",
                "name_kn": "ಬನಶಂಕರಿ ಬುಸ್ ಸ್ಟಟಿೊಂ",
                "stop_id": "20624",
                "lat": 12.91736,
                "lon": 77.5727
              }
            ]
          },
          {
            "Route": "375 JBS-BEML5",
            "RouteId": 10004,
            "RouteParentId": 5352,
            "Destination": "BEML Layout 5th stage",
            "Via": "",
            "Area": "Jayanagara Bus Station",
            "PlatformNumber": "SOUTH",
            "KannadaDestination": "ಬೆಂಲ್ ಲಯೌಟ್ 5ತ್ ಸ್ಟಗೆ",
            "KannadaArea": "ಜಯನಗರ ಬಸ್ ನಿಲ್ದಾಣ",
            "KannadaVia": "",
            "FromStationId": 21545,
            "Stops": [
              {
                "name": "Jayanagara Bus Station",
                "name_kn": "ಜಯನಗರ ಬುಸ್ ಸ್ಟಟಿೊಂ",
                "stop_id": "21545",
                "lat": 12.92802,
                "lon": 77.58364
              },
              {
                "name": "Jayanagara Telephone Exchange",
                "name_kn": "ಜಯನಗರ ಟೆಲೆಫೊನೆ ೆಕ್ಸ್ಚಙೆ",
                "stop_id": "21543",
                "lat": 12.9228,
                "lon": 77.58385
              },
              {
                "name": "Jayanagara 38th Cross",
                "name_kn": "ಜಯನಗರ 38ತ್ ಕ್ರೊಸ್ಸ್",
                "stop_id": "21445",
                "lat": 12.92101,
                "lon": 77.58376
              },
              {
                "name": "Jayanagara 40th Cross",
                "name_kn": "ಜಯನಗರ 40ತ್ ಕ್ರೊಸ್ಸ್",
                "stop_id": "21449",
                "lat": 12.91989,
                "lon": 77.58068
              },
              {
                "name": "Sangam Circle",
                "name_kn": "ಸಙಂ ಕಿರ್ಕ್ಲೆ",
                "stop_id": "21148",
                "lat": 12.91704,
                "lon": 77.57875
              },
              {
                "name": "Banashankari Bus Station",
                "name_kn": "ಬನಶಂಕರಿ ಬುಸ್ ಸ್ಟಟಿೊಂ",
                "stop_id": "20623",
                "lat": 12.91779,
                "lon": 77.57272
              },
              {
                "name": "Kadirenahalli Cross",
                "name_kn": "ಕದಿರೆನಹಲ್ಲಿ ಕ್ರೊಸ್ಸ್",
                "stop_id": "20897",
                "lat": 12.91364,
                "lon": 77.56727
              },
              {
                "name": "Kadirenahalli Village",
                "name_kn": "ಕದಿರೆನಹಲ್ಲಿ ವಿಲ್ಲಗೆ",
                "stop_id": "22134",
                "lat": 12.9157,
                "lon": 77.56146
              },
              {
                "name": "Prarthana School",
                "name_kn": "ಪ್ರರ್ತನ ಸ್ಚೂಲ್",
                "stop_id": "22404",
                "lat": 12.91155,
                "lon": 77.5583
              },
              {
                "name": "Gowdanapalya",
                "name_kn": "ಗೌದನಪಲೆ",
                "stop_id": "21979",
                "lat": 12.91157,
                "lon": 77.55608
              },
              {
                "name": "Chikkallasandra Aralimara",
                "name_kn": "ಚಿಕ್ಕಲ್ಲಸಂದ್ರ ರಲಿಮರ",
                "stop_id": "21841",
                "lat": 12.91157,
                "lon": 77.55238
              },
              {
                "name": "Chikkallasandra Bank Colony",
                "name_kn": "ಚಿಕ್ಕಲ್ಲಸಂದ್ರ ಬಂಕ್ ಕೊಲೊನೆ",
                "stop_id": "21843",
                "lat": 12.90914,
                "lon": 77.54927
              },
              {
                "name": "Nano Hospital",
                "name_kn": "ನನೊ ಹೊಸ್ಪಿಟಲ್",
                "stop_id": "22198",
                "lat": 12.90698,
                "lon": 77.54622
              },
              {
                "name": "Uttarahalli",
                "name_kn": "ಉಟರಹಲ್ಲಿ",
                "stop_id": "22571",
                "lat": 12.90575,
                "lon": 77.54257
              },
              {
                "name": "Arehalli",
                "name_kn": "ಅರೆಹಲ್ಲಿ",
                "stop_id": "21659",
                "lat": 12.90849,
                "lon": 77.53855
              },
              {
                "name": "Poornaprajna Layout",
                "name_kn": "ಪೂರ್ನಪ್ರಜ್ನ ಲಯೌಟ್",
                "stop_id": "34271",
                "lat": 12.90877,
                "lon": 77.53592
              },
              {
                "name": "Poornaprajna Layout Water Tank",
                "name_kn": "ಪೂರ್ನಪ್ರಜ್ನ ಲಯೌಟ್ ವಟೆರ್ ಟಂಕ್",
                "stop_id": "22573",
                "lat": 12.90841,
                "lon": 77.53463
              },
              {
                "name": "Patalamma Temple",
                "name_kn": "ಪಟಲಮ್ಮ ಟೆಂಪ್ಲೆ",
                "stop_id": "22376",
                "lat": 12.90477,
                "lon": 77.53014
              },
              {
                "name": "Mantri Alpyne Apartment",
                "name_kn": "ಮಂಟ್ರಿ ಲ್ಪೆನೆ ಪರ್ಟ್ಮೆಂಟ್",
                "stop_id": "28772",
                "lat": 12.90453,
                "lon": 77.52725
              },
              {
                "name": "Channasandra",
                "name_kn": "ಚಂನಸಂದ್ರ",
                "stop_id": "21823",
                "lat": 12.90281,
                "lon": 77.52127
              },
              {
                "name": "BEML Layout 5th stage",
                "name_kn": "ಬೆಂಲ್ ಲಯೌಟ್ 5ತ್ ಸ್ಟಗೆ",
                "stop_id": "29871",
                "lat": 12.90685,
                "lon": 77.52137
              }
            ]
          },
          {
            "Route": "201 SGH-BSK-SNR",
            "RouteId": 14062,
            "RouteParentId": 7512,
            "Destination": "Srinagara Bus Station",
            "Via": "",
            "Area": "Sanjay Gandhi Hospital",
            "PlatformNumber": "SOUTH",
            "KannadaDestination": "ಸ್ರಿನಗರ ಬುಸ್ ಸ್ಟಟಿೊಂ",
            "KannadaArea": "ಸಂಜಯ್ ಗಾಂಧಿ ಆಸ್ಪತ್ರೆ",
            "KannadaVia": "",
            "FromStationId": 21545,
            "Stops": [
              {
                "name": "Jayanagara Bus Station",
                "name_kn": "ಜಯನಗರ ಬುಸ್ ಸ್ಟಟಿೊಂ",
                "stop_id": "21545",
                "lat": 12.92802,
                "lon": 77.58364
              },
              {
                "name": "Jayanagara Telephone Exchange",
                "name_kn": "ಜಯನಗರ ಟೆಲೆಫೊನೆ ೆಕ್ಸ್ಚಙೆ",
                "stop_id": "21543",
                "lat": 12.9228,
                "lon": 77.58385
              },
              {
                "name": "Jayanagara 38th Cross",
                "name_kn": "ಜಯನಗರ 38ತ್ ಕ್ರೊಸ್ಸ್",
                "stop_id": "21445",
                "lat": 12.92101,
                "lon": 77.58376
              },
              {
                "name": "Jayanagara 40th Cross",
                "name_kn": "ಜಯನಗರ 40ತ್ ಕ್ರೊಸ್ಸ್",
                "stop_id": "21449",
                "lat": 12.91989,
                "lon": 77.58068
              },
              {
                "name": "Sangam Circle",
                "name_kn": "ಸಙಂ ಕಿರ್ಕ್ಲೆ",
                "stop_id": "21148",
                "lat": 12.91704,
                "lon": 77.57875
              },
              {
                "name": "Banashankari Bus Station",
                "name_kn": "ಬನಶಂಕರಿ ಬುಸ್ ಸ್ಟಟಿೊಂ",
                "stop_id": "20624",
                "lat": 12.91736,
                "lon": 77.5727
              },
              {
                "name": "Banashankari Hunasemara",
                "name_kn": "ಬನಶಂಕರಿ ಹುನಸೆಮರ",
                "stop_id": "21713",
                "lat": 12.92084,
                "lon": 77.57414
              },
              {
                "name": "Monotype Corporation",
                "name_kn": "ಮೊನೊಟೆಪೆ ಕೊರ್ಪೊರಟಿೊಂ",
                "stop_id": "22295",
                "lat": 12.92154,
                "lon": 77.57104
              },
              {
                "name": "Banashankari Post Office",
                "name_kn": "ಬನಶಂಕರಿ ಪೊಸ್ಟ್ ೊೞ್ೞಿಕೆ",
                "stop_id": "31869",
                "lat": 12.92623,
                "lon": 77.56995
              },
              {
                "name": "Nagalakshmi Kalyana Mantapa",
                "name_kn": "ನಗಲಕ್ಷ್ಮಿ ಕಲೆನ ಮಂಟಪ",
                "stop_id": "34031",
                "lat": 12.9274,
                "lon": 77.56794
              },
              {
                "name": "Indira Nursing Home",
                "name_kn": "ಇಂದಿರ ನುರ್ಸಿಙ್ ಹೊಮೆ",
                "stop_id": "23733",
                "lat": 12.92907,
                "lon": 77.5646
              },
              {
                "name": "KIMS College",
                "name_kn": "ಕಿಂಸ್ ಕೊಲ್ಲೆಗೆ",
                "stop_id": "23734",
                "lat": 12.92718,
                "lon": 77.56176
              },
              {
                "name": "Devegowda Petrol Bunk",
                "name_kn": "ದೆವೆಗೌದ ಪೆಟ್ರೊಲ್ ಬುಂಕ್",
                "stop_id": "20756",
                "lat": 12.92194,
                "lon": 77.55914
              },
              {
                "name": "Kamakya Talkies",
                "name_kn": "ಕಮಕೆ ಟಲ್ಕಿೆಸ್",
                "stop_id": "35772",
                "lat": 12.92405,
                "lon": 77.55264
              },
              {
                "name": "Kathriguppe",
                "name_kn": "ಕತ್ರಿಗುಪ್ಪೆ",
                "stop_id": "20917",
                "lat": 12.92535,
                "lon": 77.54989
              },
              {
                "name": "Vivekananda Nagara",
                "name_kn": "ವಿವೆಕನಂದ ನಗರ",
                "stop_id": "31628",
                "lat": 12.9304,
                "lon": 77.55325
              },
              {
                "name": "Vidyapeeta Circle",
                "name_kn": "ವಿಠೆಪೀಟ ಕಿರ್ಕ್ಲೆ",
                "stop_id": "35690",
                "lat": 12.93521,
                "lon": 77.56066
              },
              {
                "name": "Srinivasa Nagara",
                "name_kn": "ಸ್ರಿನಿವಸ ನಗರ",
                "stop_id": "22512",
                "lat": 12.93787,
                "lon": 77.55717
              },
              {
                "name": "Apex Bank",
                "name_kn": "ಅಪೆಕ್ಸ್ ಬಂಕ್",
                "stop_id": "20607",
                "lat": 12.94177,
                "lon": 77.55602
              },
              {
                "name": "Srinagara Bus Station",
                "name_kn": "ಸ್ರಿನಗರ ಬುಸ್ ಸ್ಟಟಿೊಂ",
                "stop_id": "21188",
                "lat": 12.94425,
                "lon": 77.55479
              }
            ]
          },
          {
            "Route": "213-V-HRH-D4",
            "RouteId": 14221,
            "RouteParentId": 7600,
            "Destination": "Harohalli",
            "Via": "",
            "Area": "Depot-04 Jayanagara",
            "PlatformNumber": "SOUTH",
            "KannadaDestination": "ಹರೊಹಲ್ಲಿ",
            "KannadaArea": "ಘಟಕ-04 ಜಯನಗರ",
            "KannadaVia": "",
            "FromStationId": 21545,
            "Stops": [
              {
                "name": "Jayanagara Bus Station",
                "name_kn": "ಜಯನಗರ ಬುಸ್ ಸ್ಟಟಿೊಂ",
                "stop_id": "21545",
                "lat": 12.92802,
                "lon": 77.58364
              },
              {
                "name": "Jayanagara Telephone Exchange",
                "name_kn": "ಜಯನಗರ ಟೆಲೆಫೊನೆ ೆಕ್ಸ್ಚಙೆ",
                "stop_id": "21543",
                "lat": 12.9228,
                "lon": 77.58385
              },
              {
                "name": "Jayanagara 38th Cross",
                "name_kn": "ಜಯನಗರ 38ತ್ ಕ್ರೊಸ್ಸ್",
                "stop_id": "21445",
                "lat": 12.92101,
                "lon": 77.58376
              },
              {
                "name": "Jayanagara 40th Cross",
                "name_kn": "ಜಯನಗರ 40ತ್ ಕ್ರೊಸ್ಸ್",
                "stop_id": "21449",
                "lat": 12.91989,
                "lon": 77.58068
              },
              {
                "name": "Sangam Circle",
                "name_kn": "ಸಙಂ ಕಿರ್ಕ್ಲೆ",
                "stop_id": "21148",
                "lat": 12.91704,
                "lon": 77.57875
              },
              {
                "name": "Banashankari",
                "name_kn": "ಬನಶಂಕರಿ",
                "stop_id": "21711",
                "lat": 12.91631,
                "lon": 77.57373
              },
              {
                "name": "Sarakki",
                "name_kn": "ಸರಕ್ಕಿ",
                "stop_id": "22459",
                "lat": 12.9097,
                "lon": 77.57299
              },
              {
                "name": "JP Nagara Metro Station",
                "name_kn": "ಜ್ಪ್ ನಗರ ಮೆಟ್ರೊ ಸ್ಟಟಿೊಂ",
                "stop_id": "35926",
                "lat": 12.908,
                "lon": 77.57312
              },
              {
                "name": "Jaraganahalli Cross",
                "name_kn": "ಜರಗನಹಲ್ಲಿ ಕ್ರೊಸ್ಸ್",
                "stop_id": "22101",
                "lat": 12.9014,
                "lon": 77.57344
              },
              {
                "name": "Yalachenahalli",
                "name_kn": "ಯಲಚೆನಹಲ್ಲಿ",
                "stop_id": "22638",
                "lat": 12.89764,
                "lon": 77.57167
              },
              {
                "name": "Metro",
                "name_kn": "ಮೆಟ್ರೊ",
                "stop_id": "22284",
                "lat": 12.89336,
                "lon": 77.56772
              },
              {
                "name": "Konanakunte Cross",
                "name_kn": "ಕೊನನಕುಂಟೆ ಕ್ರೊಸ್ಸ್",
                "stop_id": "22190",
                "lat": 12.89053,
                "lon": 77.56459
              },
              {
                "name": "Konanakunte Cross Metro Station",
                "name_kn": "ಕೊನನಕುಂಟೆ ಕ್ರೊಸ್ಸ್ ಮೆಟ್ರೊ ಸ್ಟಟಿೊಂ",
                "stop_id": "38358",
                "lat": 12.88907,
                "lon": 77.56306
              },
              {
                "name": "Cura Hospital",
                "name_kn": "ಕುರ ಹೊಸ್ಪಿಟಲ್",
                "stop_id": "39689",
                "lat": 12.88787,
                "lon": 77.56161
              },
              {
                "name": "Doddakallasandra",
                "name_kn": "ದೊದ್ದಕಲ್ಲಸಂದ್ರ",
                "stop_id": "21909",
                "lat": 12.88574,
                "lon": 77.5565
              },
              {
                "name": "Doddakallasandra Metro Station",
                "name_kn": "ದೊದ್ದಕಲ್ಲಸಂದ್ರ ಮೆಟ್ರೊ ಸ್ಟಟಿೊಂ",
                "stop_id": "38362",
                "lat": 12.88467,
                "lon": 77.55312
              },
              {
                "name": "Gubbalala Gate",
                "name_kn": "ಗುಬ್ಬಲಲ ಗಟೆ",
                "stop_id": "21982",
                "lat": 12.88423,
                "lon": 77.55153
              },
              {
                "name": "Raghuvanahalli Cross",
                "name_kn": "ರಘುವನಹಲ್ಲಿ ಕ್ರೊಸ್ಸ್",
                "stop_id": "22408",
                "lat": 12.88067,
                "lon": 77.54621
              },
              {
                "name": "Vajarahalli Metro Station",
                "name_kn": "ವಜರಹಲ್ಲಿ ಮೆಟ್ರೊ ಸ್ಟಟಿೊಂ",
                "stop_id": "38360",
                "lat": 12.87768,
                "lon": 77.54498
              },
              {
                "name": "Bayyanapalya",
                "name_kn": "ಬಯೆನಪಲೆ",
                "stop_id": "21723",
                "lat": 12.87558,
                "lon": 77.54374
              },
              {
                "name": "Thalaghattapura Metro Station",
                "name_kn": "ತಲಘಟಪುರ ಮೆಟ್ರೊ ಸ್ಟಟಿೊಂ",
                "stop_id": "37739",
                "lat": 12.87128,
                "lon": 77.53854
              },
              {
                "name": "Thalagattapura",
                "name_kn": "ತಲಗಟಪುರ",
                "stop_id": "22538",
                "lat": 12.86958,
                "lon": 77.53705
              },
              {
                "name": "Vajramuneshwara Gate",
                "name_kn": "ವಜ್ರಮುನೆಶ್ವರ ಗಟೆ",
                "stop_id": "22574",
                "lat": 12.86481,
                "lon": 77.53334
              },
              {
                "name": "Silk Institute Metro Station",
                "name_kn": "ಸಿಲ್ಕ್ ಿಂಸ್ಟಿಟುಟೆ ಮೆಟ್ರೊ ಸ್ಟಟಿೊಂ",
                "stop_id": "35891",
                "lat": 12.8616,
                "lon": 77.52993
              },
              {
                "name": "Jyothi Farm",
                "name_kn": "ಜೆೊತಿ ೞರ್ಂ",
                "stop_id": "23600",
                "lat": 12.85989,
                "lon": 77.529
              },
              {
                "name": "NICE Road",
                "name_kn": "ನಿಕೆ ರೊದ್",
                "stop_id": "22363",
                "lat": 12.85694,
                "lon": 77.52685
              },
              {
                "name": "Chinnayyanapalya Silk Farm",
                "name_kn": "ಚಿಂನಯೆನಪಲೆ ಸಿಲ್ಕ್ ೞರ್ಂ",
                "stop_id": "21844",
                "lat": 12.85356,
                "lon": 77.52343
              },
              {
                "name": "Agara Cross",
                "name_kn": "ಅಗರ ಕ್ರೊಸ್ಸ್",
                "stop_id": "21640",
                "lat": 12.84887,
                "lon": 77.5221
              },
              {
                "name": "Kuppareddy Kere",
                "name_kn": "ಕುಪ್ಪರೆದ್ಠೆ ಕೆರೆ",
                "stop_id": "22216",
                "lat": 12.84268,
                "lon": 77.51789
              },
              {
                "name": "Shanimahathma Temple",
                "name_kn": "ಶನಿಮಹತ್ಮ ಟೆಂಪ್ಲೆ",
                "stop_id": "22474",
                "lat": 12.8372,
                "lon": 77.51626
              },
              {
                "name": "Lakshmipura",
                "name_kn": "ಲಕ್ಷ್ಮಿಪುರ",
                "stop_id": "22220",
                "lat": 12.83321,
                "lon": 77.51377
              },
              {
                "name": "Saalu Doddy",
                "name_kn": "ಸಾಲು ದೊದ್ಠೆ",
                "stop_id": "22437",
                "lat": 12.83067,
                "lon": 77.51313
              },
              {
                "name": "Art Of Living Ravishankar Ashram",
                "name_kn": "ಅರ್ಟ್ ೊೞ್ ಲಿವಿಙ್ ರವಿಶಂಕರ್ ಶ್ರಂ",
                "stop_id": "35673",
                "lat": 12.82858,
                "lon": 77.51277
              },
              {
                "name": "Dayananda Sagar Vidya Samste",
                "name_kn": "ದಯನಂದ ಸಗರ್ ವಿಠೆ ಸಂಸ್ಟೆ",
                "stop_id": "23601",
                "lat": 12.82494,
                "lon": 77.51374
              },
              {
                "name": "Art of Living (Kanakapura Road)",
                "name_kn": "ಅರ್ಟ್ ೊೞ್ ಲಿವಿಙ್ (ಕನಕಪುರ ರೊದ್)",
                "stop_id": "29575",
                "lat": 12.82279,
                "lon": 77.51417
              },
              {
                "name": "Udipalya",
                "name_kn": "ಉದಿಪಲೆ",
                "stop_id": "23602",
                "lat": 12.82044,
                "lon": 77.5142
              },
              {
                "name": "Udayapura",
                "name_kn": "ಉದಯಪುರ",
                "stop_id": "22566",
                "lat": 12.81324,
                "lon": 77.51201
              },
              {
                "name": "Saluhunase",
                "name_kn": "ಸಲುಹುನಸೆ",
                "stop_id": "22446",
                "lat": 12.81092,
                "lon": 77.51158
              },
              {
                "name": "Santekatte",
                "name_kn": "ಸಂಟೆಕಟೆ",
                "stop_id": "23635",
                "lat": 12.8067,
                "lon": 77.51063
              },
              {
                "name": "Kaggalipura",
                "name_kn": "ಕಗ್ಗಲಿಪುರ",
                "stop_id": "22137",
                "lat": 12.80032,
                "lon": 77.50849
              },
              {
                "name": "Pattareddypalya",
                "name_kn": "ಪಟರೆದ್ಠೆಪಲೆ",
                "stop_id": "23604",
                "lat": 12.79451,
                "lon": 77.50544
              },
              {
                "name": "Gandhi Nagara",
                "name_kn": "ಗಂಧಿ ನಗರ",
                "stop_id": "23546",
                "lat": 12.79019,
                "lon": 77.50452
              },
              {
                "name": "KEB Power Hosue",
                "name_kn": "ಕೆಬ್ ಪೌೆರ್ ಹೊಸುೆ",
                "stop_id": "39559",
                "lat": 12.78563,
                "lon": 77.50224
              },
              {
                "name": "Somanahalli Toll",
                "name_kn": "ಸೊಮನಹಲ್ಲಿ ಟೊಲ್ಲ್",
                "stop_id": "39558",
                "lat": 12.78337,
                "lon": 77.50044
              },
              {
                "name": "APS College",
                "name_kn": "ಅಪ್ಸ್ ಕೊಲ್ಲೆಗೆ",
                "stop_id": "23134",
                "lat": 12.78276,
                "lon": 77.49966
              },
              {
                "name": "Somanahalli Gate",
                "name_kn": "ಸೊಮನಹಲ್ಲಿ ಗಟೆ",
                "stop_id": "35171",
                "lat": 12.78049,
                "lon": 77.49674
              },
              {
                "name": "Nelagulli Cross",
                "name_kn": "ನೆಲಗುಲ್ಲಿ ಕ್ರೊಸ್ಸ್",
                "stop_id": "23549",
                "lat": 12.77412,
                "lon": 77.49242
              },
              {
                "name": "Hosa Doddy Gate",
                "name_kn": "ಹೊಸ ದೊದ್ಠೆ ಗಟೆ",
                "stop_id": "23550",
                "lat": 12.76458,
                "lon": 77.48755
              },
              {
                "name": "Sadhanapalya Gate",
                "name_kn": "ಸಧನಪಲೆ ಗಟೆ",
                "stop_id": "23605",
                "lat": 12.76803,
                "lon": 77.48882
              },
              {
                "name": "Nettigere Cross",
                "name_kn": "ನೆಟಿಗೆರೆ ಕ್ರೊಸ್ಸ್",
                "stop_id": "23551",
                "lat": 12.76118,
                "lon": 77.48671
              },
              {
                "name": "Bolare",
                "name_kn": "ಬೊಲರೆ",
                "stop_id": "23552",
                "lat": 12.75429,
                "lon": 77.48468
              },
              {
                "name": "Ravagodlu Gate",
                "name_kn": "ರವಗೊದ್ಲು ಗಟೆ",
                "stop_id": "23553",
                "lat": 12.74897,
                "lon": 77.4865
              },
              {
                "name": "Gantakana Doddy Cross",
                "name_kn": "ಗಂಟಕನ ದೊದ್ಠೆ ಕ್ರೊಸ್ಸ್",
                "stop_id": "23607",
                "lat": 12.74145,
                "lon": 77.48836
              },
              {
                "name": "Yadamadu Kanakapura Road",
                "name_kn": "ಯದಮದು ಕನಕಪುರ ರೊದ್",
                "stop_id": "23608",
                "lat": 12.73537,
                "lon": 77.48809
              },
              {
                "name": "Kaggalahalli",
                "name_kn": "ಕಗ್ಗಲಹಲ್ಲಿ",
                "stop_id": "35077",
                "lat": 12.72772,
                "lon": 77.48694
              },
              {
                "name": "Kanyakumari",
                "name_kn": "ಕನೆಕುಮರಿ",
                "stop_id": "23610",
                "lat": 12.71798,
                "lon": 77.48252
              },
              {
                "name": "New Gabbadi",
                "name_kn": "ನೆವ್ ಗಬ್ಬದಿ",
                "stop_id": "23611",
                "lat": 12.71347,
                "lon": 77.48163
              },
              {
                "name": "Kebbedoddi Gate",
                "name_kn": "ಕೆಬ್ಬೆದೊದ್ದಿ ಗಟೆ",
                "stop_id": "23612",
                "lat": 12.70305,
                "lon": 77.481
              },
              {
                "name": "Harohalli Depot",
                "name_kn": "ಹರೊಹಲ್ಲಿ ದೆಪೊಟ್",
                "stop_id": "23613",
                "lat": 12.69801,
                "lon": 77.47846
              },
              {
                "name": "Harohalli Petrol bunk",
                "name_kn": "ಹರೊಹಲ್ಲಿ ಪೆಟ್ರೊಲ್ ಬುಂಕ್",
                "stop_id": "23614",
                "lat": 12.68712,
                "lon": 77.47494
              },
              {
                "name": "Harohalli",
                "name_kn": "ಹರೊಹಲ್ಲಿ",
                "stop_id": "35155",
                "lat": 12.68009,
                "lon": 77.46966
              }
            ]
          },
          {
            "Route": "410-FA SGH-YTTMC",
            "RouteId": 14519,
            "RouteParentId": 7776,
            "Destination": "Yeshawanthapura Bus Station",
            "Via": "",
            "Area": "Sanjay Gandhi Hospital",
            "PlatformNumber": "SOUTH",
            "KannadaDestination": "ಯೆಶವಂತಪುರ ಬುಸ್ ಸ್ಟಟಿೊಂ",
            "KannadaArea": "ಸಂಜಯ್ ಗಾಂಧಿ ಆಸ್ಪತ್ರೆ",
            "KannadaVia": "",
            "FromStationId": 21545,
            "Stops": [
              {
                "name": "Jayanagara Bus Station",
                "name_kn": "ಜಯನಗರ ಬುಸ್ ಸ್ಟಟಿೊಂ",
                "stop_id": "21545",
                "lat": 12.92802,
                "lon": 77.58364
              },
              {
                "name": "Jayanagara Telephone Exchange",
                "name_kn": "ಜಯನಗರ ಟೆಲೆಫೊನೆ ೆಕ್ಸ್ಚಙೆ",
                "stop_id": "21543",
                "lat": 12.9228,
                "lon": 77.58385
              },
              {
                "name": "Jayanagara 38th Cross",
                "name_kn": "ಜಯನಗರ 38ತ್ ಕ್ರೊಸ್ಸ್",
                "stop_id": "21445",
                "lat": 12.92101,
                "lon": 77.58376
              },
              {
                "name": "Jayanagara 40th Cross",
                "name_kn": "ಜಯನಗರ 40ತ್ ಕ್ರೊಸ್ಸ್",
                "stop_id": "21449",
                "lat": 12.91989,
                "lon": 77.58068
              },
              {
                "name": "Sangam Circle",
                "name_kn": "ಸಙಂ ಕಿರ್ಕ್ಲೆ",
                "stop_id": "21148",
                "lat": 12.91704,
                "lon": 77.57875
              },
              {
                "name": "Banashankari Bus Station",
                "name_kn": "ಬನಶಂಕರಿ ಬುಸ್ ಸ್ಟಟಿೊಂ",
                "stop_id": "20624",
                "lat": 12.91736,
                "lon": 77.5727
              },
              {
                "name": "Kadirenahalli Cross",
                "name_kn": "ಕದಿರೆನಹಲ್ಲಿ ಕ್ರೊಸ್ಸ್",
                "stop_id": "20897",
                "lat": 12.91364,
                "lon": 77.56727
              },
              {
                "name": "Kadirenahalli Park",
                "name_kn": "ಕದಿರೆನಹಲ್ಲಿ ಪರ್ಕ್",
                "stop_id": "20899",
                "lat": 12.91762,
                "lon": 77.56447
              },
              {
                "name": "Devegowda Petrol Bunk",
                "name_kn": "ದೆವೆಗೌದ ಪೆಟ್ರೊಲ್ ಬುಂಕ್",
                "stop_id": "20756",
                "lat": 12.92194,
                "lon": 77.55914
              },
              {
                "name": "Kamakya Talkies",
                "name_kn": "ಕಮಕೆ ಟಲ್ಕಿೆಸ್",
                "stop_id": "35772",
                "lat": 12.92405,
                "lon": 77.55264
              },
              {
                "name": "Kathriguppe",
                "name_kn": "ಕತ್ರಿಗುಪ್ಪೆ",
                "stop_id": "20917",
                "lat": 12.92535,
                "lon": 77.54989
              },
              {
                "name": "Janatha Bazar Banashankari",
                "name_kn": "ಜನತ ಬಜ಼ರ್ ಬನಶಂಕರಿ",
                "stop_id": "20876",
                "lat": 12.92837,
                "lon": 77.54577
              },
              {
                "name": "Hosakerehalli  Junction",
                "name_kn": "ಹೊಸಕೆರೆಹಲ್ಲಿ  ಜುಂಕ್ಟಿೊಂ",
                "stop_id": "20843",
                "lat": 12.93044,
                "lon": 77.54342
              },
              {
                "name": "Hosakerehalli Petrol Bunk",
                "name_kn": "ಹೊಸಕೆರೆಹಲ್ಲಿ ಪೆಟ್ರೊಲ್ ಬುಂಕ್",
                "stop_id": "20845",
                "lat": 12.933,
                "lon": 77.54018
              },
              {
                "name": "PES College",
                "name_kn": "ಪೆಸ್ ಕೊಲ್ಲೆಗೆ",
                "stop_id": "21089",
                "lat": 12.93489,
                "lon": 77.53707
              },
              {
                "name": "Veerabhadranagara",
                "name_kn": "ವೀರಭದ್ರನಗರ",
                "stop_id": "21250",
                "lat": 12.93828,
                "lon": 77.53343
              },
              {
                "name": "Nayandahalli Junction",
                "name_kn": "ನಯಂದಹಲ್ಲಿ ಜುಂಕ್ಟಿೊಂ",
                "stop_id": "34321",
                "lat": 12.94552,
                "lon": 77.52755
              },
              {
                "name": "1st Stage 3rd Block Nagarabhavi (Summanahalli)",
                "name_kn": "1ಸ್ಟ್ ಸ್ಟಗೆ 3ರ್ದ್ ಬ್ಲೊಕ್ಕ್ ನಗರಭವಿ (ಸುಮ್ಮನಹಲ್ಲಿ)",
                "stop_id": "22897",
                "lat": 12.95286,
                "lon": 77.52017
              },
              {
                "name": "Nagarabhavi Circle",
                "name_kn": "ನಗರಭವಿ ಕಿರ್ಕ್ಲೆ",
                "stop_id": "29205",
                "lat": 12.95894,
                "lon": 77.51681
              },
              {
                "name": "Malagala",
                "name_kn": "ಮಲಗಲ",
                "stop_id": "28656",
                "lat": 12.97856,
                "lon": 77.51502
              },
              {
                "name": "Summanahalli",
                "name_kn": "ಸುಮ್ಮನಹಲ್ಲಿ",
                "stop_id": "35413",
                "lat": 12.98848,
                "lon": 77.51962
              },
              {
                "name": "Depot-31 Gate",
                "name_kn": "ದೆಪೊಟ್-31 ಗಟೆ",
                "stop_id": "35917",
                "lat": 12.99311,
                "lon": 77.5213
              },
              {
                "name": "Lurdubayi Samudaya Bhavana",
                "name_kn": "ಲುರ್ದುಬಯಿ ಸಮುದಯ ಭವನ",
                "stop_id": "33695",
                "lat": 12.99752,
                "lon": 77.52334
              },
              {
                "name": "Kempegowda Arch",
                "name_kn": "ಕೆಂಪೆಗೌದ ರ್ಚ್",
                "stop_id": "33443",
                "lat": 13.00171,
                "lon": 77.52538
              },
              {
                "name": "Laggere Bridge",
                "name_kn": "ಲಗ್ಗೆರೆ ಬ್ರಿದ್ಗೆ",
                "stop_id": "28439",
                "lat": 13.00843,
                "lon": 77.52664
              },
              {
                "name": "Nandini Layout Ring Road",
                "name_kn": "ನಂದಿನಿ ಲಯೌಟ್ ರಿಙ್ ರೊದ್",
                "stop_id": "27499",
                "lat": 13.0116,
                "lon": 77.52853
              },
              {
                "name": "Nandhini Layout",
                "name_kn": "ನಂಧಿನಿ ಲಯೌಟ್",
                "stop_id": "29289",
                "lat": 13.01473,
                "lon": 77.53052
              },
              {
                "name": "Rajkumar Punya Bhoomi",
                "name_kn": "ರಜ್ಕುಮರ್ ಪುನೆ ಭೂಮಿ",
                "stop_id": "34344",
                "lat": 13.01818,
                "lon": 77.53163
              },
              {
                "name": "Kanteerava Studio",
                "name_kn": "ಕಂಟೀರವ ಸ್ಟುದಿೊ",
                "stop_id": "35254",
                "lat": 13.02263,
                "lon": 77.5327
              },
              {
                "name": "Modern Food Goraguntepalya",
                "name_kn": "ಮೊದೆರ್ಂ ೞೂದ್ ಗೊರಗುಂಟೆಪಲೆ",
                "stop_id": "24014",
                "lat": 13.02482,
                "lon": 77.53395
              },
              {
                "name": "Reliance Petrol Bunk Goraguntepalya",
                "name_kn": "ರೆಲಿಂಕೆ ಪೆಟ್ರೊಲ್ ಬುಂಕ್ ಗೊರಗುಂಟೆಪಲೆ",
                "stop_id": "24015",
                "lat": 13.02861,
                "lon": 77.53612
              },
              {
                "name": "Goraguntepalya",
                "name_kn": "ಗೊರಗುಂಟೆಪಲೆ",
                "stop_id": "20789",
                "lat": 13.02835,
                "lon": 77.54123
              },
              {
                "name": "MEI Factory",
                "name_kn": "ಮೈ ೞಕ್ಟೊರೆ",
                "stop_id": "21017",
                "lat": 13.02652,
                "lon": 77.54439
              },
              {
                "name": "RMC Yard (Yeshawanthapura New Railway Station)",
                "name_kn": "ರ್ಂಕ್ ಯರ್ದ್ (ಯೆಶವಂತಪುರ ನೆವ್ ರೈಲ್ವಯ್ ಸ್ಟಟಿೊಂ)",
                "stop_id": "21132",
                "lat": 13.02462,
                "lon": 77.54776
              },
              {
                "name": "Govardhan Talkies",
                "name_kn": "ಗೊವರ್ಧಂ ಟಲ್ಕಿೆಸ್",
                "stop_id": "20792",
                "lat": 13.01853,
                "lon": 77.55339
              },
              {
                "name": "Yeshawanthapura Bus Station",
                "name_kn": "ಯೆಶವಂತಪುರ ಬುಸ್ ಸ್ಟಟಿೊಂ",
                "stop_id": "24016",
                "lat": 13.01771,
                "lon": 77.55657
              }
            ]
          },
          {
            "Route": "215-N D44-SBS",
            "RouteId": 15442,
            "RouteParentId": 8278,
            "Destination": "Anjanapura 10th  Block",
            "Via": "",
            "Area": "Shivajinagara Bus Station",
            "PlatformNumber": "SOUTH",
            "KannadaDestination": "ಅಞನಪುರ 10ತ್  ಬ್ಲೊಕ್ಕ್",
            "KannadaArea": "ಶಿವಾಜಿನಗರ ಬಸ್ ನಿಲ್ದಾಣ",
            "KannadaVia": "",
            "FromStationId": 21545,
            "Stops": [
              {
                "name": "Jayanagara Bus Station",
                "name_kn": "ಜಯನಗರ ಬುಸ್ ಸ್ಟಟಿೊಂ",
                "stop_id": "21545",
                "lat": 12.92802,
                "lon": 77.58364
              },
              {
                "name": "Jayanagara Telephone Exchange",
                "name_kn": "ಜಯನಗರ ಟೆಲೆಫೊನೆ ೆಕ್ಸ್ಚಙೆ",
                "stop_id": "21543",
                "lat": 12.9228,
                "lon": 77.58385
              },
              {
                "name": "Jayanagara 38th Cross",
                "name_kn": "ಜಯನಗರ 38ತ್ ಕ್ರೊಸ್ಸ್",
                "stop_id": "21445",
                "lat": 12.92101,
                "lon": 77.58376
              },
              {
                "name": "Jayanagara 40th Cross",
                "name_kn": "ಜಯನಗರ 40ತ್ ಕ್ರೊಸ್ಸ್",
                "stop_id": "21449",
                "lat": 12.91989,
                "lon": 77.58068
              },
              {
                "name": "Sangam Circle",
                "name_kn": "ಸಙಂ ಕಿರ್ಕ್ಲೆ",
                "stop_id": "21148",
                "lat": 12.91704,
                "lon": 77.57875
              },
              {
                "name": "Banashankari",
                "name_kn": "ಬನಶಂಕರಿ",
                "stop_id": "21711",
                "lat": 12.91631,
                "lon": 77.57373
              },
              {
                "name": "Sarakki",
                "name_kn": "ಸರಕ್ಕಿ",
                "stop_id": "22459",
                "lat": 12.9097,
                "lon": 77.57299
              },
              {
                "name": "JP Nagara Metro Station",
                "name_kn": "ಜ್ಪ್ ನಗರ ಮೆಟ್ರೊ ಸ್ಟಟಿೊಂ",
                "stop_id": "35926",
                "lat": 12.908,
                "lon": 77.57312
              },
              {
                "name": "Jaraganahalli Cross",
                "name_kn": "ಜರಗನಹಲ್ಲಿ ಕ್ರೊಸ್ಸ್",
                "stop_id": "22101",
                "lat": 12.9014,
                "lon": 77.57344
              },
              {
                "name": "Yalachenahalli",
                "name_kn": "ಯಲಚೆನಹಲ್ಲಿ",
                "stop_id": "22638",
                "lat": 12.89764,
                "lon": 77.57167
              },
              {
                "name": "Metro",
                "name_kn": "ಮೆಟ್ರೊ",
                "stop_id": "22284",
                "lat": 12.89336,
                "lon": 77.56772
              },
              {
                "name": "Konanakunte Cross",
                "name_kn": "ಕೊನನಕುಂಟೆ ಕ್ರೊಸ್ಸ್",
                "stop_id": "22190",
                "lat": 12.89053,
                "lon": 77.56459
              },
              {
                "name": "Konanakunte",
                "name_kn": "ಕೊನನಕುಂಟೆ",
                "stop_id": "22188",
                "lat": 12.88617,
                "lon": 77.56658
              },
              {
                "name": "Sowdamini Kalyana Mantapa",
                "name_kn": "ಸೌದಮಿನಿ ಕಲೆನ ಮಂಟಪ",
                "stop_id": "22507",
                "lat": 12.88387,
                "lon": 77.56663
              },
              {
                "name": "Hari Nagara Cross",
                "name_kn": "ಹರಿ ನಗರ ಕ್ರೊಸ್ಸ್",
                "stop_id": "22015",
                "lat": 12.87907,
                "lon": 77.5673
              },
              {
                "name": "Glass Factory",
                "name_kn": "ಗ್ಲಸ್ಸ್ ೞಕ್ಟೊರೆ",
                "stop_id": "21964",
                "lat": 12.87655,
                "lon": 77.56693
              },
              {
                "name": "Avalahalli",
                "name_kn": "ಅವಲಹಲ್ಲಿ",
                "stop_id": "21679",
                "lat": 12.87283,
                "lon": 77.56661
              },
              {
                "name": "Nandi Garden Kothanur",
                "name_kn": "ನಂದಿ ಗರ್ದೆಂ ಕೊತನುರ್",
                "stop_id": "23365",
                "lat": 12.86748,
                "lon": 77.56566
              },
              {
                "name": "Anjanapura",
                "name_kn": "ಅಞನಪುರ",
                "stop_id": "23101",
                "lat": 12.86196,
                "lon": 77.56393
              },
              {
                "name": "KRB Indian Oil Petrol Bunk Kembathalli",
                "name_kn": "ಕ್ರ್ಬ್ ಿಂದಿಂ ೊಿಲ್ ಪೆಟ್ರೊಲ್ ಬುಂಕ್ ಕೆಂಬತಲ್ಲಿ",
                "stop_id": "23366",
                "lat": 12.85943,
                "lon": 77.56985
              },
              {
                "name": "Anjanapura 10th  Block",
                "name_kn": "ಅಞನಪುರ 10ತ್  ಬ್ಲೊಕ್ಕ್",
                "stop_id": "38034",
                "lat": 12.8556,
                "lon": 77.57056
              }
            ]
          },
          {
            "Route": "213-VD SGH-HRHD",
            "RouteId": 15958,
            "RouteParentId": 8552,
            "Destination": "Dayananda Sagara MDC",
            "Via": "",
            "Area": "Sanjay Gandhi Hospital",
            "PlatformNumber": "SOUTH",
            "KannadaDestination": "ದಯನಂದ ಸಗರ ಂದ್ಕ್",
            "KannadaArea": "ಸಂಜಯ್ ಗಾಂಧಿ ಆಸ್ಪತ್ರೆ",
            "KannadaVia": "",
            "FromStationId": 21545,
            "Stops": [
              {
                "name": "Jayanagara Bus Station",
                "name_kn": "ಜಯನಗರ ಬುಸ್ ಸ್ಟಟಿೊಂ",
                "stop_id": "21545",
                "lat": 12.92802,
                "lon": 77.58364
              },
              {
                "name": "Jayanagara Telephone Exchange",
                "name_kn": "ಜಯನಗರ ಟೆಲೆಫೊನೆ ೆಕ್ಸ್ಚಙೆ",
                "stop_id": "21543",
                "lat": 12.9228,
                "lon": 77.58385
              },
              {
                "name": "Jayanagara 38th Cross",
                "name_kn": "ಜಯನಗರ 38ತ್ ಕ್ರೊಸ್ಸ್",
                "stop_id": "21445",
                "lat": 12.92101,
                "lon": 77.58376
              },
              {
                "name": "Jayanagara 40th Cross",
                "name_kn": "ಜಯನಗರ 40ತ್ ಕ್ರೊಸ್ಸ್",
                "stop_id": "21449",
                "lat": 12.91989,
                "lon": 77.58068
              },
              {
                "name": "Sangam Circle",
                "name_kn": "ಸಙಂ ಕಿರ್ಕ್ಲೆ",
                "stop_id": "21148",
                "lat": 12.91704,
                "lon": 77.57875
              },
              {
                "name": "Banashankari",
                "name_kn": "ಬನಶಂಕರಿ",
                "stop_id": "21711",
                "lat": 12.91631,
                "lon": 77.57373
              },
              {
                "name": "Sarakki",
                "name_kn": "ಸರಕ್ಕಿ",
                "stop_id": "22459",
                "lat": 12.9097,
                "lon": 77.57299
              },
              {
                "name": "JP Nagara Metro Station",
                "name_kn": "ಜ್ಪ್ ನಗರ ಮೆಟ್ರೊ ಸ್ಟಟಿೊಂ",
                "stop_id": "35926",
                "lat": 12.908,
                "lon": 77.57312
              },
              {
                "name": "Jaraganahalli Cross",
                "name_kn": "ಜರಗನಹಲ್ಲಿ ಕ್ರೊಸ್ಸ್",
                "stop_id": "22101",
                "lat": 12.9014,
                "lon": 77.57344
              },
              {
                "name": "Yalachenahalli",
                "name_kn": "ಯಲಚೆನಹಲ್ಲಿ",
                "stop_id": "22638",
                "lat": 12.89764,
                "lon": 77.57167
              },
              {
                "name": "Metro",
                "name_kn": "ಮೆಟ್ರೊ",
                "stop_id": "22284",
                "lat": 12.89336,
                "lon": 77.56772
              },
              {
                "name": "Konanakunte Cross",
                "name_kn": "ಕೊನನಕುಂಟೆ ಕ್ರೊಸ್ಸ್",
                "stop_id": "22190",
                "lat": 12.89053,
                "lon": 77.56459
              },
              {
                "name": "Konanakunte Cross Metro Station",
                "name_kn": "ಕೊನನಕುಂಟೆ ಕ್ರೊಸ್ಸ್ ಮೆಟ್ರೊ ಸ್ಟಟಿೊಂ",
                "stop_id": "38358",
                "lat": 12.88907,
                "lon": 77.56306
              },
              {
                "name": "Cura Hospital",
                "name_kn": "ಕುರ ಹೊಸ್ಪಿಟಲ್",
                "stop_id": "39689",
                "lat": 12.88787,
                "lon": 77.56161
              },
              {
                "name": "Doddakallasandra",
                "name_kn": "ದೊದ್ದಕಲ್ಲಸಂದ್ರ",
                "stop_id": "21909",
                "lat": 12.88574,
                "lon": 77.5565
              },
              {
                "name": "Doddakallasandra Metro Station",
                "name_kn": "ದೊದ್ದಕಲ್ಲಸಂದ್ರ ಮೆಟ್ರೊ ಸ್ಟಟಿೊಂ",
                "stop_id": "38362",
                "lat": 12.88467,
                "lon": 77.55312
              },
              {
                "name": "Gubbalala Gate",
                "name_kn": "ಗುಬ್ಬಲಲ ಗಟೆ",
                "stop_id": "21982",
                "lat": 12.88423,
                "lon": 77.55153
              },
              {
                "name": "Raghuvanahalli Cross",
                "name_kn": "ರಘುವನಹಲ್ಲಿ ಕ್ರೊಸ್ಸ್",
                "stop_id": "22408",
                "lat": 12.88067,
                "lon": 77.54621
              },
              {
                "name": "Vajarahalli Metro Station",
                "name_kn": "ವಜರಹಲ್ಲಿ ಮೆಟ್ರೊ ಸ್ಟಟಿೊಂ",
                "stop_id": "38360",
                "lat": 12.87768,
                "lon": 77.54498
              },
              {
                "name": "Bayyanapalya",
                "name_kn": "ಬಯೆನಪಲೆ",
                "stop_id": "21723",
                "lat": 12.87558,
                "lon": 77.54374
              },
              {
                "name": "Thalaghattapura Metro Station",
                "name_kn": "ತಲಘಟಪುರ ಮೆಟ್ರೊ ಸ್ಟಟಿೊಂ",
                "stop_id": "37739",
                "lat": 12.87128,
                "lon": 77.53854
              },
              {
                "name": "Thalagattapura",
                "name_kn": "ತಲಗಟಪುರ",
                "stop_id": "22538",
                "lat": 12.86958,
                "lon": 77.53705
              },
              {
                "name": "Vajramuneshwara Gate",
                "name_kn": "ವಜ್ರಮುನೆಶ್ವರ ಗಟೆ",
                "stop_id": "22574",
                "lat": 12.86481,
                "lon": 77.53334
              },
              {
                "name": "Silk Institute Metro Station",
                "name_kn": "ಸಿಲ್ಕ್ ಿಂಸ್ಟಿಟುಟೆ ಮೆಟ್ರೊ ಸ್ಟಟಿೊಂ",
                "stop_id": "35891",
                "lat": 12.8616,
                "lon": 77.52993
              },
              {
                "name": "Jyothi Farm",
                "name_kn": "ಜೆೊತಿ ೞರ್ಂ",
                "stop_id": "23600",
                "lat": 12.85989,
                "lon": 77.529
              },
              {
                "name": "NICE Road",
                "name_kn": "ನಿಕೆ ರೊದ್",
                "stop_id": "22363",
                "lat": 12.85694,
                "lon": 77.52685
              },
              {
                "name": "Chinnayyanapalya Silk Farm",
                "name_kn": "ಚಿಂನಯೆನಪಲೆ ಸಿಲ್ಕ್ ೞರ್ಂ",
                "stop_id": "21844",
                "lat": 12.85356,
                "lon": 77.52343
              },
              {
                "name": "Agara Cross",
                "name_kn": "ಅಗರ ಕ್ರೊಸ್ಸ್",
                "stop_id": "21640",
                "lat": 12.84887,
                "lon": 77.5221
              },
              {
                "name": "Kuppareddy Kere",
                "name_kn": "ಕುಪ್ಪರೆದ್ಠೆ ಕೆರೆ",
                "stop_id": "22216",
                "lat": 12.84268,
                "lon": 77.51789
              },
              {
                "name": "Shanimahathma Temple",
                "name_kn": "ಶನಿಮಹತ್ಮ ಟೆಂಪ್ಲೆ",
                "stop_id": "22474",
                "lat": 12.8372,
                "lon": 77.51626
              },
              {
                "name": "Lakshmipura",
                "name_kn": "ಲಕ್ಷ್ಮಿಪುರ",
                "stop_id": "22220",
                "lat": 12.83321,
                "lon": 77.51377
              },
              {
                "name": "Saalu Doddy",
                "name_kn": "ಸಾಲು ದೊದ್ಠೆ",
                "stop_id": "22437",
                "lat": 12.83067,
                "lon": 77.51313
              },
              {
                "name": "Art Of Living Ravishankar Ashram",
                "name_kn": "ಅರ್ಟ್ ೊೞ್ ಲಿವಿಙ್ ರವಿಶಂಕರ್ ಶ್ರಂ",
                "stop_id": "35673",
                "lat": 12.82858,
                "lon": 77.51277
              },
              {
                "name": "Dayananda Sagar Vidya Samste",
                "name_kn": "ದಯನಂದ ಸಗರ್ ವಿಠೆ ಸಂಸ್ಟೆ",
                "stop_id": "23601",
                "lat": 12.82494,
                "lon": 77.51374
              },
              {
                "name": "Art of Living (Kanakapura Road)",
                "name_kn": "ಅರ್ಟ್ ೊೞ್ ಲಿವಿಙ್ (ಕನಕಪುರ ರೊದ್)",
                "stop_id": "29575",
                "lat": 12.82279,
                "lon": 77.51417
              },
              {
                "name": "Udipalya",
                "name_kn": "ಉದಿಪಲೆ",
                "stop_id": "23602",
                "lat": 12.82044,
                "lon": 77.5142
              },
              {
                "name": "Udayapura",
                "name_kn": "ಉದಯಪುರ",
                "stop_id": "22566",
                "lat": 12.81324,
                "lon": 77.51201
              },
              {
                "name": "Saluhunase",
                "name_kn": "ಸಲುಹುನಸೆ",
                "stop_id": "22446",
                "lat": 12.81092,
                "lon": 77.51158
              },
              {
                "name": "Santekatte",
                "name_kn": "ಸಂಟೆಕಟೆ",
                "stop_id": "23635",
                "lat": 12.8067,
                "lon": 77.51063
              },
              {
                "name": "Kaggalipura",
                "name_kn": "ಕಗ್ಗಲಿಪುರ",
                "stop_id": "22137",
                "lat": 12.80032,
                "lon": 77.50849
              },
              {
                "name": "Pattareddypalya",
                "name_kn": "ಪಟರೆದ್ಠೆಪಲೆ",
                "stop_id": "23604",
                "lat": 12.79451,
                "lon": 77.50544
              },
              {
                "name": "Gandhi Nagara",
                "name_kn": "ಗಂಧಿ ನಗರ",
                "stop_id": "23546",
                "lat": 12.79019,
                "lon": 77.50452
              },
              {
                "name": "KEB Power Hosue",
                "name_kn": "ಕೆಬ್ ಪೌೆರ್ ಹೊಸುೆ",
                "stop_id": "39559",
                "lat": 12.78563,
                "lon": 77.50224
              },
              {
                "name": "Somanahalli Toll",
                "name_kn": "ಸೊಮನಹಲ್ಲಿ ಟೊಲ್ಲ್",
                "stop_id": "39558",
                "lat": 12.78337,
                "lon": 77.50044
              },
              {
                "name": "APS College Cross",
                "name_kn": "ಅಪ್ಸ್ ಕೊಲ್ಲೆಗೆ ಕ್ರೊಸ್ಸ್",
                "stop_id": "39682",
                "lat": 12.78637,
                "lon": 77.50249
              },
              {
                "name": "Somanahalli Gate",
                "name_kn": "ಸೊಮನಹಲ್ಲಿ ಗಟೆ",
                "stop_id": "35171",
                "lat": 12.78049,
                "lon": 77.49674
              },
              {
                "name": "Nelagulli Cross",
                "name_kn": "ನೆಲಗುಲ್ಲಿ ಕ್ರೊಸ್ಸ್",
                "stop_id": "23549",
                "lat": 12.77412,
                "lon": 77.49242
              },
              {
                "name": "Hosa Doddy Gate",
                "name_kn": "ಹೊಸ ದೊದ್ಠೆ ಗಟೆ",
                "stop_id": "23550",
                "lat": 12.76458,
                "lon": 77.48755
              },
              {
                "name": "Sadhanapalya Gate",
                "name_kn": "ಸಧನಪಲೆ ಗಟೆ",
                "stop_id": "23605",
                "lat": 12.76803,
                "lon": 77.48882
              },
              {
                "name": "Nettigere Cross",
                "name_kn": "ನೆಟಿಗೆರೆ ಕ್ರೊಸ್ಸ್",
                "stop_id": "23551",
                "lat": 12.76118,
                "lon": 77.48671
              },
              {
                "name": "Bolare",
                "name_kn": "ಬೊಲರೆ",
                "stop_id": "23552",
                "lat": 12.75429,
                "lon": 77.48468
              },
              {
                "name": "Ravagodlu Gate",
                "name_kn": "ರವಗೊದ್ಲು ಗಟೆ",
                "stop_id": "23553",
                "lat": 12.74897,
                "lon": 77.4865
              },
              {
                "name": "Gantakana Doddy Cross",
                "name_kn": "ಗಂಟಕನ ದೊದ್ಠೆ ಕ್ರೊಸ್ಸ್",
                "stop_id": "23607",
                "lat": 12.74145,
                "lon": 77.48836
              },
              {
                "name": "Yadamadu Kanakapura Road",
                "name_kn": "ಯದಮದು ಕನಕಪುರ ರೊದ್",
                "stop_id": "23608",
                "lat": 12.73537,
                "lon": 77.48809
              },
              {
                "name": "Kaggalahalli",
                "name_kn": "ಕಗ್ಗಲಹಲ್ಲಿ",
                "stop_id": "35077",
                "lat": 12.72772,
                "lon": 77.48694
              },
              {
                "name": "Kanyakumari",
                "name_kn": "ಕನೆಕುಮರಿ",
                "stop_id": "23610",
                "lat": 12.71798,
                "lon": 77.48252
              },
              {
                "name": "New Gabbadi",
                "name_kn": "ನೆವ್ ಗಬ್ಬದಿ",
                "stop_id": "23611",
                "lat": 12.71347,
                "lon": 77.48163
              },
              {
                "name": "Kebbedoddi Gate",
                "name_kn": "ಕೆಬ್ಬೆದೊದ್ದಿ ಗಟೆ",
                "stop_id": "23612",
                "lat": 12.70305,
                "lon": 77.481
              },
              {
                "name": "Harohalli Depot",
                "name_kn": "ಹರೊಹಲ್ಲಿ ದೆಪೊಟ್",
                "stop_id": "23613",
                "lat": 12.69801,
                "lon": 77.47846
              },
              {
                "name": "Harohalli Petrol bunk",
                "name_kn": "ಹರೊಹಲ್ಲಿ ಪೆಟ್ರೊಲ್ ಬುಂಕ್",
                "stop_id": "23614",
                "lat": 12.68712,
                "lon": 77.47494
              },
              {
                "name": "Harohalli",
                "name_kn": "ಹರೊಹಲ್ಲಿ",
                "stop_id": "35155",
                "lat": 12.68009,
                "lon": 77.46966
              },
              {
                "name": "Tyamasandra",
                "name_kn": "ಟೆಮಸಂದ್ರ",
                "stop_id": "39362",
                "lat": 12.67542,
                "lon": 77.46342
              },
              {
                "name": "Kiranagere Gate",
                "name_kn": "ಕಿರನಗೆರೆ ಗಟೆ",
                "stop_id": "39364",
                "lat": 12.67,
                "lon": 77.45883
              },
              {
                "name": "BWSSB Quaters Harohalli",
                "name_kn": "ಬ್ವ್ಸ್ಸ್ಬ್ qುಟೆರ್ಸ್ ಹರೊಹಲ್ಲಿ",
                "stop_id": "39367",
                "lat": 12.66836,
                "lon": 77.457
              },
              {
                "name": "Dayananda Sagara MDC",
                "name_kn": "ದಯನಂದ ಸಗರ ಂದ್ಕ್",
                "stop_id": "39368",
                "lat": 12.66282,
                "lon": 77.4501
              }
            ]
          },
          {
            "Route": "365-BB SGH-BNP",
            "RouteId": 16322,
            "RouteParentId": 8742,
            "Destination": "Bannerughatta National Park",
            "Via": "",
            "Area": "Sanjay Gandhi Hospital",
            "PlatformNumber": "SOUTH",
            "KannadaDestination": "ಬಂನೆರುಘಟ ನಟಿೊನಲ್ ಪರ್ಕ್",
            "KannadaArea": "ಸಂಜಯ್ ಗಾಂಧಿ ಆಸ್ಪತ್ರೆ",
            "KannadaVia": "",
            "FromStationId": 21545,
            "Stops": [
              {
                "name": "Jayanagara Bus Station",
                "name_kn": "ಜಯನಗರ ಬುಸ್ ಸ್ಟಟಿೊಂ",
                "stop_id": "21545",
                "lat": 12.92802,
                "lon": 77.58364
              },
              {
                "name": "Jayanagara Telephone Exchange",
                "name_kn": "ಜಯನಗರ ಟೆಲೆಫೊನೆ ೆಕ್ಸ್ಚಙೆ",
                "stop_id": "21543",
                "lat": 12.9228,
                "lon": 77.58385
              },
              {
                "name": "Jayanagara 38th Cross",
                "name_kn": "ಜಯನಗರ 38ತ್ ಕ್ರೊಸ್ಸ್",
                "stop_id": "21445",
                "lat": 12.92101,
                "lon": 77.58376
              },
              {
                "name": "Jayanagara 40th Cross",
                "name_kn": "ಜಯನಗರ 40ತ್ ಕ್ರೊಸ್ಸ್",
                "stop_id": "21449",
                "lat": 12.91989,
                "lon": 77.58068
              },
              {
                "name": "Sangam Circle",
                "name_kn": "ಸಙಂ ಕಿರ್ಕ್ಲೆ",
                "stop_id": "21148",
                "lat": 12.91704,
                "lon": 77.57875
              },
              {
                "name": "Banashankari",
                "name_kn": "ಬನಶಂಕರಿ",
                "stop_id": "21711",
                "lat": 12.91631,
                "lon": 77.57373
              },
              {
                "name": "Sarakki",
                "name_kn": "ಸರಕ್ಕಿ",
                "stop_id": "22459",
                "lat": 12.9097,
                "lon": 77.57299
              },
              {
                "name": "Sarakki Signal",
                "name_kn": "ಸರಕ್ಕಿ ಸಿಗ್ನಲ್",
                "stop_id": "34472",
                "lat": 12.90657,
                "lon": 77.57367
              },
              {
                "name": "JP Nagara 6th Phase",
                "name_kn": "ಜ್ಪ್ ನಗರ 6ತ್ ಫಸೆ",
                "stop_id": "33180",
                "lat": 12.90652,
                "lon": 77.57765
              },
              {
                "name": "JP Nagara 15th Cross",
                "name_kn": "ಜ್ಪ್ ನಗರ 15ತ್ ಕ್ರೊಸ್ಸ್",
                "stop_id": "30456",
                "lat": 12.90639,
                "lon": 77.58758
              },
              {
                "name": "JP Nagara 5th Phase",
                "name_kn": "ಜ್ಪ್ ನಗರ 5ತ್ ಫಸೆ",
                "stop_id": "30461",
                "lat": 12.90637,
                "lon": 77.59035
              },
              {
                "name": "Dalmia Circle",
                "name_kn": "ದಲ್ಮಿ ಕಿರ್ಕ್ಲೆ",
                "stop_id": "24769",
                "lat": 12.90639,
                "lon": 77.59505
              },
              {
                "name": "JP Nagara 3rd Phase",
                "name_kn": "ಜ್ಪ್ ನಗರ 3ರ್ದ್ ಫಸೆ",
                "stop_id": "30457",
                "lat": 12.90716,
                "lon": 77.59991
              },
              {
                "name": "Bilekahalli",
                "name_kn": "ಬಿಲೆಕಹಲ್ಲಿ",
                "stop_id": "23577",
                "lat": 12.90079,
                "lon": 77.60112
              },
              {
                "name": "Apollo Hospital",
                "name_kn": "ಅಪೊಲ್ಲೊ ಹೊಸ್ಪಿಟಲ್",
                "stop_id": "23578",
                "lat": 12.89662,
                "lon": 77.6
              },
              {
                "name": "HSBC",
                "name_kn": "ಹ್ಸ್ಬ್ಕ್",
                "stop_id": "35120",
                "lat": 12.89202,
                "lon": 77.59882
              },
              {
                "name": "Arakere Gate",
                "name_kn": "ಅರಕೆರೆ ಗಟೆ",
                "stop_id": "23145",
                "lat": 12.89024,
                "lon": 77.59811
              },
              {
                "name": "BPL",
                "name_kn": "ಬ್ಪ್ಲ್",
                "stop_id": "35109",
                "lat": 12.88702,
                "lon": 77.59697
              },
              {
                "name": "Hulimavu Gate",
                "name_kn": "ಹುಲಿಮವು ಗಟೆ",
                "stop_id": "22749",
                "lat": 12.8822,
                "lon": 77.59623
              },
              {
                "name": "Meenakshi Temple",
                "name_kn": "ಮೀನಕ್ಷಿ ಟೆಂಪ್ಲೆ",
                "stop_id": "23584",
                "lat": 12.87467,
                "lon": 77.5949
              },
              {
                "name": "Loyola School",
                "name_kn": "ಲೊಯೊಲ ಸ್ಚೂಲ್",
                "stop_id": "35161",
                "lat": 12.87103,
                "lon": 77.59364
              },
              {
                "name": "Kalena Agrahara",
                "name_kn": "ಕಲೆನ ಗ್ರಹರ",
                "stop_id": "23586",
                "lat": 12.86671,
                "lon": 77.59215
              },
              {
                "name": "Himagiri",
                "name_kn": "ಹಿಮಗಿರಿ",
                "stop_id": "23587",
                "lat": 12.86231,
                "lon": 77.59059
              },
              {
                "name": "Gottigere",
                "name_kn": "ಗೊಟಿಗೆರೆ",
                "stop_id": "23588",
                "lat": 12.85652,
                "lon": 77.5889
              },
              {
                "name": "T John College",
                "name_kn": "ಟ್ ಜೊಹ್ಂ ಕೊಲ್ಲೆಗೆ",
                "stop_id": "35130",
                "lat": 12.84984,
                "lon": 77.58834
              },
              {
                "name": "Basavanapura Gate",
                "name_kn": "ಬಸವನಪುರ ಗಟೆ",
                "stop_id": "22752",
                "lat": 12.84634,
                "lon": 77.58822
              },
              {
                "name": "Koli Farm Gate",
                "name_kn": "ಕೊಲಿ ೞರ್ಂ ಗಟೆ",
                "stop_id": "35093",
                "lat": 12.84145,
                "lon": 77.58859
              },
              {
                "name": "Kalkere",
                "name_kn": "ಕಲ್ಕೆರೆ",
                "stop_id": "35062",
                "lat": 12.83262,
                "lon": 77.58906
              },
              {
                "name": "AMC College",
                "name_kn": "ಅಂಕ್ ಕೊಲ್ಲೆಗೆ",
                "stop_id": "23060",
                "lat": 12.82938,
                "lon": 77.58759
              },
              {
                "name": "Sampangiram Nagara",
                "name_kn": "ಸಂಪಙಿರಂ ನಗರ",
                "stop_id": "23779",
                "lat": 12.82533,
                "lon": 77.58621
              },
              {
                "name": "Rayan International School",
                "name_kn": "ರಯಂ ಿಂಟೆರ್ನಟಿೊನಲ್ ಸ್ಚೂಲ್",
                "stop_id": "23780",
                "lat": 12.81956,
                "lon": 77.58481
              },
              {
                "name": "Ananda Ashrama Bannerughatta",
                "name_kn": "ಅನಂದ ಶ್ರಮ ಬಂನೆರುಘಟ",
                "stop_id": "39749",
                "lat": 12.81799,
                "lon": 77.58412
              },
              {
                "name": "Vijaya Bank Bannerughatta",
                "name_kn": "ವಿಜಯ ಬಂಕ್ ಬಂನೆರುಘಟ",
                "stop_id": "23781",
                "lat": 12.81559,
                "lon": 77.58317
              },
              {
                "name": "Bannerughatta Circle",
                "name_kn": "ಬಂನೆರುಘಟ ಕಿರ್ಕ್ಲೆ",
                "stop_id": "39211",
                "lat": 12.81365,
                "lon": 77.58088
              },
              {
                "name": "Prabasnagara",
                "name_kn": "ಪ್ರಬಸ್ನಗರ",
                "stop_id": "23783",
                "lat": 12.81172,
                "lon": 77.57851
              },
              {
                "name": "Sampigehalli Bannerughatta",
                "name_kn": "ಸಂಪಿಗೆಹಲ್ಲಿ ಬಂನೆರುಘಟ",
                "stop_id": "35054",
                "lat": 12.80536,
                "lon": 77.57887
              },
              {
                "name": "Bannerughatta National Park",
                "name_kn": "ಬಂನೆರುಘಟ ನಟಿೊನಲ್ ಪರ್ಕ್",
                "stop_id": "23785",
                "lat": 12.80079,
                "lon": 77.57787
              }
            ]
          },
          {
            "Route": "JPMS-JP6-JBS-BSK",
            "RouteId": 16362,
            "RouteParentId": 8764,
            "Destination": "Banashankari Bus Station",
            "Via": "",
            "Area": "JP Nagara Metro Station",
            "PlatformNumber": "SOUTH",
            "KannadaDestination": "ಬನಶಂಕರಿ ಬುಸ್ ಸ್ಟಟಿೊಂ",
            "KannadaArea": "ಜೆಪಿ ನಗರ ಮೆಟ್ರೋ ಸ್ಟೇಷನ್",
            "KannadaVia": "",
            "FromStationId": 21545,
            "Stops": [
              {
                "name": "Jayanagara Bus Station",
                "name_kn": "ಜಯನಗರ ಬುಸ್ ಸ್ಟಟಿೊಂ",
                "stop_id": "21545",
                "lat": 12.92802,
                "lon": 77.58364
              },
              {
                "name": "Jayanagara Telephone Exchange",
                "name_kn": "ಜಯನಗರ ಟೆಲೆಫೊನೆ ೆಕ್ಸ್ಚಙೆ",
                "stop_id": "21543",
                "lat": 12.9228,
                "lon": 77.58385
              },
              {
                "name": "Jayanagara 38th Cross",
                "name_kn": "ಜಯನಗರ 38ತ್ ಕ್ರೊಸ್ಸ್",
                "stop_id": "21445",
                "lat": 12.92101,
                "lon": 77.58376
              },
              {
                "name": "Jayanagara 40th Cross",
                "name_kn": "ಜಯನಗರ 40ತ್ ಕ್ರೊಸ್ಸ್",
                "stop_id": "21449",
                "lat": 12.91989,
                "lon": 77.58068
              },
              {
                "name": "Sangam Circle",
                "name_kn": "ಸಙಂ ಕಿರ್ಕ್ಲೆ",
                "stop_id": "21148",
                "lat": 12.91704,
                "lon": 77.57875
              },
              {
                "name": "Banashankari Bus Station",
                "name_kn": "ಬನಶಂಕರಿ ಬುಸ್ ಸ್ಟಟಿೊಂ",
                "stop_id": "20624",
                "lat": 12.91736,
                "lon": 77.5727
              }
            ]
          },
          {
            "Route": "214-A SBS-JBS-TTG",
            "RouteId": 16386,
            "RouteParentId": 8775,
            "Destination": "Tattaguppe",
            "Via": "",
            "Area": "Shivajinagara Bus Station",
            "PlatformNumber": "SOUTH",
            "KannadaDestination": "ಟಟಗುಪ್ಪೆ",
            "KannadaArea": "ಶಿವಾಜಿನಗರ ಬಸ್ ನಿಲ್ದಾಣ",
            "KannadaVia": "",
            "FromStationId": 21545,
            "Stops": [
              {
                "name": "Jayanagara Bus Station",
                "name_kn": "ಜಯನಗರ ಬುಸ್ ಸ್ಟಟಿೊಂ",
                "stop_id": "21545",
                "lat": 12.92802,
                "lon": 77.58364
              },
              {
                "name": "Jayanagara Telephone Exchange",
                "name_kn": "ಜಯನಗರ ಟೆಲೆಫೊನೆ ೆಕ್ಸ್ಚಙೆ",
                "stop_id": "21543",
                "lat": 12.9228,
                "lon": 77.58385
              },
              {
                "name": "Jayanagara 38th Cross",
                "name_kn": "ಜಯನಗರ 38ತ್ ಕ್ರೊಸ್ಸ್",
                "stop_id": "21445",
                "lat": 12.92101,
                "lon": 77.58376
              },
              {
                "name": "Jayanagara 40th Cross",
                "name_kn": "ಜಯನಗರ 40ತ್ ಕ್ರೊಸ್ಸ್",
                "stop_id": "21449",
                "lat": 12.91989,
                "lon": 77.58068
              },
              {
                "name": "Sangam Circle",
                "name_kn": "ಸಙಂ ಕಿರ್ಕ್ಲೆ",
                "stop_id": "21148",
                "lat": 12.91704,
                "lon": 77.57875
              },
              {
                "name": "Banashankari",
                "name_kn": "ಬನಶಂಕರಿ",
                "stop_id": "21711",
                "lat": 12.91631,
                "lon": 77.57373
              },
              {
                "name": "Sarakki",
                "name_kn": "ಸರಕ್ಕಿ",
                "stop_id": "22459",
                "lat": 12.9097,
                "lon": 77.57299
              },
              {
                "name": "JP Nagara Metro Station",
                "name_kn": "ಜ್ಪ್ ನಗರ ಮೆಟ್ರೊ ಸ್ಟಟಿೊಂ",
                "stop_id": "35926",
                "lat": 12.908,
                "lon": 77.57312
              },
              {
                "name": "Jaraganahalli Cross",
                "name_kn": "ಜರಗನಹಲ್ಲಿ ಕ್ರೊಸ್ಸ್",
                "stop_id": "22101",
                "lat": 12.9014,
                "lon": 77.57344
              },
              {
                "name": "Yalachenahalli",
                "name_kn": "ಯಲಚೆನಹಲ್ಲಿ",
                "stop_id": "22638",
                "lat": 12.89764,
                "lon": 77.57167
              },
              {
                "name": "Metro",
                "name_kn": "ಮೆಟ್ರೊ",
                "stop_id": "22284",
                "lat": 12.89336,
                "lon": 77.56772
              },
              {
                "name": "Konanakunte Cross",
                "name_kn": "ಕೊನನಕುಂಟೆ ಕ್ರೊಸ್ಸ್",
                "stop_id": "22190",
                "lat": 12.89053,
                "lon": 77.56459
              },
              {
                "name": "Konanakunte Cross Metro Station",
                "name_kn": "ಕೊನನಕುಂಟೆ ಕ್ರೊಸ್ಸ್ ಮೆಟ್ರೊ ಸ್ಟಟಿೊಂ",
                "stop_id": "38358",
                "lat": 12.88907,
                "lon": 77.56306
              },
              {
                "name": "Cura Hospital",
                "name_kn": "ಕುರ ಹೊಸ್ಪಿಟಲ್",
                "stop_id": "39689",
                "lat": 12.88787,
                "lon": 77.56161
              },
              {
                "name": "Doddakallasandra",
                "name_kn": "ದೊದ್ದಕಲ್ಲಸಂದ್ರ",
                "stop_id": "21909",
                "lat": 12.88574,
                "lon": 77.5565
              },
              {
                "name": "Doddakallasandra Metro Station",
                "name_kn": "ದೊದ್ದಕಲ್ಲಸಂದ್ರ ಮೆಟ್ರೊ ಸ್ಟಟಿೊಂ",
                "stop_id": "38362",
                "lat": 12.88467,
                "lon": 77.55312
              },
              {
                "name": "Gubbalala Gate",
                "name_kn": "ಗುಬ್ಬಲಲ ಗಟೆ",
                "stop_id": "21982",
                "lat": 12.88423,
                "lon": 77.55153
              },
              {
                "name": "Raghuvanahalli Cross",
                "name_kn": "ರಘುವನಹಲ್ಲಿ ಕ್ರೊಸ್ಸ್",
                "stop_id": "22408",
                "lat": 12.88067,
                "lon": 77.54621
              },
              {
                "name": "Vajarahalli Metro Station",
                "name_kn": "ವಜರಹಲ್ಲಿ ಮೆಟ್ರೊ ಸ್ಟಟಿೊಂ",
                "stop_id": "38360",
                "lat": 12.87768,
                "lon": 77.54498
              },
              {
                "name": "Bayyanapalya",
                "name_kn": "ಬಯೆನಪಲೆ",
                "stop_id": "21723",
                "lat": 12.87558,
                "lon": 77.54374
              },
              {
                "name": "Thalaghattapura Metro Station",
                "name_kn": "ತಲಘಟಪುರ ಮೆಟ್ರೊ ಸ್ಟಟಿೊಂ",
                "stop_id": "37739",
                "lat": 12.87128,
                "lon": 77.53854
              },
              {
                "name": "Thalagattapura",
                "name_kn": "ತಲಗಟಪುರ",
                "stop_id": "22538",
                "lat": 12.86958,
                "lon": 77.53705
              },
              {
                "name": "Vajramuneshwara Gate",
                "name_kn": "ವಜ್ರಮುನೆಶ್ವರ ಗಟೆ",
                "stop_id": "22574",
                "lat": 12.86481,
                "lon": 77.53334
              },
              {
                "name": "Silk Institute Metro Station",
                "name_kn": "ಸಿಲ್ಕ್ ಿಂಸ್ಟಿಟುಟೆ ಮೆಟ್ರೊ ಸ್ಟಟಿೊಂ",
                "stop_id": "35891",
                "lat": 12.8616,
                "lon": 77.52993
              },
              {
                "name": "Jyothi Farm",
                "name_kn": "ಜೆೊತಿ ೞರ್ಂ",
                "stop_id": "23600",
                "lat": 12.85989,
                "lon": 77.529
              },
              {
                "name": "NICE Road",
                "name_kn": "ನಿಕೆ ರೊದ್",
                "stop_id": "22363",
                "lat": 12.85694,
                "lon": 77.52685
              },
              {
                "name": "Chinnayyanapalya Silk Farm",
                "name_kn": "ಚಿಂನಯೆನಪಲೆ ಸಿಲ್ಕ್ ೞರ್ಂ",
                "stop_id": "21844",
                "lat": 12.85356,
                "lon": 77.52343
              },
              {
                "name": "Agara Cross",
                "name_kn": "ಅಗರ ಕ್ರೊಸ್ಸ್",
                "stop_id": "21640",
                "lat": 12.84887,
                "lon": 77.5221
              },
              {
                "name": "Kuppareddy Kere",
                "name_kn": "ಕುಪ್ಪರೆದ್ಠೆ ಕೆರೆ",
                "stop_id": "22216",
                "lat": 12.84268,
                "lon": 77.51789
              },
              {
                "name": "Shanimahathma Temple",
                "name_kn": "ಶನಿಮಹತ್ಮ ಟೆಂಪ್ಲೆ",
                "stop_id": "22474",
                "lat": 12.8372,
                "lon": 77.51626
              },
              {
                "name": "Lakshmipura",
                "name_kn": "ಲಕ್ಷ್ಮಿಪುರ",
                "stop_id": "22220",
                "lat": 12.83321,
                "lon": 77.51377
              },
              {
                "name": "Saalu Doddy",
                "name_kn": "ಸಾಲು ದೊದ್ಠೆ",
                "stop_id": "22437",
                "lat": 12.83067,
                "lon": 77.51313
              },
              {
                "name": "Art Of Living Ravishankar Ashram",
                "name_kn": "ಅರ್ಟ್ ೊೞ್ ಲಿವಿಙ್ ರವಿಶಂಕರ್ ಶ್ರಂ",
                "stop_id": "35673",
                "lat": 12.82858,
                "lon": 77.51277
              },
              {
                "name": "Dayananda Sagar Vidya Samste",
                "name_kn": "ದಯನಂದ ಸಗರ್ ವಿಠೆ ಸಂಸ್ಟೆ",
                "stop_id": "23601",
                "lat": 12.82494,
                "lon": 77.51374
              },
              {
                "name": "Art of Living (Kanakapura Road)",
                "name_kn": "ಅರ್ಟ್ ೊೞ್ ಲಿವಿಙ್ (ಕನಕಪುರ ರೊದ್)",
                "stop_id": "29575",
                "lat": 12.82279,
                "lon": 77.51417
              },
              {
                "name": "Udipalya",
                "name_kn": "ಉದಿಪಲೆ",
                "stop_id": "23602",
                "lat": 12.82044,
                "lon": 77.5142
              },
              {
                "name": "Udayapura",
                "name_kn": "ಉದಯಪುರ",
                "stop_id": "22566",
                "lat": 12.81324,
                "lon": 77.51201
              },
              {
                "name": "Saluhunase",
                "name_kn": "ಸಲುಹುನಸೆ",
                "stop_id": "22446",
                "lat": 12.81092,
                "lon": 77.51158
              },
              {
                "name": "Santekatte",
                "name_kn": "ಸಂಟೆಕಟೆ",
                "stop_id": "23635",
                "lat": 12.8067,
                "lon": 77.51063
              },
              {
                "name": "Kaggalipura",
                "name_kn": "ಕಗ್ಗಲಿಪುರ",
                "stop_id": "22137",
                "lat": 12.80032,
                "lon": 77.50849
              },
              {
                "name": "Christ School",
                "name_kn": "ಚ್ರಿಸ್ಟ್ ಸ್ಚೂಲ್",
                "stop_id": "32364",
                "lat": 12.79918,
                "lon": 77.5119
              },
              {
                "name": "Vasudevapura",
                "name_kn": "ವಸುದೆವಪುರ",
                "stop_id": "22590",
                "lat": 12.79809,
                "lon": 77.52029
              },
              {
                "name": "Gulakamale",
                "name_kn": "ಗುಲಕಮಲೆ",
                "stop_id": "21994",
                "lat": 12.79765,
                "lon": 77.52361
              },
              {
                "name": "Tharalu",
                "name_kn": "ತರಲು",
                "stop_id": "22543",
                "lat": 12.7893,
                "lon": 77.52234
              },
              {
                "name": "Richard Farm",
                "name_kn": "ರಿಚರ್ದ್ ೞರ್ಂ",
                "stop_id": "22427",
                "lat": 12.77774,
                "lon": 77.52525
              },
              {
                "name": "Tattaguppe",
                "name_kn": "ಟಟಗುಪ್ಪೆ",
                "stop_id": "22530",
                "lat": 12.7737,
                "lon": 77.52934
              }
            ]
          },
          {
            "Route": "410-AB SGH-JHC",
            "RouteId": 16463,
            "RouteParentId": 8816,
            "Destination": "Jalahalli Cross",
            "Via": "",
            "Area": "Sanjay Gandhi Hospital",
            "PlatformNumber": "SOUTH",
            "KannadaDestination": "ಜಲಹಲ್ಲಿ ಕ್ರೊಸ್ಸ್",
            "KannadaArea": "ಸಂಜಯ್ ಗಾಂಧಿ ಆಸ್ಪತ್ರೆ",
            "KannadaVia": "",
            "FromStationId": 21545,
            "Stops": [
              {
                "name": "Jayanagara Bus Station",
                "name_kn": "ಜಯನಗರ ಬುಸ್ ಸ್ಟಟಿೊಂ",
                "stop_id": "21545",
                "lat": 12.92802,
                "lon": 77.58364
              },
              {
                "name": "Jayanagara Telephone Exchange",
                "name_kn": "ಜಯನಗರ ಟೆಲೆಫೊನೆ ೆಕ್ಸ್ಚಙೆ",
                "stop_id": "21543",
                "lat": 12.9228,
                "lon": 77.58385
              },
              {
                "name": "Jayanagara 38th Cross",
                "name_kn": "ಜಯನಗರ 38ತ್ ಕ್ರೊಸ್ಸ್",
                "stop_id": "21445",
                "lat": 12.92101,
                "lon": 77.58376
              },
              {
                "name": "Jayanagara 40th Cross",
                "name_kn": "ಜಯನಗರ 40ತ್ ಕ್ರೊಸ್ಸ್",
                "stop_id": "21449",
                "lat": 12.91989,
                "lon": 77.58068
              },
              {
                "name": "Sangam Circle",
                "name_kn": "ಸಙಂ ಕಿರ್ಕ್ಲೆ",
                "stop_id": "21148",
                "lat": 12.91704,
                "lon": 77.57875
              },
              {
                "name": "Banashankari Bus Station",
                "name_kn": "ಬನಶಂಕರಿ ಬುಸ್ ಸ್ಟಟಿೊಂ",
                "stop_id": "20624",
                "lat": 12.91736,
                "lon": 77.5727
              },
              {
                "name": "Kadirenahalli Cross",
                "name_kn": "ಕದಿರೆನಹಲ್ಲಿ ಕ್ರೊಸ್ಸ್",
                "stop_id": "20897",
                "lat": 12.91364,
                "lon": 77.56727
              },
              {
                "name": "Kadirenahalli Park",
                "name_kn": "ಕದಿರೆನಹಲ್ಲಿ ಪರ್ಕ್",
                "stop_id": "20899",
                "lat": 12.91762,
                "lon": 77.56447
              },
              {
                "name": "Devegowda Petrol Bunk",
                "name_kn": "ದೆವೆಗೌದ ಪೆಟ್ರೊಲ್ ಬುಂಕ್",
                "stop_id": "20756",
                "lat": 12.92194,
                "lon": 77.55914
              },
              {
                "name": "Kamakya Talkies",
                "name_kn": "ಕಮಕೆ ಟಲ್ಕಿೆಸ್",
                "stop_id": "35772",
                "lat": 12.92405,
                "lon": 77.55264
              },
              {
                "name": "Kathriguppe",
                "name_kn": "ಕತ್ರಿಗುಪ್ಪೆ",
                "stop_id": "20917",
                "lat": 12.92535,
                "lon": 77.54989
              },
              {
                "name": "Janatha Bazar Banashankari",
                "name_kn": "ಜನತ ಬಜ಼ರ್ ಬನಶಂಕರಿ",
                "stop_id": "20876",
                "lat": 12.92837,
                "lon": 77.54577
              },
              {
                "name": "Hosakerehalli  Junction",
                "name_kn": "ಹೊಸಕೆರೆಹಲ್ಲಿ  ಜುಂಕ್ಟಿೊಂ",
                "stop_id": "20843",
                "lat": 12.93044,
                "lon": 77.54342
              },
              {
                "name": "Hosakerehalli Petrol Bunk",
                "name_kn": "ಹೊಸಕೆರೆಹಲ್ಲಿ ಪೆಟ್ರೊಲ್ ಬುಂಕ್",
                "stop_id": "20845",
                "lat": 12.933,
                "lon": 77.54018
              },
              {
                "name": "PES College",
                "name_kn": "ಪೆಸ್ ಕೊಲ್ಲೆಗೆ",
                "stop_id": "21089",
                "lat": 12.93489,
                "lon": 77.53707
              },
              {
                "name": "Veerabhadranagara",
                "name_kn": "ವೀರಭದ್ರನಗರ",
                "stop_id": "21250",
                "lat": 12.93828,
                "lon": 77.53343
              },
              {
                "name": "Nayandahalli Junction",
                "name_kn": "ನಯಂದಹಲ್ಲಿ ಜುಂಕ್ಟಿೊಂ",
                "stop_id": "20887",
                "lat": 12.94509,
                "lon": 77.52857
              },
              {
                "name": "Mysore Road Metro Station",
                "name_kn": "ಮೆಸೊರೆ ರೊದ್ ಮೆಟ್ರೊ ಸ್ಟಟಿೊಂ",
                "stop_id": "21580",
                "lat": 12.94633,
                "lon": 77.52972
              },
              {
                "name": "BHEL",
                "name_kn": "ಭೆಲ್",
                "stop_id": "20661",
                "lat": 12.94874,
                "lon": 77.53559
              },
              {
                "name": "Deepanjalinagara",
                "name_kn": "ದೀಪಞಲಿನಗರ",
                "stop_id": "20739",
                "lat": 12.9514,
                "lon": 77.53724
              },
              {
                "name": "Attiguppe",
                "name_kn": "ಅಟಿಗುಪ್ಪೆ",
                "stop_id": "20613",
                "lat": 12.95789,
                "lon": 77.53385
              },
              {
                "name": "Attiguppe Metro Station",
                "name_kn": "ಅಟಿಗುಪ್ಪೆ ಮೆಟ್ರೊ ಸ್ಟಟಿೊಂ",
                "stop_id": "39679",
                "lat": 12.96245,
                "lon": 77.53377
              },
              {
                "name": "Vijayanagara Bus Station",
                "name_kn": "ವಿಜಯನಗರ ಬುಸ್ ಸ್ಟಟಿೊಂ",
                "stop_id": "35395",
                "lat": 12.96558,
                "lon": 77.53492
              },
              {
                "name": "Maruthi Mandira",
                "name_kn": "ಮರುತಿ ಮಂದಿರ",
                "stop_id": "21011",
                "lat": 12.96783,
                "lon": 77.53611
              },
              {
                "name": "Vijayanagara",
                "name_kn": "ವಿಜಯನಗರ",
                "stop_id": "21266",
                "lat": 12.97192,
                "lon": 77.53766
              },
              {
                "name": "MC Layout",
                "name_kn": "ಂಕ್ ಲಯೌಟ್",
                "stop_id": "21013",
                "lat": 12.97498,
                "lon": 77.54212
              },
              {
                "name": "Agrahara Dasarahalli",
                "name_kn": "ಅಗ್ರಹರ ದಸರಹಲ್ಲಿ",
                "stop_id": "20600",
                "lat": 12.97874,
                "lon": 77.54121
              },
              {
                "name": "KHB Colony",
                "name_kn": "ಖ್ಬ್ ಕೊಲೊನೆ",
                "stop_id": "20930",
                "lat": 12.98105,
                "lon": 77.53549
              },
              {
                "name": "Kamakshipalya",
                "name_kn": "ಕಮಕ್ಷಿಪಲೆ",
                "stop_id": "20906",
                "lat": 12.98375,
                "lon": 77.52917
              },
              {
                "name": "Summanahalli",
                "name_kn": "ಸುಮ್ಮನಹಲ್ಲಿ",
                "stop_id": "21204",
                "lat": 12.98739,
                "lon": 77.51914
              },
              {
                "name": "Kottigepalya",
                "name_kn": "ಕೊಟಿಗೆಪಲೆ",
                "stop_id": "20937",
                "lat": 12.98787,
                "lon": 77.51509
              },
              {
                "name": "Lakshmi Institution",
                "name_kn": "ಲಕ್ಷ್ಮಿ ಿಂಸ್ಟಿಟುಟಿೊಂ",
                "stop_id": "39572",
                "lat": 12.98862,
                "lon": 77.50878
              },
              {
                "name": "Sunkadakatte",
                "name_kn": "ಸುಂಕದಕಟೆ",
                "stop_id": "21206",
                "lat": 12.99018,
                "lon": 77.5038
              },
              {
                "name": "Janapriya Apartment",
                "name_kn": "ಜನಪ್ರಿಯ ಪರ್ಟ್ಮೆಂಟ್",
                "stop_id": "26277",
                "lat": 12.9888,
                "lon": 77.49952
              },
              {
                "name": "Herohalli Cross",
                "name_kn": "ಹೆರೊಹಲ್ಲಿ ಕ್ರೊಸ್ಸ್",
                "stop_id": "32914",
                "lat": 12.98796,
                "lon": 77.49385
              },
              {
                "name": "Maruthi Nagara",
                "name_kn": "ಮರುತಿ ನಗರ",
                "stop_id": "33862",
                "lat": 12.98975,
                "lon": 77.49394
              },
              {
                "name": "Mahadeshwara Nagara",
                "name_kn": "ಮಹದೆಶ್ವರ ನಗರ",
                "stop_id": "33739",
                "lat": 12.99201,
                "lon": 77.49425
              },
              {
                "name": "Prasanna Layout",
                "name_kn": "ಪ್ರಸಂನ ಲಯೌಟ್",
                "stop_id": "38616",
                "lat": 12.99618,
                "lon": 77.49603
              },
              {
                "name": "Nagaraholenagara Cross",
                "name_kn": "ನಗರಹೊಲೆನಗರ ಕ್ರೊಸ್ಸ್",
                "stop_id": "38617",
                "lat": 12.99736,
                "lon": 77.49682
              },
              {
                "name": "Neelagiri Thopu",
                "name_kn": "ನೀಲಗಿರಿ ತೊಪು",
                "stop_id": "21055",
                "lat": 12.99577,
                "lon": 77.50249
              },
              {
                "name": "Hegganahalli Cross",
                "name_kn": "ಹೆಗ್ಗನಹಲ್ಲಿ ಕ್ರೊಸ್ಸ್",
                "stop_id": "20827",
                "lat": 12.99977,
                "lon": 77.50395
              },
              {
                "name": "Hegganahalli",
                "name_kn": "ಹೆಗ್ಗನಹಲ್ಲಿ",
                "stop_id": "20824",
                "lat": 13.00367,
                "lon": 77.50454
              },
              {
                "name": "Milk Dairy Hegganahalli",
                "name_kn": "ಮಿಲ್ಕ್ ದೈರೆ ಹೆಗ್ಗನಹಲ್ಲಿ",
                "stop_id": "21024",
                "lat": 13.0074,
                "lon": 77.50543
              },
              {
                "name": "Peenya 2nd Stage",
                "name_kn": "ಪೀನೆ 2ಂದ್ ಸ್ಟಗೆ",
                "stop_id": "21080",
                "lat": 13.01092,
                "lon": 77.50683
              },
              {
                "name": "Peenya 14th Cross",
                "name_kn": "ಪೀನೆ 14ತ್ ಕ್ರೊಸ್ಸ್",
                "stop_id": "20566",
                "lat": 13.01663,
                "lon": 77.50554
              },
              {
                "name": "Brundavana Peenya",
                "name_kn": "ಬ್ರುಂದವನ ಪೀನೆ",
                "stop_id": "20684",
                "lat": 13.02034,
                "lon": 77.50804
              },
              {
                "name": "NTTF Peenya",
                "name_kn": "ಂಟ್ೞ್ ಪೀನೆ",
                "stop_id": "21068",
                "lat": 13.02514,
                "lon": 77.51122
              },
              {
                "name": "Rolling Mill",
                "name_kn": "ರೊಲ್ಲಿಙ್ ಮಿಲ್ಲ್",
                "stop_id": "21136",
                "lat": 13.02655,
                "lon": 77.51468
              },
              {
                "name": "TVS Cross Peenya",
                "name_kn": "ಟ್ವ್ಸ್ ಕ್ರೊಸ್ಸ್ ಪೀನೆ",
                "stop_id": "21236",
                "lat": 13.02868,
                "lon": 77.51957
              },
              {
                "name": "Jalahalli Cross",
                "name_kn": "ಜಲಹಲ್ಲಿ ಕ್ರೊಸ್ಸ್",
                "stop_id": "20870",
                "lat": 13.03959,
                "lon": 77.51839
              }
            ]
          },
          {
            "Route": "210-TP",
            "RouteId": 16475,
            "RouteParentId": 8822,
            "Destination": "Doddakallasandra Metro Station",
            "Via": "",
            "Area": "Jayanagara Bus Station",
            "PlatformNumber": "SOUTH",
            "KannadaDestination": "ದೊದ್ದಕಲ್ಲಸಂದ್ರ ಮೆಟ್ರೊ ಸ್ಟಟಿೊಂ",
            "KannadaArea": "ಜಯನಗರ ಬಸ್ ನಿಲ್ದಾಣ",
            "KannadaVia": "",
            "FromStationId": 21545,
            "Stops": [
              {
                "name": "Jayanagara Bus Station",
                "name_kn": "ಜಯನಗರ ಬುಸ್ ಸ್ಟಟಿೊಂ",
                "stop_id": "21545",
                "lat": 12.92802,
                "lon": 77.58364
              },
              {
                "name": "Jayanagara Telephone Exchange",
                "name_kn": "ಜಯನಗರ ಟೆಲೆಫೊನೆ ೆಕ್ಸ್ಚಙೆ",
                "stop_id": "21543",
                "lat": 12.9228,
                "lon": 77.58385
              },
              {
                "name": "Jayanagara 38th Cross",
                "name_kn": "ಜಯನಗರ 38ತ್ ಕ್ರೊಸ್ಸ್",
                "stop_id": "21445",
                "lat": 12.92101,
                "lon": 77.58376
              },
              {
                "name": "Jayanagara 40th Cross",
                "name_kn": "ಜಯನಗರ 40ತ್ ಕ್ರೊಸ್ಸ್",
                "stop_id": "21449",
                "lat": 12.91989,
                "lon": 77.58068
              },
              {
                "name": "Sangam Circle",
                "name_kn": "ಸಙಂ ಕಿರ್ಕ್ಲೆ",
                "stop_id": "21148",
                "lat": 12.91704,
                "lon": 77.57875
              },
              {
                "name": "Banashankari Bus Station",
                "name_kn": "ಬನಶಂಕರಿ ಬುಸ್ ಸ್ಟಟಿೊಂ",
                "stop_id": "20624",
                "lat": 12.91736,
                "lon": 77.5727
              },
              {
                "name": "Kadirenahalli Cross",
                "name_kn": "ಕದಿರೆನಹಲ್ಲಿ ಕ್ರೊಸ್ಸ್",
                "stop_id": "20897",
                "lat": 12.91364,
                "lon": 77.56727
              },
              {
                "name": "Kadirenahalli Village",
                "name_kn": "ಕದಿರೆನಹಲ್ಲಿ ವಿಲ್ಲಗೆ",
                "stop_id": "22134",
                "lat": 12.9157,
                "lon": 77.56146
              },
              {
                "name": "Prarthana School",
                "name_kn": "ಪ್ರರ್ತನ ಸ್ಚೂಲ್",
                "stop_id": "22404",
                "lat": 12.91155,
                "lon": 77.5583
              },
              {
                "name": "Gowdanapalya",
                "name_kn": "ಗೌದನಪಲೆ",
                "stop_id": "21979",
                "lat": 12.91157,
                "lon": 77.55608
              },
              {
                "name": "Chikkallasandra Aralimara",
                "name_kn": "ಚಿಕ್ಕಲ್ಲಸಂದ್ರ ರಲಿಮರ",
                "stop_id": "21841",
                "lat": 12.91157,
                "lon": 77.55238
              },
              {
                "name": "Chikkallasandra Bank Colony",
                "name_kn": "ಚಿಕ್ಕಲ್ಲಸಂದ್ರ ಬಂಕ್ ಕೊಲೊನೆ",
                "stop_id": "21843",
                "lat": 12.90914,
                "lon": 77.54927
              },
              {
                "name": "Nano Hospital",
                "name_kn": "ನನೊ ಹೊಸ್ಪಿಟಲ್",
                "stop_id": "22198",
                "lat": 12.90698,
                "lon": 77.54622
              },
              {
                "name": "Uttarahalli",
                "name_kn": "ಉಟರಹಲ್ಲಿ",
                "stop_id": "22571",
                "lat": 12.90575,
                "lon": 77.54257
              },
              {
                "name": "Poornaprajna Layout Water Tank",
                "name_kn": "ಪೂರ್ನಪ್ರಜ್ನ ಲಯೌಟ್ ವಟೆರ್ ಟಂಕ್",
                "stop_id": "22573",
                "lat": 12.90841,
                "lon": 77.53463
              },
              {
                "name": "National Public School Uttarahalli",
                "name_kn": "ನಟಿೊನಲ್ ಪುಬ್ಲಿಕ್ ಸ್ಚೂಲ್ ುಟರಹಲ್ಲಿ",
                "stop_id": "38097",
                "lat": 12.904,
                "lon": 77.5309
              },
              {
                "name": "Paaduka Mandira",
                "name_kn": "ಪಾದುಕ ಮಂದಿರ",
                "stop_id": "34197",
                "lat": 12.89616,
                "lon": 77.53164
              },
              {
                "name": "Turahalli Cross",
                "name_kn": "ಟುರಹಲ್ಲಿ ಕ್ರೊಸ್ಸ್",
                "stop_id": "39648",
                "lat": 12.89342,
                "lon": 77.53819
              },
              {
                "name": "Karishma Hills Cross",
                "name_kn": "ಕರಿಶ್ಮ ಹಿಲ್ಲ್ಸ್ ಕ್ರೊಸ್ಸ್",
                "stop_id": "33367",
                "lat": 12.8888,
                "lon": 77.54129
              },
              {
                "name": "Gubbalala",
                "name_kn": "ಗುಬ್ಬಲಲ",
                "stop_id": "32765",
                "lat": 12.88566,
                "lon": 77.54177
              },
              {
                "name": "Gubbalala Gate",
                "name_kn": "ಗುಬ್ಬಲಲ ಗಟೆ",
                "stop_id": "21983",
                "lat": 12.88431,
                "lon": 77.55134
              },
              {
                "name": "Doddakallasandra Metro Station",
                "name_kn": "ದೊದ್ದಕಲ್ಲಸಂದ್ರ ಮೆಟ್ರೊ ಸ್ಟಟಿೊಂ",
                "stop_id": "38363",
                "lat": 12.88469,
                "lon": 77.55255
              }
            ]
          },
          {
            "Route": "13-C SBS-PPLO",
            "RouteId": 16656,
            "RouteParentId": 8920,
            "Destination": "Poornaprajna Layout",
            "Via": "",
            "Area": "Shivajinagara Bus Station",
            "PlatformNumber": "SOUTH",
            "KannadaDestination": "ಪೂರ್ನಪ್ರಜ್ನ ಲಯೌಟ್",
            "KannadaArea": "ಶಿವಾಜಿನಗರ ಬಸ್ ನಿಲ್ದಾಣ",
            "KannadaVia": "",
            "FromStationId": 21545,
            "Stops": [
              {
                "name": "Jayanagara Bus Station",
                "name_kn": "ಜಯನಗರ ಬುಸ್ ಸ್ಟಟಿೊಂ",
                "stop_id": "21545",
                "lat": 12.92802,
                "lon": 77.58364
              },
              {
                "name": "Jayanagara Telephone Exchange",
                "name_kn": "ಜಯನಗರ ಟೆಲೆಫೊನೆ ೆಕ್ಸ್ಚಙೆ",
                "stop_id": "21543",
                "lat": 12.9228,
                "lon": 77.58385
              },
              {
                "name": "Jayanagara 38th Cross",
                "name_kn": "ಜಯನಗರ 38ತ್ ಕ್ರೊಸ್ಸ್",
                "stop_id": "21445",
                "lat": 12.92101,
                "lon": 77.58376
              },
              {
                "name": "Jayanagara 40th Cross",
                "name_kn": "ಜಯನಗರ 40ತ್ ಕ್ರೊಸ್ಸ್",
                "stop_id": "21449",
                "lat": 12.91989,
                "lon": 77.58068
              },
              {
                "name": "Sangam Circle",
                "name_kn": "ಸಙಂ ಕಿರ್ಕ್ಲೆ",
                "stop_id": "21148",
                "lat": 12.91704,
                "lon": 77.57875
              },
              {
                "name": "Banashankari Bus Station",
                "name_kn": "ಬನಶಂಕರಿ ಬುಸ್ ಸ್ಟಟಿೊಂ",
                "stop_id": "20623",
                "lat": 12.91779,
                "lon": 77.57272
              },
              {
                "name": "Banashankari Hunasemara",
                "name_kn": "ಬನಶಂಕರಿ ಹುನಸೆಮರ",
                "stop_id": "21713",
                "lat": 12.92084,
                "lon": 77.57414
              },
              {
                "name": "Monotype Corporation",
                "name_kn": "ಮೊನೊಟೆಪೆ ಕೊರ್ಪೊರಟಿೊಂ",
                "stop_id": "22295",
                "lat": 12.92154,
                "lon": 77.57104
              },
              {
                "name": "Kaveri Nagara",
                "name_kn": "ಕವೆರಿ ನಗರ",
                "stop_id": "35150",
                "lat": 12.91986,
                "lon": 77.56931
              },
              {
                "name": "Yarab Nagara",
                "name_kn": "ಯರಬ್ ನಗರ",
                "stop_id": "22631",
                "lat": 12.91657,
                "lon": 77.56914
              },
              {
                "name": "Kadirenahalli Cross",
                "name_kn": "ಕದಿರೆನಹಲ್ಲಿ ಕ್ರೊಸ್ಸ್",
                "stop_id": "20897",
                "lat": 12.91364,
                "lon": 77.56727
              },
              {
                "name": "Dayananda Sagar College",
                "name_kn": "ದಯನಂದ ಸಗರ್ ಕೊಲ್ಲೆಗೆ",
                "stop_id": "21874",
                "lat": 12.90948,
                "lon": 77.56553
              },
              {
                "name": "Kumaraswamy Layout Police Station",
                "name_kn": "ಕುಮರಸ್ವಮೆ ಲಯೌಟ್ ಪೊಲಿಕೆ ಸ್ಟಟಿೊಂ",
                "stop_id": "22213",
                "lat": 12.9053,
                "lon": 77.56274
              },
              {
                "name": "Kumaraswamy Layout",
                "name_kn": "ಕುಮರಸ್ವಮೆ ಲಯೌಟ್",
                "stop_id": "22211",
                "lat": 12.90313,
                "lon": 77.56165
              },
              {
                "name": "West Cross Kumaraswamy Layout",
                "name_kn": "ವೆಸ್ಟ್ ಕ್ರೊಸ್ಸ್ ಕುಮರಸ್ವಮೆ ಲಯೌಟ್",
                "stop_id": "22619",
                "lat": 12.90094,
                "lon": 77.55993
              },
              {
                "name": "ISRO Layout",
                "name_kn": "ಇಸ್ರೊ ಲಯೌಟ್",
                "stop_id": "22080",
                "lat": 12.89978,
                "lon": 77.5585
              },
              {
                "name": "Bikashipura",
                "name_kn": "ಬಿಕಶಿಪುರ",
                "stop_id": "35405",
                "lat": 12.89818,
                "lon": 77.55768
              },
              {
                "name": "Pipeline ISRO Layout",
                "name_kn": "ಪಿಪೆಲಿನೆ ಿಸ್ರೊ ಲಯೌಟ್",
                "stop_id": "22386",
                "lat": 12.89515,
                "lon": 77.5551
              },
              {
                "name": "Vasanthapura",
                "name_kn": "ವಸಂತಪುರ",
                "stop_id": "22589",
                "lat": 12.89626,
                "lon": 77.55244
              },
              {
                "name": "Yadalam Nagara",
                "name_kn": "ಯದಲಂ ನಗರ",
                "stop_id": "22624",
                "lat": 12.89639,
                "lon": 77.54827
              },
              {
                "name": "Subramanyapura KEB",
                "name_kn": "ಸುಬ್ರಮನೆಪುರ ಕೆಬ್",
                "stop_id": "22160",
                "lat": 12.89759,
                "lon": 77.54631
              },
              {
                "name": "Subramanyapura Post Office",
                "name_kn": "ಸುಬ್ರಮನೆಪುರ ಪೊಸ್ಟ್ ೊೞ್ೞಿಕೆ",
                "stop_id": "34276",
                "lat": 12.89878,
                "lon": 77.54389
              },
              {
                "name": "Subramanyapura Police Station",
                "name_kn": "ಸುಬ್ರಮನೆಪುರ ಪೊಲಿಕೆ ಸ್ಟಟಿೊಂ",
                "stop_id": "22394",
                "lat": 12.90146,
                "lon": 77.54411
              },
              {
                "name": "Uttarahalli Bus Stand",
                "name_kn": "ಉಟರಹಲ್ಲಿ ಬುಸ್ ಸ್ಟಂದ್",
                "stop_id": "22570",
                "lat": 12.90521,
                "lon": 77.5432
              },
              {
                "name": "Uttarahalli",
                "name_kn": "ಉಟರಹಲ್ಲಿ",
                "stop_id": "22571",
                "lat": 12.90575,
                "lon": 77.54257
              },
              {
                "name": "Arehalli",
                "name_kn": "ಅರೆಹಲ್ಲಿ",
                "stop_id": "21659",
                "lat": 12.90849,
                "lon": 77.53855
              },
              {
                "name": "Poornaprajna Layout",
                "name_kn": "ಪೂರ್ನಪ್ರಜ್ನ ಲಯೌಟ್",
                "stop_id": "34271",
                "lat": 12.90877,
                "lon": 77.53592
              }
            ]
          },
          {
            "Route": "13-S",
            "RouteId": 16677,
            "RouteParentId": 8930,
            "Destination": "Banashankari Bus Station",
            "Via": "",
            "Area": "Sultan palya",
            "PlatformNumber": "SOUTH",
            "KannadaDestination": "ಬನಶಂಕರಿ ಬುಸ್ ಸ್ಟಟಿೊಂ",
            "KannadaArea": "ಸುಲ್ತಾನ್ ಪಾಳ್ಯ",
            "KannadaVia": "",
            "FromStationId": 21545,
            "Stops": [
              {
                "name": "Jayanagara Bus Station",
                "name_kn": "ಜಯನಗರ ಬುಸ್ ಸ್ಟಟಿೊಂ",
                "stop_id": "21545",
                "lat": 12.92802,
                "lon": 77.58364
              },
              {
                "name": "Jayanagara Telephone Exchange",
                "name_kn": "ಜಯನಗರ ಟೆಲೆಫೊನೆ ೆಕ್ಸ್ಚಙೆ",
                "stop_id": "21543",
                "lat": 12.9228,
                "lon": 77.58385
              },
              {
                "name": "Jayanagara 38th Cross",
                "name_kn": "ಜಯನಗರ 38ತ್ ಕ್ರೊಸ್ಸ್",
                "stop_id": "21445",
                "lat": 12.92101,
                "lon": 77.58376
              },
              {
                "name": "Jayanagara 40th Cross",
                "name_kn": "ಜಯನಗರ 40ತ್ ಕ್ರೊಸ್ಸ್",
                "stop_id": "21449",
                "lat": 12.91989,
                "lon": 77.58068
              },
              {
                "name": "Sangam Circle",
                "name_kn": "ಸಙಂ ಕಿರ್ಕ್ಲೆ",
                "stop_id": "21148",
                "lat": 12.91704,
                "lon": 77.57875
              },
              {
                "name": "Banashankari Bus Station",
                "name_kn": "ಬನಶಂಕರಿ ಬುಸ್ ಸ್ಟಟಿೊಂ",
                "stop_id": "20624",
                "lat": 12.91736,
                "lon": 77.5727
              }
            ]
          },
          {
            "Route": "2 KBS-JPMS-BSK",
            "RouteId": 16365,
            "RouteParentId": 8765,
            "Destination": "Kempegowda Bus Station",
            "Via": "",
            "Area": "Banashankari Bus Station",
            "PlatformNumber": "SOUTH",
            "KannadaDestination": "ಕೆಂಪೆಗೌದ ಬುಸ್ ಸ್ಟಟಿೊಂ",
            "KannadaArea": "ಬನಶಂಕರಿ ಬಸ್ ನಿಲ್ದಾಣ",
            "KannadaVia": "",
            "FromStationId": 21544,
            "Stops": [
              {
                "name": "Jayanagara Bus Station",
                "name_kn": "ಜಯನಗರ ಬುಸ್ ಸ್ಟಟಿೊಂ",
                "stop_id": "21544",
                "lat": 12.92852,
                "lon": 77.58418
              },
              {
                "name": "3rd Block Jayanagara",
                "name_kn": "3ರ್ದ್ ಬ್ಲೊಕ್ಕ್ ಜಯನಗರ",
                "stop_id": "21446",
                "lat": 12.9318,
                "lon": 77.58393
              },
              {
                "name": "Madhavan Park",
                "name_kn": "ಮಧವಂ ಪರ್ಕ್",
                "stop_id": "21563",
                "lat": 12.93644,
                "lon": 77.58392
              },
              {
                "name": "Vijaya College",
                "name_kn": "ವಿಜಯ ಕೊಲ್ಲೆಗೆ",
                "stop_id": "24269",
                "lat": 12.93958,
                "lon": 77.57996
              },
              {
                "name": "R V Teachers College",
                "name_kn": "ರ್ ವ್ ಟೆಚೆರ್ಸ್ ಕೊಲ್ಲೆಗೆ",
                "stop_id": "22434",
                "lat": 12.94446,
                "lon": 77.5799
              },
              {
                "name": "Lalbagh Metro Station",
                "name_kn": "ಲಲ್ಬಘ್ ಮೆಟ್ರೊ ಸ್ಟಟಿೊಂ",
                "stop_id": "38814",
                "lat": 12.94739,
                "lon": 77.57993
              },
              {
                "name": "Lalbagh West Gate",
                "name_kn": "ಲಲ್ಬಘ್ ವೆಸ್ಟ್ ಗಟೆ",
                "stop_id": "22225",
                "lat": 12.94963,
                "lon": 77.57993
              },
              {
                "name": "Minerva Circle",
                "name_kn": "ಮಿನೆರ್ವ ಕಿರ್ಕ್ಲೆ",
                "stop_id": "22291",
                "lat": 12.95387,
                "lon": 77.57992
              },
              {
                "name": "Town Hall",
                "name_kn": "ಟೌಂ ಹಲ್ಲ್",
                "stop_id": "22565",
                "lat": 12.96353,
                "lon": 77.58507
              },
              {
                "name": "Corporation",
                "name_kn": "ಕೊರ್ಪೊರಟಿೊಂ",
                "stop_id": "20725",
                "lat": 12.96839,
                "lon": 77.58675
              },
              {
                "name": "Mysore Bank",
                "name_kn": "ಮೆಸೊರೆ ಬಂಕ್",
                "stop_id": "35383",
                "lat": 12.97253,
                "lon": 77.58199
              },
              {
                "name": "Kempegowda Bus Station",
                "name_kn": "ಕೆಂಪೆಗೌದ ಬುಸ್ ಸ್ಟಟಿೊಂ",
                "stop_id": "20922",
                "lat": 12.97749,
                "lon": 77.57327
              }
            ]
          }
        ]
      }
    },
    {
      "type": "Feature",
      "geometry": {
        "coordinates": [
          77.5838218326196,
          12.928715949054407
        ],
        "type": "Point"
      },
      "properties": {
        "Platform": "NORTH",
        "Color": "#000000",
        "Icon": "N",
        "OpenHour": 0,
        "CloseHour": 0,
        "ApiIds": [
          "39129"
        ],
        "Routes": [
          {
            "Route": "MF-18",
            "RouteId": 14546,
            "RouteParentId": 7791,
            "Destination": "Koli Farm Gate",
            "Via": "",
            "Area": "Banashankari Bus Station",
            "PlatformNumber": "NORTH",
            "KannadaDestination": "ಕೊಲಿ ೞರ್ಂ ಗಟೆ",
            "KannadaArea": "ಬನಶಂಕರಿ ಬಸ್ ನಿಲ್ದಾಣ",
            "KannadaVia": "",
            "FromStationId": 39129,
            "Stops": [
              {
                "name": "Jayanagara Bus Station",
                "name_kn": "ಜಯನಗರ ಬುಸ್ ಸ್ಟಟಿೊಂ",
                "stop_id": "39129",
                "lat": 12.92881,
                "lon": 77.58381
              },
              {
                "name": "3rd Block Jayanagara",
                "name_kn": "3ರ್ದ್ ಬ್ಲೊಕ್ಕ್ ಜಯನಗರ",
                "stop_id": "21446",
                "lat": 12.9318,
                "lon": 77.58393
              },
              {
                "name": "Jayanagara 4th Block",
                "name_kn": "ಜಯನಗರ 4ತ್ ಬ್ಲೊಕ್ಕ್",
                "stop_id": "23691",
                "lat": 12.92915,
                "lon": 77.58602
              },
              {
                "name": "Sanjay Gandhi Hospital",
                "name_kn": "ಸಞಯ್ ಗಂಧಿ ಹೊಸ್ಪಿಟಲ್",
                "stop_id": "35099",
                "lat": 12.92707,
                "lon": 77.59309
              },
              {
                "name": "Carmel Convent Jayanagara",
                "name_kn": "ಕರ್ಮೆಲ್ ಕೊಂವೆಂಟ್ ಜಯನಗರ",
                "stop_id": "35199",
                "lat": 12.92643,
                "lon": 77.59724
              },
              {
                "name": "Jayanagara Pump House",
                "name_kn": "ಜಯನಗರ ಪುಂಪ್ ಹೌಸೆ",
                "stop_id": "23694",
                "lat": 12.92172,
                "lon": 77.5971
              },
              {
                "name": "Gurappanapalya",
                "name_kn": "ಗುರಪ್ಪನಪಲೆ",
                "stop_id": "22745",
                "lat": 12.91985,
                "lon": 77.60025
              },
              {
                "name": "MICO Layout Checkpost Gopalan mall",
                "name_kn": "ಮಿಕೊ ಲಯೌಟ್ ಚೆಕ್ಕ್ಪೊಸ್ಟ್ ಗೊಪಲಂ ಮಲ್ಲ್",
                "stop_id": "23575",
                "lat": 12.91413,
                "lon": 77.60001
              },
              {
                "name": "JP Nagara 3rd Phase",
                "name_kn": "ಜ್ಪ್ ನಗರ 3ರ್ದ್ ಫಸೆ",
                "stop_id": "35076",
                "lat": 12.90809,
                "lon": 77.60045
              },
              {
                "name": "Bilekahalli",
                "name_kn": "ಬಿಲೆಕಹಲ್ಲಿ",
                "stop_id": "23577",
                "lat": 12.90079,
                "lon": 77.60112
              },
              {
                "name": "Apollo Hospital",
                "name_kn": "ಅಪೊಲ್ಲೊ ಹೊಸ್ಪಿಟಲ್",
                "stop_id": "23578",
                "lat": 12.89662,
                "lon": 77.6
              },
              {
                "name": "HSBC",
                "name_kn": "ಹ್ಸ್ಬ್ಕ್",
                "stop_id": "35120",
                "lat": 12.89202,
                "lon": 77.59882
              },
              {
                "name": "Arakere Gate",
                "name_kn": "ಅರಕೆರೆ ಗಟೆ",
                "stop_id": "23145",
                "lat": 12.89024,
                "lon": 77.59811
              },
              {
                "name": "BPL",
                "name_kn": "ಬ್ಪ್ಲ್",
                "stop_id": "35109",
                "lat": 12.88702,
                "lon": 77.59697
              },
              {
                "name": "Hulimavu Gate",
                "name_kn": "ಹುಲಿಮವು ಗಟೆ",
                "stop_id": "22749",
                "lat": 12.8822,
                "lon": 77.59623
              },
              {
                "name": "Meenakshi Temple",
                "name_kn": "ಮೀನಕ್ಷಿ ಟೆಂಪ್ಲೆ",
                "stop_id": "23584",
                "lat": 12.87467,
                "lon": 77.5949
              },
              {
                "name": "Loyola School",
                "name_kn": "ಲೊಯೊಲ ಸ್ಚೂಲ್",
                "stop_id": "35161",
                "lat": 12.87103,
                "lon": 77.59364
              },
              {
                "name": "Kalena Agrahara",
                "name_kn": "ಕಲೆನ ಗ್ರಹರ",
                "stop_id": "23586",
                "lat": 12.86671,
                "lon": 77.59215
              },
              {
                "name": "Himagiri",
                "name_kn": "ಹಿಮಗಿರಿ",
                "stop_id": "23587",
                "lat": 12.86231,
                "lon": 77.59059
              },
              {
                "name": "Gottigere",
                "name_kn": "ಗೊಟಿಗೆರೆ",
                "stop_id": "23588",
                "lat": 12.85652,
                "lon": 77.5889
              },
              {
                "name": "T John College",
                "name_kn": "ಟ್ ಜೊಹ್ಂ ಕೊಲ್ಲೆಗೆ",
                "stop_id": "35130",
                "lat": 12.84984,
                "lon": 77.58834
              },
              {
                "name": "Basavanapura Gate",
                "name_kn": "ಬಸವನಪುರ ಗಟೆ",
                "stop_id": "22752",
                "lat": 12.84634,
                "lon": 77.58822
              },
              {
                "name": "Koli Farm Gate",
                "name_kn": "ಕೊಲಿ ೞರ್ಂ ಗಟೆ",
                "stop_id": "35093",
                "lat": 12.84145,
                "lon": 77.58859
              }
            ]
          },
          {
            "Route": "MF-18 BSK-BGT",
            "RouteId": 16238,
            "RouteParentId": 8693,
            "Destination": "Bannerughatta Circle",
            "Via": "",
            "Area": "Banashankari Bus Station",
            "PlatformNumber": "NORTH",
            "KannadaDestination": "ಬಂನೆರುಘಟ ಕಿರ್ಕ್ಲೆ",
            "KannadaArea": "ಬನಶಂಕರಿ ಬಸ್ ನಿಲ್ದಾಣ",
            "KannadaVia": "",
            "FromStationId": 39129,
            "Stops": [
              {
                "name": "Jayanagara Bus Station",
                "name_kn": "ಜಯನಗರ ಬುಸ್ ಸ್ಟಟಿೊಂ",
                "stop_id": "39129",
                "lat": 12.92881,
                "lon": 77.58381
              },
              {
                "name": "3rd Block Jayanagara",
                "name_kn": "3ರ್ದ್ ಬ್ಲೊಕ್ಕ್ ಜಯನಗರ",
                "stop_id": "21446",
                "lat": 12.9318,
                "lon": 77.58393
              },
              {
                "name": "Jayanagara 4th Block",
                "name_kn": "ಜಯನಗರ 4ತ್ ಬ್ಲೊಕ್ಕ್",
                "stop_id": "23691",
                "lat": 12.92915,
                "lon": 77.58602
              },
              {
                "name": "Sanjay Gandhi Hospital",
                "name_kn": "ಸಞಯ್ ಗಂಧಿ ಹೊಸ್ಪಿಟಲ್",
                "stop_id": "35099",
                "lat": 12.92707,
                "lon": 77.59309
              },
              {
                "name": "Carmel Convent Jayanagara",
                "name_kn": "ಕರ್ಮೆಲ್ ಕೊಂವೆಂಟ್ ಜಯನಗರ",
                "stop_id": "35199",
                "lat": 12.92643,
                "lon": 77.59724
              },
              {
                "name": "Jayanagara Pump House",
                "name_kn": "ಜಯನಗರ ಪುಂಪ್ ಹೌಸೆ",
                "stop_id": "23694",
                "lat": 12.92172,
                "lon": 77.5971
              },
              {
                "name": "Gurappanapalya",
                "name_kn": "ಗುರಪ್ಪನಪಲೆ",
                "stop_id": "22745",
                "lat": 12.91985,
                "lon": 77.60025
              },
              {
                "name": "MICO Layout Checkpost Gopalan mall",
                "name_kn": "ಮಿಕೊ ಲಯೌಟ್ ಚೆಕ್ಕ್ಪೊಸ್ಟ್ ಗೊಪಲಂ ಮಲ್ಲ್",
                "stop_id": "23575",
                "lat": 12.91413,
                "lon": 77.60001
              },
              {
                "name": "JP Nagara 3rd Phase",
                "name_kn": "ಜ್ಪ್ ನಗರ 3ರ್ದ್ ಫಸೆ",
                "stop_id": "35076",
                "lat": 12.90809,
                "lon": 77.60045
              },
              {
                "name": "Bilekahalli",
                "name_kn": "ಬಿಲೆಕಹಲ್ಲಿ",
                "stop_id": "23577",
                "lat": 12.90079,
                "lon": 77.60112
              },
              {
                "name": "Apollo Hospital",
                "name_kn": "ಅಪೊಲ್ಲೊ ಹೊಸ್ಪಿಟಲ್",
                "stop_id": "23578",
                "lat": 12.89662,
                "lon": 77.6
              },
              {
                "name": "HSBC",
                "name_kn": "ಹ್ಸ್ಬ್ಕ್",
                "stop_id": "35120",
                "lat": 12.89202,
                "lon": 77.59882
              },
              {
                "name": "Arakere Gate",
                "name_kn": "ಅರಕೆರೆ ಗಟೆ",
                "stop_id": "23145",
                "lat": 12.89024,
                "lon": 77.59811
              },
              {
                "name": "BPL",
                "name_kn": "ಬ್ಪ್ಲ್",
                "stop_id": "35109",
                "lat": 12.88702,
                "lon": 77.59697
              },
              {
                "name": "Hulimavu Gate",
                "name_kn": "ಹುಲಿಮವು ಗಟೆ",
                "stop_id": "22749",
                "lat": 12.8822,
                "lon": 77.59623
              },
              {
                "name": "Meenakshi Temple",
                "name_kn": "ಮೀನಕ್ಷಿ ಟೆಂಪ್ಲೆ",
                "stop_id": "23584",
                "lat": 12.87467,
                "lon": 77.5949
              },
              {
                "name": "Loyola School",
                "name_kn": "ಲೊಯೊಲ ಸ್ಚೂಲ್",
                "stop_id": "35161",
                "lat": 12.87103,
                "lon": 77.59364
              },
              {
                "name": "Kalena Agrahara",
                "name_kn": "ಕಲೆನ ಗ್ರಹರ",
                "stop_id": "23586",
                "lat": 12.86671,
                "lon": 77.59215
              },
              {
                "name": "Himagiri",
                "name_kn": "ಹಿಮಗಿರಿ",
                "stop_id": "23587",
                "lat": 12.86231,
                "lon": 77.59059
              },
              {
                "name": "Gottigere",
                "name_kn": "ಗೊಟಿಗೆರೆ",
                "stop_id": "23588",
                "lat": 12.85652,
                "lon": 77.5889
              },
              {
                "name": "T John College",
                "name_kn": "ಟ್ ಜೊಹ್ಂ ಕೊಲ್ಲೆಗೆ",
                "stop_id": "35130",
                "lat": 12.84984,
                "lon": 77.58834
              },
              {
                "name": "Basavanapura Gate",
                "name_kn": "ಬಸವನಪುರ ಗಟೆ",
                "stop_id": "22752",
                "lat": 12.84634,
                "lon": 77.58822
              },
              {
                "name": "Koli Farm Gate",
                "name_kn": "ಕೊಲಿ ೞರ್ಂ ಗಟೆ",
                "stop_id": "35093",
                "lat": 12.84145,
                "lon": 77.58859
              },
              {
                "name": "Kalkere",
                "name_kn": "ಕಲ್ಕೆರೆ",
                "stop_id": "35062",
                "lat": 12.83262,
                "lon": 77.58906
              },
              {
                "name": "AMC College",
                "name_kn": "ಅಂಕ್ ಕೊಲ್ಲೆಗೆ",
                "stop_id": "23060",
                "lat": 12.82938,
                "lon": 77.58759
              },
              {
                "name": "Sampangiram Nagara",
                "name_kn": "ಸಂಪಙಿರಂ ನಗರ",
                "stop_id": "23779",
                "lat": 12.82533,
                "lon": 77.58621
              },
              {
                "name": "Rayan International School",
                "name_kn": "ರಯಂ ಿಂಟೆರ್ನಟಿೊನಲ್ ಸ್ಚೂಲ್",
                "stop_id": "23780",
                "lat": 12.81956,
                "lon": 77.58481
              },
              {
                "name": "Ananda Ashrama Bannerughatta",
                "name_kn": "ಅನಂದ ಶ್ರಮ ಬಂನೆರುಘಟ",
                "stop_id": "39749",
                "lat": 12.81799,
                "lon": 77.58412
              },
              {
                "name": "Vijaya Bank Bannerughatta",
                "name_kn": "ವಿಜಯ ಬಂಕ್ ಬಂನೆರುಘಟ",
                "stop_id": "23781",
                "lat": 12.81559,
                "lon": 77.58317
              },
              {
                "name": "Bannerughatta Circle",
                "name_kn": "ಬಂನೆರುಘಟ ಕಿರ್ಕ್ಲೆ",
                "stop_id": "35140",
                "lat": 12.81386,
                "lon": 77.58123
              }
            ]
          }
        ]
      }
    }
  ]
}