{
  "type": "FeatureCollection",
  "features": [
    {
      "type": "Feature",
      "geometry": {
        "type": "Point",
        "coordinates": [
          77.571855,
          12.978442
        ]
      },
      "properties": {
        "Platform": "20",
        "Color": "#000000",
        "Icon": "20",
        "OpenHour": 0,
        "CloseHour": 0,
        "ApiIds": [
          "20921",
          "20922",
          "35931"
        ],
        "Routes": [
          {
            "Route": "258-S",
            "RouteId": 2877,
            "RouteParentId": 1640,
            "Destination": "Ramadevanahalli",
            "Via": "",
            "Area": "KR Market",
            "PlatformNumber": "20",
            "KannadaDestination": "ರಮದೆವನಹಲ್ಲಿ",
            "KannadaArea": "ಕೆಆರ್ ಮಾರುಕಟ್ಟೆ",
            "KannadaVia": "",
            "FromStationId": 35931,
            "Stops": [
              {
                "name": "Kempegowda Bus Station(Majestic/KBS)",
                "name_kn": "ಕೆಂಪೆಗೌದ ಬುಸ್ ಸ್ಟಟಿೊಂ(ಮಜೆಸ್ಟಿಕ್/ಕ್ಬ್ಸ್)",
                "stop_id": "35931",
                "lat": 12.97793,
                "lon": 77.57389
              },
              {
                "name": "Central",
                "name_kn": "ಕೆಂಟ್ರಲ್",
                "stop_id": "23426",
                "lat": 12.98984,
                "lon": 77.57181
              },
              {
                "name": "Malleshwara Circle",
                "name_kn": "ಮಲ್ಲೆಶ್ವರ ಕಿರ್ಕ್ಲೆ",
                "stop_id": "20988",
                "lat": 12.99782,
                "lon": 77.5714
              },
              {
                "name": "Malleshwara 8th Cross (Sampige Road)",
                "name_kn": "ಮಲ್ಲೆಶ್ವರ 8ತ್ ಕ್ರೊಸ್ಸ್ (ಸಂಪಿಗೆ ರೊದ್)",
                "stop_id": "20590",
                "lat": 13.00009,
                "lon": 77.57131
              },
              {
                "name": "Malleshwaram11th Cross",
                "name_kn": "ಮಲ್ಲೆಶ್ವರಂ11ತ್ ಕ್ರೊಸ್ಸ್",
                "stop_id": "20561",
                "lat": 13.00233,
                "lon": 77.57133
              },
              {
                "name": "Malleshwaram 15th Cross",
                "name_kn": "ಮಲ್ಲೆಶ್ವರಂ 15ತ್ ಕ್ರೊಸ್ಸ್",
                "stop_id": "20570",
                "lat": 13.00541,
                "lon": 77.57119
              },
              {
                "name": "Malleshwaram 18th Cross",
                "name_kn": "ಮಲ್ಲೆಶ್ವರಂ 18ತ್ ಕ್ರೊಸ್ಸ್",
                "stop_id": "20574",
                "lat": 13.00906,
                "lon": 77.57112
              },
              {
                "name": "Tata Institute",
                "name_kn": "ಟಟ ಿಂಸ್ಟಿಟುಟೆ",
                "stop_id": "21213",
                "lat": 13.01514,
                "lon": 77.56382
              },
              {
                "name": "Yeshawanthapura Bus Station",
                "name_kn": "ಯೆಶವಂತಪುರ ಬುಸ್ ಸ್ಟಟಿೊಂ",
                "stop_id": "21288",
                "lat": 13.01801,
                "lon": 77.55662
              },
              {
                "name": "Govardhan Talkies",
                "name_kn": "ಗೊವರ್ಧಂ ಟಲ್ಕಿೆಸ್",
                "stop_id": "20791",
                "lat": 13.02,
                "lon": 77.55274
              },
              {
                "name": "RMC Yard (Yeshawanthapura New Railway Station)",
                "name_kn": "ರ್ಂಕ್ ಯರ್ದ್ (ಯೆಶವಂತಪುರ ನೆವ್ ರೈಲ್ವಯ್ ಸ್ಟಟಿೊಂ)",
                "stop_id": "21131",
                "lat": 13.02366,
                "lon": 77.54877
              },
              {
                "name": "MEI Factory",
                "name_kn": "ಮೈ ೞಕ್ಟೊರೆ",
                "stop_id": "21016",
                "lat": 13.0264,
                "lon": 77.54402
              },
              {
                "name": "Goraguntepalya",
                "name_kn": "ಗೊರಗುಂಟೆಪಲೆ",
                "stop_id": "20790",
                "lat": 13.02895,
                "lon": 77.5395
              },
              {
                "name": "CMTI",
                "name_kn": "ಕ್ಂಟಿ",
                "stop_id": "20723",
                "lat": 13.0307,
                "lon": 77.53641
              },
              {
                "name": "SRS Peenya",
                "name_kn": "ಸ್ರ್ಸ್ ಪೀನೆ",
                "stop_id": "21189",
                "lat": 13.03428,
                "lon": 77.53032
              },
              {
                "name": "Peenya Industry Metro Station",
                "name_kn": "ಪೀನೆ ಿಂದುಸ್ಟ್ರೆ ಮೆಟ್ರೊ ಸ್ಟಟಿೊಂ",
                "stop_id": "21082",
                "lat": 13.03556,
                "lon": 77.52613
              },
              {
                "name": "Jalahalli Cross",
                "name_kn": "ಜಲಹಲ್ಲಿ ಕ್ರೊಸ್ಸ್",
                "stop_id": "20867",
                "lat": 13.03976,
                "lon": 77.51853
              },
              {
                "name": "T Dasarahalli",
                "name_kn": "ಟ್ ದಸರಹಲ್ಲಿ",
                "stop_id": "21211",
                "lat": 13.04283,
                "lon": 77.51276
              },
              {
                "name": "8th Mile Dasarahalli",
                "name_kn": "8ತ್ ಮಿಲೆ ದಸರಹಲ್ಲಿ",
                "stop_id": "35570",
                "lat": 13.0451,
                "lon": 77.50748
              },
              {
                "name": "Deepak Factory",
                "name_kn": "ದೀಪಕ್ ೞಕ್ಟೊರೆ",
                "stop_id": "24818",
                "lat": 13.04704,
                "lon": 77.50159
              },
              {
                "name": "Widia Factory",
                "name_kn": "ವಿದಿ ೞಕ್ಟೊರೆ",
                "stop_id": "23313",
                "lat": 13.04877,
                "lon": 77.49664
              },
              {
                "name": "Marison Factory",
                "name_kn": "ಮರಿಸೊಂ ೞಕ್ಟೊರೆ",
                "stop_id": "28839",
                "lat": 13.0502,
                "lon": 77.49252
              },
              {
                "name": "Chikkabidarakallu",
                "name_kn": "ಚಿಕ್ಕಬಿದರಕಲ್ಲು",
                "stop_id": "24566",
                "lat": 13.05196,
                "lon": 77.48778
              },
              {
                "name": "Jindal",
                "name_kn": "ಜಿಂದಲ್",
                "stop_id": "26340",
                "lat": 13.05353,
                "lon": 77.48338
              },
              {
                "name": "Anchepalya",
                "name_kn": "ಅಂಚೆಪಲೆ",
                "stop_id": "23084",
                "lat": 13.05497,
                "lon": 77.47936
              },
              {
                "name": "Madavara",
                "name_kn": "ಮದವರ",
                "stop_id": "28598",
                "lat": 13.05665,
                "lon": 77.47343
              },
              {
                "name": "TCI",
                "name_kn": "ಟ್ಕಿ",
                "stop_id": "26844",
                "lat": 13.05906,
                "lon": 77.46474
              },
              {
                "name": "Madanayakanahalli",
                "name_kn": "ಮದನಯಕನಹಲ್ಲಿ",
                "stop_id": "33724",
                "lat": 13.06102,
                "lon": 77.46102
              },
              {
                "name": "Makali",
                "name_kn": "ಮಕಲಿ",
                "stop_id": "33748",
                "lat": 13.06564,
                "lon": 77.45325
              },
              {
                "name": "Depot-40 Gate",
                "name_kn": "ದೆಪೊಟ್-40 ಗಟೆ",
                "stop_id": "22973",
                "lat": 13.06872,
                "lon": 77.44766
              },
              {
                "name": "Adakimaranahalli",
                "name_kn": "ಅದಕಿಮರನಹಲ್ಲಿ",
                "stop_id": "29439",
                "lat": 13.07028,
                "lon": 77.44482
              },
              {
                "name": "Ravuthanahalli Cross",
                "name_kn": "ರವುತನಹಲ್ಲಿ ಕ್ರೊಸ್ಸ್",
                "stop_id": "38537",
                "lat": 13.07334,
                "lon": 77.43938
              },
              {
                "name": "Dasanapura",
                "name_kn": "ದಸನಪುರ",
                "stop_id": "24788",
                "lat": 13.07523,
                "lon": 77.43599
              },
              {
                "name": "Devannanapalya",
                "name_kn": "ದೆವಂನನಪಲೆ",
                "stop_id": "24942",
                "lat": 13.07734,
                "lon": 77.43133
              },
              {
                "name": "Arishinakunte",
                "name_kn": "ಅರಿಶಿನಕುಂಟೆ",
                "stop_id": "29571",
                "lat": 13.07966,
                "lon": 77.42419
              },
              {
                "name": "Vishwa Shanti Ashrama",
                "name_kn": "ವಿಶ್ವ ಶಂಟಿ ಶ್ರಮ",
                "stop_id": "27343",
                "lat": 13.08402,
                "lon": 77.41724
              },
              {
                "name": "Binnamangala",
                "name_kn": "ಬಿಂನಮಙಲ",
                "stop_id": "30108",
                "lat": 13.08744,
                "lon": 77.41242
              },
              {
                "name": "Nursery Nelamangala",
                "name_kn": "ನುರ್ಸೆರೆ ನೆಲಮಙಲ",
                "stop_id": "27520",
                "lat": 13.09011,
                "lon": 77.40928
              },
              {
                "name": "Weavers Colony Nelamangala",
                "name_kn": "ವೆವೆರ್ಸ್ ಕೊಲೊನೆ ನೆಲಮಙಲ",
                "stop_id": "27377",
                "lat": 13.09403,
                "lon": 77.40561
              },
              {
                "name": "TB Nelamangala",
                "name_kn": "ಟ್ಬ್ ನೆಲಮಙಲ",
                "stop_id": "26838",
                "lat": 13.09706,
                "lon": 77.40148
              },
              {
                "name": "Anjaneya Temple Nelamangala",
                "name_kn": "ಅಞನೆಯ ಟೆಂಪ್ಲೆ ನೆಲಮಙಲ",
                "stop_id": "29533",
                "lat": 13.09723,
                "lon": 77.39774
              },
              {
                "name": "Nelamangala Bus Station",
                "name_kn": "ನೆಲಮಙಲ ಬುಸ್ ಸ್ಟಟಿೊಂ",
                "stop_id": "22353",
                "lat": 13.09796,
                "lon": 77.39438
              },
              {
                "name": "Nelamangala Hunasemara",
                "name_kn": "ನೆಲಮಙಲ ಹುನಸೆಮರ",
                "stop_id": "34137",
                "lat": 13.10054,
                "lon": 77.39064
              },
              {
                "name": "Basavanahalli Cross",
                "name_kn": "ಬಸವನಹಲ್ಲಿ ಕ್ರೊಸ್ಸ್",
                "stop_id": "31901",
                "lat": 13.10231,
                "lon": 77.38869
              },
              {
                "name": "Renuka Nagara",
                "name_kn": "ರೆನುಕ ನಗರ",
                "stop_id": "34414",
                "lat": 13.10573,
                "lon": 77.38811
              },
              {
                "name": "Basavanahalli",
                "name_kn": "ಬಸವನಹಲ್ಲಿ",
                "stop_id": "29748",
                "lat": 13.11036,
                "lon": 77.38819
              },
              {
                "name": "Islampura Cross",
                "name_kn": "ಇಸ್ಲಂಪುರ ಕ್ರೊಸ್ಸ್",
                "stop_id": "33049",
                "lat": 13.11311,
                "lon": 77.38874
              },
              {
                "name": "A G Export Garments Nelamangala",
                "name_kn": "ಅ ಗ್ ೆಕ್ಸ್ಪೊರ್ಟ್ ಗರ್ಮೆಂಟ್ಸ್ ನೆಲಮಙಲ",
                "stop_id": "29453",
                "lat": 13.12046,
                "lon": 77.39237
              },
              {
                "name": "Mylanahalli Bare",
                "name_kn": "ಮೆಲನಹಲ್ಲಿ ಬರೆ",
                "stop_id": "34828",
                "lat": 13.12716,
                "lon": 77.39837
              },
              {
                "name": "KG Srinivasapura Cross",
                "name_kn": "ಕ್ಗ್ ಸ್ರಿನಿವಸಪುರ ಕ್ರೊಸ್ಸ್",
                "stop_id": "33477",
                "lat": 13.1291,
                "lon": 77.40021
              },
              {
                "name": "Mylanahalli Gate",
                "name_kn": "ಮೆಲನಹಲ್ಲಿ ಗಟೆ",
                "stop_id": "29163",
                "lat": 13.13262,
                "lon": 77.40361
              },
              {
                "name": "Makali Cross Madhure Road",
                "name_kn": "ಮಕಲಿ ಕ್ರೊಸ್ಸ್ ಮಧುರೆ ರೊದ್",
                "stop_id": "33753",
                "lat": 13.13415,
                "lon": 77.40558
              },
              {
                "name": "Hyadalu",
                "name_kn": "ಹೆದಲು",
                "stop_id": "33018",
                "lat": 13.1401,
                "lon": 77.41023
              },
              {
                "name": "Gollahalli",
                "name_kn": "ಗೊಲ್ಲಹಲ್ಲಿ",
                "stop_id": "32703",
                "lat": 13.1437,
                "lon": 77.41228
              },
              {
                "name": "Arch Railway Gollahalli",
                "name_kn": "ಅರ್ಚ್ ರೈಲ್ವಯ್ ಗೊಲ್ಲಹಲ್ಲಿ",
                "stop_id": "35436",
                "lat": 13.14818,
                "lon": 77.41187
              },
              {
                "name": "Railway Gate Gollahalli",
                "name_kn": "ರೈಲ್ವಯ್ ಗಟೆ ಗೊಲ್ಲಹಲ್ಲಿ",
                "stop_id": "34320",
                "lat": 13.15046,
                "lon": 77.4118
              },
              {
                "name": "Guttepalya",
                "name_kn": "ಗುಟೆಪಲೆ",
                "stop_id": "32804",
                "lat": 13.16721,
                "lon": 77.41143
              },
              {
                "name": "Kannamangala Gate",
                "name_kn": "ಕಂನಮಙಲ ಗಟೆ",
                "stop_id": "33325",
                "lat": 13.19077,
                "lon": 77.41988
              },
              {
                "name": "Ramadevanahalli Cross",
                "name_kn": "ರಮದೆವನಹಲ್ಲಿ ಕ್ರೊಸ್ಸ್",
                "stop_id": "27899",
                "lat": 13.19469,
                "lon": 77.4229
              },
              {
                "name": "Ramadevanahalli",
                "name_kn": "ರಮದೆವನಹಲ್ಲಿ",
                "stop_id": "34351",
                "lat": 13.19099,
                "lon": 77.43302
              }
            ]
          },
          {
            "Route": "258-MA",
            "RouteId": 3592,
            "RouteParentId": 2009,
            "Destination": "Jakkanahalli",
            "Via": "",
            "Area": "KR Market",
            "PlatformNumber": "20",
            "KannadaDestination": "ಜಕ್ಕನಹಲ್ಲಿ",
            "KannadaArea": "ಕೆಆರ್ ಮಾರುಕಟ್ಟೆ",
            "KannadaVia": "",
            "FromStationId": 35931,
            "Stops": [
              {
                "name": "Kempegowda Bus Station(Majestic/KBS)",
                "name_kn": "ಕೆಂಪೆಗೌದ ಬುಸ್ ಸ್ಟಟಿೊಂ(ಮಜೆಸ್ಟಿಕ್/ಕ್ಬ್ಸ್)",
                "stop_id": "35931",
                "lat": 12.97793,
                "lon": 77.57389
              },
              {
                "name": "Central",
                "name_kn": "ಕೆಂಟ್ರಲ್",
                "stop_id": "23426",
                "lat": 12.98984,
                "lon": 77.57181
              },
              {
                "name": "Malleshwara Circle",
                "name_kn": "ಮಲ್ಲೆಶ್ವರ ಕಿರ್ಕ್ಲೆ",
                "stop_id": "20988",
                "lat": 12.99782,
                "lon": 77.5714
              },
              {
                "name": "Malleshwara 8th Cross (Sampige Road)",
                "name_kn": "ಮಲ್ಲೆಶ್ವರ 8ತ್ ಕ್ರೊಸ್ಸ್ (ಸಂಪಿಗೆ ರೊದ್)",
                "stop_id": "20590",
                "lat": 13.00009,
                "lon": 77.57131
              },
              {
                "name": "Malleshwaram11th Cross",
                "name_kn": "ಮಲ್ಲೆಶ್ವರಂ11ತ್ ಕ್ರೊಸ್ಸ್",
                "stop_id": "20561",
                "lat": 13.00233,
                "lon": 77.57133
              },
              {
                "name": "Malleshwaram 15th Cross",
                "name_kn": "ಮಲ್ಲೆಶ್ವರಂ 15ತ್ ಕ್ರೊಸ್ಸ್",
                "stop_id": "20570",
                "lat": 13.00541,
                "lon": 77.57119
              },
              {
                "name": "Malleshwaram 18th Cross",
                "name_kn": "ಮಲ್ಲೆಶ್ವರಂ 18ತ್ ಕ್ರೊಸ್ಸ್",
                "stop_id": "20574",
                "lat": 13.00906,
                "lon": 77.57112
              },
              {
                "name": "Tata Institute",
                "name_kn": "ಟಟ ಿಂಸ್ಟಿಟುಟೆ",
                "stop_id": "21213",
                "lat": 13.01514,
                "lon": 77.56382
              },
              {
                "name": "Yeshawanthapura Bus Station",
                "name_kn": "ಯೆಶವಂತಪುರ ಬುಸ್ ಸ್ಟಟಿೊಂ",
                "stop_id": "21288",
                "lat": 13.01801,
                "lon": 77.55662
              },
              {
                "name": "Govardhan Talkies",
                "name_kn": "ಗೊವರ್ಧಂ ಟಲ್ಕಿೆಸ್",
                "stop_id": "20791",
                "lat": 13.02,
                "lon": 77.55274
              },
              {
                "name": "RMC Yard (Yeshawanthapura New Railway Station)",
                "name_kn": "ರ್ಂಕ್ ಯರ್ದ್ (ಯೆಶವಂತಪುರ ನೆವ್ ರೈಲ್ವಯ್ ಸ್ಟಟಿೊಂ)",
                "stop_id": "21131",
                "lat": 13.02366,
                "lon": 77.54877
              },
              {
                "name": "MEI Factory",
                "name_kn": "ಮೈ ೞಕ್ಟೊರೆ",
                "stop_id": "21016",
                "lat": 13.0264,
                "lon": 77.54402
              },
              {
                "name": "Goraguntepalya",
                "name_kn": "ಗೊರಗುಂಟೆಪಲೆ",
                "stop_id": "20790",
                "lat": 13.02895,
                "lon": 77.5395
              },
              {
                "name": "CMTI",
                "name_kn": "ಕ್ಂಟಿ",
                "stop_id": "20723",
                "lat": 13.0307,
                "lon": 77.53641
              },
              {
                "name": "SRS Peenya",
                "name_kn": "ಸ್ರ್ಸ್ ಪೀನೆ",
                "stop_id": "21189",
                "lat": 13.03428,
                "lon": 77.53032
              },
              {
                "name": "Peenya Industry Metro Station",
                "name_kn": "ಪೀನೆ ಿಂದುಸ್ಟ್ರೆ ಮೆಟ್ರೊ ಸ್ಟಟಿೊಂ",
                "stop_id": "21082",
                "lat": 13.03556,
                "lon": 77.52613
              },
              {
                "name": "Jalahalli Cross",
                "name_kn": "ಜಲಹಲ್ಲಿ ಕ್ರೊಸ್ಸ್",
                "stop_id": "20867",
                "lat": 13.03976,
                "lon": 77.51853
              },
              {
                "name": "T Dasarahalli",
                "name_kn": "ಟ್ ದಸರಹಲ್ಲಿ",
                "stop_id": "21211",
                "lat": 13.04283,
                "lon": 77.51276
              },
              {
                "name": "8th Mile Dasarahalli",
                "name_kn": "8ತ್ ಮಿಲೆ ದಸರಹಲ್ಲಿ",
                "stop_id": "35570",
                "lat": 13.0451,
                "lon": 77.50748
              },
              {
                "name": "Deepak Factory",
                "name_kn": "ದೀಪಕ್ ೞಕ್ಟೊರೆ",
                "stop_id": "24818",
                "lat": 13.04704,
                "lon": 77.50159
              },
              {
                "name": "Nagasandra Metro Station",
                "name_kn": "ನಗಸಂದ್ರ ಮೆಟ್ರೊ ಸ್ಟಟಿೊಂ",
                "stop_id": "34055",
                "lat": 13.04779,
                "lon": 77.49947
              },
              {
                "name": "Widia Factory",
                "name_kn": "ವಿದಿ ೞಕ್ಟೊರೆ",
                "stop_id": "23313",
                "lat": 13.04877,
                "lon": 77.49664
              },
              {
                "name": "Marison Factory",
                "name_kn": "ಮರಿಸೊಂ ೞಕ್ಟೊರೆ",
                "stop_id": "28839",
                "lat": 13.0502,
                "lon": 77.49252
              },
              {
                "name": "Chikkabidarakallu",
                "name_kn": "ಚಿಕ್ಕಬಿದರಕಲ್ಲು",
                "stop_id": "24566",
                "lat": 13.05196,
                "lon": 77.48778
              },
              {
                "name": "Jindal",
                "name_kn": "ಜಿಂದಲ್",
                "stop_id": "26340",
                "lat": 13.05353,
                "lon": 77.48338
              },
              {
                "name": "Anchepalya",
                "name_kn": "ಅಂಚೆಪಲೆ",
                "stop_id": "23084",
                "lat": 13.05497,
                "lon": 77.47936
              },
              {
                "name": "Madavara",
                "name_kn": "ಮದವರ",
                "stop_id": "28598",
                "lat": 13.05665,
                "lon": 77.47343
              },
              {
                "name": "TCI",
                "name_kn": "ಟ್ಕಿ",
                "stop_id": "26844",
                "lat": 13.05906,
                "lon": 77.46474
              },
              {
                "name": "Madanayakanahalli",
                "name_kn": "ಮದನಯಕನಹಲ್ಲಿ",
                "stop_id": "33724",
                "lat": 13.06102,
                "lon": 77.46102
              },
              {
                "name": "Makali",
                "name_kn": "ಮಕಲಿ",
                "stop_id": "33748",
                "lat": 13.06564,
                "lon": 77.45325
              },
              {
                "name": "Depot-40 Gate",
                "name_kn": "ದೆಪೊಟ್-40 ಗಟೆ",
                "stop_id": "22973",
                "lat": 13.06872,
                "lon": 77.44766
              },
              {
                "name": "Adakimaranahalli",
                "name_kn": "ಅದಕಿಮರನಹಲ್ಲಿ",
                "stop_id": "29439",
                "lat": 13.07028,
                "lon": 77.44482
              },
              {
                "name": "Ravuthanahalli Cross",
                "name_kn": "ರವುತನಹಲ್ಲಿ ಕ್ರೊಸ್ಸ್",
                "stop_id": "38537",
                "lat": 13.07334,
                "lon": 77.43938
              },
              {
                "name": "Dasanapura",
                "name_kn": "ದಸನಪುರ",
                "stop_id": "24788",
                "lat": 13.07523,
                "lon": 77.43599
              },
              {
                "name": "Devannanapalya",
                "name_kn": "ದೆವಂನನಪಲೆ",
                "stop_id": "24942",
                "lat": 13.07734,
                "lon": 77.43133
              },
              {
                "name": "Arishinakunte",
                "name_kn": "ಅರಿಶಿನಕುಂಟೆ",
                "stop_id": "29571",
                "lat": 13.07966,
                "lon": 77.42419
              },
              {
                "name": "Vishwa Shanti Ashrama",
                "name_kn": "ವಿಶ್ವ ಶಂಟಿ ಶ್ರಮ",
                "stop_id": "27343",
                "lat": 13.08402,
                "lon": 77.41724
              },
              {
                "name": "Binnamangala",
                "name_kn": "ಬಿಂನಮಙಲ",
                "stop_id": "30108",
                "lat": 13.08744,
                "lon": 77.41242
              },
              {
                "name": "Nursery Nelamangala",
                "name_kn": "ನುರ್ಸೆರೆ ನೆಲಮಙಲ",
                "stop_id": "27520",
                "lat": 13.09011,
                "lon": 77.40928
              },
              {
                "name": "Weavers Colony Nelamangala",
                "name_kn": "ವೆವೆರ್ಸ್ ಕೊಲೊನೆ ನೆಲಮಙಲ",
                "stop_id": "27377",
                "lat": 13.09403,
                "lon": 77.40561
              },
              {
                "name": "TB Nelamangala",
                "name_kn": "ಟ್ಬ್ ನೆಲಮಙಲ",
                "stop_id": "26838",
                "lat": 13.09706,
                "lon": 77.40148
              },
              {
                "name": "Anjaneya Temple Nelamangala",
                "name_kn": "ಅಞನೆಯ ಟೆಂಪ್ಲೆ ನೆಲಮಙಲ",
                "stop_id": "29533",
                "lat": 13.09723,
                "lon": 77.39774
              },
              {
                "name": "Nelamangala Bus Station",
                "name_kn": "ನೆಲಮಙಲ ಬುಸ್ ಸ್ಟಟಿೊಂ",
                "stop_id": "22353",
                "lat": 13.09796,
                "lon": 77.39438
              },
              {
                "name": "Nelamangala Hunasemara",
                "name_kn": "ನೆಲಮಙಲ ಹುನಸೆಮರ",
                "stop_id": "34136",
                "lat": 13.09978,
                "lon": 77.39083
              },
              {
                "name": "Tumkur Road Junction",
                "name_kn": "ಟುಂಕುರ್ ರೊದ್ ಜುಂಕ್ಟಿೊಂ",
                "stop_id": "33159",
                "lat": 13.09812,
                "lon": 77.38544
              },
              {
                "name": "Nelamangala Jass Toll",
                "name_kn": "ನೆಲಮಙಲ ಜಸ್ಸ್ ಟೊಲ್ಲ್",
                "stop_id": "27420",
                "lat": 13.11379,
                "lon": 77.37524
              },
              {
                "name": "KBD Factory",
                "name_kn": "ಕ್ಬ್ದ್ ೞಕ್ಟೊರೆ",
                "stop_id": "33402",
                "lat": 13.11709,
                "lon": 77.37213
              },
              {
                "name": "Bommanahalli",
                "name_kn": "ಬೊಮ್ಮನಹಲ್ಲಿ",
                "stop_id": "30164",
                "lat": 13.1213,
                "lon": 77.36814
              },
              {
                "name": "Budihal Gate",
                "name_kn": "ಬುದಿಹಲ್ ಗಟೆ",
                "stop_id": "30224",
                "lat": 13.13108,
                "lon": 77.35881
              },
              {
                "name": "Bhuvaneshwari Petrol Bunk",
                "name_kn": "ಭುವನೆಶ್ವರಿ ಪೆಟ್ರೊಲ್ ಬುಂಕ್",
                "stop_id": "32060",
                "lat": 13.13876,
                "lon": 77.35144
              },
              {
                "name": "Thonachinakuppe",
                "name_kn": "ತೊನಚಿನಕುಪ್ಪೆ",
                "stop_id": "31475",
                "lat": 13.14163,
                "lon": 77.34737
              },
              {
                "name": "Pepsi Factory",
                "name_kn": "ಪೆಪ್ಸಿ ೞಕ್ಟೊರೆ",
                "stop_id": "34241",
                "lat": 13.14333,
                "lon": 77.34524
              },
              {
                "name": "T Begur",
                "name_kn": "ಟ್ ಬೆಗುರ್",
                "stop_id": "34748",
                "lat": 13.14859,
                "lon": 77.33898
              },
              {
                "name": "Thyamagondlu Cross",
                "name_kn": "ತೆಮಗೊಂದ್ಲು ಕ್ರೊಸ್ಸ್",
                "stop_id": "31494",
                "lat": 13.15183,
                "lon": 77.33767
              },
              {
                "name": "Byranahalli Cross",
                "name_kn": "ಬೆರನಹಲ್ಲಿ ಕ್ರೊಸ್ಸ್",
                "stop_id": "32183",
                "lat": 13.15384,
                "lon": 77.33819
              },
              {
                "name": "Ambika School",
                "name_kn": "ಅಂಬಿಕ ಸ್ಚೂಲ್",
                "stop_id": "29494",
                "lat": 13.15775,
                "lon": 77.33712
              },
              {
                "name": "Hosuru",
                "name_kn": "ಹೊಸುರು",
                "stop_id": "32980",
                "lat": 13.16053,
                "lon": 77.33475
              },
              {
                "name": "Jakkanahalli Cross",
                "name_kn": "ಜಕ್ಕನಹಲ್ಲಿ ಕ್ರೊಸ್ಸ್",
                "stop_id": "33092",
                "lat": 13.16538,
                "lon": 77.33446
              },
              {
                "name": "KR Palya",
                "name_kn": "ಕ್ರ್ ಪಲೆ",
                "stop_id": "31258",
                "lat": 13.17406,
                "lon": 77.34132
              },
              {
                "name": "Jakkanahalli",
                "name_kn": "ಜಕ್ಕನಹಲ್ಲಿ",
                "stop_id": "33091",
                "lat": 13.17995,
                "lon": 77.34575
              }
            ]
          },
          {
            "Route": "258-P",
            "RouteId": 3600,
            "RouteParentId": 2003,
            "Destination": "Kanegowdanahalli",
            "Via": "",
            "Area": "KR Market",
            "PlatformNumber": "20",
            "KannadaDestination": "ಕನೆಗೌದನಹಲ್ಲಿ",
            "KannadaArea": "ಕೆಆರ್ ಮಾರುಕಟ್ಟೆ",
            "KannadaVia": "",
            "FromStationId": 35931,
            "Stops": [
              {
                "name": "Kempegowda Bus Station(Majestic/KBS)",
                "name_kn": "ಕೆಂಪೆಗೌದ ಬುಸ್ ಸ್ಟಟಿೊಂ(ಮಜೆಸ್ಟಿಕ್/ಕ್ಬ್ಸ್)",
                "stop_id": "35931",
                "lat": 12.97793,
                "lon": 77.57389
              },
              {
                "name": "Central",
                "name_kn": "ಕೆಂಟ್ರಲ್",
                "stop_id": "23426",
                "lat": 12.98984,
                "lon": 77.57181
              },
              {
                "name": "Malleshwara Circle",
                "name_kn": "ಮಲ್ಲೆಶ್ವರ ಕಿರ್ಕ್ಲೆ",
                "stop_id": "20988",
                "lat": 12.99782,
                "lon": 77.5714
              },
              {
                "name": "Malleshwara 8th Cross (Sampige Road)",
                "name_kn": "ಮಲ್ಲೆಶ್ವರ 8ತ್ ಕ್ರೊಸ್ಸ್ (ಸಂಪಿಗೆ ರೊದ್)",
                "stop_id": "20590",
                "lat": 13.00009,
                "lon": 77.57131
              },
              {
                "name": "Malleshwaram11th Cross",
                "name_kn": "ಮಲ್ಲೆಶ್ವರಂ11ತ್ ಕ್ರೊಸ್ಸ್",
                "stop_id": "20561",
                "lat": 13.00233,
                "lon": 77.57133
              },
              {
                "name": "Malleshwaram 15th Cross",
                "name_kn": "ಮಲ್ಲೆಶ್ವರಂ 15ತ್ ಕ್ರೊಸ್ಸ್",
                "stop_id": "20570",
                "lat": 13.00541,
                "lon": 77.57119
              },
              {
                "name": "Malleshwaram 18th Cross",
                "name_kn": "ಮಲ್ಲೆಶ್ವರಂ 18ತ್ ಕ್ರೊಸ್ಸ್",
                "stop_id": "20574",
                "lat": 13.00906,
                "lon": 77.57112
              },
              {
                "name": "Tata Institute",
                "name_kn": "ಟಟ ಿಂಸ್ಟಿಟುಟೆ",
                "stop_id": "21213",
                "lat": 13.01514,
                "lon": 77.56382
              },
              {
                "name": "Yeshawanthapura Bus Station",
                "name_kn": "ಯೆಶವಂತಪುರ ಬುಸ್ ಸ್ಟಟಿೊಂ",
                "stop_id": "21288",
                "lat": 13.01801,
                "lon": 77.55662
              },
              {
                "name": "Govardhan Talkies",
                "name_kn": "ಗೊವರ್ಧಂ ಟಲ್ಕಿೆಸ್",
                "stop_id": "20791",
                "lat": 13.02,
                "lon": 77.55274
              },
              {
                "name": "RMC Yard (Yeshawanthapura New Railway Station)",
                "name_kn": "ರ್ಂಕ್ ಯರ್ದ್ (ಯೆಶವಂತಪುರ ನೆವ್ ರೈಲ್ವಯ್ ಸ್ಟಟಿೊಂ)",
                "stop_id": "21131",
                "lat": 13.02366,
                "lon": 77.54877
              },
              {
                "name": "MEI Factory",
                "name_kn": "ಮೈ ೞಕ್ಟೊರೆ",
                "stop_id": "21016",
                "lat": 13.0264,
                "lon": 77.54402
              },
              {
                "name": "Goraguntepalya",
                "name_kn": "ಗೊರಗುಂಟೆಪಲೆ",
                "stop_id": "20790",
                "lat": 13.02895,
                "lon": 77.5395
              },
              {
                "name": "CMTI",
                "name_kn": "ಕ್ಂಟಿ",
                "stop_id": "20723",
                "lat": 13.0307,
                "lon": 77.53641
              },
              {
                "name": "SRS Peenya",
                "name_kn": "ಸ್ರ್ಸ್ ಪೀನೆ",
                "stop_id": "21189",
                "lat": 13.03428,
                "lon": 77.53032
              },
              {
                "name": "Peenya Industry Metro Station",
                "name_kn": "ಪೀನೆ ಿಂದುಸ್ಟ್ರೆ ಮೆಟ್ರೊ ಸ್ಟಟಿೊಂ",
                "stop_id": "21082",
                "lat": 13.03556,
                "lon": 77.52613
              },
              {
                "name": "Jalahalli Cross",
                "name_kn": "ಜಲಹಲ್ಲಿ ಕ್ರೊಸ್ಸ್",
                "stop_id": "20867",
                "lat": 13.03976,
                "lon": 77.51853
              },
              {
                "name": "T Dasarahalli",
                "name_kn": "ಟ್ ದಸರಹಲ್ಲಿ",
                "stop_id": "21211",
                "lat": 13.04283,
                "lon": 77.51276
              },
              {
                "name": "8th Mile Dasarahalli",
                "name_kn": "8ತ್ ಮಿಲೆ ದಸರಹಲ್ಲಿ",
                "stop_id": "35570",
                "lat": 13.0451,
                "lon": 77.50748
              },
              {
                "name": "Deepak Factory",
                "name_kn": "ದೀಪಕ್ ೞಕ್ಟೊರೆ",
                "stop_id": "24818",
                "lat": 13.04704,
                "lon": 77.50159
              },
              {
                "name": "Nagasandra Metro Station",
                "name_kn": "ನಗಸಂದ್ರ ಮೆಟ್ರೊ ಸ್ಟಟಿೊಂ",
                "stop_id": "34055",
                "lat": 13.04779,
                "lon": 77.49947
              },
              {
                "name": "Widia Factory",
                "name_kn": "ವಿದಿ ೞಕ್ಟೊರೆ",
                "stop_id": "23313",
                "lat": 13.04877,
                "lon": 77.49664
              },
              {
                "name": "Marison Factory",
                "name_kn": "ಮರಿಸೊಂ ೞಕ್ಟೊರೆ",
                "stop_id": "28839",
                "lat": 13.0502,
                "lon": 77.49252
              },
              {
                "name": "Chikkabidarakallu",
                "name_kn": "ಚಿಕ್ಕಬಿದರಕಲ್ಲು",
                "stop_id": "24566",
                "lat": 13.05196,
                "lon": 77.48778
              },
              {
                "name": "Jindal",
                "name_kn": "ಜಿಂದಲ್",
                "stop_id": "26340",
                "lat": 13.05353,
                "lon": 77.48338
              },
              {
                "name": "Anchepalya",
                "name_kn": "ಅಂಚೆಪಲೆ",
                "stop_id": "23084",
                "lat": 13.05497,
                "lon": 77.47936
              },
              {
                "name": "Madavara",
                "name_kn": "ಮದವರ",
                "stop_id": "28598",
                "lat": 13.05665,
                "lon": 77.47343
              },
              {
                "name": "TCI",
                "name_kn": "ಟ್ಕಿ",
                "stop_id": "26844",
                "lat": 13.05906,
                "lon": 77.46474
              },
              {
                "name": "Madanayakanahalli",
                "name_kn": "ಮದನಯಕನಹಲ್ಲಿ",
                "stop_id": "33724",
                "lat": 13.06102,
                "lon": 77.46102
              },
              {
                "name": "Makali",
                "name_kn": "ಮಕಲಿ",
                "stop_id": "33748",
                "lat": 13.06564,
                "lon": 77.45325
              },
              {
                "name": "Depot-40 Gate",
                "name_kn": "ದೆಪೊಟ್-40 ಗಟೆ",
                "stop_id": "22973",
                "lat": 13.06872,
                "lon": 77.44766
              },
              {
                "name": "Adakimaranahalli",
                "name_kn": "ಅದಕಿಮರನಹಲ್ಲಿ",
                "stop_id": "29439",
                "lat": 13.07028,
                "lon": 77.44482
              },
              {
                "name": "Ravuthanahalli Cross",
                "name_kn": "ರವುತನಹಲ್ಲಿ ಕ್ರೊಸ್ಸ್",
                "stop_id": "38537",
                "lat": 13.07334,
                "lon": 77.43938
              },
              {
                "name": "Dasanapura",
                "name_kn": "ದಸನಪುರ",
                "stop_id": "24788",
                "lat": 13.07523,
                "lon": 77.43599
              },
              {
                "name": "Devannanapalya",
                "name_kn": "ದೆವಂನನಪಲೆ",
                "stop_id": "24942",
                "lat": 13.07734,
                "lon": 77.43133
              },
              {
                "name": "Arishinakunte",
                "name_kn": "ಅರಿಶಿನಕುಂಟೆ",
                "stop_id": "29571",
                "lat": 13.07966,
                "lon": 77.42419
              },
              {
                "name": "Vishwa Shanti Ashrama",
                "name_kn": "ವಿಶ್ವ ಶಂಟಿ ಶ್ರಮ",
                "stop_id": "27343",
                "lat": 13.08402,
                "lon": 77.41724
              },
              {
                "name": "Binnamangala",
                "name_kn": "ಬಿಂನಮಙಲ",
                "stop_id": "30108",
                "lat": 13.08744,
                "lon": 77.41242
              },
              {
                "name": "Nursery Nelamangala",
                "name_kn": "ನುರ್ಸೆರೆ ನೆಲಮಙಲ",
                "stop_id": "27520",
                "lat": 13.09011,
                "lon": 77.40928
              },
              {
                "name": "Weavers Colony Nelamangala",
                "name_kn": "ವೆವೆರ್ಸ್ ಕೊಲೊನೆ ನೆಲಮಙಲ",
                "stop_id": "27377",
                "lat": 13.09403,
                "lon": 77.40561
              },
              {
                "name": "TB Nelamangala",
                "name_kn": "ಟ್ಬ್ ನೆಲಮಙಲ",
                "stop_id": "26838",
                "lat": 13.09706,
                "lon": 77.40148
              },
              {
                "name": "Anjaneya Temple Nelamangala",
                "name_kn": "ಅಞನೆಯ ಟೆಂಪ್ಲೆ ನೆಲಮಙಲ",
                "stop_id": "29533",
                "lat": 13.09723,
                "lon": 77.39774
              },
              {
                "name": "Nelamangala Bus Station",
                "name_kn": "ನೆಲಮಙಲ ಬುಸ್ ಸ್ಟಟಿೊಂ",
                "stop_id": "22353",
                "lat": 13.09796,
                "lon": 77.39438
              },
              {
                "name": "Nelamangala Hunasemara",
                "name_kn": "ನೆಲಮಙಲ ಹುನಸೆಮರ",
                "stop_id": "34137",
                "lat": 13.10054,
                "lon": 77.39064
              },
              {
                "name": "Basavanahalli Cross",
                "name_kn": "ಬಸವನಹಲ್ಲಿ ಕ್ರೊಸ್ಸ್",
                "stop_id": "31901",
                "lat": 13.10231,
                "lon": 77.38869
              },
              {
                "name": "Renuka Nagara",
                "name_kn": "ರೆನುಕ ನಗರ",
                "stop_id": "34414",
                "lat": 13.10573,
                "lon": 77.38811
              },
              {
                "name": "Basavanahalli",
                "name_kn": "ಬಸವನಹಲ್ಲಿ",
                "stop_id": "29748",
                "lat": 13.11036,
                "lon": 77.38819
              },
              {
                "name": "Islampura Cross",
                "name_kn": "ಇಸ್ಲಂಪುರ ಕ್ರೊಸ್ಸ್",
                "stop_id": "33049",
                "lat": 13.11311,
                "lon": 77.38874
              },
              {
                "name": "Islampura",
                "name_kn": "ಇಸ್ಲಂಪುರ",
                "stop_id": "33048",
                "lat": 13.1211,
                "lon": 77.38582
              },
              {
                "name": "Kanegowdanahalli",
                "name_kn": "ಕನೆಗೌದನಹಲ್ಲಿ",
                "stop_id": "30744",
                "lat": 13.12951,
                "lon": 77.38466
              }
            ]
          },
          {
            "Route": "258-Q",
            "RouteId": 3602,
            "RouteParentId": 2019,
            "Destination": "Hunnigere",
            "Via": "",
            "Area": "KR Market",
            "PlatformNumber": "20",
            "KannadaDestination": "ಹುಂನಿಗೆರೆ",
            "KannadaArea": "ಕೆಆರ್ ಮಾರುಕಟ್ಟೆ",
            "KannadaVia": "",
            "FromStationId": 35931,
            "Stops": [
              {
                "name": "Kempegowda Bus Station(Majestic/KBS)",
                "name_kn": "ಕೆಂಪೆಗೌದ ಬುಸ್ ಸ್ಟಟಿೊಂ(ಮಜೆಸ್ಟಿಕ್/ಕ್ಬ್ಸ್)",
                "stop_id": "35931",
                "lat": 12.97793,
                "lon": 77.57389
              },
              {
                "name": "Central",
                "name_kn": "ಕೆಂಟ್ರಲ್",
                "stop_id": "23426",
                "lat": 12.98984,
                "lon": 77.57181
              },
              {
                "name": "Malleshwara Circle",
                "name_kn": "ಮಲ್ಲೆಶ್ವರ ಕಿರ್ಕ್ಲೆ",
                "stop_id": "20988",
                "lat": 12.99782,
                "lon": 77.5714
              },
              {
                "name": "Malleshwara 8th Cross (Sampige Road)",
                "name_kn": "ಮಲ್ಲೆಶ್ವರ 8ತ್ ಕ್ರೊಸ್ಸ್ (ಸಂಪಿಗೆ ರೊದ್)",
                "stop_id": "20590",
                "lat": 13.00009,
                "lon": 77.57131
              },
              {
                "name": "Malleshwaram11th Cross",
                "name_kn": "ಮಲ್ಲೆಶ್ವರಂ11ತ್ ಕ್ರೊಸ್ಸ್",
                "stop_id": "20561",
                "lat": 13.00233,
                "lon": 77.57133
              },
              {
                "name": "Malleshwaram 15th Cross",
                "name_kn": "ಮಲ್ಲೆಶ್ವರಂ 15ತ್ ಕ್ರೊಸ್ಸ್",
                "stop_id": "20570",
                "lat": 13.00541,
                "lon": 77.57119
              },
              {
                "name": "Malleshwaram 18th Cross",
                "name_kn": "ಮಲ್ಲೆಶ್ವರಂ 18ತ್ ಕ್ರೊಸ್ಸ್",
                "stop_id": "20574",
                "lat": 13.00906,
                "lon": 77.57112
              },
              {
                "name": "Tata Institute",
                "name_kn": "ಟಟ ಿಂಸ್ಟಿಟುಟೆ",
                "stop_id": "21213",
                "lat": 13.01514,
                "lon": 77.56382
              },
              {
                "name": "Yeshawanthapura Bus Station",
                "name_kn": "ಯೆಶವಂತಪುರ ಬುಸ್ ಸ್ಟಟಿೊಂ",
                "stop_id": "21288",
                "lat": 13.01801,
                "lon": 77.55662
              },
              {
                "name": "Govardhan Talkies",
                "name_kn": "ಗೊವರ್ಧಂ ಟಲ್ಕಿೆಸ್",
                "stop_id": "20791",
                "lat": 13.02,
                "lon": 77.55274
              },
              {
                "name": "RMC Yard (Yeshawanthapura New Railway Station)",
                "name_kn": "ರ್ಂಕ್ ಯರ್ದ್ (ಯೆಶವಂತಪುರ ನೆವ್ ರೈಲ್ವಯ್ ಸ್ಟಟಿೊಂ)",
                "stop_id": "21131",
                "lat": 13.02366,
                "lon": 77.54877
              },
              {
                "name": "MEI Factory",
                "name_kn": "ಮೈ ೞಕ್ಟೊರೆ",
                "stop_id": "21016",
                "lat": 13.0264,
                "lon": 77.54402
              },
              {
                "name": "Goraguntepalya",
                "name_kn": "ಗೊರಗುಂಟೆಪಲೆ",
                "stop_id": "20790",
                "lat": 13.02895,
                "lon": 77.5395
              },
              {
                "name": "CMTI",
                "name_kn": "ಕ್ಂಟಿ",
                "stop_id": "20723",
                "lat": 13.0307,
                "lon": 77.53641
              },
              {
                "name": "SRS Peenya",
                "name_kn": "ಸ್ರ್ಸ್ ಪೀನೆ",
                "stop_id": "21189",
                "lat": 13.03428,
                "lon": 77.53032
              },
              {
                "name": "Peenya Industry Metro Station",
                "name_kn": "ಪೀನೆ ಿಂದುಸ್ಟ್ರೆ ಮೆಟ್ರೊ ಸ್ಟಟಿೊಂ",
                "stop_id": "21082",
                "lat": 13.03556,
                "lon": 77.52613
              },
              {
                "name": "Jalahalli Cross",
                "name_kn": "ಜಲಹಲ್ಲಿ ಕ್ರೊಸ್ಸ್",
                "stop_id": "20867",
                "lat": 13.03976,
                "lon": 77.51853
              },
              {
                "name": "T Dasarahalli",
                "name_kn": "ಟ್ ದಸರಹಲ್ಲಿ",
                "stop_id": "21211",
                "lat": 13.04283,
                "lon": 77.51276
              },
              {
                "name": "8th Mile Dasarahalli",
                "name_kn": "8ತ್ ಮಿಲೆ ದಸರಹಲ್ಲಿ",
                "stop_id": "35570",
                "lat": 13.0451,
                "lon": 77.50748
              },
              {
                "name": "Deepak Factory",
                "name_kn": "ದೀಪಕ್ ೞಕ್ಟೊರೆ",
                "stop_id": "24818",
                "lat": 13.04704,
                "lon": 77.50159
              },
              {
                "name": "Nagasandra Metro Station",
                "name_kn": "ನಗಸಂದ್ರ ಮೆಟ್ರೊ ಸ್ಟಟಿೊಂ",
                "stop_id": "34055",
                "lat": 13.04779,
                "lon": 77.49947
              },
              {
                "name": "Widia Factory",
                "name_kn": "ವಿದಿ ೞಕ್ಟೊರೆ",
                "stop_id": "23313",
                "lat": 13.04877,
                "lon": 77.49664
              },
              {
                "name": "Marison Factory",
                "name_kn": "ಮರಿಸೊಂ ೞಕ್ಟೊರೆ",
                "stop_id": "28839",
                "lat": 13.0502,
                "lon": 77.49252
              },
              {
                "name": "Chikkabidarakallu",
                "name_kn": "ಚಿಕ್ಕಬಿದರಕಲ್ಲು",
                "stop_id": "24566",
                "lat": 13.05196,
                "lon": 77.48778
              },
              {
                "name": "Jindal",
                "name_kn": "ಜಿಂದಲ್",
                "stop_id": "26340",
                "lat": 13.05353,
                "lon": 77.48338
              },
              {
                "name": "Anchepalya",
                "name_kn": "ಅಂಚೆಪಲೆ",
                "stop_id": "23084",
                "lat": 13.05497,
                "lon": 77.47936
              },
              {
                "name": "Madavara",
                "name_kn": "ಮದವರ",
                "stop_id": "28598",
                "lat": 13.05665,
                "lon": 77.47343
              },
              {
                "name": "TCI",
                "name_kn": "ಟ್ಕಿ",
                "stop_id": "26844",
                "lat": 13.05906,
                "lon": 77.46474
              },
              {
                "name": "Madanayakanahalli",
                "name_kn": "ಮದನಯಕನಹಲ್ಲಿ",
                "stop_id": "33724",
                "lat": 13.06102,
                "lon": 77.46102
              },
              {
                "name": "Makali",
                "name_kn": "ಮಕಲಿ",
                "stop_id": "33748",
                "lat": 13.06564,
                "lon": 77.45325
              },
              {
                "name": "Depot-40 Gate",
                "name_kn": "ದೆಪೊಟ್-40 ಗಟೆ",
                "stop_id": "22973",
                "lat": 13.06872,
                "lon": 77.44766
              },
              {
                "name": "Adakimaranahalli",
                "name_kn": "ಅದಕಿಮರನಹಲ್ಲಿ",
                "stop_id": "29439",
                "lat": 13.07028,
                "lon": 77.44482
              },
              {
                "name": "Ravuthanahalli Cross",
                "name_kn": "ರವುತನಹಲ್ಲಿ ಕ್ರೊಸ್ಸ್",
                "stop_id": "38537",
                "lat": 13.07334,
                "lon": 77.43938
              },
              {
                "name": "Dasanapura",
                "name_kn": "ದಸನಪುರ",
                "stop_id": "24788",
                "lat": 13.07523,
                "lon": 77.43599
              },
              {
                "name": "Devannanapalya",
                "name_kn": "ದೆವಂನನಪಲೆ",
                "stop_id": "24942",
                "lat": 13.07734,
                "lon": 77.43133
              },
              {
                "name": "Arishinakunte",
                "name_kn": "ಅರಿಶಿನಕುಂಟೆ",
                "stop_id": "29571",
                "lat": 13.07966,
                "lon": 77.42419
              },
              {
                "name": "Vishwa Shanti Ashrama",
                "name_kn": "ವಿಶ್ವ ಶಂಟಿ ಶ್ರಮ",
                "stop_id": "27343",
                "lat": 13.08402,
                "lon": 77.41724
              },
              {
                "name": "Binnamangala",
                "name_kn": "ಬಿಂನಮಙಲ",
                "stop_id": "30108",
                "lat": 13.08744,
                "lon": 77.41242
              },
              {
                "name": "Nursery Nelamangala",
                "name_kn": "ನುರ್ಸೆರೆ ನೆಲಮಙಲ",
                "stop_id": "27520",
                "lat": 13.09011,
                "lon": 77.40928
              },
              {
                "name": "Weavers Colony Nelamangala",
                "name_kn": "ವೆವೆರ್ಸ್ ಕೊಲೊನೆ ನೆಲಮಙಲ",
                "stop_id": "27377",
                "lat": 13.09403,
                "lon": 77.40561
              },
              {
                "name": "TB Nelamangala",
                "name_kn": "ಟ್ಬ್ ನೆಲಮಙಲ",
                "stop_id": "26838",
                "lat": 13.09706,
                "lon": 77.40148
              },
              {
                "name": "Anjaneya Temple Nelamangala",
                "name_kn": "ಅಞನೆಯ ಟೆಂಪ್ಲೆ ನೆಲಮಙಲ",
                "stop_id": "29533",
                "lat": 13.09723,
                "lon": 77.39774
              },
              {
                "name": "Nelamangala Bus Station",
                "name_kn": "ನೆಲಮಙಲ ಬುಸ್ ಸ್ಟಟಿೊಂ",
                "stop_id": "22353",
                "lat": 13.09796,
                "lon": 77.39438
              },
              {
                "name": "Sondekoppa Circle Nelamangala",
                "name_kn": "ಸೊಂದೆಕೊಪ್ಪ ಕಿರ್ಕ್ಲೆ ನೆಲಮಙಲ",
                "stop_id": "26567",
                "lat": 13.09228,
                "lon": 77.39483
              },
              {
                "name": "Nelamangala Court",
                "name_kn": "ನೆಲಮಙಲ ಕೌರ್ಟ್",
                "stop_id": "35814",
                "lat": 13.08799,
                "lon": 77.39386
              },
              {
                "name": "Ganesha Gudi Nelamangala",
                "name_kn": "ಗನೆಶ ಗುದಿ ನೆಲಮಙಲ",
                "stop_id": "33769",
                "lat": 13.08378,
                "lon": 77.39288
              },
              {
                "name": "Siddaganga College",
                "name_kn": "ಸಿದ್ದಗಙ ಕೊಲ್ಲೆಗೆ",
                "stop_id": "26421",
                "lat": 13.08227,
                "lon": 77.39278
              },
              {
                "name": "Lakshmi Devastana",
                "name_kn": "ಲಕ್ಷ್ಮಿ ದೆವಸ್ಟನ",
                "stop_id": "28482",
                "lat": 13.0783,
                "lon": 77.39275
              },
              {
                "name": "Mallapura Cross",
                "name_kn": "ಮಲ್ಲಪುರ ಕ್ರೊಸ್ಸ್",
                "stop_id": "33768",
                "lat": 13.07282,
                "lon": 77.39373
              },
              {
                "name": "Hullegowdanahalli Cross",
                "name_kn": "ಹುಲ್ಲೆಗೌದನಹಲ್ಲಿ ಕ್ರೊಸ್ಸ್",
                "stop_id": "26035",
                "lat": 13.06843,
                "lon": 77.39472
              },
              {
                "name": "Byregowdanahalli Colony",
                "name_kn": "ಬೆರೆಗೌದನಹಲ್ಲಿ ಕೊಲೊನೆ",
                "stop_id": "30331",
                "lat": 13.06449,
                "lon": 77.39379
              },
              {
                "name": "Byregowdanahalli3",
                "name_kn": "ಬೆರೆಗೌದನಹಲ್ಲಿ3",
                "stop_id": "26047",
                "lat": 13.05926,
                "lon": 77.39389
              },
              {
                "name": "Lakkenahalli Junction Sondekoppa Road",
                "name_kn": "ಲಕ್ಕೆನಹಲ್ಲಿ ಜುಂಕ್ಟಿೊಂ ಸೊಂದೆಕೊಪ್ಪ ರೊದ್",
                "stop_id": "28464",
                "lat": 13.04462,
                "lon": 77.39278
              },
              {
                "name": "Hunnigere Cross",
                "name_kn": "ಹುಂನಿಗೆರೆ ಕ್ರೊಸ್ಸ್",
                "stop_id": "26070",
                "lat": 13.03928,
                "lon": 77.39112
              },
              {
                "name": "Gerahalli",
                "name_kn": "ಗೆರಹಲ್ಲಿ",
                "stop_id": "25385",
                "lat": 13.03727,
                "lon": 77.39064
              },
              {
                "name": "Hunnigere",
                "name_kn": "ಹುಂನಿಗೆರೆ",
                "stop_id": "33007",
                "lat": 13.0326,
                "lon": 77.39647
              }
            ]
          },
          {
            "Route": "258-R",
            "RouteId": 3607,
            "RouteParentId": 2022,
            "Destination": "Honnasandra",
            "Via": "",
            "Area": "KR Market",
            "PlatformNumber": "20",
            "KannadaDestination": "ಹೊಂನಸಂದ್ರ",
            "KannadaArea": "ಕೆಆರ್ ಮಾರುಕಟ್ಟೆ",
            "KannadaVia": "",
            "FromStationId": 35931,
            "Stops": [
              {
                "name": "Kempegowda Bus Station(Majestic/KBS)",
                "name_kn": "ಕೆಂಪೆಗೌದ ಬುಸ್ ಸ್ಟಟಿೊಂ(ಮಜೆಸ್ಟಿಕ್/ಕ್ಬ್ಸ್)",
                "stop_id": "35931",
                "lat": 12.97793,
                "lon": 77.57389
              },
              {
                "name": "Central",
                "name_kn": "ಕೆಂಟ್ರಲ್",
                "stop_id": "23426",
                "lat": 12.98984,
                "lon": 77.57181
              },
              {
                "name": "Malleshwara Circle",
                "name_kn": "ಮಲ್ಲೆಶ್ವರ ಕಿರ್ಕ್ಲೆ",
                "stop_id": "20988",
                "lat": 12.99782,
                "lon": 77.5714
              },
              {
                "name": "Malleshwara 8th Cross (Sampige Road)",
                "name_kn": "ಮಲ್ಲೆಶ್ವರ 8ತ್ ಕ್ರೊಸ್ಸ್ (ಸಂಪಿಗೆ ರೊದ್)",
                "stop_id": "20590",
                "lat": 13.00009,
                "lon": 77.57131
              },
              {
                "name": "Malleshwaram11th Cross",
                "name_kn": "ಮಲ್ಲೆಶ್ವರಂ11ತ್ ಕ್ರೊಸ್ಸ್",
                "stop_id": "20561",
                "lat": 13.00233,
                "lon": 77.57133
              },
              {
                "name": "Malleshwaram 15th Cross",
                "name_kn": "ಮಲ್ಲೆಶ್ವರಂ 15ತ್ ಕ್ರೊಸ್ಸ್",
                "stop_id": "20570",
                "lat": 13.00541,
                "lon": 77.57119
              },
              {
                "name": "Malleshwaram 18th Cross",
                "name_kn": "ಮಲ್ಲೆಶ್ವರಂ 18ತ್ ಕ್ರೊಸ್ಸ್",
                "stop_id": "20574",
                "lat": 13.00906,
                "lon": 77.57112
              },
              {
                "name": "Tata Institute",
                "name_kn": "ಟಟ ಿಂಸ್ಟಿಟುಟೆ",
                "stop_id": "21213",
                "lat": 13.01514,
                "lon": 77.56382
              },
              {
                "name": "Yeshawanthapura Bus Station",
                "name_kn": "ಯೆಶವಂತಪುರ ಬುಸ್ ಸ್ಟಟಿೊಂ",
                "stop_id": "21288",
                "lat": 13.01801,
                "lon": 77.55662
              },
              {
                "name": "Govardhan Talkies",
                "name_kn": "ಗೊವರ್ಧಂ ಟಲ್ಕಿೆಸ್",
                "stop_id": "20791",
                "lat": 13.02,
                "lon": 77.55274
              },
              {
                "name": "RMC Yard (Yeshawanthapura New Railway Station)",
                "name_kn": "ರ್ಂಕ್ ಯರ್ದ್ (ಯೆಶವಂತಪುರ ನೆವ್ ರೈಲ್ವಯ್ ಸ್ಟಟಿೊಂ)",
                "stop_id": "21131",
                "lat": 13.02366,
                "lon": 77.54877
              },
              {
                "name": "MEI Factory",
                "name_kn": "ಮೈ ೞಕ್ಟೊರೆ",
                "stop_id": "21016",
                "lat": 13.0264,
                "lon": 77.54402
              },
              {
                "name": "Goraguntepalya",
                "name_kn": "ಗೊರಗುಂಟೆಪಲೆ",
                "stop_id": "20790",
                "lat": 13.02895,
                "lon": 77.5395
              },
              {
                "name": "CMTI",
                "name_kn": "ಕ್ಂಟಿ",
                "stop_id": "20723",
                "lat": 13.0307,
                "lon": 77.53641
              },
              {
                "name": "SRS Peenya",
                "name_kn": "ಸ್ರ್ಸ್ ಪೀನೆ",
                "stop_id": "21189",
                "lat": 13.03428,
                "lon": 77.53032
              },
              {
                "name": "Peenya Industry Metro Station",
                "name_kn": "ಪೀನೆ ಿಂದುಸ್ಟ್ರೆ ಮೆಟ್ರೊ ಸ್ಟಟಿೊಂ",
                "stop_id": "21082",
                "lat": 13.03556,
                "lon": 77.52613
              },
              {
                "name": "Jalahalli Cross",
                "name_kn": "ಜಲಹಲ್ಲಿ ಕ್ರೊಸ್ಸ್",
                "stop_id": "20867",
                "lat": 13.03976,
                "lon": 77.51853
              },
              {
                "name": "T Dasarahalli",
                "name_kn": "ಟ್ ದಸರಹಲ್ಲಿ",
                "stop_id": "21211",
                "lat": 13.04283,
                "lon": 77.51276
              },
              {
                "name": "8th Mile Dasarahalli",
                "name_kn": "8ತ್ ಮಿಲೆ ದಸರಹಲ್ಲಿ",
                "stop_id": "35570",
                "lat": 13.0451,
                "lon": 77.50748
              },
              {
                "name": "Deepak Factory",
                "name_kn": "ದೀಪಕ್ ೞಕ್ಟೊರೆ",
                "stop_id": "24818",
                "lat": 13.04704,
                "lon": 77.50159
              },
              {
                "name": "Nagasandra Metro Station",
                "name_kn": "ನಗಸಂದ್ರ ಮೆಟ್ರೊ ಸ್ಟಟಿೊಂ",
                "stop_id": "34055",
                "lat": 13.04779,
                "lon": 77.49947
              },
              {
                "name": "Widia Factory",
                "name_kn": "ವಿದಿ ೞಕ್ಟೊರೆ",
                "stop_id": "23313",
                "lat": 13.04877,
                "lon": 77.49664
              },
              {
                "name": "Marison Factory",
                "name_kn": "ಮರಿಸೊಂ ೞಕ್ಟೊರೆ",
                "stop_id": "28839",
                "lat": 13.0502,
                "lon": 77.49252
              },
              {
                "name": "Chikkabidarakallu",
                "name_kn": "ಚಿಕ್ಕಬಿದರಕಲ್ಲು",
                "stop_id": "24566",
                "lat": 13.05196,
                "lon": 77.48778
              },
              {
                "name": "Jindal",
                "name_kn": "ಜಿಂದಲ್",
                "stop_id": "26340",
                "lat": 13.05353,
                "lon": 77.48338
              },
              {
                "name": "Anchepalya",
                "name_kn": "ಅಂಚೆಪಲೆ",
                "stop_id": "23084",
                "lat": 13.05497,
                "lon": 77.47936
              },
              {
                "name": "Madavara",
                "name_kn": "ಮದವರ",
                "stop_id": "28598",
                "lat": 13.05665,
                "lon": 77.47343
              },
              {
                "name": "TCI",
                "name_kn": "ಟ್ಕಿ",
                "stop_id": "26844",
                "lat": 13.05906,
                "lon": 77.46474
              },
              {
                "name": "Madanayakanahalli",
                "name_kn": "ಮದನಯಕನಹಲ್ಲಿ",
                "stop_id": "33724",
                "lat": 13.06102,
                "lon": 77.46102
              },
              {
                "name": "Makali",
                "name_kn": "ಮಕಲಿ",
                "stop_id": "33748",
                "lat": 13.06564,
                "lon": 77.45325
              },
              {
                "name": "Depot-40 Gate",
                "name_kn": "ದೆಪೊಟ್-40 ಗಟೆ",
                "stop_id": "22973",
                "lat": 13.06872,
                "lon": 77.44766
              },
              {
                "name": "Adakimaranahalli",
                "name_kn": "ಅದಕಿಮರನಹಲ್ಲಿ",
                "stop_id": "29439",
                "lat": 13.07028,
                "lon": 77.44482
              },
              {
                "name": "Ravuthanahalli Cross",
                "name_kn": "ರವುತನಹಲ್ಲಿ ಕ್ರೊಸ್ಸ್",
                "stop_id": "38537",
                "lat": 13.07334,
                "lon": 77.43938
              },
              {
                "name": "Dasanapura",
                "name_kn": "ದಸನಪುರ",
                "stop_id": "24788",
                "lat": 13.07523,
                "lon": 77.43599
              },
              {
                "name": "Devannanapalya",
                "name_kn": "ದೆವಂನನಪಲೆ",
                "stop_id": "24942",
                "lat": 13.07734,
                "lon": 77.43133
              },
              {
                "name": "Arishinakunte",
                "name_kn": "ಅರಿಶಿನಕುಂಟೆ",
                "stop_id": "29571",
                "lat": 13.07966,
                "lon": 77.42419
              },
              {
                "name": "Vishwa Shanti Ashrama",
                "name_kn": "ವಿಶ್ವ ಶಂಟಿ ಶ್ರಮ",
                "stop_id": "27343",
                "lat": 13.08402,
                "lon": 77.41724
              },
              {
                "name": "Binnamangala",
                "name_kn": "ಬಿಂನಮಙಲ",
                "stop_id": "30108",
                "lat": 13.08744,
                "lon": 77.41242
              },
              {
                "name": "Nursery Nelamangala",
                "name_kn": "ನುರ್ಸೆರೆ ನೆಲಮಙಲ",
                "stop_id": "27520",
                "lat": 13.09011,
                "lon": 77.40928
              },
              {
                "name": "Weavers Colony Nelamangala",
                "name_kn": "ವೆವೆರ್ಸ್ ಕೊಲೊನೆ ನೆಲಮಙಲ",
                "stop_id": "27377",
                "lat": 13.09403,
                "lon": 77.40561
              },
              {
                "name": "TB Nelamangala",
                "name_kn": "ಟ್ಬ್ ನೆಲಮಙಲ",
                "stop_id": "26838",
                "lat": 13.09706,
                "lon": 77.40148
              },
              {
                "name": "Anjaneya Temple Nelamangala",
                "name_kn": "ಅಞನೆಯ ಟೆಂಪ್ಲೆ ನೆಲಮಙಲ",
                "stop_id": "29533",
                "lat": 13.09723,
                "lon": 77.39774
              },
              {
                "name": "Nelamangala Bus Station",
                "name_kn": "ನೆಲಮಙಲ ಬುಸ್ ಸ್ಟಟಿೊಂ",
                "stop_id": "22353",
                "lat": 13.09796,
                "lon": 77.39438
              },
              {
                "name": "Nelamangala Hunasemara",
                "name_kn": "ನೆಲಮಙಲ ಹುನಸೆಮರ",
                "stop_id": "34136",
                "lat": 13.09978,
                "lon": 77.39083
              },
              {
                "name": "Tumkur Road Junction",
                "name_kn": "ಟುಂಕುರ್ ರೊದ್ ಜುಂಕ್ಟಿೊಂ",
                "stop_id": "33158",
                "lat": 13.09758,
                "lon": 77.38535
              },
              {
                "name": "Nelamangala Cement Factory",
                "name_kn": "ನೆಲಮಙಲ ಕೆಮೆಂಟ್ ೞಕ್ಟೊರೆ",
                "stop_id": "34135",
                "lat": 13.09184,
                "lon": 77.37756
              },
              {
                "name": "BP Indian School Nelamangala",
                "name_kn": "ಬ್ಪ್ ಿಂದಿಂ ಸ್ಚೂಲ್ ನೆಲಮಙಲ",
                "stop_id": "32126",
                "lat": 13.08764,
                "lon": 77.37555
              },
              {
                "name": "Mallarabanavadi Cross",
                "name_kn": "ಮಲ್ಲರಬನವದಿ ಕ್ರೊಸ್ಸ್",
                "stop_id": "33771",
                "lat": 13.08246,
                "lon": 77.37168
              },
              {
                "name": "Shanthinagara Nelamangala",
                "name_kn": "ಶಂತಿನಗರ ನೆಲಮಙಲ",
                "stop_id": "34140",
                "lat": 13.07899,
                "lon": 77.36737
              },
              {
                "name": "Srinivasapura Cross",
                "name_kn": "ಸ್ರಿನಿವಸಪುರ ಕ್ರೊಸ್ಸ್",
                "stop_id": "34693",
                "lat": 13.07494,
                "lon": 77.36505
              },
              {
                "name": "Yantaganahalli  Toll",
                "name_kn": "ಯಂಟಗನಹಲ್ಲಿ  ಟೊಲ್ಲ್",
                "stop_id": "33352",
                "lat": 13.06859,
                "lon": 77.36108
              },
              {
                "name": "Yantaganahalli Palya",
                "name_kn": "ಯಂಟಗನಹಲ್ಲಿ ಪಲೆ",
                "stop_id": "35032",
                "lat": 13.06405,
                "lon": 77.34931
              },
              {
                "name": "Yantaganahalli",
                "name_kn": "ಯಂಟಗನಹಲ್ಲಿ",
                "stop_id": "31651",
                "lat": 13.06298,
                "lon": 77.34655
              },
              {
                "name": "Yantaganahalli Hospital",
                "name_kn": "ಯಂಟಗನಹಲ್ಲಿ ಹೊಸ್ಪಿಟಲ್",
                "stop_id": "31652",
                "lat": 13.0614,
                "lon": 77.3423
              },
              {
                "name": "Honnasandra Cross",
                "name_kn": "ಹೊಂನಸಂದ್ರ ಕ್ರೊಸ್ಸ್",
                "stop_id": "25927",
                "lat": 13.06082,
                "lon": 77.34028
              },
              {
                "name": "Gandhi Grama",
                "name_kn": "ಗಂಧಿ ಗ್ರಮ",
                "stop_id": "32627",
                "lat": 13.04724,
                "lon": 77.3393
              },
              {
                "name": "Honnasandra",
                "name_kn": "ಹೊಂನಸಂದ್ರ",
                "stop_id": "32937",
                "lat": 13.04101,
                "lon": 77.33828
              }
            ]
          },
          {
            "Route": "258-SA",
            "RouteId": 3610,
            "RouteParentId": 2024,
            "Destination": "Vajrakattepalya",
            "Via": "",
            "Area": "KR Market",
            "PlatformNumber": "20",
            "KannadaDestination": "ವಜ್ರಕಟೆಪಲೆ",
            "KannadaArea": "ಕೆಆರ್ ಮಾರುಕಟ್ಟೆ",
            "KannadaVia": "",
            "FromStationId": 35931,
            "Stops": [
              {
                "name": "Kempegowda Bus Station(Majestic/KBS)",
                "name_kn": "ಕೆಂಪೆಗೌದ ಬುಸ್ ಸ್ಟಟಿೊಂ(ಮಜೆಸ್ಟಿಕ್/ಕ್ಬ್ಸ್)",
                "stop_id": "35931",
                "lat": 12.97793,
                "lon": 77.57389
              },
              {
                "name": "Central",
                "name_kn": "ಕೆಂಟ್ರಲ್",
                "stop_id": "23426",
                "lat": 12.98984,
                "lon": 77.57181
              },
              {
                "name": "Malleshwara Circle",
                "name_kn": "ಮಲ್ಲೆಶ್ವರ ಕಿರ್ಕ್ಲೆ",
                "stop_id": "20988",
                "lat": 12.99782,
                "lon": 77.5714
              },
              {
                "name": "Malleshwara 8th Cross (Sampige Road)",
                "name_kn": "ಮಲ್ಲೆಶ್ವರ 8ತ್ ಕ್ರೊಸ್ಸ್ (ಸಂಪಿಗೆ ರೊದ್)",
                "stop_id": "20590",
                "lat": 13.00009,
                "lon": 77.57131
              },
              {
                "name": "Malleshwaram11th Cross",
                "name_kn": "ಮಲ್ಲೆಶ್ವರಂ11ತ್ ಕ್ರೊಸ್ಸ್",
                "stop_id": "20561",
                "lat": 13.00233,
                "lon": 77.57133
              },
              {
                "name": "Malleshwaram 15th Cross",
                "name_kn": "ಮಲ್ಲೆಶ್ವರಂ 15ತ್ ಕ್ರೊಸ್ಸ್",
                "stop_id": "20570",
                "lat": 13.00541,
                "lon": 77.57119
              },
              {
                "name": "Malleshwaram 18th Cross",
                "name_kn": "ಮಲ್ಲೆಶ್ವರಂ 18ತ್ ಕ್ರೊಸ್ಸ್",
                "stop_id": "20574",
                "lat": 13.00906,
                "lon": 77.57112
              },
              {
                "name": "Tata Institute",
                "name_kn": "ಟಟ ಿಂಸ್ಟಿಟುಟೆ",
                "stop_id": "21213",
                "lat": 13.01514,
                "lon": 77.56382
              },
              {
                "name": "Yeshawanthapura Bus Station",
                "name_kn": "ಯೆಶವಂತಪುರ ಬುಸ್ ಸ್ಟಟಿೊಂ",
                "stop_id": "21288",
                "lat": 13.01801,
                "lon": 77.55662
              },
              {
                "name": "Govardhan Talkies",
                "name_kn": "ಗೊವರ್ಧಂ ಟಲ್ಕಿೆಸ್",
                "stop_id": "20791",
                "lat": 13.02,
                "lon": 77.55274
              },
              {
                "name": "RMC Yard (Yeshawanthapura New Railway Station)",
                "name_kn": "ರ್ಂಕ್ ಯರ್ದ್ (ಯೆಶವಂತಪುರ ನೆವ್ ರೈಲ್ವಯ್ ಸ್ಟಟಿೊಂ)",
                "stop_id": "21131",
                "lat": 13.02366,
                "lon": 77.54877
              },
              {
                "name": "MEI Factory",
                "name_kn": "ಮೈ ೞಕ್ಟೊರೆ",
                "stop_id": "21016",
                "lat": 13.0264,
                "lon": 77.54402
              },
              {
                "name": "Goraguntepalya",
                "name_kn": "ಗೊರಗುಂಟೆಪಲೆ",
                "stop_id": "20790",
                "lat": 13.02895,
                "lon": 77.5395
              },
              {
                "name": "CMTI",
                "name_kn": "ಕ್ಂಟಿ",
                "stop_id": "20723",
                "lat": 13.0307,
                "lon": 77.53641
              },
              {
                "name": "SRS Peenya",
                "name_kn": "ಸ್ರ್ಸ್ ಪೀನೆ",
                "stop_id": "21189",
                "lat": 13.03428,
                "lon": 77.53032
              },
              {
                "name": "Peenya Industry Metro Station",
                "name_kn": "ಪೀನೆ ಿಂದುಸ್ಟ್ರೆ ಮೆಟ್ರೊ ಸ್ಟಟಿೊಂ",
                "stop_id": "21082",
                "lat": 13.03556,
                "lon": 77.52613
              },
              {
                "name": "Jalahalli Cross",
                "name_kn": "ಜಲಹಲ್ಲಿ ಕ್ರೊಸ್ಸ್",
                "stop_id": "20867",
                "lat": 13.03976,
                "lon": 77.51853
              },
              {
                "name": "T Dasarahalli",
                "name_kn": "ಟ್ ದಸರಹಲ್ಲಿ",
                "stop_id": "21211",
                "lat": 13.04283,
                "lon": 77.51276
              },
              {
                "name": "8th Mile Dasarahalli",
                "name_kn": "8ತ್ ಮಿಲೆ ದಸರಹಲ್ಲಿ",
                "stop_id": "35570",
                "lat": 13.0451,
                "lon": 77.50748
              },
              {
                "name": "Deepak Factory",
                "name_kn": "ದೀಪಕ್ ೞಕ್ಟೊರೆ",
                "stop_id": "24818",
                "lat": 13.04704,
                "lon": 77.50159
              },
              {
                "name": "Nagasandra Metro Station",
                "name_kn": "ನಗಸಂದ್ರ ಮೆಟ್ರೊ ಸ್ಟಟಿೊಂ",
                "stop_id": "34055",
                "lat": 13.04779,
                "lon": 77.49947
              },
              {
                "name": "Widia Factory",
                "name_kn": "ವಿದಿ ೞಕ್ಟೊರೆ",
                "stop_id": "23313",
                "lat": 13.04877,
                "lon": 77.49664
              },
              {
                "name": "Marison Factory",
                "name_kn": "ಮರಿಸೊಂ ೞಕ್ಟೊರೆ",
                "stop_id": "28839",
                "lat": 13.0502,
                "lon": 77.49252
              },
              {
                "name": "Chikkabidarakallu",
                "name_kn": "ಚಿಕ್ಕಬಿದರಕಲ್ಲು",
                "stop_id": "24566",
                "lat": 13.05196,
                "lon": 77.48778
              },
              {
                "name": "Jindal",
                "name_kn": "ಜಿಂದಲ್",
                "stop_id": "26340",
                "lat": 13.05353,
                "lon": 77.48338
              },
              {
                "name": "Anchepalya",
                "name_kn": "ಅಂಚೆಪಲೆ",
                "stop_id": "23084",
                "lat": 13.05497,
                "lon": 77.47936
              },
              {
                "name": "Madavara",
                "name_kn": "ಮದವರ",
                "stop_id": "28598",
                "lat": 13.05665,
                "lon": 77.47343
              },
              {
                "name": "TCI",
                "name_kn": "ಟ್ಕಿ",
                "stop_id": "26844",
                "lat": 13.05906,
                "lon": 77.46474
              },
              {
                "name": "Madanayakanahalli",
                "name_kn": "ಮದನಯಕನಹಲ್ಲಿ",
                "stop_id": "33724",
                "lat": 13.06102,
                "lon": 77.46102
              },
              {
                "name": "Makali",
                "name_kn": "ಮಕಲಿ",
                "stop_id": "33748",
                "lat": 13.06564,
                "lon": 77.45325
              },
              {
                "name": "Depot-40 Gate",
                "name_kn": "ದೆಪೊಟ್-40 ಗಟೆ",
                "stop_id": "22973",
                "lat": 13.06872,
                "lon": 77.44766
              },
              {
                "name": "Adakimaranahalli",
                "name_kn": "ಅದಕಿಮರನಹಲ್ಲಿ",
                "stop_id": "29439",
                "lat": 13.07028,
                "lon": 77.44482
              },
              {
                "name": "Dasanapura",
                "name_kn": "ದಸನಪುರ",
                "stop_id": "24788",
                "lat": 13.07523,
                "lon": 77.43599
              },
              {
                "name": "Devannanapalya",
                "name_kn": "ದೆವಂನನಪಲೆ",
                "stop_id": "24942",
                "lat": 13.07734,
                "lon": 77.43133
              },
              {
                "name": "Arishinakunte",
                "name_kn": "ಅರಿಶಿನಕುಂಟೆ",
                "stop_id": "29571",
                "lat": 13.07966,
                "lon": 77.42419
              },
              {
                "name": "Vishwa Shanti Ashrama",
                "name_kn": "ವಿಶ್ವ ಶಂಟಿ ಶ್ರಮ",
                "stop_id": "27343",
                "lat": 13.08402,
                "lon": 77.41724
              },
              {
                "name": "Binnamangala",
                "name_kn": "ಬಿಂನಮಙಲ",
                "stop_id": "30108",
                "lat": 13.08744,
                "lon": 77.41242
              },
              {
                "name": "Nursery Nelamangala",
                "name_kn": "ನುರ್ಸೆರೆ ನೆಲಮಙಲ",
                "stop_id": "27520",
                "lat": 13.09011,
                "lon": 77.40928
              },
              {
                "name": "Weavers Colony Nelamangala",
                "name_kn": "ವೆವೆರ್ಸ್ ಕೊಲೊನೆ ನೆಲಮಙಲ",
                "stop_id": "27377",
                "lat": 13.09403,
                "lon": 77.40561
              },
              {
                "name": "TB Nelamangala",
                "name_kn": "ಟ್ಬ್ ನೆಲಮಙಲ",
                "stop_id": "26838",
                "lat": 13.09706,
                "lon": 77.40148
              },
              {
                "name": "Anjaneya Temple Nelamangala",
                "name_kn": "ಅಞನೆಯ ಟೆಂಪ್ಲೆ ನೆಲಮಙಲ",
                "stop_id": "29533",
                "lat": 13.09723,
                "lon": 77.39774
              },
              {
                "name": "Nelamangala Bus Station",
                "name_kn": "ನೆಲಮಙಲ ಬುಸ್ ಸ್ಟಟಿೊಂ",
                "stop_id": "22353",
                "lat": 13.09796,
                "lon": 77.39438
              },
              {
                "name": "Nelamangala Hunasemara",
                "name_kn": "ನೆಲಮಙಲ ಹುನಸೆಮರ",
                "stop_id": "34137",
                "lat": 13.10054,
                "lon": 77.39064
              },
              {
                "name": "Basavanahalli Cross",
                "name_kn": "ಬಸವನಹಲ್ಲಿ ಕ್ರೊಸ್ಸ್",
                "stop_id": "31901",
                "lat": 13.10231,
                "lon": 77.38869
              },
              {
                "name": "Renuka Nagara",
                "name_kn": "ರೆನುಕ ನಗರ",
                "stop_id": "34414",
                "lat": 13.10573,
                "lon": 77.38811
              },
              {
                "name": "Basavanahalli",
                "name_kn": "ಬಸವನಹಲ್ಲಿ",
                "stop_id": "29748",
                "lat": 13.11036,
                "lon": 77.38819
              },
              {
                "name": "Islampura Cross",
                "name_kn": "ಇಸ್ಲಂಪುರ ಕ್ರೊಸ್ಸ್",
                "stop_id": "33049",
                "lat": 13.11311,
                "lon": 77.38874
              },
              {
                "name": "A G Export Garments Nelamangala",
                "name_kn": "ಅ ಗ್ ೆಕ್ಸ್ಪೊರ್ಟ್ ಗರ್ಮೆಂಟ್ಸ್ ನೆಲಮಙಲ",
                "stop_id": "29453",
                "lat": 13.12046,
                "lon": 77.39237
              },
              {
                "name": "Mylanahalli Bare",
                "name_kn": "ಮೆಲನಹಲ್ಲಿ ಬರೆ",
                "stop_id": "34828",
                "lat": 13.12716,
                "lon": 77.39837
              },
              {
                "name": "KG Srinivasapura Cross",
                "name_kn": "ಕ್ಗ್ ಸ್ರಿನಿವಸಪುರ ಕ್ರೊಸ್ಸ್",
                "stop_id": "33477",
                "lat": 13.1291,
                "lon": 77.40021
              },
              {
                "name": "Mylanahalli Gate",
                "name_kn": "ಮೆಲನಹಲ್ಲಿ ಗಟೆ",
                "stop_id": "29163",
                "lat": 13.13262,
                "lon": 77.40361
              },
              {
                "name": "Makali Cross Madhure Road",
                "name_kn": "ಮಕಲಿ ಕ್ರೊಸ್ಸ್ ಮಧುರೆ ರೊದ್",
                "stop_id": "33753",
                "lat": 13.13415,
                "lon": 77.40558
              },
              {
                "name": "Hyadalu",
                "name_kn": "ಹೆದಲು",
                "stop_id": "33018",
                "lat": 13.1401,
                "lon": 77.41023
              },
              {
                "name": "Gollahalli",
                "name_kn": "ಗೊಲ್ಲಹಲ್ಲಿ",
                "stop_id": "32703",
                "lat": 13.1437,
                "lon": 77.41228
              },
              {
                "name": "Arch Railway Gollahalli",
                "name_kn": "ಅರ್ಚ್ ರೈಲ್ವಯ್ ಗೊಲ್ಲಹಲ್ಲಿ",
                "stop_id": "35436",
                "lat": 13.14818,
                "lon": 77.41187
              },
              {
                "name": "Bylanjaneya Swamy Temple Gollahalli",
                "name_kn": "ಬೆಲಞನೆಯ ಸ್ವಮೆ ಟೆಂಪ್ಲೆ ಗೊಲ್ಲಹಲ್ಲಿ",
                "stop_id": "32177",
                "lat": 13.15014,
                "lon": 77.40961
              },
              {
                "name": "Byrashettyhalli",
                "name_kn": "ಬೆರಶೆಟೆಹಲ್ಲಿ",
                "stop_id": "32192",
                "lat": 13.15655,
                "lon": 77.40334
              },
              {
                "name": "Bolamaranahalli",
                "name_kn": "ಬೊಲಮರನಹಲ್ಲಿ",
                "stop_id": "32107",
                "lat": 13.15935,
                "lon": 77.39782
              },
              {
                "name": "Bettahallipalya",
                "name_kn": "ಬೆಟಹಲ್ಲಿಪಲೆ",
                "stop_id": "32000",
                "lat": 13.16168,
                "lon": 77.39285
              },
              {
                "name": "Bettahalli",
                "name_kn": "ಬೆಟಹಲ್ಲಿ",
                "stop_id": "31991",
                "lat": 13.16372,
                "lon": 77.38641
              },
              {
                "name": "Bettahalli Colony",
                "name_kn": "ಬೆಟಹಲ್ಲಿ ಕೊಲೊನೆ",
                "stop_id": "29929",
                "lat": 13.1621,
                "lon": 77.38436
              },
              {
                "name": "Vajrakattepalya",
                "name_kn": "ವಜ್ರಕಟೆಪಲೆ",
                "stop_id": "31544",
                "lat": 13.15792,
                "lon": 77.38126
              }
            ]
          },
          {
            "Route": "258-V",
            "RouteId": 3623,
            "RouteParentId": 2032,
            "Destination": "Goravanahalli",
            "Via": "",
            "Area": "KR Market",
            "PlatformNumber": "20",
            "KannadaDestination": "ಗೊರವನಹಲ್ಲಿ",
            "KannadaArea": "ಕೆಆರ್ ಮಾರುಕಟ್ಟೆ",
            "KannadaVia": "",
            "FromStationId": 35931,
            "Stops": [
              {
                "name": "Kempegowda Bus Station(Majestic/KBS)",
                "name_kn": "ಕೆಂಪೆಗೌದ ಬುಸ್ ಸ್ಟಟಿೊಂ(ಮಜೆಸ್ಟಿಕ್/ಕ್ಬ್ಸ್)",
                "stop_id": "35931",
                "lat": 12.97793,
                "lon": 77.57389
              },
              {
                "name": "Central",
                "name_kn": "ಕೆಂಟ್ರಲ್",
                "stop_id": "23426",
                "lat": 12.98984,
                "lon": 77.57181
              },
              {
                "name": "Malleshwara Circle",
                "name_kn": "ಮಲ್ಲೆಶ್ವರ ಕಿರ್ಕ್ಲೆ",
                "stop_id": "20988",
                "lat": 12.99782,
                "lon": 77.5714
              },
              {
                "name": "Malleshwara 8th Cross (Sampige Road)",
                "name_kn": "ಮಲ್ಲೆಶ್ವರ 8ತ್ ಕ್ರೊಸ್ಸ್ (ಸಂಪಿಗೆ ರೊದ್)",
                "stop_id": "20590",
                "lat": 13.00009,
                "lon": 77.57131
              },
              {
                "name": "Malleshwaram11th Cross",
                "name_kn": "ಮಲ್ಲೆಶ್ವರಂ11ತ್ ಕ್ರೊಸ್ಸ್",
                "stop_id": "20561",
                "lat": 13.00233,
                "lon": 77.57133
              },
              {
                "name": "Malleshwaram 15th Cross",
                "name_kn": "ಮಲ್ಲೆಶ್ವರಂ 15ತ್ ಕ್ರೊಸ್ಸ್",
                "stop_id": "20570",
                "lat": 13.00541,
                "lon": 77.57119
              },
              {
                "name": "Malleshwaram 18th Cross",
                "name_kn": "ಮಲ್ಲೆಶ್ವರಂ 18ತ್ ಕ್ರೊಸ್ಸ್",
                "stop_id": "20574",
                "lat": 13.00906,
                "lon": 77.57112
              },
              {
                "name": "Tata Institute",
                "name_kn": "ಟಟ ಿಂಸ್ಟಿಟುಟೆ",
                "stop_id": "21213",
                "lat": 13.01514,
                "lon": 77.56382
              },
              {
                "name": "Yeshawanthapura Bus Station",
                "name_kn": "ಯೆಶವಂತಪುರ ಬುಸ್ ಸ್ಟಟಿೊಂ",
                "stop_id": "21288",
                "lat": 13.01801,
                "lon": 77.55662
              },
              {
                "name": "Govardhan Talkies",
                "name_kn": "ಗೊವರ್ಧಂ ಟಲ್ಕಿೆಸ್",
                "stop_id": "20791",
                "lat": 13.02,
                "lon": 77.55274
              },
              {
                "name": "RMC Yard (Yeshawanthapura New Railway Station)",
                "name_kn": "ರ್ಂಕ್ ಯರ್ದ್ (ಯೆಶವಂತಪುರ ನೆವ್ ರೈಲ್ವಯ್ ಸ್ಟಟಿೊಂ)",
                "stop_id": "21131",
                "lat": 13.02366,
                "lon": 77.54877
              },
              {
                "name": "MEI Factory",
                "name_kn": "ಮೈ ೞಕ್ಟೊರೆ",
                "stop_id": "21016",
                "lat": 13.0264,
                "lon": 77.54402
              },
              {
                "name": "Goraguntepalya",
                "name_kn": "ಗೊರಗುಂಟೆಪಲೆ",
                "stop_id": "20790",
                "lat": 13.02895,
                "lon": 77.5395
              },
              {
                "name": "CMTI",
                "name_kn": "ಕ್ಂಟಿ",
                "stop_id": "20723",
                "lat": 13.0307,
                "lon": 77.53641
              },
              {
                "name": "SRS Peenya",
                "name_kn": "ಸ್ರ್ಸ್ ಪೀನೆ",
                "stop_id": "21189",
                "lat": 13.03428,
                "lon": 77.53032
              },
              {
                "name": "Peenya Industry Metro Station",
                "name_kn": "ಪೀನೆ ಿಂದುಸ್ಟ್ರೆ ಮೆಟ್ರೊ ಸ್ಟಟಿೊಂ",
                "stop_id": "21082",
                "lat": 13.03556,
                "lon": 77.52613
              },
              {
                "name": "Jalahalli Cross",
                "name_kn": "ಜಲಹಲ್ಲಿ ಕ್ರೊಸ್ಸ್",
                "stop_id": "20867",
                "lat": 13.03976,
                "lon": 77.51853
              },
              {
                "name": "T Dasarahalli",
                "name_kn": "ಟ್ ದಸರಹಲ್ಲಿ",
                "stop_id": "21211",
                "lat": 13.04283,
                "lon": 77.51276
              },
              {
                "name": "8th Mile Dasarahalli",
                "name_kn": "8ತ್ ಮಿಲೆ ದಸರಹಲ್ಲಿ",
                "stop_id": "35570",
                "lat": 13.0451,
                "lon": 77.50748
              },
              {
                "name": "Deepak Factory",
                "name_kn": "ದೀಪಕ್ ೞಕ್ಟೊರೆ",
                "stop_id": "24818",
                "lat": 13.04704,
                "lon": 77.50159
              },
              {
                "name": "Nagasandra Metro Station",
                "name_kn": "ನಗಸಂದ್ರ ಮೆಟ್ರೊ ಸ್ಟಟಿೊಂ",
                "stop_id": "34055",
                "lat": 13.04779,
                "lon": 77.49947
              },
              {
                "name": "Widia Factory",
                "name_kn": "ವಿದಿ ೞಕ್ಟೊರೆ",
                "stop_id": "23313",
                "lat": 13.04877,
                "lon": 77.49664
              },
              {
                "name": "Marison Factory",
                "name_kn": "ಮರಿಸೊಂ ೞಕ್ಟೊರೆ",
                "stop_id": "28839",
                "lat": 13.0502,
                "lon": 77.49252
              },
              {
                "name": "Chikkabidarakallu",
                "name_kn": "ಚಿಕ್ಕಬಿದರಕಲ್ಲು",
                "stop_id": "24566",
                "lat": 13.05196,
                "lon": 77.48778
              },
              {
                "name": "Jindal",
                "name_kn": "ಜಿಂದಲ್",
                "stop_id": "26340",
                "lat": 13.05353,
                "lon": 77.48338
              },
              {
                "name": "Anchepalya",
                "name_kn": "ಅಂಚೆಪಲೆ",
                "stop_id": "23084",
                "lat": 13.05497,
                "lon": 77.47936
              },
              {
                "name": "Madavara",
                "name_kn": "ಮದವರ",
                "stop_id": "28598",
                "lat": 13.05665,
                "lon": 77.47343
              },
              {
                "name": "TCI",
                "name_kn": "ಟ್ಕಿ",
                "stop_id": "26844",
                "lat": 13.05906,
                "lon": 77.46474
              },
              {
                "name": "Madanayakanahalli",
                "name_kn": "ಮದನಯಕನಹಲ್ಲಿ",
                "stop_id": "33724",
                "lat": 13.06102,
                "lon": 77.46102
              },
              {
                "name": "Makali",
                "name_kn": "ಮಕಲಿ",
                "stop_id": "33748",
                "lat": 13.06564,
                "lon": 77.45325
              },
              {
                "name": "Depot-40 Gate",
                "name_kn": "ದೆಪೊಟ್-40 ಗಟೆ",
                "stop_id": "22973",
                "lat": 13.06872,
                "lon": 77.44766
              },
              {
                "name": "Adakimaranahalli",
                "name_kn": "ಅದಕಿಮರನಹಲ್ಲಿ",
                "stop_id": "29439",
                "lat": 13.07028,
                "lon": 77.44482
              },
              {
                "name": "Ravuthanahalli Cross",
                "name_kn": "ರವುತನಹಲ್ಲಿ ಕ್ರೊಸ್ಸ್",
                "stop_id": "38537",
                "lat": 13.07334,
                "lon": 77.43938
              },
              {
                "name": "Dasanapura",
                "name_kn": "ದಸನಪುರ",
                "stop_id": "24788",
                "lat": 13.07523,
                "lon": 77.43599
              },
              {
                "name": "Devannanapalya",
                "name_kn": "ದೆವಂನನಪಲೆ",
                "stop_id": "24942",
                "lat": 13.07734,
                "lon": 77.43133
              },
              {
                "name": "Arishinakunte",
                "name_kn": "ಅರಿಶಿನಕುಂಟೆ",
                "stop_id": "29571",
                "lat": 13.07966,
                "lon": 77.42419
              },
              {
                "name": "Vishwa Shanti Ashrama",
                "name_kn": "ವಿಶ್ವ ಶಂಟಿ ಶ್ರಮ",
                "stop_id": "27343",
                "lat": 13.08402,
                "lon": 77.41724
              },
              {
                "name": "Binnamangala",
                "name_kn": "ಬಿಂನಮಙಲ",
                "stop_id": "30108",
                "lat": 13.08744,
                "lon": 77.41242
              },
              {
                "name": "Nursery Nelamangala",
                "name_kn": "ನುರ್ಸೆರೆ ನೆಲಮಙಲ",
                "stop_id": "27520",
                "lat": 13.09011,
                "lon": 77.40928
              },
              {
                "name": "Weavers Colony Nelamangala",
                "name_kn": "ವೆವೆರ್ಸ್ ಕೊಲೊನೆ ನೆಲಮಙಲ",
                "stop_id": "27377",
                "lat": 13.09403,
                "lon": 77.40561
              },
              {
                "name": "TB Nelamangala",
                "name_kn": "ಟ್ಬ್ ನೆಲಮಙಲ",
                "stop_id": "26838",
                "lat": 13.09706,
                "lon": 77.40148
              },
              {
                "name": "Anjaneya Temple Nelamangala",
                "name_kn": "ಅಞನೆಯ ಟೆಂಪ್ಲೆ ನೆಲಮಙಲ",
                "stop_id": "29533",
                "lat": 13.09723,
                "lon": 77.39774
              },
              {
                "name": "Nelamangala Bus Station",
                "name_kn": "ನೆಲಮಙಲ ಬುಸ್ ಸ್ಟಟಿೊಂ",
                "stop_id": "22353",
                "lat": 13.09796,
                "lon": 77.39438
              },
              {
                "name": "Nelamangala Hunasemara",
                "name_kn": "ನೆಲಮಙಲ ಹುನಸೆಮರ",
                "stop_id": "34136",
                "lat": 13.09978,
                "lon": 77.39083
              },
              {
                "name": "Tumkur Road Junction",
                "name_kn": "ಟುಂಕುರ್ ರೊದ್ ಜುಂಕ್ಟಿೊಂ",
                "stop_id": "33158",
                "lat": 13.09758,
                "lon": 77.38535
              },
              {
                "name": "Nelamangala Cement Factory",
                "name_kn": "ನೆಲಮಙಲ ಕೆಮೆಂಟ್ ೞಕ್ಟೊರೆ",
                "stop_id": "34135",
                "lat": 13.09184,
                "lon": 77.37756
              },
              {
                "name": "BP Indian School Nelamangala",
                "name_kn": "ಬ್ಪ್ ಿಂದಿಂ ಸ್ಚೂಲ್ ನೆಲಮಙಲ",
                "stop_id": "32126",
                "lat": 13.08764,
                "lon": 77.37555
              },
              {
                "name": "Mallarabanavadi Cross",
                "name_kn": "ಮಲ್ಲರಬನವದಿ ಕ್ರೊಸ್ಸ್",
                "stop_id": "33771",
                "lat": 13.08246,
                "lon": 77.37168
              },
              {
                "name": "Shanthinagara Nelamangala",
                "name_kn": "ಶಂತಿನಗರ ನೆಲಮಙಲ",
                "stop_id": "34140",
                "lat": 13.07899,
                "lon": 77.36737
              },
              {
                "name": "Srinivasapura Cross",
                "name_kn": "ಸ್ರಿನಿವಸಪುರ ಕ್ರೊಸ್ಸ್",
                "stop_id": "34693",
                "lat": 13.07494,
                "lon": 77.36505
              },
              {
                "name": "Ganigarapalya Cross Yantaganahalli",
                "name_kn": "ಗನಿಗರಪಲೆ ಕ್ರೊಸ್ಸ್ ಯಂಟಗನಹಲ್ಲಿ",
                "stop_id": "25334",
                "lat": 13.06567,
                "lon": 77.35991
              },
              {
                "name": "Goravanahalli Cross",
                "name_kn": "ಗೊರವನಹಲ್ಲಿ ಕ್ರೊಸ್ಸ್",
                "stop_id": "32734",
                "lat": 13.05626,
                "lon": 77.35794
              },
              {
                "name": "Bombay Estate Guruvanahalli",
                "name_kn": "ಬೊಂಬಯ್ ೆಸ್ಟಟೆ ಗುರುವನಹಲ್ಲಿ",
                "stop_id": "32108",
                "lat": 13.05285,
                "lon": 77.35568
              },
              {
                "name": "Form House Gorinabele",
                "name_kn": "ೞೊರ್ಂ ಹೌಸೆ ಗೊರಿನಬೆಲೆ",
                "stop_id": "25244",
                "lat": 13.04568,
                "lon": 77.35321
              },
              {
                "name": "Gorinabele Cross",
                "name_kn": "ಗೊರಿನಬೆಲೆ ಕ್ರೊಸ್ಸ್",
                "stop_id": "25507",
                "lat": 13.04427,
                "lon": 77.35263
              },
              {
                "name": "Chikka Tanda Manchenahalli Cross",
                "name_kn": "ಚಿಕ್ಕ ಟಂದ ಮಂಚೆನಹಲ್ಲಿ ಕ್ರೊಸ್ಸ್",
                "stop_id": "32287",
                "lat": 13.03781,
                "lon": 77.35004
              },
              {
                "name": "Dharma Nayakana Tandya",
                "name_kn": "ಧರ್ಮ ನಯಕನ ಟಂಠೆ",
                "stop_id": "32478",
                "lat": 13.03018,
                "lon": 77.34885
              },
              {
                "name": "Hunaseghattapalya",
                "name_kn": "ಹುನಸೆಘಟಪಲೆ",
                "stop_id": "26058",
                "lat": 13.02603,
                "lon": 77.34856
              },
              {
                "name": "Avalakuppe Cross",
                "name_kn": "ಅವಲಕುಪ್ಪೆ ಕ್ರೊಸ್ಸ್",
                "stop_id": "35657",
                "lat": 13.02384,
                "lon": 77.34843
              },
              {
                "name": "Sondekoppa Cross",
                "name_kn": "ಸೊಂದೆಕೊಪ್ಪ ಕ್ರೊಸ್ಸ್",
                "stop_id": "34651",
                "lat": 13.01946,
                "lon": 77.35086
              },
              {
                "name": "Rampura",
                "name_kn": "ರಂಪುರ",
                "stop_id": "34385",
                "lat": 13.0174,
                "lon": 77.35093
              },
              {
                "name": "Soladevanahalli",
                "name_kn": "ಸೊಲದೆವನಹಲ್ಲಿ",
                "stop_id": "34630",
                "lat": 13.00808,
                "lon": 77.3509
              },
              {
                "name": "Leelavathi Estate",
                "name_kn": "ಲೀಲವತಿ ೆಸ್ಟಟೆ",
                "stop_id": "33696",
                "lat": 13.00087,
                "lon": 77.34992
              },
              {
                "name": "Rangappanapalya Gate",
                "name_kn": "ರಙಪ್ಪನಪಲೆ ಗಟೆ",
                "stop_id": "34393",
                "lat": 12.99279,
                "lon": 77.34948
              },
              {
                "name": "Handigutte",
                "name_kn": "ಹಂದಿಗುಟೆ",
                "stop_id": "32848",
                "lat": 12.98698,
                "lon": 77.34792
              },
              {
                "name": "Goravanahalli",
                "name_kn": "ಗೊರವನಹಲ್ಲಿ",
                "stop_id": "25632",
                "lat": 12.97957,
                "lon": 77.34428
              }
            ]
          },
          {
            "Route": "255-C KBS-PLH UP",
            "RouteId": 5905,
            "RouteParentId": 2315,
            "Destination": "Pillahalli",
            "Via": "",
            "Area": "Kempegowda Bus Station",
            "PlatformNumber": "20",
            "KannadaDestination": "ಪಿಲ್ಲಹಲ್ಲಿ",
            "KannadaArea": "ಕೆಂಪೇಗೌಡ ಬಸ್ ನಿಲ್ದಾಣ",
            "KannadaVia": "",
            "FromStationId": 20921,
            "Stops": [
              {
                "name": "Kempegowda Bus Station(Majestic/KBS)",
                "name_kn": "ಕೆಂಪೆಗೌದ ಬುಸ್ ಸ್ಟಟಿೊಂ(ಮಜೆಸ್ಟಿಕ್/ಕ್ಬ್ಸ್)",
                "stop_id": "35931",
                "lat": 12.97793,
                "lon": 77.57389
              },
              {
                "name": "Central",
                "name_kn": "ಕೆಂಟ್ರಲ್",
                "stop_id": "23426",
                "lat": 12.98984,
                "lon": 77.57181
              },
              {
                "name": "Malleshwara Circle",
                "name_kn": "ಮಲ್ಲೆಶ್ವರ ಕಿರ್ಕ್ಲೆ",
                "stop_id": "20988",
                "lat": 12.99782,
                "lon": 77.5714
              },
              {
                "name": "Malleshwara 8th Cross (Sampige Road)",
                "name_kn": "ಮಲ್ಲೆಶ್ವರ 8ತ್ ಕ್ರೊಸ್ಸ್ (ಸಂಪಿಗೆ ರೊದ್)",
                "stop_id": "20590",
                "lat": 13.00009,
                "lon": 77.57131
              },
              {
                "name": "Malleshwaram11th Cross",
                "name_kn": "ಮಲ್ಲೆಶ್ವರಂ11ತ್ ಕ್ರೊಸ್ಸ್",
                "stop_id": "20561",
                "lat": 13.00233,
                "lon": 77.57133
              },
              {
                "name": "Malleshwaram 15th Cross",
                "name_kn": "ಮಲ್ಲೆಶ್ವರಂ 15ತ್ ಕ್ರೊಸ್ಸ್",
                "stop_id": "20570",
                "lat": 13.00541,
                "lon": 77.57119
              },
              {
                "name": "Malleshwaram 18th Cross",
                "name_kn": "ಮಲ್ಲೆಶ್ವರಂ 18ತ್ ಕ್ರೊಸ್ಸ್",
                "stop_id": "20574",
                "lat": 13.00906,
                "lon": 77.57112
              },
              {
                "name": "Tata Institute",
                "name_kn": "ಟಟ ಿಂಸ್ಟಿಟುಟೆ",
                "stop_id": "21213",
                "lat": 13.01514,
                "lon": 77.56382
              },
              {
                "name": "Yeshawanthapura Bus Station",
                "name_kn": "ಯೆಶವಂತಪುರ ಬುಸ್ ಸ್ಟಟಿೊಂ",
                "stop_id": "21288",
                "lat": 13.01801,
                "lon": 77.55662
              },
              {
                "name": "Govardhan Talkies",
                "name_kn": "ಗೊವರ್ಧಂ ಟಲ್ಕಿೆಸ್",
                "stop_id": "20791",
                "lat": 13.02,
                "lon": 77.55274
              },
              {
                "name": "RMC Yard (Yeshawanthapura New Railway Station)",
                "name_kn": "ರ್ಂಕ್ ಯರ್ದ್ (ಯೆಶವಂತಪುರ ನೆವ್ ರೈಲ್ವಯ್ ಸ್ಟಟಿೊಂ)",
                "stop_id": "21131",
                "lat": 13.02366,
                "lon": 77.54877
              },
              {
                "name": "MEI Factory",
                "name_kn": "ಮೈ ೞಕ್ಟೊರೆ",
                "stop_id": "21016",
                "lat": 13.0264,
                "lon": 77.54402
              },
              {
                "name": "Goraguntepalya",
                "name_kn": "ಗೊರಗುಂಟೆಪಲೆ",
                "stop_id": "20790",
                "lat": 13.02895,
                "lon": 77.5395
              },
              {
                "name": "CMTI",
                "name_kn": "ಕ್ಂಟಿ",
                "stop_id": "20723",
                "lat": 13.0307,
                "lon": 77.53641
              },
              {
                "name": "SRS Peenya",
                "name_kn": "ಸ್ರ್ಸ್ ಪೀನೆ",
                "stop_id": "21189",
                "lat": 13.03428,
                "lon": 77.53032
              },
              {
                "name": "Peenya Industry Metro Station",
                "name_kn": "ಪೀನೆ ಿಂದುಸ್ಟ್ರೆ ಮೆಟ್ರೊ ಸ್ಟಟಿೊಂ",
                "stop_id": "21082",
                "lat": 13.03556,
                "lon": 77.52613
              },
              {
                "name": "Jalahalli Cross",
                "name_kn": "ಜಲಹಲ್ಲಿ ಕ್ರೊಸ್ಸ್",
                "stop_id": "20867",
                "lat": 13.03976,
                "lon": 77.51853
              },
              {
                "name": "T Dasarahalli",
                "name_kn": "ಟ್ ದಸರಹಲ್ಲಿ",
                "stop_id": "21211",
                "lat": 13.04283,
                "lon": 77.51276
              },
              {
                "name": "8th Mile Dasarahalli",
                "name_kn": "8ತ್ ಮಿಲೆ ದಸರಹಲ್ಲಿ",
                "stop_id": "35570",
                "lat": 13.0451,
                "lon": 77.50748
              },
              {
                "name": "Deepak Factory",
                "name_kn": "ದೀಪಕ್ ೞಕ್ಟೊರೆ",
                "stop_id": "24818",
                "lat": 13.04704,
                "lon": 77.50159
              },
              {
                "name": "Widia Factory",
                "name_kn": "ವಿದಿ ೞಕ್ಟೊರೆ",
                "stop_id": "23313",
                "lat": 13.04877,
                "lon": 77.49664
              },
              {
                "name": "Marison Factory",
                "name_kn": "ಮರಿಸೊಂ ೞಕ್ಟೊರೆ",
                "stop_id": "28839",
                "lat": 13.0502,
                "lon": 77.49252
              },
              {
                "name": "Chikkabidarakallu",
                "name_kn": "ಚಿಕ್ಕಬಿದರಕಲ್ಲು",
                "stop_id": "24566",
                "lat": 13.05196,
                "lon": 77.48778
              },
              {
                "name": "Jindal",
                "name_kn": "ಜಿಂದಲ್",
                "stop_id": "26340",
                "lat": 13.05353,
                "lon": 77.48338
              },
              {
                "name": "Anchepalya",
                "name_kn": "ಅಂಚೆಪಲೆ",
                "stop_id": "23084",
                "lat": 13.05497,
                "lon": 77.47936
              },
              {
                "name": "Madavara",
                "name_kn": "ಮದವರ",
                "stop_id": "28598",
                "lat": 13.05665,
                "lon": 77.47343
              },
              {
                "name": "TCI",
                "name_kn": "ಟ್ಕಿ",
                "stop_id": "26844",
                "lat": 13.05906,
                "lon": 77.46474
              },
              {
                "name": "Madanayakanahalli",
                "name_kn": "ಮದನಯಕನಹಲ್ಲಿ",
                "stop_id": "33724",
                "lat": 13.06102,
                "lon": 77.46102
              },
              {
                "name": "Makali",
                "name_kn": "ಮಕಲಿ",
                "stop_id": "33748",
                "lat": 13.06564,
                "lon": 77.45325
              },
              {
                "name": "Depot-40 Gate",
                "name_kn": "ದೆಪೊಟ್-40 ಗಟೆ",
                "stop_id": "22973",
                "lat": 13.06872,
                "lon": 77.44766
              },
              {
                "name": "Makali Cross",
                "name_kn": "ಮಕಲಿ ಕ್ರೊಸ್ಸ್",
                "stop_id": "33752",
                "lat": 13.06706,
                "lon": 77.45182
              },
              {
                "name": "Nisarga Layout",
                "name_kn": "ನಿಸರ್ಗ ಲಯೌಟ್",
                "stop_id": "27490",
                "lat": 13.07161,
                "lon": 77.4528
              },
              {
                "name": "Padmavathi Srinivasa Temple Cross",
                "name_kn": "ಪದ್ಮವತಿ ಸ್ರಿನಿವಸ ಟೆಂಪ್ಲೆ ಕ್ರೊಸ್ಸ್",
                "stop_id": "39644",
                "lat": 13.07512,
                "lon": 77.45134
              },
              {
                "name": "Biscuits Factory",
                "name_kn": "ಬಿಸ್ಕುಿಟ್ಸ್ ೞಕ್ಟೊರೆ",
                "stop_id": "32094",
                "lat": 13.08213,
                "lon": 77.44975
              },
              {
                "name": "Mantri Layout (M L A LAYOUT)",
                "name_kn": "ಮಂಟ್ರಿ ಲಯೌಟ್ (ಂ ಲ್  ಲಯೌಟ್)",
                "stop_id": "28775",
                "lat": 13.08449,
                "lon": 77.44776
              },
              {
                "name": "The Golden Palm Resort Nagarur colony Nelamangala",
                "name_kn": "ತೆ ಗೊಲ್ದೆಂ ಪಲ್ಂ ರೆಸೊರ್ಟ್ ನಗರುರ್ ಕೊಲೊನೆ ನೆಲಮಙಲ",
                "stop_id": "26910",
                "lat": 13.08893,
                "lon": 77.44564
              },
              {
                "name": "Nagaruru Cross",
                "name_kn": "ನಗರುರು ಕ್ರೊಸ್ಸ್",
                "stop_id": "29219",
                "lat": 13.09212,
                "lon": 77.44532
              },
              {
                "name": "Kodipalya",
                "name_kn": "ಕೊದಿಪಲೆ",
                "stop_id": "33528",
                "lat": 13.09607,
                "lon": 77.44516
              },
              {
                "name": "Vaderahalli Cross",
                "name_kn": "ವದೆರಹಲ್ಲಿ ಕ್ರೊಸ್ಸ್",
                "stop_id": "31536",
                "lat": 13.09932,
                "lon": 77.44484
              },
              {
                "name": "APMC Yard",
                "name_kn": "ಅಪ್ಂಕ್ ಯರ್ದ್",
                "stop_id": "35453",
                "lat": 13.10488,
                "lon": 77.44388
              },
              {
                "name": "Mattahalli Cross",
                "name_kn": "ಮಟಹಲ್ಲಿ ಕ್ರೊಸ್ಸ್",
                "stop_id": "28895",
                "lat": 13.11037,
                "lon": 77.44365
              },
              {
                "name": "Pillahalli Cross",
                "name_kn": "ಪಿಲ್ಲಹಲ್ಲಿ ಕ್ರೊಸ್ಸ್",
                "stop_id": "34254",
                "lat": 13.11143,
                "lon": 77.43825
              },
              {
                "name": "Pillahalli Colony",
                "name_kn": "ಪಿಲ್ಲಹಲ್ಲಿ ಕೊಲೊನೆ",
                "stop_id": "34253",
                "lat": 13.10434,
                "lon": 77.4341
              },
              {
                "name": "Pillahalli",
                "name_kn": "ಪಿಲ್ಲಹಲ್ಲಿ",
                "stop_id": "27683",
                "lat": 13.10279,
                "lon": 77.42899
              }
            ]
          }
        ]
      }
    },
    {
      "type": "Feature",
      "geometry": {
        "type": "Point",
        "coordinates": [
          77.571837,
          12.977804
        ]
      },
      "properties": {
        "Platform": "5",
        "Color": "#000000",
        "Icon": "5",
        "OpenHour": 0,
        "CloseHour": 0,
        "ApiIds": [
          "20921",
          "20922",
          "35931"
        ],
        "Routes": [
          {
            "Route": "254-E KBS-KMP UP",
            "RouteId": 13262,
            "RouteParentId": 2622,
            "Destination": "Kempapura",
            "Via": "",
            "Area": "Kempegowda Bus Station",
            "PlatformNumber": "5",
            "KannadaDestination": "ಕೆಂಪಪುರ",
            "KannadaArea": "ಕೆಂಪೇಗೌಡ ಬಸ್ ನಿಲ್ದಾಣ",
            "KannadaVia": "",
            "FromStationId": 20921,
            "Stops": [
              {
                "name": "Kempegowda Bus Station(Majestic/KBS)",
                "name_kn": "ಕೆಂಪೆಗೌದ ಬುಸ್ ಸ್ಟಟಿೊಂ(ಮಜೆಸ್ಟಿಕ್/ಕ್ಬ್ಸ್)",
                "stop_id": "35931",
                "lat": 12.97793,
                "lon": 77.57389
              },
              {
                "name": "Ananda Rao Circle",
                "name_kn": "ಅನಂದ ರೊ ಕಿರ್ಕ್ಲೆ",
                "stop_id": "20603",
                "lat": 12.98115,
                "lon": 77.57466
              },
              {
                "name": "Central",
                "name_kn": "ಕೆಂಟ್ರಲ್",
                "stop_id": "23426",
                "lat": 12.98984,
                "lon": 77.57181
              },
              {
                "name": "Malleshwara Circle",
                "name_kn": "ಮಲ್ಲೆಶ್ವರ ಕಿರ್ಕ್ಲೆ",
                "stop_id": "20988",
                "lat": 12.99782,
                "lon": 77.5714
              },
              {
                "name": "Malleshwara 8th Cross (Sampige Road)",
                "name_kn": "ಮಲ್ಲೆಶ್ವರ 8ತ್ ಕ್ರೊಸ್ಸ್ (ಸಂಪಿಗೆ ರೊದ್)",
                "stop_id": "20590",
                "lat": 13.00009,
                "lon": 77.57131
              },
              {
                "name": "Malleshwaram11th Cross",
                "name_kn": "ಮಲ್ಲೆಶ್ವರಂ11ತ್ ಕ್ರೊಸ್ಸ್",
                "stop_id": "20561",
                "lat": 13.00233,
                "lon": 77.57133
              },
              {
                "name": "Malleshwaram 15th Cross",
                "name_kn": "ಮಲ್ಲೆಶ್ವರಂ 15ತ್ ಕ್ರೊಸ್ಸ್",
                "stop_id": "20570",
                "lat": 13.00541,
                "lon": 77.57119
              },
              {
                "name": "Malleshwaram 18th Cross",
                "name_kn": "ಮಲ್ಲೆಶ್ವರಂ 18ತ್ ಕ್ರೊಸ್ಸ್",
                "stop_id": "20574",
                "lat": 13.00906,
                "lon": 77.57112
              },
              {
                "name": "Tata Institute",
                "name_kn": "ಟಟ ಿಂಸ್ಟಿಟುಟೆ",
                "stop_id": "21213",
                "lat": 13.01514,
                "lon": 77.56382
              },
              {
                "name": "Yeshawanthapura Bus Station",
                "name_kn": "ಯೆಶವಂತಪುರ ಬುಸ್ ಸ್ಟಟಿೊಂ",
                "stop_id": "21288",
                "lat": 13.01801,
                "lon": 77.55662
              },
              {
                "name": "Govardhan Talkies",
                "name_kn": "ಗೊವರ್ಧಂ ಟಲ್ಕಿೆಸ್",
                "stop_id": "20791",
                "lat": 13.02,
                "lon": 77.55274
              },
              {
                "name": "RMC Yard (Yeshawanthapura New Railway Station)",
                "name_kn": "ರ್ಂಕ್ ಯರ್ದ್ (ಯೆಶವಂತಪುರ ನೆವ್ ರೈಲ್ವಯ್ ಸ್ಟಟಿೊಂ)",
                "stop_id": "21131",
                "lat": 13.02366,
                "lon": 77.54877
              },
              {
                "name": "MEI Factory",
                "name_kn": "ಮೈ ೞಕ್ಟೊರೆ",
                "stop_id": "21016",
                "lat": 13.0264,
                "lon": 77.54402
              },
              {
                "name": "Goraguntepalya",
                "name_kn": "ಗೊರಗುಂಟೆಪಲೆ",
                "stop_id": "20790",
                "lat": 13.02895,
                "lon": 77.5395
              },
              {
                "name": "CMTI",
                "name_kn": "ಕ್ಂಟಿ",
                "stop_id": "20723",
                "lat": 13.0307,
                "lon": 77.53641
              },
              {
                "name": "SRS Peenya",
                "name_kn": "ಸ್ರ್ಸ್ ಪೀನೆ",
                "stop_id": "21189",
                "lat": 13.03428,
                "lon": 77.53032
              },
              {
                "name": "Peenya Industry Metro Station",
                "name_kn": "ಪೀನೆ ಿಂದುಸ್ಟ್ರೆ ಮೆಟ್ರೊ ಸ್ಟಟಿೊಂ",
                "stop_id": "21082",
                "lat": 13.03556,
                "lon": 77.52613
              },
              {
                "name": "Jalahalli Cross",
                "name_kn": "ಜಲಹಲ್ಲಿ ಕ್ರೊಸ್ಸ್",
                "stop_id": "20867",
                "lat": 13.03976,
                "lon": 77.51853
              },
              {
                "name": "T Dasarahalli",
                "name_kn": "ಟ್ ದಸರಹಲ್ಲಿ",
                "stop_id": "21211",
                "lat": 13.04283,
                "lon": 77.51276
              },
              {
                "name": "8th Mile Dasarahalli",
                "name_kn": "8ತ್ ಮಿಲೆ ದಸರಹಲ್ಲಿ",
                "stop_id": "20593",
                "lat": 13.04622,
                "lon": 77.50755
              },
              {
                "name": "Widia School",
                "name_kn": "ವಿದಿ ಸ್ಚೂಲ್",
                "stop_id": "21278",
                "lat": 13.0511,
                "lon": 77.50773
              },
              {
                "name": "Bagalagunte",
                "name_kn": "ಬಗಲಗುಂಟೆ",
                "stop_id": "20620",
                "lat": 13.05657,
                "lon": 77.50728
              },
              {
                "name": "Bone Mill",
                "name_kn": "ಬೊನೆ ಮಿಲ್ಲ್",
                "stop_id": "20678",
                "lat": 13.06385,
                "lon": 77.50503
              },
              {
                "name": "Sapthagiri College",
                "name_kn": "ಸಪ್ತಗಿರಿ ಕೊಲ್ಲೆಗೆ",
                "stop_id": "21154",
                "lat": 13.06685,
                "lon": 77.50328
              },
              {
                "name": "Sapthagiri Hospital",
                "name_kn": "ಸಪ್ತಗಿರಿ ಹೊಸ್ಪಿಟಲ್",
                "stop_id": "21156",
                "lat": 13.07067,
                "lon": 77.50387
              },
              {
                "name": "Janapriya Apartment",
                "name_kn": "ಜನಪ್ರಿಯ ಪರ್ಟ್ಮೆಂಟ್",
                "stop_id": "20872",
                "lat": 13.07349,
                "lon": 77.50307
              },
              {
                "name": "Chikkabanavara Railway Station",
                "name_kn": "ಚಿಕ್ಕಬನವರ ರೈಲ್ವಯ್ ಸ್ಟಟಿೊಂ",
                "stop_id": "21108",
                "lat": 13.07543,
                "lon": 77.50464
              },
              {
                "name": "Chikka Banavara",
                "name_kn": "ಚಿಕ್ಕ ಬನವರ",
                "stop_id": "20718",
                "lat": 13.08046,
                "lon": 77.50248
              },
              {
                "name": "Kumbarahalli Cross",
                "name_kn": "ಕುಂಬರಹಲ್ಲಿ ಕ್ರೊಸ್ಸ್",
                "stop_id": "33620",
                "lat": 13.10666,
                "lon": 77.49016
              },
              {
                "name": "Kempapura",
                "name_kn": "ಕೆಂಪಪುರ",
                "stop_id": "33429",
                "lat": 13.09465,
                "lon": 77.49964
              }
            ]
          }
        ]
      }
    },
    {
      "type": "Feature",
      "geometry": {
        "type": "Point",
        "coordinates": [
          77.572579,
          12.978541
        ]
      },
      "properties": {
        "Platform": "22",
        "Color": "#000000",
        "Icon": "22",
        "OpenHour": 0,
        "CloseHour": 0,
        "ApiIds": [
          "20921",
          "20922",
          "35931"
        ],
        "Routes": [
          {
            "Route": "271-H",
            "RouteId": 16069,
            "RouteParentId": 8610,
            "Destination": "Hesaraghatta",
            "Via": "",
            "Area": "KR Market",
            "PlatformNumber": "22",
            "KannadaDestination": "ಹೆಸರಘಟ",
            "KannadaArea": "ಕೆಆರ್ ಮಾರುಕಟ್ಟೆ",
            "KannadaVia": "",
            "FromStationId": 35931,
            "Stops": [
              {
                "name": "Kempegowda Bus Station(Majestic/KBS)",
                "name_kn": "ಕೆಂಪೆಗೌದ ಬುಸ್ ಸ್ಟಟಿೊಂ(ಮಜೆಸ್ಟಿಕ್/ಕ್ಬ್ಸ್)",
                "stop_id": "35931",
                "lat": 12.97793,
                "lon": 77.57389
              },
              {
                "name": "Central",
                "name_kn": "ಕೆಂಟ್ರಲ್",
                "stop_id": "23426",
                "lat": 12.98984,
                "lon": 77.57181
              },
              {
                "name": "Malleshwara Circle",
                "name_kn": "ಮಲ್ಲೆಶ್ವರ ಕಿರ್ಕ್ಲೆ",
                "stop_id": "20988",
                "lat": 12.99782,
                "lon": 77.5714
              },
              {
                "name": "Malleshwara 8th Cross (Sampige Road)",
                "name_kn": "ಮಲ್ಲೆಶ್ವರ 8ತ್ ಕ್ರೊಸ್ಸ್ (ಸಂಪಿಗೆ ರೊದ್)",
                "stop_id": "20590",
                "lat": 13.00009,
                "lon": 77.57131
              },
              {
                "name": "Malleshwaram11th Cross",
                "name_kn": "ಮಲ್ಲೆಶ್ವರಂ11ತ್ ಕ್ರೊಸ್ಸ್",
                "stop_id": "20561",
                "lat": 13.00233,
                "lon": 77.57133
              },
              {
                "name": "Malleshwaram 15th Cross",
                "name_kn": "ಮಲ್ಲೆಶ್ವರಂ 15ತ್ ಕ್ರೊಸ್ಸ್",
                "stop_id": "20570",
                "lat": 13.00541,
                "lon": 77.57119
              },
              {
                "name": "Malleshwaram 18th Cross",
                "name_kn": "ಮಲ್ಲೆಶ್ವರಂ 18ತ್ ಕ್ರೊಸ್ಸ್",
                "stop_id": "20574",
                "lat": 13.00906,
                "lon": 77.57112
              },
              {
                "name": "Tata Institute",
                "name_kn": "ಟಟ ಿಂಸ್ಟಿಟುಟೆ",
                "stop_id": "21213",
                "lat": 13.01514,
                "lon": 77.56382
              },
              {
                "name": "Yeshawanthapura Circle",
                "name_kn": "ಯೆಶವಂತಪುರ ಕಿರ್ಕ್ಲೆ",
                "stop_id": "36187",
                "lat": 13.0186,
                "lon": 77.55827
              },
              {
                "name": "Yeshawanthapura Tollgate",
                "name_kn": "ಯೆಶವಂತಪುರ ಟೊಲ್ಲ್ಗಟೆ",
                "stop_id": "22564",
                "lat": 13.01788,
                "lon": 77.56092
              },
              {
                "name": "Ayyappa Temple Yeshawanthapura",
                "name_kn": "ಅಯೆಪ್ಪ ಟೆಂಪ್ಲೆ ಯೆಶವಂತಪುರ",
                "stop_id": "21691",
                "lat": 13.02162,
                "lon": 77.56312
              },
              {
                "name": "Diwanarapalya",
                "name_kn": "ದಿವನರಪಲೆ",
                "stop_id": "21900",
                "lat": 13.02673,
                "lon": 77.56177
              },
              {
                "name": "MS Ramaiah College",
                "name_kn": "ಂಸ್ ರಮೈಹ್ ಕೊಲ್ಲೆಗೆ",
                "stop_id": "22307",
                "lat": 13.02857,
                "lon": 77.56162
              },
              {
                "name": "Mathikere",
                "name_kn": "ಮತಿಕೆರೆ",
                "stop_id": "22277",
                "lat": 13.03455,
                "lon": 77.55741
              },
              {
                "name": "Gokula",
                "name_kn": "ಗೊಕುಲ",
                "stop_id": "21968",
                "lat": 13.04152,
                "lon": 77.55725
              },
              {
                "name": "BEL Circle",
                "name_kn": "ಬೆಲ್ ಕಿರ್ಕ್ಲೆ",
                "stop_id": "20636",
                "lat": 13.04639,
                "lon": 77.55583
              },
              {
                "name": "State Bank of India",
                "name_kn": "ಸ್ಟಟೆ ಬಂಕ್ ೊೞ್ ಿಂದಿ",
                "stop_id": "22519",
                "lat": 13.04999,
                "lon": 77.55345
              },
              {
                "name": "BEL Market",
                "name_kn": "ಬೆಲ್ ಮರ್ಕೆಟ್",
                "stop_id": "31947",
                "lat": 13.0518,
                "lon": 77.55189
              },
              {
                "name": "HMT Club House",
                "name_kn": "ಹ್ಂಟ್ ಕ್ಲುಬ್ ಹೌಸೆ",
                "stop_id": "22034",
                "lat": 13.05339,
                "lon": 77.55072
              },
              {
                "name": "Gangamma Circle",
                "name_kn": "ಗಙಮ್ಮ ಕಿರ್ಕ್ಲೆ",
                "stop_id": "21946",
                "lat": 13.05663,
                "lon": 77.54672
              },
              {
                "name": "Fathima Church",
                "name_kn": "ೞತಿಮ ಚುರ್ಚ್",
                "stop_id": "21940",
                "lat": 13.05474,
                "lon": 77.54148
              },
              {
                "name": "Kammagondanahalli Bridge",
                "name_kn": "ಕಮ್ಮಗೊಂದನಹಲ್ಲಿ ಬ್ರಿದ್ಗೆ",
                "stop_id": "22144",
                "lat": 13.05486,
                "lon": 77.53482
              },
              {
                "name": "KG Halli Post Office",
                "name_kn": "ಕ್ಗ್ ಹಲ್ಲಿ ಪೊಸ್ಟ್ ೊೞ್ೞಿಕೆ",
                "stop_id": "31054",
                "lat": 13.05691,
                "lon": 77.53269
              },
              {
                "name": "S R S Mathikere",
                "name_kn": "ಸ್ ರ್ ಸ್ ಮತಿಕೆರೆ",
                "stop_id": "34701",
                "lat": 13.06144,
                "lon": 77.53109
              },
              {
                "name": "Kammagondanahalli Rama Temple",
                "name_kn": "ಕಮ್ಮಗೊಂದನಹಲ್ಲಿ ರಮ ಟೆಂಪ್ಲೆ",
                "stop_id": "30714",
                "lat": 13.06372,
                "lon": 77.53064
              },
              {
                "name": "WIMAC Junction",
                "name_kn": "ವಿಮಕ್ ಜುಂಕ್ಟಿೊಂ",
                "stop_id": "34846",
                "lat": 13.06872,
                "lon": 77.52996
              },
              {
                "name": "Abbigere Cross",
                "name_kn": "ಅಬ್ಬಿಗೆರೆ ಕ್ರೊಸ್ಸ್",
                "stop_id": "29431",
                "lat": 13.07068,
                "lon": 77.52978
              },
              {
                "name": "Abbigere",
                "name_kn": "ಅಬ್ಬಿಗೆರೆ",
                "stop_id": "35562",
                "lat": 13.07692,
                "lon": 77.52589
              },
              {
                "name": "RMG Factory",
                "name_kn": "ರ್ಂಗ್ ೞಕ್ಟೊರೆ",
                "stop_id": "34423",
                "lat": 13.07604,
                "lon": 77.51718
              },
              {
                "name": "Kere Guddadahalli",
                "name_kn": "ಕೆರೆ ಗುದ್ದದಹಲ್ಲಿ",
                "stop_id": "33464",
                "lat": 13.07927,
                "lon": 77.51574
              },
              {
                "name": "Gangadhara Kalyana Mantapa",
                "name_kn": "ಗಙಧರ ಕಲೆನ ಮಂಟಪ",
                "stop_id": "25309",
                "lat": 13.07998,
                "lon": 77.51095
              },
              {
                "name": "Dasappanapalya",
                "name_kn": "ದಸಪ್ಪನಪಲೆ",
                "stop_id": "24792",
                "lat": 13.07934,
                "lon": 77.50593
              },
              {
                "name": "Chikka Banavara",
                "name_kn": "ಚಿಕ್ಕ ಬನವರ",
                "stop_id": "20718",
                "lat": 13.08046,
                "lon": 77.50248
              },
              {
                "name": "Dwaraka Nagara",
                "name_kn": "ದ್ವರಕ ನಗರ",
                "stop_id": "32575",
                "lat": 13.08764,
                "lon": 77.49526
              },
              {
                "name": "Soladevanahalli Police Station",
                "name_kn": "ಸೊಲದೆವನಹಲ್ಲಿ ಪೊಲಿಕೆ ಸ್ಟಟಿೊಂ",
                "stop_id": "21187",
                "lat": 13.09342,
                "lon": 77.48882
              },
              {
                "name": "Tharabanahalli",
                "name_kn": "ತರಬನಹಲ್ಲಿ",
                "stop_id": "21614",
                "lat": 13.10126,
                "lon": 77.48088
              },
              {
                "name": "Tharabanahalli Choultry",
                "name_kn": "ತರಬನಹಲ್ಲಿ ಚೌಲ್ಟ್ರೆ",
                "stop_id": "21221",
                "lat": 13.10535,
                "lon": 77.47916
              },
              {
                "name": "Kempaiahnagara",
                "name_kn": "ಕೆಂಪೈಹ್ನಗರ",
                "stop_id": "33416",
                "lat": 13.10822,
                "lon": 77.48248
              },
              {
                "name": "Thore Nagasandra Cross",
                "name_kn": "ತೊರೆ ನಗಸಂದ್ರ ಕ್ರೊಸ್ಸ್",
                "stop_id": "21223",
                "lat": 13.11196,
                "lon": 77.48188
              },
              {
                "name": "Hurali Chikkanahalli",
                "name_kn": "ಹುರಲಿ ಚಿಕ್ಕನಹಲ್ಲಿ",
                "stop_id": "20847",
                "lat": 13.11592,
                "lon": 77.48276
              },
              {
                "name": "Thirumalapura",
                "name_kn": "ತಿರುಮಲಪುರ",
                "stop_id": "21222",
                "lat": 13.12539,
                "lon": 77.48362
              },
              {
                "name": "Hesaraghatta TB Cross",
                "name_kn": "ಹೆಸರಘಟ ಟ್ಬ್ ಕ್ರೊಸ್ಸ್",
                "stop_id": "20832",
                "lat": 13.13051,
                "lon": 77.48438
              },
              {
                "name": "Hesaraghatta",
                "name_kn": "ಹೆಸರಘಟ",
                "stop_id": "20833",
                "lat": 13.1378,
                "lon": 77.47937
              }
            ]
          }
        ]
      }
    }
  ]
}