{
  "type": "FeatureCollection",
  "features": [
    {
      "type": "Feature",
      "geometry": {
        "type": "Point",
        "coordinates": [
          77.48708456754686,
          12.913792920676238
        ]
      },
      "properties": {
        "Platform": "1",
        "Color": "#000000",
        "Icon": "1",
        "OpenHour": 0,
        "CloseHour": 0,
        "ApiIds": [
          "20925",
          "20926",
          "35360",
          "36259"
        ],
        "Routes": [
          {
            "Route": "401-L",
            "RouteId": 6268,
            "RouteParentId": 3391,
            "Destination": "Kaggalipura",
            "Via": "",
            "Area": "Yeshawanthapura Bus Station",
            "PlatformNumber": "1",
            "KannadaDestination": "ಕಗ್ಗಲಿಪುರ",
            "KannadaArea": "ಯಶವಂತಪುರ ಬಸ್ ನಿಲ್ದಾಣ",
            "KannadaVia": "",
            "FromStationId": 20926,
            "Stops": [
              {
                "name": "Kengeri Bus Station",
                "name_kn": "ಕೆಙೆರಿ ಬುಸ್ ಸ್ಟಟಿೊಂ",
                "stop_id": "20926",
                "lat": 12.91406,
                "lon": 77.48645
              },
              {
                "name": "Kengeri Bus Station",
                "name_kn": "ಕೆಙೆರಿ ಬುಸ್ ಸ್ಟಟಿೊಂ",
                "stop_id": "20925",
                "lat": 12.91379,
                "lon": 77.4871
              },
              {
                "name": "Kengeri Police Station",
                "name_kn": "ಕೆಙೆರಿ ಪೊಲಿಕೆ ಸ್ಟಟಿೊಂ",
                "stop_id": "21094",
                "lat": 12.91007,
                "lon": 77.48146
              },
              {
                "name": "Kengeri Metro Station",
                "name_kn": "ಕೆಙೆರಿ ಮೆಟ್ರೊ ಸ್ಟಟಿೊಂ",
                "stop_id": "38620",
                "lat": 12.90757,
                "lon": 77.47606
              },
              {
                "name": "Depot-12 Gate",
                "name_kn": "ದೆಪೊಟ್-12 ಗಟೆ",
                "stop_id": "35721",
                "lat": 12.90471,
                "lon": 77.47084
              },
              {
                "name": "NICE Road Kengeri Road Junction",
                "name_kn": "ನಿಕೆ ರೊದ್ ಕೆಙೆರಿ ರೊದ್ ಜುಂಕ್ಟಿೊಂ",
                "stop_id": "35386",
                "lat": 12.90224,
                "lon": 77.46926
              },
              {
                "name": "Vishwa Okkaligara Mata Basavanagara",
                "name_kn": "ವಿಶ್ವ ೊಕ್ಕಲಿಗರ ಮಟ ಬಸವನಗರ",
                "stop_id": "20627",
                "lat": 12.90099,
                "lon": 77.46746
              },
              {
                "name": "RR Medical College",
                "name_kn": "ರ್ರ್ ಮೆದಿಕಲ್ ಕೊಲ್ಲೆಗೆ",
                "stop_id": "35390",
                "lat": 12.89614,
                "lon": 77.46087
              },
              {
                "name": "Anchepalya",
                "name_kn": "ಅಂಚೆಪಲೆ",
                "stop_id": "20604",
                "lat": 12.89258,
                "lon": 77.45798
              },
              {
                "name": "Ramohalli Cross",
                "name_kn": "ರಮೊಹಲ್ಲಿ ಕ್ರೊಸ್ಸ್",
                "stop_id": "35388",
                "lat": 12.88674,
                "lon": 77.45125
              },
              {
                "name": "Kumbalagodu",
                "name_kn": "ಕುಂಬಲಗೊದು",
                "stop_id": "35432",
                "lat": 12.87826,
                "lon": 77.4455
              },
              {
                "name": "YMCA Public School",
                "name_kn": "ಯ್ಂಕ ಪುಬ್ಲಿಕ್ ಸ್ಚೂಲ್",
                "stop_id": "22849",
                "lat": 12.87354,
                "lon": 77.44835
              },
              {
                "name": "Pinto Bore",
                "name_kn": "ಪಿಂಟೊ ಬೊರೆ",
                "stop_id": "34257",
                "lat": 12.8708,
                "lon": 77.45048
              },
              {
                "name": "Thagachaguppe",
                "name_kn": "ತಗಚಗುಪ್ಪೆ",
                "stop_id": "34775",
                "lat": 12.86647,
                "lon": 77.45507
              },
              {
                "name": "Devagere Cross",
                "name_kn": "ದೆವಗೆರೆ ಕ್ರೊಸ್ಸ್",
                "stop_id": "24904",
                "lat": 12.86431,
                "lon": 77.45713
              },
              {
                "name": "Ranga Jangama",
                "name_kn": "ರಙ ಜಙಮ",
                "stop_id": "34389",
                "lat": 12.85579,
                "lon": 77.45278
              },
              {
                "name": "Nalku Kamba",
                "name_kn": "ನಲ್ಕು ಕಂಬ",
                "stop_id": "34073",
                "lat": 12.85215,
                "lon": 77.45203
              },
              {
                "name": "Eradu Kamba",
                "name_kn": "ಎರದು ಕಂಬ",
                "stop_id": "32596",
                "lat": 12.849,
                "lon": 77.45135
              },
              {
                "name": "K Gollahalli",
                "name_kn": "ಕ್ ಗೊಲ್ಲಹಲ್ಲಿ",
                "stop_id": "33194",
                "lat": 12.8432,
                "lon": 77.4515
              },
              {
                "name": "GOVT Hospital K Gollahalli",
                "name_kn": "ಗೊವ್ಟ್ ಹೊಸ್ಪಿಟಲ್ ಕ್ ಗೊಲ್ಲಹಲ್ಲಿ",
                "stop_id": "32979",
                "lat": 12.83939,
                "lon": 77.45168
              },
              {
                "name": "Gonipura",
                "name_kn": "ಗೊನಿಪುರ",
                "stop_id": "32721",
                "lat": 12.83243,
                "lon": 77.45107
              },
              {
                "name": "Chinnakurchi",
                "name_kn": "ಚಿಂನಕುರ್ಚಿ",
                "stop_id": "24623",
                "lat": 12.82745,
                "lon": 77.45962
              },
              {
                "name": "Thittahalli",
                "name_kn": "ತಿಟಹಲ್ಲಿ",
                "stop_id": "31472",
                "lat": 12.82179,
                "lon": 77.46053
              },
              {
                "name": "Gopal Estate",
                "name_kn": "ಗೊಪಲ್ ೆಸ್ಟಟೆ",
                "stop_id": "25486",
                "lat": 12.818,
                "lon": 77.48312
              },
              {
                "name": "Badekatte",
                "name_kn": "ಬದೆಕಟೆ",
                "stop_id": "29623",
                "lat": 12.8181,
                "lon": 77.48975
              },
              {
                "name": "Utthari",
                "name_kn": "ಉಟ್ಹರಿ",
                "stop_id": "34939",
                "lat": 12.81798,
                "lon": 77.49322
              },
              {
                "name": "Uttari Cross",
                "name_kn": "ಉಟರಿ ಕ್ರೊಸ್ಸ್",
                "stop_id": "36201",
                "lat": 12.80843,
                "lon": 77.51047
              },
              {
                "name": "Santekatte",
                "name_kn": "ಸಂಟೆಕಟೆ",
                "stop_id": "23635",
                "lat": 12.8067,
                "lon": 77.51063
              },
              {
                "name": "Kaggalipura",
                "name_kn": "ಕಗ್ಗಲಿಪುರ",
                "stop_id": "22137",
                "lat": 12.80032,
                "lon": 77.50849
              }
            ]
          },
          {
            "Route": "401-Z",
            "RouteId": 6415,
            "RouteParentId": 3467,
            "Destination": "Bidadi",
            "Via": "",
            "Area": "Yeshawanthapura Bus Station",
            "PlatformNumber": "1",
            "KannadaDestination": "ಬಿದದಿ",
            "KannadaArea": "ಯಶವಂತಪುರ ಬಸ್ ನಿಲ್ದಾಣ",
            "KannadaVia": "",
            "FromStationId": 20926,
            "Stops": [
              {
                "name": "Kengeri Bus Station",
                "name_kn": "ಕೆಙೆರಿ ಬುಸ್ ಸ್ಟಟಿೊಂ",
                "stop_id": "20926",
                "lat": 12.91406,
                "lon": 77.48645
              },
              {
                "name": "Kengeri Bus Station",
                "name_kn": "ಕೆಙೆರಿ ಬುಸ್ ಸ್ಟಟಿೊಂ",
                "stop_id": "20925",
                "lat": 12.91379,
                "lon": 77.4871
              },
              {
                "name": "Kengeri Police Station",
                "name_kn": "ಕೆಙೆರಿ ಪೊಲಿಕೆ ಸ್ಟಟಿೊಂ",
                "stop_id": "21094",
                "lat": 12.91007,
                "lon": 77.48146
              },
              {
                "name": "Kengeri Metro Station",
                "name_kn": "ಕೆಙೆರಿ ಮೆಟ್ರೊ ಸ್ಟಟಿೊಂ",
                "stop_id": "38620",
                "lat": 12.90757,
                "lon": 77.47606
              },
              {
                "name": "Depot-12 Gate",
                "name_kn": "ದೆಪೊಟ್-12 ಗಟೆ",
                "stop_id": "35721",
                "lat": 12.90471,
                "lon": 77.47084
              },
              {
                "name": "NICE Road Kengeri Road Junction",
                "name_kn": "ನಿಕೆ ರೊದ್ ಕೆಙೆರಿ ರೊದ್ ಜುಂಕ್ಟಿೊಂ",
                "stop_id": "35386",
                "lat": 12.90224,
                "lon": 77.46926
              },
              {
                "name": "Vishwa Okkaligara Mata Basavanagara",
                "name_kn": "ವಿಶ್ವ ೊಕ್ಕಲಿಗರ ಮಟ ಬಸವನಗರ",
                "stop_id": "20627",
                "lat": 12.90099,
                "lon": 77.46746
              },
              {
                "name": "RR Medical College",
                "name_kn": "ರ್ರ್ ಮೆದಿಕಲ್ ಕೊಲ್ಲೆಗೆ",
                "stop_id": "35390",
                "lat": 12.89614,
                "lon": 77.46087
              },
              {
                "name": "Anchepalya",
                "name_kn": "ಅಂಚೆಪಲೆ",
                "stop_id": "20604",
                "lat": 12.89258,
                "lon": 77.45798
              },
              {
                "name": "Juggath Pharma",
                "name_kn": "ಜುಗ್ಗತ್ ಫರ್ಮ",
                "stop_id": "30476",
                "lat": 12.89081,
                "lon": 77.45532
              },
              {
                "name": "Ramohalli Cross",
                "name_kn": "ರಮೊಹಲ್ಲಿ ಕ್ರೊಸ್ಸ್",
                "stop_id": "35388",
                "lat": 12.88674,
                "lon": 77.45125
              },
              {
                "name": "Kumbalagodu",
                "name_kn": "ಕುಂಬಲಗೊದು",
                "stop_id": "35432",
                "lat": 12.87826,
                "lon": 77.4455
              },
              {
                "name": "Pepsi Gate",
                "name_kn": "ಪೆಪ್ಸಿ ಗಟೆ",
                "stop_id": "21086",
                "lat": 12.87197,
                "lon": 77.43943
              },
              {
                "name": "Swami Narayana Gurukula",
                "name_kn": "ಸ್ವಮಿ ನರಯನ ಗುರುಕುಲ",
                "stop_id": "21207",
                "lat": 12.86656,
                "lon": 77.43692
              },
              {
                "name": "Kanminake",
                "name_kn": "ಕಂಮಿನಕೆ",
                "stop_id": "20908",
                "lat": 12.8627,
                "lon": 77.43388
              },
              {
                "name": "Kanminake Colony",
                "name_kn": "ಕಂಮಿನಕೆ ಕೊಲೊನೆ",
                "stop_id": "20910",
                "lat": 12.85774,
                "lon": 77.42925
              },
              {
                "name": "Hejjala Cross",
                "name_kn": "ಹೆಜ್ಜಲ ಕ್ರೊಸ್ಸ್",
                "stop_id": "20828",
                "lat": 12.85533,
                "lon": 77.42714
              },
              {
                "name": "Dalai Lama College",
                "name_kn": "ದಲೈ ಲಮ ಕೊಲ್ಲೆಗೆ",
                "stop_id": "20733",
                "lat": 12.85049,
                "lon": 77.42456
              },
              {
                "name": "Sheshagirihalli",
                "name_kn": "ಶೆಶಗಿರಿಹಲ್ಲಿ",
                "stop_id": "21168",
                "lat": 12.84352,
                "lon": 77.4215
              },
              {
                "name": "Shaneshwaraswamy Temple Sheshagirihalli",
                "name_kn": "ಶನೆಶ್ವರಸ್ವಮೆ ಟೆಂಪ್ಲೆ ಶೆಶಗಿರಿಹಲ್ಲಿ",
                "stop_id": "38784",
                "lat": 12.84289,
                "lon": 77.42114
              },
              {
                "name": "Manchanayakanahalli Gate",
                "name_kn": "ಮಂಚನಯಕನಹಲ್ಲಿ ಗಟೆ",
                "stop_id": "21566",
                "lat": 12.83455,
                "lon": 77.41472
              },
              {
                "name": "Veeranjaneya Temple",
                "name_kn": "ವೀರಞನೆಯ ಟೆಂಪ್ಲೆ",
                "stop_id": "21621",
                "lat": 12.82864,
                "lon": 77.41254
              },
              {
                "name": "Railway Gate Lakshmisagara",
                "name_kn": "ರೈಲ್ವಯ್ ಗಟೆ ಲಕ್ಷ್ಮಿಸಗರ",
                "stop_id": "21589",
                "lat": 12.82418,
                "lon": 77.41136
              },
              {
                "name": "Kadumane Hotel",
                "name_kn": "ಕದುಮನೆ ಹೊಟೆಲ್",
                "stop_id": "35402",
                "lat": 12.81554,
                "lon": 77.40756
              },
              {
                "name": "Billa Kempanahalli Gate",
                "name_kn": "ಬಿಲ್ಲ ಕೆಂಪನಹಲ್ಲಿ ಗಟೆ",
                "stop_id": "21468",
                "lat": 12.81212,
                "lon": 77.40408
              },
              {
                "name": "Chikkabillakempanahalli (Padmashree Hospital)",
                "name_kn": "ಚಿಕ್ಕಬಿಲ್ಲಕೆಂಪನಹಲ್ಲಿ (ಪದ್ಮಶ್ರೀ ಹೊಸ್ಪಿಟಲ್)",
                "stop_id": "39911",
                "lat": 12.80747,
                "lon": 77.40077
              },
              {
                "name": "Byramangala Cross",
                "name_kn": "ಬೆರಮಙಲ ಕ್ರೊಸ್ಸ್",
                "stop_id": "35399",
                "lat": 12.80222,
                "lon": 77.39714
              },
              {
                "name": "Bidadi Railway Station",
                "name_kn": "ಬಿದದಿ ರೈಲ್ವಯ್ ಸ್ಟಟಿೊಂ",
                "stop_id": "21466",
                "lat": 12.79973,
                "lon": 77.39107
              },
              {
                "name": "Bidadi",
                "name_kn": "ಬಿದದಿ",
                "stop_id": "35913",
                "lat": 12.7969,
                "lon": 77.38458
              }
            ]
          },
          {
            "Route": "401-ZA",
            "RouteId": 6442,
            "RouteParentId": 3481,
            "Destination": "Yeshawanthapura Bus Station",
            "Via": "",
            "Area": "Kumbalagodu",
            "PlatformNumber": "1",
            "KannadaDestination": "ಯೆಶವಂತಪುರ ಬುಸ್ ಸ್ಟಟಿೊಂ",
            "KannadaArea": "ಕುಂಬಳಗೋಡು",
            "KannadaVia": "",
            "FromStationId": 20926,
            "Stops": [
              {
                "name": "Kengeri Bus Station",
                "name_kn": "ಕೆಙೆರಿ ಬುಸ್ ಸ್ಟಟಿೊಂ",
                "stop_id": "20926",
                "lat": 12.91406,
                "lon": 77.48645
              },
              {
                "name": "Kengeri Bus Station",
                "name_kn": "ಕೆಙೆರಿ ಬುಸ್ ಸ್ಟಟಿೊಂ",
                "stop_id": "20925",
                "lat": 12.91379,
                "lon": 77.4871
              },
              {
                "name": "Kengeri Police Station",
                "name_kn": "ಕೆಙೆರಿ ಪೊಲಿಕೆ ಸ್ಟಟಿೊಂ",
                "stop_id": "21094",
                "lat": 12.91007,
                "lon": 77.48146
              },
              {
                "name": "Kengeri Ganesha Temple",
                "name_kn": "ಕೆಙೆರಿ ಗನೆಶ ಟೆಂಪ್ಲೆ",
                "stop_id": "20782",
                "lat": 12.91126,
                "lon": 77.48029
              },
              {
                "name": "Kommaghatta Junction",
                "name_kn": "ಕೊಮ್ಮಘಟ ಜುಂಕ್ಟಿೊಂ",
                "stop_id": "20882",
                "lat": 12.91444,
                "lon": 77.48144
              },
              {
                "name": "Kengeri Post Office",
                "name_kn": "ಕೆಙೆರಿ ಪೊಸ್ಟ್ ೊೞ್ೞಿಕೆ",
                "stop_id": "22165",
                "lat": 12.91543,
                "lon": 77.48181
              },
              {
                "name": "Kengeri Railway Station",
                "name_kn": "ಕೆಙೆರಿ ರೈಲ್ವಯ್ ಸ್ಟಟಿೊಂ",
                "stop_id": "21110",
                "lat": 12.91686,
                "lon": 77.48234
              },
              {
                "name": "Kengeri Satellite Town",
                "name_kn": "ಕೆಙೆರಿ ಸಟೆಲ್ಲಿಟೆ ಟೌಂ",
                "stop_id": "22167",
                "lat": 12.92355,
                "lon": 77.48479
              },
              {
                "name": "Kengeri Church",
                "name_kn": "ಕೆಙೆರಿ ಚುರ್ಚ್",
                "stop_id": "20923",
                "lat": 12.92874,
                "lon": 77.48664
              },
              {
                "name": "Shirke KHB Quarters",
                "name_kn": "ಶಿರ್ಕೆ ಖ್ಬ್ qುರ್ಟೆರ್ಸ್",
                "stop_id": "22665",
                "lat": 12.93193,
                "lon": 77.48762
              },
              {
                "name": "Nagadevanahalli",
                "name_kn": "ನಗದೆವನಹಲ್ಲಿ",
                "stop_id": "22323",
                "lat": 12.93591,
                "lon": 77.4923
              },
              {
                "name": "Kenchanapura Cross",
                "name_kn": "ಕೆಂಚನಪುರ ಕ್ರೊಸ್ಸ್",
                "stop_id": "22162",
                "lat": 12.94157,
                "lon": 77.49344
              },
              {
                "name": "Mariyappanapalya",
                "name_kn": "ಮರಿಯಪ್ಪನಪಲೆ",
                "stop_id": "22265",
                "lat": 12.94526,
                "lon": 77.49539
              },
              {
                "name": "PVP School",
                "name_kn": "ಪ್ವ್ಪ್ ಸ್ಚೂಲ್",
                "stop_id": "22407",
                "lat": 12.94826,
                "lon": 77.49697
              },
              {
                "name": "Univesity Quarters",
                "name_kn": "ಉನಿವೆಸಿಟೆ qುರ್ಟೆರ್ಸ್",
                "stop_id": "21747",
                "lat": 12.9528,
                "lon": 77.50008
              },
              {
                "name": "Mallathahalli Cross",
                "name_kn": "ಮಲ್ಲತಹಲ್ಲಿ ಕ್ರೊಸ್ಸ್",
                "stop_id": "22245",
                "lat": 12.95782,
                "lon": 77.50321
              },
              {
                "name": "Kengunte Circle (IIPM)",
                "name_kn": "ಕೆಙುಂಟೆ ಕಿರ್ಕ್ಲೆ (ೀಪ್ಂ)",
                "stop_id": "22170",
                "lat": 12.96064,
                "lon": 77.50435
              },
              {
                "name": "Ambedkar Institute of Technology",
                "name_kn": "ಅಂಬೆದ್ಕರ್ ಿಂಸ್ಟಿಟುಟೆ ೊೞ್ ಟೆಚ್ನೊಲೊಗೆ",
                "stop_id": "21454",
                "lat": 12.96319,
                "lon": 77.50502
              },
              {
                "name": "Deepa Complex",
                "name_kn": "ದೀಪ ಕೊಂಪ್ಲೆಕ್ಸ್",
                "stop_id": "35400",
                "lat": 12.96667,
                "lon": 77.50506
              },
              {
                "name": "Papareddypalya",
                "name_kn": "ಪಪರೆದ್ಠೆಪಲೆ",
                "stop_id": "21584",
                "lat": 12.9721,
                "lon": 77.50772
              },
              {
                "name": "Aladamara Papareddypalya",
                "name_kn": "ಅಲದಮರ ಪಪರೆದ್ಠೆಪಲೆ",
                "stop_id": "21451",
                "lat": 12.97525,
                "lon": 77.50947
              },
              {
                "name": "BDA Complex Nagarabhavi",
                "name_kn": "ಬ್ದ ಕೊಂಪ್ಲೆಕ್ಸ್ ನಗರಭವಿ",
                "stop_id": "35397",
                "lat": 12.97958,
                "lon": 77.51064
              },
              {
                "name": "Vokkaliga School Kottigepalya",
                "name_kn": "ವೊಕ್ಕಲಿಗ ಸ್ಚೂಲ್ ಕೊಟಿಗೆಪಲೆ",
                "stop_id": "22615",
                "lat": 12.98604,
                "lon": 77.51153
              },
              {
                "name": "Kottigepalya",
                "name_kn": "ಕೊಟಿಗೆಪಲೆ",
                "stop_id": "20936",
                "lat": 12.98786,
                "lon": 77.51405
              },
              {
                "name": "Summanahalli",
                "name_kn": "ಸುಮ್ಮನಹಲ್ಲಿ",
                "stop_id": "35413",
                "lat": 12.98848,
                "lon": 77.51962
              },
              {
                "name": "Lurdubayi Samudaya Bhavana",
                "name_kn": "ಲುರ್ದುಬಯಿ ಸಮುದಯ ಭವನ",
                "stop_id": "33695",
                "lat": 12.99752,
                "lon": 77.52334
              },
              {
                "name": "Kempegowda Arch",
                "name_kn": "ಕೆಂಪೆಗೌದ ರ್ಚ್",
                "stop_id": "33443",
                "lat": 13.00171,
                "lon": 77.52538
              },
              {
                "name": "Laggere Bridge",
                "name_kn": "ಲಗ್ಗೆರೆ ಬ್ರಿದ್ಗೆ",
                "stop_id": "28439",
                "lat": 13.00843,
                "lon": 77.52664
              },
              {
                "name": "Nandini Layout Ring Road",
                "name_kn": "ನಂದಿನಿ ಲಯೌಟ್ ರಿಙ್ ರೊದ್",
                "stop_id": "27499",
                "lat": 13.0116,
                "lon": 77.52853
              },
              {
                "name": "Nandhini Layout",
                "name_kn": "ನಂಧಿನಿ ಲಯೌಟ್",
                "stop_id": "29289",
                "lat": 13.01473,
                "lon": 77.53052
              },
              {
                "name": "Rajkumar Punya Bhoomi",
                "name_kn": "ರಜ್ಕುಮರ್ ಪುನೆ ಭೂಮಿ",
                "stop_id": "34344",
                "lat": 13.01818,
                "lon": 77.53163
              },
              {
                "name": "Kanteerava Studio",
                "name_kn": "ಕಂಟೀರವ ಸ್ಟುದಿೊ",
                "stop_id": "35254",
                "lat": 13.02263,
                "lon": 77.5327
              },
              {
                "name": "Modern Food Goraguntepalya",
                "name_kn": "ಮೊದೆರ್ಂ ೞೂದ್ ಗೊರಗುಂಟೆಪಲೆ",
                "stop_id": "24014",
                "lat": 13.02482,
                "lon": 77.53395
              },
              {
                "name": "Reliance Petrol Bunk Goraguntepalya",
                "name_kn": "ರೆಲಿಂಕೆ ಪೆಟ್ರೊಲ್ ಬುಂಕ್ ಗೊರಗುಂಟೆಪಲೆ",
                "stop_id": "24015",
                "lat": 13.02861,
                "lon": 77.53612
              },
              {
                "name": "Goraguntepalya",
                "name_kn": "ಗೊರಗುಂಟೆಪಲೆ",
                "stop_id": "20789",
                "lat": 13.02835,
                "lon": 77.54123
              },
              {
                "name": "MEI Factory",
                "name_kn": "ಮೈ ೞಕ್ಟೊರೆ",
                "stop_id": "21017",
                "lat": 13.02652,
                "lon": 77.54439
              },
              {
                "name": "RMC Yard (Yeshawanthapura New Railway Station)",
                "name_kn": "ರ್ಂಕ್ ಯರ್ದ್ (ಯೆಶವಂತಪುರ ನೆವ್ ರೈಲ್ವಯ್ ಸ್ಟಟಿೊಂ)",
                "stop_id": "21132",
                "lat": 13.02462,
                "lon": 77.54776
              },
              {
                "name": "Govardhan Talkies",
                "name_kn": "ಗೊವರ್ಧಂ ಟಲ್ಕಿೆಸ್",
                "stop_id": "20792",
                "lat": 13.01853,
                "lon": 77.55339
              },
              {
                "name": "Yeshawanthapura Bus Station",
                "name_kn": "ಯೆಶವಂತಪುರ ಬುಸ್ ಸ್ಟಟಿೊಂ",
                "stop_id": "24016",
                "lat": 13.01771,
                "lon": 77.55657
              }
            ]
          },
          {
            "Route": "375-B",
            "RouteId": 7176,
            "RouteParentId": 3862,
            "Destination": "Shirke KHB Quarters",
            "Via": "",
            "Area": "Shanthinagara Bus Station",
            "PlatformNumber": "1",
            "KannadaDestination": "ಶಿರ್ಕೆ ಖ್ಬ್ qುರ್ಟೆರ್ಸ್",
            "KannadaArea": "ಶಾಂತಿನಗರ ಬಸ್ ನಿಲ್ದಾಣ",
            "KannadaVia": "",
            "FromStationId": 20926,
            "Stops": [
              {
                "name": "Kengeri Bus Station",
                "name_kn": "ಕೆಙೆರಿ ಬುಸ್ ಸ್ಟಟಿೊಂ",
                "stop_id": "20926",
                "lat": 12.91406,
                "lon": 77.48645
              },
              {
                "name": "Kengeri Bus Station",
                "name_kn": "ಕೆಙೆರಿ ಬುಸ್ ಸ್ಟಟಿೊಂ",
                "stop_id": "20925",
                "lat": 12.91379,
                "lon": 77.4871
              },
              {
                "name": "Kengeri Police Station",
                "name_kn": "ಕೆಙೆರಿ ಪೊಲಿಕೆ ಸ್ಟಟಿೊಂ",
                "stop_id": "21094",
                "lat": 12.91007,
                "lon": 77.48146
              },
              {
                "name": "Kengeri Ganesha Temple",
                "name_kn": "ಕೆಙೆರಿ ಗನೆಶ ಟೆಂಪ್ಲೆ",
                "stop_id": "20782",
                "lat": 12.91126,
                "lon": 77.48029
              },
              {
                "name": "Kommaghatta Junction",
                "name_kn": "ಕೊಮ್ಮಘಟ ಜುಂಕ್ಟಿೊಂ",
                "stop_id": "20882",
                "lat": 12.91444,
                "lon": 77.48144
              },
              {
                "name": "Kengeri Post Office",
                "name_kn": "ಕೆಙೆರಿ ಪೊಸ್ಟ್ ೊೞ್ೞಿಕೆ",
                "stop_id": "22165",
                "lat": 12.91543,
                "lon": 77.48181
              },
              {
                "name": "Kengeri Railway Station",
                "name_kn": "ಕೆಙೆರಿ ರೈಲ್ವಯ್ ಸ್ಟಟಿೊಂ",
                "stop_id": "21110",
                "lat": 12.91686,
                "lon": 77.48234
              },
              {
                "name": "Kengeri Satellite Town",
                "name_kn": "ಕೆಙೆರಿ ಸಟೆಲ್ಲಿಟೆ ಟೌಂ",
                "stop_id": "22167",
                "lat": 12.92355,
                "lon": 77.48479
              },
              {
                "name": "Kengeri Church",
                "name_kn": "ಕೆಙೆರಿ ಚುರ್ಚ್",
                "stop_id": "20923",
                "lat": 12.92874,
                "lon": 77.48664
              },
              {
                "name": "Shirke KHB Quarters",
                "name_kn": "ಶಿರ್ಕೆ ಖ್ಬ್ qುರ್ಟೆರ್ಸ್",
                "stop_id": "22665",
                "lat": 12.93193,
                "lon": 77.48762
              }
            ]
          },
          {
            "Route": "502-A GNP-HBL",
            "RouteId": 7336,
            "RouteParentId": 3941,
            "Destination": "Hebbala Bridge",
            "Via": "",
            "Area": "Gonipura",
            "PlatformNumber": "1",
            "KannadaDestination": "ಹೆಬ್ಬಲ ಬ್ರಿದ್ಗೆ",
            "KannadaArea": "ಗೋಣಿಪುರ",
            "KannadaVia": "",
            "FromStationId": 20926,
            "Stops": [
              {
                "name": "Kengeri Bus Station",
                "name_kn": "ಕೆಙೆರಿ ಬುಸ್ ಸ್ಟಟಿೊಂ",
                "stop_id": "20926",
                "lat": 12.91406,
                "lon": 77.48645
              },
              {
                "name": "Kengeri Bus Station",
                "name_kn": "ಕೆಙೆರಿ ಬುಸ್ ಸ್ಟಟಿೊಂ",
                "stop_id": "20925",
                "lat": 12.91379,
                "lon": 77.4871
              },
              {
                "name": "Kengeri Police Station",
                "name_kn": "ಕೆಙೆರಿ ಪೊಲಿಕೆ ಸ್ಟಟಿೊಂ",
                "stop_id": "21094",
                "lat": 12.91007,
                "lon": 77.48146
              },
              {
                "name": "Kengeri Ganesha Temple",
                "name_kn": "ಕೆಙೆರಿ ಗನೆಶ ಟೆಂಪ್ಲೆ",
                "stop_id": "20782",
                "lat": 12.91126,
                "lon": 77.48029
              },
              {
                "name": "Kommaghatta Junction",
                "name_kn": "ಕೊಮ್ಮಘಟ ಜುಂಕ್ಟಿೊಂ",
                "stop_id": "20882",
                "lat": 12.91444,
                "lon": 77.48144
              },
              {
                "name": "Kengeri Post Office",
                "name_kn": "ಕೆಙೆರಿ ಪೊಸ್ಟ್ ೊೞ್ೞಿಕೆ",
                "stop_id": "22165",
                "lat": 12.91543,
                "lon": 77.48181
              },
              {
                "name": "Kengeri Railway Station",
                "name_kn": "ಕೆಙೆರಿ ರೈಲ್ವಯ್ ಸ್ಟಟಿೊಂ",
                "stop_id": "21110",
                "lat": 12.91686,
                "lon": 77.48234
              },
              {
                "name": "Kengeri Satellite Town",
                "name_kn": "ಕೆಙೆರಿ ಸಟೆಲ್ಲಿಟೆ ಟೌಂ",
                "stop_id": "22167",
                "lat": 12.92355,
                "lon": 77.48479
              },
              {
                "name": "Kengeri Church",
                "name_kn": "ಕೆಙೆರಿ ಚುರ್ಚ್",
                "stop_id": "20923",
                "lat": 12.92874,
                "lon": 77.48664
              },
              {
                "name": "Shirke KHB Quarters",
                "name_kn": "ಶಿರ್ಕೆ ಖ್ಬ್ qುರ್ಟೆರ್ಸ್",
                "stop_id": "22665",
                "lat": 12.93193,
                "lon": 77.48762
              },
              {
                "name": "Nagadevanahalli",
                "name_kn": "ನಗದೆವನಹಲ್ಲಿ",
                "stop_id": "22323",
                "lat": 12.93591,
                "lon": 77.4923
              },
              {
                "name": "Kenchanapura Cross",
                "name_kn": "ಕೆಂಚನಪುರ ಕ್ರೊಸ್ಸ್",
                "stop_id": "22162",
                "lat": 12.94157,
                "lon": 77.49344
              },
              {
                "name": "Mariyappanapalya",
                "name_kn": "ಮರಿಯಪ್ಪನಪಲೆ",
                "stop_id": "22265",
                "lat": 12.94526,
                "lon": 77.49539
              },
              {
                "name": "PVP School",
                "name_kn": "ಪ್ವ್ಪ್ ಸ್ಚೂಲ್",
                "stop_id": "22407",
                "lat": 12.94826,
                "lon": 77.49697
              },
              {
                "name": "Univesity Quarters",
                "name_kn": "ಉನಿವೆಸಿಟೆ qುರ್ಟೆರ್ಸ್",
                "stop_id": "21747",
                "lat": 12.9528,
                "lon": 77.50008
              },
              {
                "name": "Mallathahalli Cross",
                "name_kn": "ಮಲ್ಲತಹಲ್ಲಿ ಕ್ರೊಸ್ಸ್",
                "stop_id": "22245",
                "lat": 12.95782,
                "lon": 77.50321
              },
              {
                "name": "Kengunte Circle (IIPM)",
                "name_kn": "ಕೆಙುಂಟೆ ಕಿರ್ಕ್ಲೆ (ೀಪ್ಂ)",
                "stop_id": "22171",
                "lat": 12.96045,
                "lon": 77.50473
              },
              {
                "name": "Vinayaka Layout Nagarabhavi",
                "name_kn": "ವಿನಯಕ ಲಯೌಟ್ ನಗರಭವಿ",
                "stop_id": "22610",
                "lat": 12.96076,
                "lon": 77.50745
              },
              {
                "name": "NGEF Layout Nagarabhavi",
                "name_kn": "ಙೆೞ್ ಲಯೌಟ್ ನಗರಭವಿ",
                "stop_id": "22362",
                "lat": 12.96104,
                "lon": 77.50972
              },
              {
                "name": "12th Block Nagarabhavi",
                "name_kn": "12ತ್ ಬ್ಲೊಕ್ಕ್ ನಗರಭವಿ",
                "stop_id": "21630",
                "lat": 12.96076,
                "lon": 77.51351
              },
              {
                "name": "Manasa Nagara",
                "name_kn": "ಮನಸ ನಗರ",
                "stop_id": "22248",
                "lat": 12.95925,
                "lon": 77.51674
              },
              {
                "name": "Nagarabhavi Circle",
                "name_kn": "ನಗರಭವಿ ಕಿರ್ಕ್ಲೆ",
                "stop_id": "21577",
                "lat": 12.9601,
                "lon": 77.51982
              },
              {
                "name": "Maruthi Nagara",
                "name_kn": "ಮರುತಿ ನಗರ",
                "stop_id": "21569",
                "lat": 12.96178,
                "lon": 77.5217
              },
              {
                "name": "Byraveshwaranagara",
                "name_kn": "ಬೆರವೆಶ್ವರನಗರ",
                "stop_id": "21478",
                "lat": 12.96501,
                "lon": 77.52338
              },
              {
                "name": "Kalyananagara",
                "name_kn": "ಕಲೆನನಗರ",
                "stop_id": "21552",
                "lat": 12.96736,
                "lon": 77.52379
              },
              {
                "name": "Moodalapalya",
                "name_kn": "ಮೂದಲಪಲೆ",
                "stop_id": "21573",
                "lat": 12.97054,
                "lon": 77.5249
              },
              {
                "name": "Priyadarshini Layout",
                "name_kn": "ಪ್ರಿಯದರ್ಶಿನಿ ಲಯೌಟ್",
                "stop_id": "27756",
                "lat": 12.97112,
                "lon": 77.52676
              },
              {
                "name": "Saraswathi Nagara",
                "name_kn": "ಸರಸ್ವತಿ ನಗರ",
                "stop_id": "21597",
                "lat": 12.9738,
                "lon": 77.53041
              },
              {
                "name": "Prashanth Nagara",
                "name_kn": "ಪ್ರಶಂತ್ ನಗರ",
                "stop_id": "21587",
                "lat": 12.97551,
                "lon": 77.53118
              },
              {
                "name": "Govindarajanagara",
                "name_kn": "ಗೊವಿಂದರಜನಗರ",
                "stop_id": "21519",
                "lat": 12.97561,
                "lon": 77.53646
              },
              {
                "name": "Vijayanagara",
                "name_kn": "ವಿಜಯನಗರ",
                "stop_id": "37817",
                "lat": 12.97433,
                "lon": 77.53843
              },
              {
                "name": "Manuvana",
                "name_kn": "ಮನುವನ",
                "stop_id": "20997",
                "lat": 12.97431,
                "lon": 77.54454
              },
              {
                "name": "Magadi Road TollGate",
                "name_kn": "ಮಗದಿ ರೊದ್ ಟೊಲ್ಲ್ಗಟೆ",
                "stop_id": "22236",
                "lat": 12.97537,
                "lon": 77.54845
              },
              {
                "name": "Aralimara Industrial Area  Rajajinagara",
                "name_kn": "ಅರಲಿಮರ ಿಂದುಸ್ಟ್ರಿಲ್ ರೆ  ರಜಜಿನಗರ",
                "stop_id": "21655",
                "lat": 12.97857,
                "lon": 77.54871
              },
              {
                "name": "Industrial Area Rajajinagara",
                "name_kn": "ಇಂದುಸ್ಟ್ರಿಲ್ ರೆ ರಜಜಿನಗರ",
                "stop_id": "22079",
                "lat": 12.98206,
                "lon": 77.5487
              },
              {
                "name": "Dhobi Ghat Rajajinagara",
                "name_kn": "ಧೊಬಿ ಘಟ್ ರಜಜಿನಗರ",
                "stop_id": "21894",
                "lat": 12.98565,
                "lon": 77.54912
              },
              {
                "name": "ESI Hospital Rajajinagara",
                "name_kn": "ಎಸಿ ಹೊಸ್ಪಿಟಲ್ ರಜಜಿನಗರ",
                "stop_id": "21936",
                "lat": 12.99101,
                "lon": 77.55084
              },
              {
                "name": "Manjunatha Nagara",
                "name_kn": "ಮಞುನತ ನಗರ",
                "stop_id": "22257",
                "lat": 12.99548,
                "lon": 77.55068
              },
              {
                "name": "Rajajinagara Metro Station",
                "name_kn": "ರಜಜಿನಗರ ಮೆಟ್ರೊ ಸ್ಟಟಿೊಂ",
                "stop_id": "21050",
                "lat": 12.99967,
                "lon": 77.54976
              },
              {
                "name": "1st Block Rajajinagara",
                "name_kn": "1ಸ್ಟ್ ಬ್ಲೊಕ್ಕ್ ರಜಜಿನಗರ",
                "stop_id": "20576",
                "lat": 13.00515,
                "lon": 77.54887
              },
              {
                "name": "Mahalakshmi Layout Entrance",
                "name_kn": "ಮಹಲಕ್ಷ್ಮಿ ಲಯೌಟ್ ೆಂಟ್ರಂಕೆ",
                "stop_id": "20980",
                "lat": 13.00782,
                "lon": 77.54867
              },
              {
                "name": "Iskcon Temple",
                "name_kn": "ಇಸ್ಕ್ಕೊಂ ಟೆಂಪ್ಲೆ",
                "stop_id": "20860",
                "lat": 13.0116,
                "lon": 77.55103
              },
              {
                "name": "Govt Soap Factory",
                "name_kn": "ಗೊವ್ಟ್ ಸೊಪ್ ೞಕ್ಟೊರೆ",
                "stop_id": "20797",
                "lat": 13.01352,
                "lon": 77.55385
              },
              {
                "name": "Govardhan Talkies",
                "name_kn": "ಗೊವರ್ಧಂ ಟಲ್ಕಿೆಸ್",
                "stop_id": "20793",
                "lat": 13.01781,
                "lon": 77.55374
              },
              {
                "name": "Yeshawanthapura Bus Station",
                "name_kn": "ಯೆಶವಂತಪುರ ಬುಸ್ ಸ್ಟಟಿೊಂ",
                "stop_id": "24016",
                "lat": 13.01771,
                "lon": 77.55657
              },
              {
                "name": "Yeshawanthapura Tollgate",
                "name_kn": "ಯೆಶವಂತಪುರ ಟೊಲ್ಲ್ಗಟೆ",
                "stop_id": "22564",
                "lat": 13.01788,
                "lon": 77.56092
              },
              {
                "name": "Ayyappa Temple Yeshawanthapura",
                "name_kn": "ಅಯೆಪ್ಪ ಟೆಂಪ್ಲೆ ಯೆಶವಂತಪುರ",
                "stop_id": "21691",
                "lat": 13.02162,
                "lon": 77.56312
              },
              {
                "name": "Diwanarapalya",
                "name_kn": "ದಿವನರಪಲೆ",
                "stop_id": "21900",
                "lat": 13.02673,
                "lon": 77.56177
              },
              {
                "name": "MS Ramaiah College",
                "name_kn": "ಂಸ್ ರಮೈಹ್ ಕೊಲ್ಲೆಗೆ",
                "stop_id": "22307",
                "lat": 13.02857,
                "lon": 77.56162
              },
              {
                "name": "Mathikere",
                "name_kn": "ಮತಿಕೆರೆ",
                "stop_id": "22277",
                "lat": 13.03455,
                "lon": 77.55741
              },
              {
                "name": "Gokula",
                "name_kn": "ಗೊಕುಲ",
                "stop_id": "21969",
                "lat": 13.04151,
                "lon": 77.55722
              },
              {
                "name": "BEL Circle",
                "name_kn": "ಬೆಲ್ ಕಿರ್ಕ್ಲೆ",
                "stop_id": "20637",
                "lat": 13.0452,
                "lon": 77.55669
              },
              {
                "name": "Kuvempu Circle",
                "name_kn": "ಕುವೆಂಪು ಕಿರ್ಕ್ಲೆ",
                "stop_id": "20961",
                "lat": 13.04465,
                "lon": 77.56263
              },
              {
                "name": "Devinagara Cross",
                "name_kn": "ದೆವಿನಗರ ಕ್ರೊಸ್ಸ್",
                "stop_id": "20757",
                "lat": 13.047,
                "lon": 77.56904
              },
              {
                "name": "Bhadrappa Layout",
                "name_kn": "ಭದ್ರಪ್ಪ ಲಯೌಟ್",
                "stop_id": "20660",
                "lat": 13.04762,
                "lon": 77.57598
              },
              {
                "name": "Hebbala Bridge",
                "name_kn": "ಹೆಬ್ಬಲ ಬ್ರಿದ್ಗೆ",
                "stop_id": "25819",
                "lat": 13.0432,
                "lon": 77.5903
              }
            ]
          },
          {
            "Route": "375-J",
            "RouteId": 8790,
            "RouteParentId": 1172,
            "Destination": "Shanthinagara Bus Station",
            "Via": "",
            "Area": "Thippuru",
            "PlatformNumber": "1",
            "KannadaDestination": "ಶಂತಿನಗರ ಬುಸ್ ಸ್ಟಟಿೊಂ",
            "KannadaArea": "ತಿಪ್ಪೂರು",
            "KannadaVia": "",
            "FromStationId": 20925,
            "Stops": [
              {
                "name": "Kengeri Bus Station",
                "name_kn": "ಕೆಙೆರಿ ಬುಸ್ ಸ್ಟಟಿೊಂ",
                "stop_id": "20926",
                "lat": 12.91406,
                "lon": 77.48645
              },
              {
                "name": "Kengeri Bus Station",
                "name_kn": "ಕೆಙೆರಿ ಬುಸ್ ಸ್ಟಟಿೊಂ",
                "stop_id": "20925",
                "lat": 12.91379,
                "lon": 77.4871
              },
              {
                "name": "Kengeri",
                "name_kn": "ಕೆಙೆರಿ",
                "stop_id": "35360",
                "lat": 12.91244,
                "lon": 77.48543
              },
              {
                "name": "Kodihalli Gate/Gollahallii Jn",
                "name_kn": "ಕೊದಿಹಲ್ಲಿ ಗಟೆ/ಗೊಲ್ಲಹಲ್ಲೀ ಜ್ಂ",
                "stop_id": "22112",
                "lat": 12.90772,
                "lon": 77.48889
              },
              {
                "name": "Savandarbar Ashrama",
                "name_kn": "ಸವಂದರ್ಬರ್ ಶ್ರಮ",
                "stop_id": "21665",
                "lat": 12.90938,
                "lon": 77.49244
              },
              {
                "name": "BGS Health City Gate Abhiman Studio",
                "name_kn": "ಬ್ಗ್ಸ್ ಹೆಲ್ತ್ ಕಿಟೆ ಗಟೆ ಭಿಮಂ ಸ್ಟುದಿೊ",
                "stop_id": "21753",
                "lat": 12.90712,
                "lon": 77.49911
              },
              {
                "name": "Omkar Hills",
                "name_kn": "ಒಂಕರ್ ಹಿಲ್ಲ್ಸ್",
                "stop_id": "22372",
                "lat": 12.90477,
                "lon": 77.50457
              },
              {
                "name": "JSS College",
                "name_kn": "ಜ್ಸ್ಸ್ ಕೊಲ್ಲೆಗೆ",
                "stop_id": "22121",
                "lat": 12.90387,
                "lon": 77.50822
              },
              {
                "name": "Indo American Hybrid Farm",
                "name_kn": "ಇಂದೊ ಮೆರಿಕಂ ಹೆಬ್ರಿದ್ ೞರ್ಂ",
                "stop_id": "22076",
                "lat": 12.90406,
                "lon": 77.51236
              },
              {
                "name": "Channasandra Colony",
                "name_kn": "ಚಂನಸಂದ್ರ ಕೊಲೊನೆ",
                "stop_id": "21824",
                "lat": 12.90335,
                "lon": 77.51628
              },
              {
                "name": "Channasandra",
                "name_kn": "ಚಂನಸಂದ್ರ",
                "stop_id": "21820",
                "lat": 12.90284,
                "lon": 77.52121
              },
              {
                "name": "Mantri Alpyne Apartment",
                "name_kn": "ಮಂಟ್ರಿ ಲ್ಪೆನೆ ಪರ್ಟ್ಮೆಂಟ್",
                "stop_id": "28771",
                "lat": 12.90449,
                "lon": 77.5271
              },
              {
                "name": "Patalamma Temple",
                "name_kn": "ಪಟಲಮ್ಮ ಟೆಂಪ್ಲೆ",
                "stop_id": "22375",
                "lat": 12.90481,
                "lon": 77.53011
              },
              {
                "name": "Poornaprajna Layout Water Tank",
                "name_kn": "ಪೂರ್ನಪ್ರಜ್ನ ಲಯೌಟ್ ವಟೆರ್ ಟಂಕ್",
                "stop_id": "22572",
                "lat": 12.90842,
                "lon": 77.53458
              },
              {
                "name": "Poornaprajna Layout",
                "name_kn": "ಪೂರ್ನಪ್ರಜ್ನ ಲಯೌಟ್",
                "stop_id": "22395",
                "lat": 12.90882,
                "lon": 77.53585
              },
              {
                "name": "Arehalli",
                "name_kn": "ಅರೆಹಲ್ಲಿ",
                "stop_id": "21661",
                "lat": 12.90857,
                "lon": 77.53841
              },
              {
                "name": "Uttarahalli",
                "name_kn": "ಉಟರಹಲ್ಲಿ",
                "stop_id": "22568",
                "lat": 12.90621,
                "lon": 77.54337
              },
              {
                "name": "Nano Hospital",
                "name_kn": "ನನೊ ಹೊಸ್ಪಿಟಲ್",
                "stop_id": "23736",
                "lat": 12.907,
                "lon": 77.54619
              },
              {
                "name": "Chikkallasandra Bank Colony",
                "name_kn": "ಚಿಕ್ಕಲ್ಲಸಂದ್ರ ಬಂಕ್ ಕೊಲೊನೆ",
                "stop_id": "21842",
                "lat": 12.90906,
                "lon": 77.5491
              },
              {
                "name": "Chikkallasandra Aralimara",
                "name_kn": "ಚಿಕ್ಕಲ್ಲಸಂದ್ರ ರಲಿಮರ",
                "stop_id": "21840",
                "lat": 12.91168,
                "lon": 77.55226
              },
              {
                "name": "Gowdanapalya",
                "name_kn": "ಗೌದನಪಲೆ",
                "stop_id": "21978",
                "lat": 12.91152,
                "lon": 77.55591
              },
              {
                "name": "Prarthana School",
                "name_kn": "ಪ್ರರ್ತನ ಸ್ಚೂಲ್",
                "stop_id": "22403",
                "lat": 12.91159,
                "lon": 77.5581
              },
              {
                "name": "Kadirenahalli Village",
                "name_kn": "ಕದಿರೆನಹಲ್ಲಿ ವಿಲ್ಲಗೆ",
                "stop_id": "22133",
                "lat": 12.91574,
                "lon": 77.56141
              },
              {
                "name": "Kadirenahalli Cross",
                "name_kn": "ಕದಿರೆನಹಲ್ಲಿ ಕ್ರೊಸ್ಸ್",
                "stop_id": "20896",
                "lat": 12.91391,
                "lon": 77.56657
              },
              {
                "name": "Banashankari Bus Station",
                "name_kn": "ಬನಶಂಕರಿ ಬುಸ್ ಸ್ಟಟಿೊಂ",
                "stop_id": "20623",
                "lat": 12.91779,
                "lon": 77.57272
              },
              {
                "name": "Sangam Circle",
                "name_kn": "ಸಙಂ ಕಿರ್ಕ್ಲೆ",
                "stop_id": "21149",
                "lat": 12.91763,
                "lon": 77.57733
              },
              {
                "name": "Jayanagara 40th Cross",
                "name_kn": "ಜಯನಗರ 40ತ್ ಕ್ರೊಸ್ಸ್",
                "stop_id": "21448",
                "lat": 12.91991,
                "lon": 77.58062
              },
              {
                "name": "Jayanagara 38th Cross",
                "name_kn": "ಜಯನಗರ 38ತ್ ಕ್ರೊಸ್ಸ್",
                "stop_id": "21444",
                "lat": 12.92146,
                "lon": 77.58365
              },
              {
                "name": "Jayanagara Telephone Exchange",
                "name_kn": "ಜಯನಗರ ಟೆಲೆಫೊನೆ ೆಕ್ಸ್ಚಙೆ",
                "stop_id": "21542",
                "lat": 12.92374,
                "lon": 77.58374
              },
              {
                "name": "Jayanagara Bus Station",
                "name_kn": "ಜಯನಗರ ಬುಸ್ ಸ್ಟಟಿೊಂ",
                "stop_id": "21544",
                "lat": 12.92852,
                "lon": 77.58418
              },
              {
                "name": "3rd Block Jayanagara",
                "name_kn": "3ರ್ದ್ ಬ್ಲೊಕ್ಕ್ ಜಯನಗರ",
                "stop_id": "21446",
                "lat": 12.9318,
                "lon": 77.58393
              },
              {
                "name": "Madhavan Park",
                "name_kn": "ಮಧವಂ ಪರ್ಕ್",
                "stop_id": "21563",
                "lat": 12.93644,
                "lon": 77.58392
              },
              {
                "name": "Rani Saraladevi High School",
                "name_kn": "ರನಿ ಸರಲದೆವಿ ಹಿಘ್ ಸ್ಚೂಲ್",
                "stop_id": "21592",
                "lat": 12.93767,
                "lon": 77.585
              },
              {
                "name": "Ashoka Pillar",
                "name_kn": "ಅಶೊಕ ಪಿಲ್ಲರ್",
                "stop_id": "21457",
                "lat": 12.9426,
                "lon": 77.58508
              },
              {
                "name": "Siddapura Ashoka Pillar",
                "name_kn": "ಸಿದ್ದಪುರ ಶೊಕ ಪಿಲ್ಲರ್",
                "stop_id": "21602",
                "lat": 12.94633,
                "lon": 77.58873
              },
              {
                "name": "Mallige Hospital",
                "name_kn": "ಮಲ್ಲಿಗೆ ಹೊಸ್ಪಿಟಲ್",
                "stop_id": "21564",
                "lat": 12.94762,
                "lon": 77.59124
              },
              {
                "name": "Wilson Garden 10th Cross",
                "name_kn": "ವಿಲ್ಸೊಂ ಗರ್ದೆಂ 10ತ್ ಕ್ರೊಸ್ಸ್",
                "stop_id": "20563",
                "lat": 12.94645,
                "lon": 77.59596
              },
              {
                "name": "Wilson Garden Police Station",
                "name_kn": "ವಿಲ್ಸೊಂ ಗರ್ದೆಂ ಪೊಲಿಕೆ ಸ್ಟಟಿೊಂ",
                "stop_id": "21281",
                "lat": 12.95064,
                "lon": 77.59558
              },
              {
                "name": "Shanthinagara Bus Station",
                "name_kn": "ಶಂತಿನಗರ ಬುಸ್ ಸ್ಟಟಿೊಂ",
                "stop_id": "21167",
                "lat": 12.95483,
                "lon": 77.59235
              }
            ]
          },
          {
            "Route": "401-M KRB-YTTMC",
            "RouteId": 10641,
            "RouteParentId": 5673,
            "Destination": "Yeshawanthapura Bus Station",
            "Via": "",
            "Area": "Karabele",
            "PlatformNumber": "1",
            "KannadaDestination": "ಯೆಶವಂತಪುರ ಬುಸ್ ಸ್ಟಟಿೊಂ",
            "KannadaArea": "ಕಾರುಬೆಲೆ",
            "KannadaVia": "",
            "FromStationId": 20926,
            "Stops": [
              {
                "name": "Kengeri Bus Station",
                "name_kn": "ಕೆಙೆರಿ ಬುಸ್ ಸ್ಟಟಿೊಂ",
                "stop_id": "20926",
                "lat": 12.91406,
                "lon": 77.48645
              },
              {
                "name": "Kengeri Bus Station",
                "name_kn": "ಕೆಙೆರಿ ಬುಸ್ ಸ್ಟಟಿೊಂ",
                "stop_id": "20925",
                "lat": 12.91379,
                "lon": 77.4871
              },
              {
                "name": "Kengeri Police Station",
                "name_kn": "ಕೆಙೆರಿ ಪೊಲಿಕೆ ಸ್ಟಟಿೊಂ",
                "stop_id": "21094",
                "lat": 12.91007,
                "lon": 77.48146
              },
              {
                "name": "Kengeri Ganesha Temple",
                "name_kn": "ಕೆಙೆರಿ ಗನೆಶ ಟೆಂಪ್ಲೆ",
                "stop_id": "20782",
                "lat": 12.91126,
                "lon": 77.48029
              },
              {
                "name": "Kommaghatta Junction",
                "name_kn": "ಕೊಮ್ಮಘಟ ಜುಂಕ್ಟಿೊಂ",
                "stop_id": "20882",
                "lat": 12.91444,
                "lon": 77.48144
              },
              {
                "name": "Kengeri Post Office",
                "name_kn": "ಕೆಙೆರಿ ಪೊಸ್ಟ್ ೊೞ್ೞಿಕೆ",
                "stop_id": "22165",
                "lat": 12.91543,
                "lon": 77.48181
              },
              {
                "name": "Kengeri Railway Station",
                "name_kn": "ಕೆಙೆರಿ ರೈಲ್ವಯ್ ಸ್ಟಟಿೊಂ",
                "stop_id": "21110",
                "lat": 12.91686,
                "lon": 77.48234
              },
              {
                "name": "Kengeri Satellite Town",
                "name_kn": "ಕೆಙೆರಿ ಸಟೆಲ್ಲಿಟೆ ಟೌಂ",
                "stop_id": "22167",
                "lat": 12.92355,
                "lon": 77.48479
              },
              {
                "name": "Kengeri Church",
                "name_kn": "ಕೆಙೆರಿ ಚುರ್ಚ್",
                "stop_id": "20923",
                "lat": 12.92874,
                "lon": 77.48664
              },
              {
                "name": "Shirke KHB Quarters",
                "name_kn": "ಶಿರ್ಕೆ ಖ್ಬ್ qುರ್ಟೆರ್ಸ್",
                "stop_id": "22665",
                "lat": 12.93193,
                "lon": 77.48762
              },
              {
                "name": "Nagadevanahalli",
                "name_kn": "ನಗದೆವನಹಲ್ಲಿ",
                "stop_id": "22323",
                "lat": 12.93591,
                "lon": 77.4923
              },
              {
                "name": "Kenchanapura Cross",
                "name_kn": "ಕೆಂಚನಪುರ ಕ್ರೊಸ್ಸ್",
                "stop_id": "22162",
                "lat": 12.94157,
                "lon": 77.49344
              },
              {
                "name": "Mariyappanapalya",
                "name_kn": "ಮರಿಯಪ್ಪನಪಲೆ",
                "stop_id": "22265",
                "lat": 12.94526,
                "lon": 77.49539
              },
              {
                "name": "PVP School",
                "name_kn": "ಪ್ವ್ಪ್ ಸ್ಚೂಲ್",
                "stop_id": "22407",
                "lat": 12.94826,
                "lon": 77.49697
              },
              {
                "name": "Univesity Quarters",
                "name_kn": "ಉನಿವೆಸಿಟೆ qುರ್ಟೆರ್ಸ್",
                "stop_id": "21747",
                "lat": 12.9528,
                "lon": 77.50008
              },
              {
                "name": "Mallathahalli Cross",
                "name_kn": "ಮಲ್ಲತಹಲ್ಲಿ ಕ್ರೊಸ್ಸ್",
                "stop_id": "22245",
                "lat": 12.95782,
                "lon": 77.50321
              },
              {
                "name": "Kengunte Circle (IIPM)",
                "name_kn": "ಕೆಙುಂಟೆ ಕಿರ್ಕ್ಲೆ (ೀಪ್ಂ)",
                "stop_id": "22170",
                "lat": 12.96064,
                "lon": 77.50435
              },
              {
                "name": "Ambedkar Institute of Technology",
                "name_kn": "ಅಂಬೆದ್ಕರ್ ಿಂಸ್ಟಿಟುಟೆ ೊೞ್ ಟೆಚ್ನೊಲೊಗೆ",
                "stop_id": "21454",
                "lat": 12.96319,
                "lon": 77.50502
              },
              {
                "name": "Deepa Complex",
                "name_kn": "ದೀಪ ಕೊಂಪ್ಲೆಕ್ಸ್",
                "stop_id": "35400",
                "lat": 12.96667,
                "lon": 77.50506
              },
              {
                "name": "Papareddypalya",
                "name_kn": "ಪಪರೆದ್ಠೆಪಲೆ",
                "stop_id": "21584",
                "lat": 12.9721,
                "lon": 77.50772
              },
              {
                "name": "Aladamara Papareddypalya",
                "name_kn": "ಅಲದಮರ ಪಪರೆದ್ಠೆಪಲೆ",
                "stop_id": "21451",
                "lat": 12.97525,
                "lon": 77.50947
              },
              {
                "name": "BDA Complex Nagarabhavi",
                "name_kn": "ಬ್ದ ಕೊಂಪ್ಲೆಕ್ಸ್ ನಗರಭವಿ",
                "stop_id": "35397",
                "lat": 12.97958,
                "lon": 77.51064
              },
              {
                "name": "Vokkaliga School Kottigepalya",
                "name_kn": "ವೊಕ್ಕಲಿಗ ಸ್ಚೂಲ್ ಕೊಟಿಗೆಪಲೆ",
                "stop_id": "22615",
                "lat": 12.98604,
                "lon": 77.51153
              },
              {
                "name": "Kottigepalya",
                "name_kn": "ಕೊಟಿಗೆಪಲೆ",
                "stop_id": "20936",
                "lat": 12.98786,
                "lon": 77.51405
              },
              {
                "name": "Summanahalli",
                "name_kn": "ಸುಮ್ಮನಹಲ್ಲಿ",
                "stop_id": "35413",
                "lat": 12.98848,
                "lon": 77.51962
              },
              {
                "name": "Lurdubayi Samudaya Bhavana",
                "name_kn": "ಲುರ್ದುಬಯಿ ಸಮುದಯ ಭವನ",
                "stop_id": "33695",
                "lat": 12.99752,
                "lon": 77.52334
              },
              {
                "name": "Kempegowda Arch",
                "name_kn": "ಕೆಂಪೆಗೌದ ರ್ಚ್",
                "stop_id": "33443",
                "lat": 13.00171,
                "lon": 77.52538
              },
              {
                "name": "Laggere Bridge",
                "name_kn": "ಲಗ್ಗೆರೆ ಬ್ರಿದ್ಗೆ",
                "stop_id": "28439",
                "lat": 13.00843,
                "lon": 77.52664
              },
              {
                "name": "Nandini Layout Ring Road",
                "name_kn": "ನಂದಿನಿ ಲಯೌಟ್ ರಿಙ್ ರೊದ್",
                "stop_id": "27499",
                "lat": 13.0116,
                "lon": 77.52853
              },
              {
                "name": "Nandhini Layout",
                "name_kn": "ನಂಧಿನಿ ಲಯೌಟ್",
                "stop_id": "29289",
                "lat": 13.01473,
                "lon": 77.53052
              },
              {
                "name": "Rajkumar Punya Bhoomi",
                "name_kn": "ರಜ್ಕುಮರ್ ಪುನೆ ಭೂಮಿ",
                "stop_id": "34344",
                "lat": 13.01818,
                "lon": 77.53163
              },
              {
                "name": "Kanteerava Studio",
                "name_kn": "ಕಂಟೀರವ ಸ್ಟುದಿೊ",
                "stop_id": "35254",
                "lat": 13.02263,
                "lon": 77.5327
              },
              {
                "name": "Modern Food Goraguntepalya",
                "name_kn": "ಮೊದೆರ್ಂ ೞೂದ್ ಗೊರಗುಂಟೆಪಲೆ",
                "stop_id": "24014",
                "lat": 13.02482,
                "lon": 77.53395
              },
              {
                "name": "Reliance Petrol Bunk Goraguntepalya",
                "name_kn": "ರೆಲಿಂಕೆ ಪೆಟ್ರೊಲ್ ಬುಂಕ್ ಗೊರಗುಂಟೆಪಲೆ",
                "stop_id": "24015",
                "lat": 13.02861,
                "lon": 77.53612
              },
              {
                "name": "Goraguntepalya",
                "name_kn": "ಗೊರಗುಂಟೆಪಲೆ",
                "stop_id": "20789",
                "lat": 13.02835,
                "lon": 77.54123
              },
              {
                "name": "MEI Factory",
                "name_kn": "ಮೈ ೞಕ್ಟೊರೆ",
                "stop_id": "21017",
                "lat": 13.02652,
                "lon": 77.54439
              },
              {
                "name": "RMC Yard (Yeshawanthapura New Railway Station)",
                "name_kn": "ರ್ಂಕ್ ಯರ್ದ್ (ಯೆಶವಂತಪುರ ನೆವ್ ರೈಲ್ವಯ್ ಸ್ಟಟಿೊಂ)",
                "stop_id": "21132",
                "lat": 13.02462,
                "lon": 77.54776
              },
              {
                "name": "Govardhan Talkies",
                "name_kn": "ಗೊವರ್ಧಂ ಟಲ್ಕಿೆಸ್",
                "stop_id": "20792",
                "lat": 13.01853,
                "lon": 77.55339
              },
              {
                "name": "Yeshawanthapura Bus Station",
                "name_kn": "ಯೆಶವಂತಪುರ ಬುಸ್ ಸ್ಟಟಿೊಂ",
                "stop_id": "24016",
                "lat": 13.01771,
                "lon": 77.55657
              }
            ]
          },
          {
            "Route": "375-D STBEN-BSK",
            "RouteId": 10833,
            "RouteParentId": 5776,
            "Destination": "Banashankari Bus Station",
            "Via": "",
            "Area": "St Bentic School",
            "PlatformNumber": "1",
            "KannadaDestination": "ಬನಶಂಕರಿ ಬುಸ್ ಸ್ಟಟಿೊಂ",
            "KannadaArea": "ಸೆಂಟ್‌ ಬೆಂಟಿಕ್‌ ಶಾಲೆ",
            "KannadaVia": "",
            "FromStationId": 35360,
            "Stops": [
              {
                "name": "Kengeri Bus Station",
                "name_kn": "ಕೆಙೆರಿ ಬುಸ್ ಸ್ಟಟಿೊಂ",
                "stop_id": "20925",
                "lat": 12.91379,
                "lon": 77.4871
              },
              {
                "name": "Kengeri",
                "name_kn": "ಕೆಙೆರಿ",
                "stop_id": "35360",
                "lat": 12.91244,
                "lon": 77.48543
              },
              {
                "name": "Kodihalli Gate/Gollahallii Jn",
                "name_kn": "ಕೊದಿಹಲ್ಲಿ ಗಟೆ/ಗೊಲ್ಲಹಲ್ಲೀ ಜ್ಂ",
                "stop_id": "22112",
                "lat": 12.90772,
                "lon": 77.48889
              },
              {
                "name": "Savandarbar Ashrama",
                "name_kn": "ಸವಂದರ್ಬರ್ ಶ್ರಮ",
                "stop_id": "21665",
                "lat": 12.90938,
                "lon": 77.49244
              },
              {
                "name": "BGS Health City Gate Abhiman Studio",
                "name_kn": "ಬ್ಗ್ಸ್ ಹೆಲ್ತ್ ಕಿಟೆ ಗಟೆ ಭಿಮಂ ಸ್ಟುದಿೊ",
                "stop_id": "21753",
                "lat": 12.90712,
                "lon": 77.49911
              },
              {
                "name": "Omkar Hills",
                "name_kn": "ಒಂಕರ್ ಹಿಲ್ಲ್ಸ್",
                "stop_id": "22372",
                "lat": 12.90477,
                "lon": 77.50457
              },
              {
                "name": "JSS College",
                "name_kn": "ಜ್ಸ್ಸ್ ಕೊಲ್ಲೆಗೆ",
                "stop_id": "22121",
                "lat": 12.90387,
                "lon": 77.50822
              },
              {
                "name": "Srinivasapura Cross",
                "name_kn": "ಸ್ರಿನಿವಸಪುರ ಕ್ರೊಸ್ಸ್",
                "stop_id": "36802",
                "lat": 12.90405,
                "lon": 77.5107
              },
              {
                "name": "Indo American Hybrid Farm",
                "name_kn": "ಇಂದೊ ಮೆರಿಕಂ ಹೆಬ್ರಿದ್ ೞರ್ಂ",
                "stop_id": "22076",
                "lat": 12.90406,
                "lon": 77.51236
              },
              {
                "name": "Channasandra Colony",
                "name_kn": "ಚಂನಸಂದ್ರ ಕೊಲೊನೆ",
                "stop_id": "21824",
                "lat": 12.90335,
                "lon": 77.51628
              },
              {
                "name": "Channasandra",
                "name_kn": "ಚಂನಸಂದ್ರ",
                "stop_id": "21820",
                "lat": 12.90284,
                "lon": 77.52121
              },
              {
                "name": "Patalamma Temple",
                "name_kn": "ಪಟಲಮ್ಮ ಟೆಂಪ್ಲೆ",
                "stop_id": "22375",
                "lat": 12.90481,
                "lon": 77.53011
              },
              {
                "name": "Poornaprajna Layout Water Tank",
                "name_kn": "ಪೂರ್ನಪ್ರಜ್ನ ಲಯೌಟ್ ವಟೆರ್ ಟಂಕ್",
                "stop_id": "22572",
                "lat": 12.90842,
                "lon": 77.53458
              },
              {
                "name": "Arehalli",
                "name_kn": "ಅರೆಹಲ್ಲಿ",
                "stop_id": "21661",
                "lat": 12.90857,
                "lon": 77.53841
              },
              {
                "name": "Uttarahalli",
                "name_kn": "ಉಟರಹಲ್ಲಿ",
                "stop_id": "22568",
                "lat": 12.90621,
                "lon": 77.54337
              },
              {
                "name": "Nano Hospital",
                "name_kn": "ನನೊ ಹೊಸ್ಪಿಟಲ್",
                "stop_id": "23736",
                "lat": 12.907,
                "lon": 77.54619
              },
              {
                "name": "Chikkallasandra Bank Colony",
                "name_kn": "ಚಿಕ್ಕಲ್ಲಸಂದ್ರ ಬಂಕ್ ಕೊಲೊನೆ",
                "stop_id": "21842",
                "lat": 12.90906,
                "lon": 77.5491
              },
              {
                "name": "Chikkallasandra Aralimara",
                "name_kn": "ಚಿಕ್ಕಲ್ಲಸಂದ್ರ ರಲಿಮರ",
                "stop_id": "21840",
                "lat": 12.91168,
                "lon": 77.55226
              },
              {
                "name": "Gowdanapalya",
                "name_kn": "ಗೌದನಪಲೆ",
                "stop_id": "21978",
                "lat": 12.91152,
                "lon": 77.55591
              },
              {
                "name": "Prarthana School",
                "name_kn": "ಪ್ರರ್ತನ ಸ್ಚೂಲ್",
                "stop_id": "22403",
                "lat": 12.91159,
                "lon": 77.5581
              },
              {
                "name": "Kadirenahalli Village",
                "name_kn": "ಕದಿರೆನಹಲ್ಲಿ ವಿಲ್ಲಗೆ",
                "stop_id": "22133",
                "lat": 12.91574,
                "lon": 77.56141
              },
              {
                "name": "Kadirenahalli Cross",
                "name_kn": "ಕದಿರೆನಹಲ್ಲಿ ಕ್ರೊಸ್ಸ್",
                "stop_id": "20896",
                "lat": 12.91391,
                "lon": 77.56657
              },
              {
                "name": "Banashankari Bus Station",
                "name_kn": "ಬನಶಂಕರಿ ಬುಸ್ ಸ್ಟಟಿೊಂ",
                "stop_id": "20624",
                "lat": 12.91736,
                "lon": 77.5727
              }
            ]
          },
          {
            "Route": "221-J KGR-UDBVS",
            "RouteId": 14597,
            "RouteParentId": 7821,
            "Destination": "Kengeri Bus Station",
            "Via": "",
            "Area": "Udhbhava School",
            "PlatformNumber": "1",
            "KannadaDestination": "ಕೆಙೆರಿ ಬುಸ್ ಸ್ಟಟಿೊಂ",
            "KannadaArea": "ಉದ್ಭವ ಶಾಲೆ",
            "KannadaVia": "",
            "FromStationId": 20926,
            "Stops": [
              {
                "name": "Kengeri Bus Station",
                "name_kn": "ಕೆಙೆರಿ ಬುಸ್ ಸ್ಟಟಿೊಂ",
                "stop_id": "20926",
                "lat": 12.91406,
                "lon": 77.48645
              },
              {
                "name": "Kengeri Bus Station",
                "name_kn": "ಕೆಙೆರಿ ಬುಸ್ ಸ್ಟಟಿೊಂ",
                "stop_id": "20925",
                "lat": 12.91379,
                "lon": 77.4871
              }
            ]
          },
          {
            "Route": "227-Z SGH-KGR-D12G",
            "RouteId": 15397,
            "RouteParentId": 8252,
            "Destination": "Depot-12 Gate",
            "Via": "",
            "Area": "Sugganahalli",
            "PlatformNumber": "1",
            "KannadaDestination": "ದೆಪೊಟ್-12 ಗಟೆ",
            "KannadaArea": "ಮಾಯಾಗನಹಳ್ಳಿ",
            "KannadaVia": "",
            "FromStationId": 20926,
            "Stops": [
              {
                "name": "Kengeri Bus Station",
                "name_kn": "ಕೆಙೆರಿ ಬುಸ್ ಸ್ಟಟಿೊಂ",
                "stop_id": "20926",
                "lat": 12.91406,
                "lon": 77.48645
              },
              {
                "name": "Kengeri Bus Station",
                "name_kn": "ಕೆಙೆರಿ ಬುಸ್ ಸ್ಟಟಿೊಂ",
                "stop_id": "20925",
                "lat": 12.91379,
                "lon": 77.4871
              },
              {
                "name": "Kengeri Police Station",
                "name_kn": "ಕೆಙೆರಿ ಪೊಲಿಕೆ ಸ್ಟಟಿೊಂ",
                "stop_id": "21094",
                "lat": 12.91007,
                "lon": 77.48146
              },
              {
                "name": "Kengeri Metro Station",
                "name_kn": "ಕೆಙೆರಿ ಮೆಟ್ರೊ ಸ್ಟಟಿೊಂ",
                "stop_id": "38620",
                "lat": 12.90757,
                "lon": 77.47606
              },
              {
                "name": "Depot-12 Gate",
                "name_kn": "ದೆಪೊಟ್-12 ಗಟೆ",
                "stop_id": "35721",
                "lat": 12.90471,
                "lon": 77.47084
              }
            ]
          },
          {
            "Route": "375-D KWS-BSK",
            "RouteId": 15916,
            "RouteParentId": 8532,
            "Destination": "Banashankari Bus Station",
            "Via": "",
            "Area": "Banashankari Bus Station",
            "PlatformNumber": "1",
            "KannadaDestination": "ಬನಶಂಕರಿ ಬುಸ್ ಸ್ಟಟಿೊಂ",
            "KannadaArea": "ಬನಶಂಕರಿ ಬಸ್ ನಿಲ್ದಾಣ",
            "KannadaVia": "",
            "FromStationId": 20925,
            "Stops": [
              {
                "name": "Kengeri Bus Station",
                "name_kn": "ಕೆಙೆರಿ ಬುಸ್ ಸ್ಟಟಿೊಂ",
                "stop_id": "20925",
                "lat": 12.91379,
                "lon": 77.4871
              },
              {
                "name": "Kodihalli Gate/Gollahallii Jn",
                "name_kn": "ಕೊದಿಹಲ್ಲಿ ಗಟೆ/ಗೊಲ್ಲಹಲ್ಲೀ ಜ್ಂ",
                "stop_id": "22112",
                "lat": 12.90772,
                "lon": 77.48889
              },
              {
                "name": "Savandarbar Ashrama",
                "name_kn": "ಸವಂದರ್ಬರ್ ಶ್ರಮ",
                "stop_id": "21665",
                "lat": 12.90938,
                "lon": 77.49244
              },
              {
                "name": "BGS Health City Gate Abhiman Studio",
                "name_kn": "ಬ್ಗ್ಸ್ ಹೆಲ್ತ್ ಕಿಟೆ ಗಟೆ ಭಿಮಂ ಸ್ಟುದಿೊ",
                "stop_id": "21753",
                "lat": 12.90712,
                "lon": 77.49911
              },
              {
                "name": "Omkar Hills",
                "name_kn": "ಒಂಕರ್ ಹಿಲ್ಲ್ಸ್",
                "stop_id": "22372",
                "lat": 12.90477,
                "lon": 77.50457
              },
              {
                "name": "JSS College",
                "name_kn": "ಜ್ಸ್ಸ್ ಕೊಲ್ಲೆಗೆ",
                "stop_id": "22121",
                "lat": 12.90387,
                "lon": 77.50822
              },
              {
                "name": "Indo American Hybrid Farm",
                "name_kn": "ಇಂದೊ ಮೆರಿಕಂ ಹೆಬ್ರಿದ್ ೞರ್ಂ",
                "stop_id": "22076",
                "lat": 12.90406,
                "lon": 77.51236
              },
              {
                "name": "Channasandra Colony",
                "name_kn": "ಚಂನಸಂದ್ರ ಕೊಲೊನೆ",
                "stop_id": "21824",
                "lat": 12.90335,
                "lon": 77.51628
              },
              {
                "name": "Channasandra",
                "name_kn": "ಚಂನಸಂದ್ರ",
                "stop_id": "21820",
                "lat": 12.90284,
                "lon": 77.52121
              },
              {
                "name": "Mantri Alpyne Apartment",
                "name_kn": "ಮಂಟ್ರಿ ಲ್ಪೆನೆ ಪರ್ಟ್ಮೆಂಟ್",
                "stop_id": "28771",
                "lat": 12.90449,
                "lon": 77.5271
              },
              {
                "name": "Patalamma Temple",
                "name_kn": "ಪಟಲಮ್ಮ ಟೆಂಪ್ಲೆ",
                "stop_id": "22375",
                "lat": 12.90481,
                "lon": 77.53011
              },
              {
                "name": "Poornaprajna Layout Water Tank",
                "name_kn": "ಪೂರ್ನಪ್ರಜ್ನ ಲಯೌಟ್ ವಟೆರ್ ಟಂಕ್",
                "stop_id": "22572",
                "lat": 12.90842,
                "lon": 77.53458
              },
              {
                "name": "Poornaprajna Layout",
                "name_kn": "ಪೂರ್ನಪ್ರಜ್ನ ಲಯೌಟ್",
                "stop_id": "22395",
                "lat": 12.90882,
                "lon": 77.53585
              },
              {
                "name": "Arehalli",
                "name_kn": "ಅರೆಹಲ್ಲಿ",
                "stop_id": "21661",
                "lat": 12.90857,
                "lon": 77.53841
              },
              {
                "name": "Uttarahalli",
                "name_kn": "ಉಟರಹಲ್ಲಿ",
                "stop_id": "22568",
                "lat": 12.90621,
                "lon": 77.54337
              },
              {
                "name": "Nano Hospital",
                "name_kn": "ನನೊ ಹೊಸ್ಪಿಟಲ್",
                "stop_id": "23736",
                "lat": 12.907,
                "lon": 77.54619
              },
              {
                "name": "Chikkallasandra Bank Colony",
                "name_kn": "ಚಿಕ್ಕಲ್ಲಸಂದ್ರ ಬಂಕ್ ಕೊಲೊನೆ",
                "stop_id": "21842",
                "lat": 12.90906,
                "lon": 77.5491
              },
              {
                "name": "Chikkallasandra Aralimara",
                "name_kn": "ಚಿಕ್ಕಲ್ಲಸಂದ್ರ ರಲಿಮರ",
                "stop_id": "21840",
                "lat": 12.91168,
                "lon": 77.55226
              },
              {
                "name": "Gowdanapalya",
                "name_kn": "ಗೌದನಪಲೆ",
                "stop_id": "21978",
                "lat": 12.91152,
                "lon": 77.55591
              },
              {
                "name": "Prarthana School",
                "name_kn": "ಪ್ರರ್ತನ ಸ್ಚೂಲ್",
                "stop_id": "22403",
                "lat": 12.91159,
                "lon": 77.5581
              },
              {
                "name": "Kadirenahalli Village",
                "name_kn": "ಕದಿರೆನಹಲ್ಲಿ ವಿಲ್ಲಗೆ",
                "stop_id": "22133",
                "lat": 12.91574,
                "lon": 77.56141
              },
              {
                "name": "Kadirenahalli Cross",
                "name_kn": "ಕದಿರೆನಹಲ್ಲಿ ಕ್ರೊಸ್ಸ್",
                "stop_id": "20896",
                "lat": 12.91391,
                "lon": 77.56657
              },
              {
                "name": "Banashankari Bus Station",
                "name_kn": "ಬನಶಂಕರಿ ಬುಸ್ ಸ್ಟಟಿೊಂ",
                "stop_id": "20624",
                "lat": 12.91736,
                "lon": 77.5727
              }
            ]
          },
          {
            "Route": "377-B",
            "RouteId": 6971,
            "RouteParentId": 3748,
            "Destination": "Thittahalli",
            "Via": "",
            "Area": "Nelamangala Bus Station",
            "PlatformNumber": "1",
            "KannadaDestination": "ತಿಟಹಲ್ಲಿ",
            "KannadaArea": "ನೆಲಮಂಗಲ ಬಸ್‌ ನಿಲ್ದಾಣ",
            "KannadaVia": "",
            "FromStationId": 20926,
            "Stops": [
              {
                "name": "Kengeri Bus Station",
                "name_kn": "ಕೆಙೆರಿ ಬುಸ್ ಸ್ಟಟಿೊಂ",
                "stop_id": "20926",
                "lat": 12.91406,
                "lon": 77.48645
              },
              {
                "name": "Kengeri Police Station",
                "name_kn": "ಕೆಙೆರಿ ಪೊಲಿಕೆ ಸ್ಟಟಿೊಂ",
                "stop_id": "21094",
                "lat": 12.91007,
                "lon": 77.48146
              },
              {
                "name": "Kengeri Metro Station",
                "name_kn": "ಕೆಙೆರಿ ಮೆಟ್ರೊ ಸ್ಟಟಿೊಂ",
                "stop_id": "38620",
                "lat": 12.90757,
                "lon": 77.47606
              },
              {
                "name": "Depot-12 Gate",
                "name_kn": "ದೆಪೊಟ್-12 ಗಟೆ",
                "stop_id": "35721",
                "lat": 12.90471,
                "lon": 77.47084
              },
              {
                "name": "NICE Road Kengeri Road Junction",
                "name_kn": "ನಿಕೆ ರೊದ್ ಕೆಙೆರಿ ರೊದ್ ಜುಂಕ್ಟಿೊಂ",
                "stop_id": "35386",
                "lat": 12.90224,
                "lon": 77.46926
              },
              {
                "name": "Vishwa Okkaligara Mata Basavanagara",
                "name_kn": "ವಿಶ್ವ ೊಕ್ಕಲಿಗರ ಮಟ ಬಸವನಗರ",
                "stop_id": "20627",
                "lat": 12.90099,
                "lon": 77.46746
              },
              {
                "name": "RR Medical College",
                "name_kn": "ರ್ರ್ ಮೆದಿಕಲ್ ಕೊಲ್ಲೆಗೆ",
                "stop_id": "35390",
                "lat": 12.89614,
                "lon": 77.46087
              },
              {
                "name": "Anchepalya",
                "name_kn": "ಅಂಚೆಪಲೆ",
                "stop_id": "20604",
                "lat": 12.89258,
                "lon": 77.45798
              },
              {
                "name": "Juggath Pharma",
                "name_kn": "ಜುಗ್ಗತ್ ಫರ್ಮ",
                "stop_id": "30476",
                "lat": 12.89081,
                "lon": 77.45532
              },
              {
                "name": "Ramohalli Cross",
                "name_kn": "ರಮೊಹಲ್ಲಿ ಕ್ರೊಸ್ಸ್",
                "stop_id": "35388",
                "lat": 12.88674,
                "lon": 77.45125
              },
              {
                "name": "Kumbalagodu",
                "name_kn": "ಕುಂಬಲಗೊದು",
                "stop_id": "35432",
                "lat": 12.87826,
                "lon": 77.4455
              },
              {
                "name": "YMCA Public School",
                "name_kn": "ಯ್ಂಕ ಪುಬ್ಲಿಕ್ ಸ್ಚೂಲ್",
                "stop_id": "22849",
                "lat": 12.87354,
                "lon": 77.44835
              },
              {
                "name": "Pinto Bore",
                "name_kn": "ಪಿಂಟೊ ಬೊರೆ",
                "stop_id": "34257",
                "lat": 12.8708,
                "lon": 77.45048
              },
              {
                "name": "Thagachaguppe",
                "name_kn": "ತಗಚಗುಪ್ಪೆ",
                "stop_id": "34775",
                "lat": 12.86647,
                "lon": 77.45507
              },
              {
                "name": "Devagere Cross",
                "name_kn": "ದೆವಗೆರೆ ಕ್ರೊಸ್ಸ್",
                "stop_id": "24904",
                "lat": 12.86431,
                "lon": 77.45713
              },
              {
                "name": "Ranga Jangama",
                "name_kn": "ರಙ ಜಙಮ",
                "stop_id": "34389",
                "lat": 12.85579,
                "lon": 77.45278
              },
              {
                "name": "Nalku Kamba",
                "name_kn": "ನಲ್ಕು ಕಂಬ",
                "stop_id": "34073",
                "lat": 12.85215,
                "lon": 77.45203
              },
              {
                "name": "Eradu Kamba",
                "name_kn": "ಎರದು ಕಂಬ",
                "stop_id": "32596",
                "lat": 12.849,
                "lon": 77.45135
              },
              {
                "name": "K Gollahalli",
                "name_kn": "ಕ್ ಗೊಲ್ಲಹಲ್ಲಿ",
                "stop_id": "33194",
                "lat": 12.8432,
                "lon": 77.4515
              },
              {
                "name": "GOVT Hospital K Gollahalli",
                "name_kn": "ಗೊವ್ಟ್ ಹೊಸ್ಪಿಟಲ್ ಕ್ ಗೊಲ್ಲಹಲ್ಲಿ",
                "stop_id": "32979",
                "lat": 12.83939,
                "lon": 77.45168
              },
              {
                "name": "Gonipura",
                "name_kn": "ಗೊನಿಪುರ",
                "stop_id": "32721",
                "lat": 12.83243,
                "lon": 77.45107
              },
              {
                "name": "Chinnakurchi",
                "name_kn": "ಚಿಂನಕುರ್ಚಿ",
                "stop_id": "24623",
                "lat": 12.82745,
                "lon": 77.45962
              },
              {
                "name": "Thittahalli",
                "name_kn": "ತಿಟಹಲ್ಲಿ",
                "stop_id": "31472",
                "lat": 12.82179,
                "lon": 77.46053
              }
            ]
          },
          {
            "Route": "226-M",
            "RouteId": 1923,
            "RouteParentId": 1134,
            "Destination": "Bidadi",
            "Via": "",
            "Area": "Bidadi",
            "PlatformNumber": "1",
            "KannadaDestination": "ಬಿದದಿ",
            "KannadaArea": "ಬಿಡದಿ",
            "KannadaVia": "",
            "FromStationId": 20926,
            "Stops": [
              {
                "name": "Kengeri Bus Station",
                "name_kn": "ಕೆಙೆರಿ ಬುಸ್ ಸ್ಟಟಿೊಂ",
                "stop_id": "20925",
                "lat": 12.91379,
                "lon": 77.4871
              },
              {
                "name": "Kengeri Police Station",
                "name_kn": "ಕೆಙೆರಿ ಪೊಲಿಕೆ ಸ್ಟಟಿೊಂ",
                "stop_id": "21094",
                "lat": 12.91007,
                "lon": 77.48146
              },
              {
                "name": "Kengeri Metro Station",
                "name_kn": "ಕೆಙೆರಿ ಮೆಟ್ರೊ ಸ್ಟಟಿೊಂ",
                "stop_id": "38620",
                "lat": 12.90757,
                "lon": 77.47606
              },
              {
                "name": "Depot-12 Gate",
                "name_kn": "ದೆಪೊಟ್-12 ಗಟೆ",
                "stop_id": "35721",
                "lat": 12.90471,
                "lon": 77.47084
              },
              {
                "name": "NICE Road Kengeri Road Junction",
                "name_kn": "ನಿಕೆ ರೊದ್ ಕೆಙೆರಿ ರೊದ್ ಜುಂಕ್ಟಿೊಂ",
                "stop_id": "35386",
                "lat": 12.90224,
                "lon": 77.46926
              },
              {
                "name": "Vishwa Okkaligara Mata Basavanagara",
                "name_kn": "ವಿಶ್ವ ೊಕ್ಕಲಿಗರ ಮಟ ಬಸವನಗರ",
                "stop_id": "20627",
                "lat": 12.90099,
                "lon": 77.46746
              },
              {
                "name": "RR Medical College",
                "name_kn": "ರ್ರ್ ಮೆದಿಕಲ್ ಕೊಲ್ಲೆಗೆ",
                "stop_id": "35390",
                "lat": 12.89614,
                "lon": 77.46087
              },
              {
                "name": "Anchepalya",
                "name_kn": "ಅಂಚೆಪಲೆ",
                "stop_id": "20604",
                "lat": 12.89258,
                "lon": 77.45798
              },
              {
                "name": "Ramohalli Cross",
                "name_kn": "ರಮೊಹಲ್ಲಿ ಕ್ರೊಸ್ಸ್",
                "stop_id": "35388",
                "lat": 12.88674,
                "lon": 77.45125
              },
              {
                "name": "Kumbalagodu",
                "name_kn": "ಕುಂಬಲಗೊದು",
                "stop_id": "35432",
                "lat": 12.87826,
                "lon": 77.4455
              },
              {
                "name": "Pepsi Gate",
                "name_kn": "ಪೆಪ್ಸಿ ಗಟೆ",
                "stop_id": "21086",
                "lat": 12.87197,
                "lon": 77.43943
              },
              {
                "name": "Swami Narayana Gurukula",
                "name_kn": "ಸ್ವಮಿ ನರಯನ ಗುರುಕುಲ",
                "stop_id": "21207",
                "lat": 12.86656,
                "lon": 77.43692
              },
              {
                "name": "Kanminake",
                "name_kn": "ಕಂಮಿನಕೆ",
                "stop_id": "20908",
                "lat": 12.8627,
                "lon": 77.43388
              },
              {
                "name": "Kanminake Colony",
                "name_kn": "ಕಂಮಿನಕೆ ಕೊಲೊನೆ",
                "stop_id": "20910",
                "lat": 12.85774,
                "lon": 77.42925
              },
              {
                "name": "Hejjala Cross",
                "name_kn": "ಹೆಜ್ಜಲ ಕ್ರೊಸ್ಸ್",
                "stop_id": "20828",
                "lat": 12.85533,
                "lon": 77.42714
              },
              {
                "name": "Dalai Lama College",
                "name_kn": "ದಲೈ ಲಮ ಕೊಲ್ಲೆಗೆ",
                "stop_id": "20733",
                "lat": 12.85049,
                "lon": 77.42456
              },
              {
                "name": "Sheshagirihalli",
                "name_kn": "ಶೆಶಗಿರಿಹಲ್ಲಿ",
                "stop_id": "21168",
                "lat": 12.84352,
                "lon": 77.4215
              },
              {
                "name": "Shaneshwaraswamy Temple Sheshagirihalli",
                "name_kn": "ಶನೆಶ್ವರಸ್ವಮೆ ಟೆಂಪ್ಲೆ ಶೆಶಗಿರಿಹಲ್ಲಿ",
                "stop_id": "38784",
                "lat": 12.84289,
                "lon": 77.42114
              },
              {
                "name": "Manchanayakanahalli Gate",
                "name_kn": "ಮಂಚನಯಕನಹಲ್ಲಿ ಗಟೆ",
                "stop_id": "21566",
                "lat": 12.83455,
                "lon": 77.41472
              },
              {
                "name": "Veeranjaneya Temple",
                "name_kn": "ವೀರಞನೆಯ ಟೆಂಪ್ಲೆ",
                "stop_id": "21621",
                "lat": 12.82864,
                "lon": 77.41254
              },
              {
                "name": "Railway Gate Lakshmisagara",
                "name_kn": "ರೈಲ್ವಯ್ ಗಟೆ ಲಕ್ಷ್ಮಿಸಗರ",
                "stop_id": "21589",
                "lat": 12.82418,
                "lon": 77.41136
              },
              {
                "name": "Kadumane Hotel",
                "name_kn": "ಕದುಮನೆ ಹೊಟೆಲ್",
                "stop_id": "35402",
                "lat": 12.81554,
                "lon": 77.40756
              },
              {
                "name": "Billa Kempanahalli Gate",
                "name_kn": "ಬಿಲ್ಲ ಕೆಂಪನಹಲ್ಲಿ ಗಟೆ",
                "stop_id": "21468",
                "lat": 12.81212,
                "lon": 77.40408
              },
              {
                "name": "Chikkabillakempanahalli (Padmashree Hospital)",
                "name_kn": "ಚಿಕ್ಕಬಿಲ್ಲಕೆಂಪನಹಲ್ಲಿ (ಪದ್ಮಶ್ರೀ ಹೊಸ್ಪಿಟಲ್)",
                "stop_id": "39911",
                "lat": 12.80747,
                "lon": 77.40077
              },
              {
                "name": "Byramangala Cross",
                "name_kn": "ಬೆರಮಙಲ ಕ್ರೊಸ್ಸ್",
                "stop_id": "35399",
                "lat": 12.80222,
                "lon": 77.39714
              },
              {
                "name": "Bidadi Railway Station",
                "name_kn": "ಬಿದದಿ ರೈಲ್ವಯ್ ಸ್ಟಟಿೊಂ",
                "stop_id": "21466",
                "lat": 12.79973,
                "lon": 77.39107
              },
              {
                "name": "Bidadi",
                "name_kn": "ಬಿದದಿ",
                "stop_id": "21465",
                "lat": 12.79678,
                "lon": 77.38496
              }
            ]
          },
          {
            "Route": "222",
            "RouteId": 1934,
            "RouteParentId": 1140,
            "Destination": "Kengeri Satellite Town",
            "Via": "",
            "Area": "Kengeri Satellite Town",
            "PlatformNumber": "1",
            "KannadaDestination": "ಕೆಙೆರಿ ಸಟೆಲ್ಲಿಟೆ ಟೌಂ",
            "KannadaArea": "ಕೆಂಗೇರಿ ಸ್ಯಾಟಲೈಟ್ ಟೌನ್",
            "KannadaVia": "",
            "FromStationId": 20926,
            "Stops": [
              {
                "name": "Kengeri Bus Station",
                "name_kn": "ಕೆಙೆರಿ ಬುಸ್ ಸ್ಟಟಿೊಂ",
                "stop_id": "20925",
                "lat": 12.91379,
                "lon": 77.4871
              },
              {
                "name": "Kengeri Police Station",
                "name_kn": "ಕೆಙೆರಿ ಪೊಲಿಕೆ ಸ್ಟಟಿೊಂ",
                "stop_id": "21094",
                "lat": 12.91007,
                "lon": 77.48146
              },
              {
                "name": "Kengeri Ganesha Temple",
                "name_kn": "ಕೆಙೆರಿ ಗನೆಶ ಟೆಂಪ್ಲೆ",
                "stop_id": "20782",
                "lat": 12.91126,
                "lon": 77.48029
              },
              {
                "name": "Kommaghatta Junction",
                "name_kn": "ಕೊಮ್ಮಘಟ ಜುಂಕ್ಟಿೊಂ",
                "stop_id": "20882",
                "lat": 12.91444,
                "lon": 77.48144
              },
              {
                "name": "Kengeri Post Office",
                "name_kn": "ಕೆಙೆರಿ ಪೊಸ್ಟ್ ೊೞ್ೞಿಕೆ",
                "stop_id": "22165",
                "lat": 12.91543,
                "lon": 77.48181
              },
              {
                "name": "Kengeri Railway Station",
                "name_kn": "ಕೆಙೆರಿ ರೈಲ್ವಯ್ ಸ್ಟಟಿೊಂ",
                "stop_id": "21110",
                "lat": 12.91686,
                "lon": 77.48234
              },
              {
                "name": "Kengeri Satellite Town",
                "name_kn": "ಕೆಙೆರಿ ಸಟೆಲ್ಲಿಟೆ ಟೌಂ",
                "stop_id": "22167",
                "lat": 12.92355,
                "lon": 77.48479
              }
            ]
          },
          {
            "Route": "222-A",
            "RouteId": 1942,
            "RouteParentId": 1144,
            "Destination": "Kengeri Satellite Town",
            "Via": "",
            "Area": "Kengeri Satellite Town",
            "PlatformNumber": "1",
            "KannadaDestination": "ಕೆಙೆರಿ ಸಟೆಲ್ಲಿಟೆ ಟೌಂ",
            "KannadaArea": "ಕೆಂಗೇರಿ ಸ್ಯಾಟಲೈಟ್ ಟೌನ್",
            "KannadaVia": "",
            "FromStationId": 20926,
            "Stops": [
              {
                "name": "Kengeri Bus Station",
                "name_kn": "ಕೆಙೆರಿ ಬುಸ್ ಸ್ಟಟಿೊಂ",
                "stop_id": "20925",
                "lat": 12.91379,
                "lon": 77.4871
              },
              {
                "name": "Kengeri Police Station",
                "name_kn": "ಕೆಙೆರಿ ಪೊಲಿಕೆ ಸ್ಟಟಿೊಂ",
                "stop_id": "21094",
                "lat": 12.91007,
                "lon": 77.48146
              },
              {
                "name": "Kengeri Ganesha Temple",
                "name_kn": "ಕೆಙೆರಿ ಗನೆಶ ಟೆಂಪ್ಲೆ",
                "stop_id": "20782",
                "lat": 12.91126,
                "lon": 77.48029
              },
              {
                "name": "Kommaghatta Junction",
                "name_kn": "ಕೊಮ್ಮಘಟ ಜುಂಕ್ಟಿೊಂ",
                "stop_id": "20882",
                "lat": 12.91444,
                "lon": 77.48144
              },
              {
                "name": "Kengeri Post Office",
                "name_kn": "ಕೆಙೆರಿ ಪೊಸ್ಟ್ ೊೞ್ೞಿಕೆ",
                "stop_id": "22165",
                "lat": 12.91543,
                "lon": 77.48181
              },
              {
                "name": "Kengeri Railway Station",
                "name_kn": "ಕೆಙೆರಿ ರೈಲ್ವಯ್ ಸ್ಟಟಿೊಂ",
                "stop_id": "21110",
                "lat": 12.91686,
                "lon": 77.48234
              },
              {
                "name": "Kengeri Satellite Town",
                "name_kn": "ಕೆಙೆರಿ ಸಟೆಲ್ಲಿಟೆ ಟೌಂ",
                "stop_id": "22167",
                "lat": 12.92355,
                "lon": 77.48479
              }
            ]
          },
          {
            "Route": "226",
            "RouteId": 2109,
            "RouteParentId": 1232,
            "Destination": "Billa Kempanahalli",
            "Via": "",
            "Area": "Billa Kempanahalli",
            "PlatformNumber": "1",
            "KannadaDestination": "ಬಿಲ್ಲ ಕೆಂಪನಹಲ್ಲಿ",
            "KannadaArea": "ಬಿಲ್ಲ ಕೆಂಪನಹಳ್ಳಿ",
            "KannadaVia": "",
            "FromStationId": 20926,
            "Stops": [
              {
                "name": "Kengeri Bus Station",
                "name_kn": "ಕೆಙೆರಿ ಬುಸ್ ಸ್ಟಟಿೊಂ",
                "stop_id": "20925",
                "lat": 12.91379,
                "lon": 77.4871
              },
              {
                "name": "Kengeri Police Station",
                "name_kn": "ಕೆಙೆರಿ ಪೊಲಿಕೆ ಸ್ಟಟಿೊಂ",
                "stop_id": "21094",
                "lat": 12.91007,
                "lon": 77.48146
              },
              {
                "name": "Kengeri Metro Station",
                "name_kn": "ಕೆಙೆರಿ ಮೆಟ್ರೊ ಸ್ಟಟಿೊಂ",
                "stop_id": "38620",
                "lat": 12.90757,
                "lon": 77.47606
              },
              {
                "name": "Depot-12 Gate",
                "name_kn": "ದೆಪೊಟ್-12 ಗಟೆ",
                "stop_id": "35721",
                "lat": 12.90471,
                "lon": 77.47084
              },
              {
                "name": "NICE Road Kengeri Road Junction",
                "name_kn": "ನಿಕೆ ರೊದ್ ಕೆಙೆರಿ ರೊದ್ ಜುಂಕ್ಟಿೊಂ",
                "stop_id": "35386",
                "lat": 12.90224,
                "lon": 77.46926
              },
              {
                "name": "Vishwa Okkaligara Mata Basavanagara",
                "name_kn": "ವಿಶ್ವ ೊಕ್ಕಲಿಗರ ಮಟ ಬಸವನಗರ",
                "stop_id": "20627",
                "lat": 12.90099,
                "lon": 77.46746
              },
              {
                "name": "RR Medical College",
                "name_kn": "ರ್ರ್ ಮೆದಿಕಲ್ ಕೊಲ್ಲೆಗೆ",
                "stop_id": "35390",
                "lat": 12.89614,
                "lon": 77.46087
              },
              {
                "name": "Anchepalya",
                "name_kn": "ಅಂಚೆಪಲೆ",
                "stop_id": "20604",
                "lat": 12.89258,
                "lon": 77.45798
              },
              {
                "name": "Juggath Pharma",
                "name_kn": "ಜುಗ್ಗತ್ ಫರ್ಮ",
                "stop_id": "30476",
                "lat": 12.89081,
                "lon": 77.45532
              },
              {
                "name": "Ramohalli Cross",
                "name_kn": "ರಮೊಹಲ್ಲಿ ಕ್ರೊಸ್ಸ್",
                "stop_id": "35388",
                "lat": 12.88674,
                "lon": 77.45125
              },
              {
                "name": "Kumbalagodu",
                "name_kn": "ಕುಂಬಲಗೊದು",
                "stop_id": "35432",
                "lat": 12.87826,
                "lon": 77.4455
              },
              {
                "name": "Pepsi Gate",
                "name_kn": "ಪೆಪ್ಸಿ ಗಟೆ",
                "stop_id": "21086",
                "lat": 12.87197,
                "lon": 77.43943
              },
              {
                "name": "Swami Narayana Gurukula",
                "name_kn": "ಸ್ವಮಿ ನರಯನ ಗುರುಕುಲ",
                "stop_id": "21207",
                "lat": 12.86656,
                "lon": 77.43692
              },
              {
                "name": "Kanminake",
                "name_kn": "ಕಂಮಿನಕೆ",
                "stop_id": "20908",
                "lat": 12.8627,
                "lon": 77.43388
              },
              {
                "name": "Kanminake Colony",
                "name_kn": "ಕಂಮಿನಕೆ ಕೊಲೊನೆ",
                "stop_id": "20910",
                "lat": 12.85774,
                "lon": 77.42925
              },
              {
                "name": "Hejjala Cross",
                "name_kn": "ಹೆಜ್ಜಲ ಕ್ರೊಸ್ಸ್",
                "stop_id": "20828",
                "lat": 12.85533,
                "lon": 77.42714
              },
              {
                "name": "Dalai Lama College",
                "name_kn": "ದಲೈ ಲಮ ಕೊಲ್ಲೆಗೆ",
                "stop_id": "20733",
                "lat": 12.85049,
                "lon": 77.42456
              },
              {
                "name": "Sheshagirihalli",
                "name_kn": "ಶೆಶಗಿರಿಹಲ್ಲಿ",
                "stop_id": "21168",
                "lat": 12.84352,
                "lon": 77.4215
              },
              {
                "name": "Shaneshwaraswamy Temple Sheshagirihalli",
                "name_kn": "ಶನೆಶ್ವರಸ್ವಮೆ ಟೆಂಪ್ಲೆ ಶೆಶಗಿರಿಹಲ್ಲಿ",
                "stop_id": "38784",
                "lat": 12.84289,
                "lon": 77.42114
              },
              {
                "name": "Manchanayakanahalli Gate",
                "name_kn": "ಮಂಚನಯಕನಹಲ್ಲಿ ಗಟೆ",
                "stop_id": "21566",
                "lat": 12.83455,
                "lon": 77.41472
              },
              {
                "name": "Veeranjaneya Temple",
                "name_kn": "ವೀರಞನೆಯ ಟೆಂಪ್ಲೆ",
                "stop_id": "21621",
                "lat": 12.82864,
                "lon": 77.41254
              },
              {
                "name": "Railway Gate Lakshmisagara",
                "name_kn": "ರೈಲ್ವಯ್ ಗಟೆ ಲಕ್ಷ್ಮಿಸಗರ",
                "stop_id": "21589",
                "lat": 12.82418,
                "lon": 77.41136
              },
              {
                "name": "Kadumane Hotel",
                "name_kn": "ಕದುಮನೆ ಹೊಟೆಲ್",
                "stop_id": "35402",
                "lat": 12.81554,
                "lon": 77.40756
              },
              {
                "name": "Billa Kempanahalli Gate",
                "name_kn": "ಬಿಲ್ಲ ಕೆಂಪನಹಲ್ಲಿ ಗಟೆ",
                "stop_id": "21468",
                "lat": 12.81212,
                "lon": 77.40408
              },
              {
                "name": "Billa Kempanahalli",
                "name_kn": "ಬಿಲ್ಲ ಕೆಂಪನಹಲ್ಲಿ",
                "stop_id": "30104",
                "lat": 12.81039,
                "lon": 77.40634
              }
            ]
          },
          {
            "Route": "226-NA",
            "RouteId": 2137,
            "RouteParentId": 1246,
            "Destination": "Kempaiahnapalya",
            "Via": "",
            "Area": "Kempaiahnapalya",
            "PlatformNumber": "1",
            "KannadaDestination": "ಕೆಂಪೈಹ್ನಪಲೆ",
            "KannadaArea": "ಕೆಂಪಯ್ಯನಪಾಳ್ಯ",
            "KannadaVia": "",
            "FromStationId": 20926,
            "Stops": [
              {
                "name": "Kengeri Bus Station",
                "name_kn": "ಕೆಙೆರಿ ಬುಸ್ ಸ್ಟಟಿೊಂ",
                "stop_id": "20925",
                "lat": 12.91379,
                "lon": 77.4871
              },
              {
                "name": "Kengeri Police Station",
                "name_kn": "ಕೆಙೆರಿ ಪೊಲಿಕೆ ಸ್ಟಟಿೊಂ",
                "stop_id": "21094",
                "lat": 12.91007,
                "lon": 77.48146
              },
              {
                "name": "Kengeri Metro Station",
                "name_kn": "ಕೆಙೆರಿ ಮೆಟ್ರೊ ಸ್ಟಟಿೊಂ",
                "stop_id": "38620",
                "lat": 12.90757,
                "lon": 77.47606
              },
              {
                "name": "Depot-12 Gate",
                "name_kn": "ದೆಪೊಟ್-12 ಗಟೆ",
                "stop_id": "35721",
                "lat": 12.90471,
                "lon": 77.47084
              },
              {
                "name": "NICE Road Kengeri Road Junction",
                "name_kn": "ನಿಕೆ ರೊದ್ ಕೆಙೆರಿ ರೊದ್ ಜುಂಕ್ಟಿೊಂ",
                "stop_id": "35386",
                "lat": 12.90224,
                "lon": 77.46926
              },
              {
                "name": "Vishwa Okkaligara Mata Basavanagara",
                "name_kn": "ವಿಶ್ವ ೊಕ್ಕಲಿಗರ ಮಟ ಬಸವನಗರ",
                "stop_id": "20627",
                "lat": 12.90099,
                "lon": 77.46746
              },
              {
                "name": "RR Medical College",
                "name_kn": "ರ್ರ್ ಮೆದಿಕಲ್ ಕೊಲ್ಲೆಗೆ",
                "stop_id": "35390",
                "lat": 12.89614,
                "lon": 77.46087
              },
              {
                "name": "Anchepalya",
                "name_kn": "ಅಂಚೆಪಲೆ",
                "stop_id": "20604",
                "lat": 12.89258,
                "lon": 77.45798
              },
              {
                "name": "Juggath Pharma",
                "name_kn": "ಜುಗ್ಗತ್ ಫರ್ಮ",
                "stop_id": "30476",
                "lat": 12.89081,
                "lon": 77.45532
              },
              {
                "name": "Ramohalli Cross",
                "name_kn": "ರಮೊಹಲ್ಲಿ ಕ್ರೊಸ್ಸ್",
                "stop_id": "35388",
                "lat": 12.88674,
                "lon": 77.45125
              },
              {
                "name": "Kumbalagodu",
                "name_kn": "ಕುಂಬಲಗೊದು",
                "stop_id": "35432",
                "lat": 12.87826,
                "lon": 77.4455
              },
              {
                "name": "Pepsi Gate",
                "name_kn": "ಪೆಪ್ಸಿ ಗಟೆ",
                "stop_id": "21086",
                "lat": 12.87197,
                "lon": 77.43943
              },
              {
                "name": "Swami Narayana Gurukula",
                "name_kn": "ಸ್ವಮಿ ನರಯನ ಗುರುಕುಲ",
                "stop_id": "21207",
                "lat": 12.86656,
                "lon": 77.43692
              },
              {
                "name": "Kanminake",
                "name_kn": "ಕಂಮಿನಕೆ",
                "stop_id": "20908",
                "lat": 12.8627,
                "lon": 77.43388
              },
              {
                "name": "Kanminake Colony",
                "name_kn": "ಕಂಮಿನಕೆ ಕೊಲೊನೆ",
                "stop_id": "20910",
                "lat": 12.85774,
                "lon": 77.42925
              },
              {
                "name": "Hejjala Cross",
                "name_kn": "ಹೆಜ್ಜಲ ಕ್ರೊಸ್ಸ್",
                "stop_id": "20828",
                "lat": 12.85533,
                "lon": 77.42714
              },
              {
                "name": "Dalai Lama College",
                "name_kn": "ದಲೈ ಲಮ ಕೊಲ್ಲೆಗೆ",
                "stop_id": "20733",
                "lat": 12.85049,
                "lon": 77.42456
              },
              {
                "name": "Sheshagirihalli",
                "name_kn": "ಶೆಶಗಿರಿಹಲ್ಲಿ",
                "stop_id": "21168",
                "lat": 12.84352,
                "lon": 77.4215
              },
              {
                "name": "Shaneshwaraswamy Temple Sheshagirihalli",
                "name_kn": "ಶನೆಶ್ವರಸ್ವಮೆ ಟೆಂಪ್ಲೆ ಶೆಶಗಿರಿಹಲ್ಲಿ",
                "stop_id": "38784",
                "lat": 12.84289,
                "lon": 77.42114
              },
              {
                "name": "Manchanayakanahalli Gate",
                "name_kn": "ಮಂಚನಯಕನಹಲ್ಲಿ ಗಟೆ",
                "stop_id": "21566",
                "lat": 12.83455,
                "lon": 77.41472
              },
              {
                "name": "Veeranjaneya Temple",
                "name_kn": "ವೀರಞನೆಯ ಟೆಂಪ್ಲೆ",
                "stop_id": "21621",
                "lat": 12.82864,
                "lon": 77.41254
              },
              {
                "name": "Railway Gate Lakshmisagara",
                "name_kn": "ರೈಲ್ವಯ್ ಗಟೆ ಲಕ್ಷ್ಮಿಸಗರ",
                "stop_id": "21589",
                "lat": 12.82418,
                "lon": 77.41136
              },
              {
                "name": "Kadumane Hotel",
                "name_kn": "ಕದುಮನೆ ಹೊಟೆಲ್",
                "stop_id": "35402",
                "lat": 12.81554,
                "lon": 77.40756
              },
              {
                "name": "Billa Kempanahalli Gate",
                "name_kn": "ಬಿಲ್ಲ ಕೆಂಪನಹಲ್ಲಿ ಗಟೆ",
                "stop_id": "21468",
                "lat": 12.81212,
                "lon": 77.40408
              },
              {
                "name": "Chikkabillakempanahalli (Padmashree Hospital)",
                "name_kn": "ಚಿಕ್ಕಬಿಲ್ಲಕೆಂಪನಹಲ್ಲಿ (ಪದ್ಮಶ್ರೀ ಹೊಸ್ಪಿಟಲ್)",
                "stop_id": "39911",
                "lat": 12.80747,
                "lon": 77.40077
              },
              {
                "name": "Byramangala Cross",
                "name_kn": "ಬೆರಮಙಲ ಕ್ರೊಸ್ಸ್",
                "stop_id": "35399",
                "lat": 12.80222,
                "lon": 77.39714
              },
              {
                "name": "Bidadi Railway Station",
                "name_kn": "ಬಿದದಿ ರೈಲ್ವಯ್ ಸ್ಟಟಿೊಂ",
                "stop_id": "21466",
                "lat": 12.79973,
                "lon": 77.39107
              },
              {
                "name": "Bidadi",
                "name_kn": "ಬಿದದಿ",
                "stop_id": "21465",
                "lat": 12.79678,
                "lon": 77.38496
              },
              {
                "name": "Bidadi Railway Station",
                "name_kn": "ಬಿದದಿ ರೈಲ್ವಯ್ ಸ್ಟಟಿೊಂ",
                "stop_id": "21467",
                "lat": 12.79976,
                "lon": 77.39082
              },
              {
                "name": "Byramangala Cross",
                "name_kn": "ಬೆರಮಙಲ ಕ್ರೊಸ್ಸ್",
                "stop_id": "30299",
                "lat": 12.80181,
                "lon": 77.39781
              },
              {
                "name": "Medanahalli",
                "name_kn": "ಮೆದನಹಲ್ಲಿ",
                "stop_id": "33903",
                "lat": 12.78919,
                "lon": 77.39851
              },
              {
                "name": "Shanimahathma Temple",
                "name_kn": "ಶನಿಮಹತ್ಮ ಟೆಂಪ್ಲೆ",
                "stop_id": "34515",
                "lat": 12.78641,
                "lon": 77.39989
              },
              {
                "name": "Coca Cola Byramangala",
                "name_kn": "ಕೊಕ ಕೊಲ ಬೆರಮಙಲ",
                "stop_id": "32374",
                "lat": 12.78103,
                "lon": 77.40411
              },
              {
                "name": "Jogera Doddy 1",
                "name_kn": "ಜೊಗೆರ ದೊದ್ಠೆ 1",
                "stop_id": "31377",
                "lat": 12.77968,
                "lon": 77.40517
              },
              {
                "name": "Abbanakuppe",
                "name_kn": "ಅಬ್ಬನಕುಪ್ಪೆ",
                "stop_id": "29428",
                "lat": 12.77419,
                "lon": 77.4095
              },
              {
                "name": "Depot-36 Gate",
                "name_kn": "ದೆಪೊಟ್-36 ಗಟೆ",
                "stop_id": "32432",
                "lat": 12.76845,
                "lon": 77.41403
              },
              {
                "name": "Vrishabavatipura",
                "name_kn": "ವ್ರಿಶಬವಟಿಪುರ",
                "stop_id": "31630",
                "lat": 12.7663,
                "lon": 77.41567
              },
              {
                "name": "Thimmegowdana Doddy",
                "name_kn": "ತಿಮ್ಮೆಗೌದನ ದೊದ್ಠೆ",
                "stop_id": "31805",
                "lat": 12.76223,
                "lon": 77.41606
              },
              {
                "name": "Byramangala Circle",
                "name_kn": "ಬೆರಮಙಲ ಕಿರ್ಕ್ಲೆ",
                "stop_id": "32181",
                "lat": 12.74986,
                "lon": 77.42207
              },
              {
                "name": "Byramangala",
                "name_kn": "ಬೆರಮಙಲ",
                "stop_id": "32180",
                "lat": 12.74879,
                "lon": 77.42433
              },
              {
                "name": "Kempashetty Doddy Gate",
                "name_kn": "ಕೆಂಪಶೆಟೆ ದೊದ್ಠೆ ಗಟೆ",
                "stop_id": "33438",
                "lat": 12.74384,
                "lon": 77.42946
              },
              {
                "name": "Kempashetty Doddy",
                "name_kn": "ಕೆಂಪಶೆಟೆ ದೊದ್ಠೆ",
                "stop_id": "33437",
                "lat": 12.74126,
                "lon": 77.43096
              },
              {
                "name": "Kempaiahnapalya Cross",
                "name_kn": "ಕೆಂಪೈಹ್ನಪಲೆ ಕ್ರೊಸ್ಸ್",
                "stop_id": "33420",
                "lat": 12.73298,
                "lon": 77.44009
              },
              {
                "name": "Kempaiahnapalya",
                "name_kn": "ಕೆಂಪೈಹ್ನಪಲೆ",
                "stop_id": "33417",
                "lat": 12.72049,
                "lon": 77.43001
              }
            ]
          },
          {
            "Route": "223-E RRMC-RMS",
            "RouteId": 14299,
            "RouteParentId": 7646,
            "Destination": "Ramasandra",
            "Via": "",
            "Area": "RR Medical College",
            "PlatformNumber": "1",
            "KannadaDestination": "ರಮಸಂದ್ರ",
            "KannadaArea": "RR ವೈದ್ಯಕೀಯ ಕಾಲೇಜು",
            "KannadaVia": "",
            "FromStationId": 20926,
            "Stops": [
              {
                "name": "Kengeri Bus Station",
                "name_kn": "ಕೆಙೆರಿ ಬುಸ್ ಸ್ಟಟಿೊಂ",
                "stop_id": "20926",
                "lat": 12.91406,
                "lon": 77.48645
              },
              {
                "name": "Mylasandra Cross",
                "name_kn": "ಮೆಲಸಂದ್ರ ಕ್ರೊಸ್ಸ್",
                "stop_id": "21040",
                "lat": 12.91751,
                "lon": 77.49039
              },
              {
                "name": "Dubasipalya Cross",
                "name_kn": "ದುಬಸಿಪಲೆ ಕ್ರೊಸ್ಸ್",
                "stop_id": "20765",
                "lat": 12.9229,
                "lon": 77.49583
              },
              {
                "name": "RV College",
                "name_kn": "ರ್ವ್ ಕೊಲ್ಲೆಗೆ",
                "stop_id": "21146",
                "lat": 12.92529,
                "lon": 77.49918
              },
              {
                "name": "Hyundai Showroom Mysore Road",
                "name_kn": "ಹೆುಂದೈ ಶೌರೂಂ ಮೆಸೊರೆ ರೊದ್",
                "stop_id": "38976",
                "lat": 12.92754,
                "lon": 77.50204
              },
              {
                "name": "Jayaram Das Factory",
                "name_kn": "ಜಯರಂ ದಸ್ ೞಕ್ಟೊರೆ",
                "stop_id": "20879",
                "lat": 12.93011,
                "lon": 77.5056
              },
              {
                "name": "Bengaluru University Gate",
                "name_kn": "ಬೆಙಲುರು ುನಿವೆರ್ಸಿಟೆ ಗಟೆ",
                "stop_id": "20647",
                "lat": 12.93582,
                "lon": 77.51282
              },
              {
                "name": "BUC Ladies Hostel",
                "name_kn": "ಬುಕ್ ಲದಿೆಸ್ ಹೊಸ್ಟೆಲ್",
                "stop_id": "20650",
                "lat": 12.94184,
                "lon": 77.50601
              },
              {
                "name": "BUC Library",
                "name_kn": "ಬುಕ್ ಲಿಬ್ರರೆ",
                "stop_id": "24363",
                "lat": 12.9443,
                "lon": 77.50421
              },
              {
                "name": "BUC ADM Block",
                "name_kn": "ಬುಕ್ ದ್ಂ ಬ್ಲೊಕ್ಕ್",
                "stop_id": "35428",
                "lat": 12.95007,
                "lon": 77.50069
              },
              {
                "name": "Bengaluru University Quarters",
                "name_kn": "ಬೆಙಲುರು ುನಿವೆರ್ಸಿಟೆ qುರ್ಟೆರ್ಸ್",
                "stop_id": "21748",
                "lat": 12.95176,
                "lon": 77.49972
              },
              {
                "name": "PVP School",
                "name_kn": "ಪ್ವ್ಪ್ ಸ್ಚೂಲ್",
                "stop_id": "22406",
                "lat": 12.94825,
                "lon": 77.49711
              },
              {
                "name": "Mariyappanapalya",
                "name_kn": "ಮರಿಯಪ್ಪನಪಲೆ",
                "stop_id": "22264",
                "lat": 12.94522,
                "lon": 77.49553
              },
              {
                "name": "Kenchanapura Cross",
                "name_kn": "ಕೆಂಚನಪುರ ಕ್ರೊಸ್ಸ್",
                "stop_id": "22162",
                "lat": 12.94157,
                "lon": 77.49344
              },
              {
                "name": "Bhuvaneshwari Nagara 1st Stage",
                "name_kn": "ಭುವನೆಶ್ವರಿ ನಗರ 1ಸ್ಟ್ ಸ್ಟಗೆ",
                "stop_id": "32058",
                "lat": 12.94225,
                "lon": 77.49036
              },
              {
                "name": "Bhuvaneshwari Nagara 2nd Stage",
                "name_kn": "ಭುವನೆಶ್ವರಿ ನಗರ 2ಂದ್ ಸ್ಟಗೆ",
                "stop_id": "32059",
                "lat": 12.94262,
                "lon": 77.48728
              },
              {
                "name": "Sonnenahalli Bridge",
                "name_kn": "ಸೊಂನೆನಹಲ್ಲಿ ಬ್ರಿದ್ಗೆ",
                "stop_id": "22735",
                "lat": 12.94197,
                "lon": 77.48357
              },
              {
                "name": "Sonnenahalli",
                "name_kn": "ಸೊಂನೆನಹಲ್ಲಿ",
                "stop_id": "26582",
                "lat": 12.94218,
                "lon": 77.47922
              },
              {
                "name": "Shivaji Hotel",
                "name_kn": "ಶಿವಜಿ ಹೊಟೆಲ್",
                "stop_id": "28331",
                "lat": 12.943,
                "lon": 77.4766
              },
              {
                "name": "Chikka Basti",
                "name_kn": "ಚಿಕ್ಕ ಬಸ್ಟಿ",
                "stop_id": "32260",
                "lat": 12.94455,
                "lon": 77.47503
              },
              {
                "name": "Ramasandra",
                "name_kn": "ರಮಸಂದ್ರ",
                "stop_id": "34372",
                "lat": 12.9455,
                "lon": 77.46797
              }
            ]
          },
          {
            "Route": "226-MA",
            "RouteId": 14833,
            "RouteParentId": 7949,
            "Destination": "Mayaganahalli",
            "Via": "",
            "Area": "Mayaganahalli",
            "PlatformNumber": "1",
            "KannadaDestination": "ಮಯಗನಹಲ್ಲಿ",
            "KannadaArea": "ಮಾಯಾಗನಹಳ್ಳಿ",
            "KannadaVia": "",
            "FromStationId": 20926,
            "Stops": [
              {
                "name": "Kengeri Bus Station",
                "name_kn": "ಕೆಙೆರಿ ಬುಸ್ ಸ್ಟಟಿೊಂ",
                "stop_id": "20925",
                "lat": 12.91379,
                "lon": 77.4871
              },
              {
                "name": "Kengeri Police Station",
                "name_kn": "ಕೆಙೆರಿ ಪೊಲಿಕೆ ಸ್ಟಟಿೊಂ",
                "stop_id": "21094",
                "lat": 12.91007,
                "lon": 77.48146
              },
              {
                "name": "Kengeri Metro Station",
                "name_kn": "ಕೆಙೆರಿ ಮೆಟ್ರೊ ಸ್ಟಟಿೊಂ",
                "stop_id": "38620",
                "lat": 12.90757,
                "lon": 77.47606
              },
              {
                "name": "Depot-12 Gate",
                "name_kn": "ದೆಪೊಟ್-12 ಗಟೆ",
                "stop_id": "35721",
                "lat": 12.90471,
                "lon": 77.47084
              },
              {
                "name": "NICE Road Kengeri Road Junction",
                "name_kn": "ನಿಕೆ ರೊದ್ ಕೆಙೆರಿ ರೊದ್ ಜುಂಕ್ಟಿೊಂ",
                "stop_id": "35386",
                "lat": 12.90224,
                "lon": 77.46926
              },
              {
                "name": "Vishwa Okkaligara Mata Basavanagara",
                "name_kn": "ವಿಶ್ವ ೊಕ್ಕಲಿಗರ ಮಟ ಬಸವನಗರ",
                "stop_id": "20627",
                "lat": 12.90099,
                "lon": 77.46746
              },
              {
                "name": "Anchepalya",
                "name_kn": "ಅಂಚೆಪಲೆ",
                "stop_id": "20604",
                "lat": 12.89258,
                "lon": 77.45798
              },
              {
                "name": "Ramohalli Cross",
                "name_kn": "ರಮೊಹಲ್ಲಿ ಕ್ರೊಸ್ಸ್",
                "stop_id": "35388",
                "lat": 12.88674,
                "lon": 77.45125
              },
              {
                "name": "Kumbalagodu",
                "name_kn": "ಕುಂಬಲಗೊದು",
                "stop_id": "35432",
                "lat": 12.87826,
                "lon": 77.4455
              },
              {
                "name": "Pepsi Gate",
                "name_kn": "ಪೆಪ್ಸಿ ಗಟೆ",
                "stop_id": "21086",
                "lat": 12.87197,
                "lon": 77.43943
              },
              {
                "name": "Swami Narayana Gurukula",
                "name_kn": "ಸ್ವಮಿ ನರಯನ ಗುರುಕುಲ",
                "stop_id": "21207",
                "lat": 12.86656,
                "lon": 77.43692
              },
              {
                "name": "Kanminake",
                "name_kn": "ಕಂಮಿನಕೆ",
                "stop_id": "20908",
                "lat": 12.8627,
                "lon": 77.43388
              },
              {
                "name": "Kanminake Colony",
                "name_kn": "ಕಂಮಿನಕೆ ಕೊಲೊನೆ",
                "stop_id": "20910",
                "lat": 12.85774,
                "lon": 77.42925
              },
              {
                "name": "Hejjala Cross",
                "name_kn": "ಹೆಜ್ಜಲ ಕ್ರೊಸ್ಸ್",
                "stop_id": "20828",
                "lat": 12.85533,
                "lon": 77.42714
              },
              {
                "name": "Dalai Lama College",
                "name_kn": "ದಲೈ ಲಮ ಕೊಲ್ಲೆಗೆ",
                "stop_id": "20733",
                "lat": 12.85049,
                "lon": 77.42456
              },
              {
                "name": "Sheshagirihalli",
                "name_kn": "ಶೆಶಗಿರಿಹಲ್ಲಿ",
                "stop_id": "21168",
                "lat": 12.84352,
                "lon": 77.4215
              },
              {
                "name": "Shaneshwaraswamy Temple Sheshagirihalli",
                "name_kn": "ಶನೆಶ್ವರಸ್ವಮೆ ಟೆಂಪ್ಲೆ ಶೆಶಗಿರಿಹಲ್ಲಿ",
                "stop_id": "38784",
                "lat": 12.84289,
                "lon": 77.42114
              },
              {
                "name": "Manchanayakanahalli Gate",
                "name_kn": "ಮಂಚನಯಕನಹಲ್ಲಿ ಗಟೆ",
                "stop_id": "21566",
                "lat": 12.83455,
                "lon": 77.41472
              },
              {
                "name": "Veeranjaneya Temple",
                "name_kn": "ವೀರಞನೆಯ ಟೆಂಪ್ಲೆ",
                "stop_id": "21621",
                "lat": 12.82864,
                "lon": 77.41254
              },
              {
                "name": "Railway Gate Lakshmisagara",
                "name_kn": "ರೈಲ್ವಯ್ ಗಟೆ ಲಕ್ಷ್ಮಿಸಗರ",
                "stop_id": "21589",
                "lat": 12.82418,
                "lon": 77.41136
              },
              {
                "name": "Kadumane Hotel",
                "name_kn": "ಕದುಮನೆ ಹೊಟೆಲ್",
                "stop_id": "35402",
                "lat": 12.81554,
                "lon": 77.40756
              },
              {
                "name": "Billa Kempanahalli Gate",
                "name_kn": "ಬಿಲ್ಲ ಕೆಂಪನಹಲ್ಲಿ ಗಟೆ",
                "stop_id": "21468",
                "lat": 12.81212,
                "lon": 77.40408
              },
              {
                "name": "Byramangala Cross",
                "name_kn": "ಬೆರಮಙಲ ಕ್ರೊಸ್ಸ್",
                "stop_id": "35399",
                "lat": 12.80222,
                "lon": 77.39714
              },
              {
                "name": "Bidadi Railway Station",
                "name_kn": "ಬಿದದಿ ರೈಲ್ವಯ್ ಸ್ಟಟಿೊಂ",
                "stop_id": "21466",
                "lat": 12.79973,
                "lon": 77.39107
              },
              {
                "name": "Bidadi",
                "name_kn": "ಬಿದದಿ",
                "stop_id": "35913",
                "lat": 12.7969,
                "lon": 77.38458
              },
              {
                "name": "Kenchanakuppe Colony",
                "name_kn": "ಕೆಂಚನಕುಪ್ಪೆ ಕೊಲೊನೆ",
                "stop_id": "31005",
                "lat": 12.78972,
                "lon": 77.37617
              },
              {
                "name": "Heggadagere Cross",
                "name_kn": "ಹೆಗ್ಗದಗೆರೆ ಕ್ರೊಸ್ಸ್",
                "stop_id": "25833",
                "lat": 12.78831,
                "lon": 77.37488
              },
              {
                "name": "Kallugopahalli",
                "name_kn": "ಕಲ್ಲುಗೊಪಹಲ್ಲಿ",
                "stop_id": "33274",
                "lat": 12.77678,
                "lon": 77.36244
              },
              {
                "name": "Kapayana Doddy",
                "name_kn": "ಕಪಯನ ದೊದ್ಠೆ",
                "stop_id": "30798",
                "lat": 12.77219,
                "lon": 77.35447
              },
              {
                "name": "Mayaganahalli",
                "name_kn": "ಮಯಗನಹಲ್ಲಿ",
                "stop_id": "33884",
                "lat": 12.76792,
                "lon": 77.33553
              }
            ]
          },
          {
            "Route": "226-YB",
            "RouteId": 14841,
            "RouteParentId": 7953,
            "Destination": "Yarahalli",
            "Via": "",
            "Area": "Yarahalli",
            "PlatformNumber": "1",
            "KannadaDestination": "ಯರಹಲ್ಲಿ",
            "KannadaArea": "ಯರಹಳ್ಳಿ",
            "KannadaVia": "",
            "FromStationId": 20926,
            "Stops": [
              {
                "name": "Kengeri Bus Station",
                "name_kn": "ಕೆಙೆರಿ ಬುಸ್ ಸ್ಟಟಿೊಂ",
                "stop_id": "20925",
                "lat": 12.91379,
                "lon": 77.4871
              },
              {
                "name": "Kengeri Police Station",
                "name_kn": "ಕೆಙೆರಿ ಪೊಲಿಕೆ ಸ್ಟಟಿೊಂ",
                "stop_id": "21094",
                "lat": 12.91007,
                "lon": 77.48146
              },
              {
                "name": "Kengeri Metro Station",
                "name_kn": "ಕೆಙೆರಿ ಮೆಟ್ರೊ ಸ್ಟಟಿೊಂ",
                "stop_id": "38620",
                "lat": 12.90757,
                "lon": 77.47606
              },
              {
                "name": "Depot-12 Gate",
                "name_kn": "ದೆಪೊಟ್-12 ಗಟೆ",
                "stop_id": "35721",
                "lat": 12.90471,
                "lon": 77.47084
              },
              {
                "name": "NICE Road Kengeri Road Junction",
                "name_kn": "ನಿಕೆ ರೊದ್ ಕೆಙೆರಿ ರೊದ್ ಜುಂಕ್ಟಿೊಂ",
                "stop_id": "35386",
                "lat": 12.90224,
                "lon": 77.46926
              },
              {
                "name": "Vishwa Okkaligara Mata Basavanagara",
                "name_kn": "ವಿಶ್ವ ೊಕ್ಕಲಿಗರ ಮಟ ಬಸವನಗರ",
                "stop_id": "20627",
                "lat": 12.90099,
                "lon": 77.46746
              },
              {
                "name": "RR Medical College",
                "name_kn": "ರ್ರ್ ಮೆದಿಕಲ್ ಕೊಲ್ಲೆಗೆ",
                "stop_id": "35390",
                "lat": 12.89614,
                "lon": 77.46087
              },
              {
                "name": "Anchepalya",
                "name_kn": "ಅಂಚೆಪಲೆ",
                "stop_id": "20604",
                "lat": 12.89258,
                "lon": 77.45798
              },
              {
                "name": "Ramohalli Cross",
                "name_kn": "ರಮೊಹಲ್ಲಿ ಕ್ರೊಸ್ಸ್",
                "stop_id": "35388",
                "lat": 12.88674,
                "lon": 77.45125
              },
              {
                "name": "Kumbalagodu",
                "name_kn": "ಕುಂಬಲಗೊದು",
                "stop_id": "35432",
                "lat": 12.87826,
                "lon": 77.4455
              },
              {
                "name": "Pepsi Gate",
                "name_kn": "ಪೆಪ್ಸಿ ಗಟೆ",
                "stop_id": "21086",
                "lat": 12.87197,
                "lon": 77.43943
              },
              {
                "name": "Swami Narayana Gurukula",
                "name_kn": "ಸ್ವಮಿ ನರಯನ ಗುರುಕುಲ",
                "stop_id": "21207",
                "lat": 12.86656,
                "lon": 77.43692
              },
              {
                "name": "Kanminake",
                "name_kn": "ಕಂಮಿನಕೆ",
                "stop_id": "20908",
                "lat": 12.8627,
                "lon": 77.43388
              },
              {
                "name": "Kanminake Colony",
                "name_kn": "ಕಂಮಿನಕೆ ಕೊಲೊನೆ",
                "stop_id": "20910",
                "lat": 12.85774,
                "lon": 77.42925
              },
              {
                "name": "Hejjala Cross",
                "name_kn": "ಹೆಜ್ಜಲ ಕ್ರೊಸ್ಸ್",
                "stop_id": "20828",
                "lat": 12.85533,
                "lon": 77.42714
              },
              {
                "name": "Dalai Lama College",
                "name_kn": "ದಲೈ ಲಮ ಕೊಲ್ಲೆಗೆ",
                "stop_id": "20733",
                "lat": 12.85049,
                "lon": 77.42456
              },
              {
                "name": "Sheshagirihalli",
                "name_kn": "ಶೆಶಗಿರಿಹಲ್ಲಿ",
                "stop_id": "21168",
                "lat": 12.84352,
                "lon": 77.4215
              },
              {
                "name": "Shaneshwaraswamy Temple Sheshagirihalli",
                "name_kn": "ಶನೆಶ್ವರಸ್ವಮೆ ಟೆಂಪ್ಲೆ ಶೆಶಗಿರಿಹಲ್ಲಿ",
                "stop_id": "38784",
                "lat": 12.84289,
                "lon": 77.42114
              },
              {
                "name": "Manchanayakanahalli Gate",
                "name_kn": "ಮಂಚನಯಕನಹಲ್ಲಿ ಗಟೆ",
                "stop_id": "21566",
                "lat": 12.83455,
                "lon": 77.41472
              },
              {
                "name": "Veeranjaneya Temple",
                "name_kn": "ವೀರಞನೆಯ ಟೆಂಪ್ಲೆ",
                "stop_id": "21621",
                "lat": 12.82864,
                "lon": 77.41254
              },
              {
                "name": "Railway Gate Lakshmisagara",
                "name_kn": "ರೈಲ್ವಯ್ ಗಟೆ ಲಕ್ಷ್ಮಿಸಗರ",
                "stop_id": "21589",
                "lat": 12.82418,
                "lon": 77.41136
              },
              {
                "name": "Kadumane Hotel",
                "name_kn": "ಕದುಮನೆ ಹೊಟೆಲ್",
                "stop_id": "35402",
                "lat": 12.81554,
                "lon": 77.40756
              },
              {
                "name": "Chikkabillakempanahalli (Padmashree Hospital)",
                "name_kn": "ಚಿಕ್ಕಬಿಲ್ಲಕೆಂಪನಹಲ್ಲಿ (ಪದ್ಮಶ್ರೀ ಹೊಸ್ಪಿಟಲ್)",
                "stop_id": "39911",
                "lat": 12.80747,
                "lon": 77.40077
              },
              {
                "name": "Billa Kempanahalli Gate",
                "name_kn": "ಬಿಲ್ಲ ಕೆಂಪನಹಲ್ಲಿ ಗಟೆ",
                "stop_id": "21468",
                "lat": 12.81212,
                "lon": 77.40408
              },
              {
                "name": "Byramangala Cross",
                "name_kn": "ಬೆರಮಙಲ ಕ್ರೊಸ್ಸ್",
                "stop_id": "35399",
                "lat": 12.80222,
                "lon": 77.39714
              },
              {
                "name": "Bidadi Railway Station",
                "name_kn": "ಬಿದದಿ ರೈಲ್ವಯ್ ಸ್ಟಟಿೊಂ",
                "stop_id": "21466",
                "lat": 12.79973,
                "lon": 77.39107
              },
              {
                "name": "Bidadi",
                "name_kn": "ಬಿದದಿ",
                "stop_id": "21465",
                "lat": 12.79678,
                "lon": 77.38496
              },
              {
                "name": "Heggadagere Cross",
                "name_kn": "ಹೆಗ್ಗದಗೆರೆ ಕ್ರೊಸ್ಸ್",
                "stop_id": "25833",
                "lat": 12.78831,
                "lon": 77.37488
              },
              {
                "name": "Kallugopahalli",
                "name_kn": "ಕಲ್ಲುಗೊಪಹಲ್ಲಿ",
                "stop_id": "33274",
                "lat": 12.77678,
                "lon": 77.36244
              },
              {
                "name": "Kapayana Doddy",
                "name_kn": "ಕಪಯನ ದೊದ್ಠೆ",
                "stop_id": "30798",
                "lat": 12.77219,
                "lon": 77.35447
              },
              {
                "name": "Mayaganahalli",
                "name_kn": "ಮಯಗನಹಲ್ಲಿ",
                "stop_id": "33884",
                "lat": 12.76792,
                "lon": 77.33553
              },
              {
                "name": "Madapura Cross Bidadi",
                "name_kn": "ಮದಪುರ ಕ್ರೊಸ್ಸ್ ಬಿದದಿ",
                "stop_id": "28596",
                "lat": 12.76177,
                "lon": 77.32802
              },
              {
                "name": "Madapura",
                "name_kn": "ಮದಪುರ",
                "stop_id": "28594",
                "lat": 12.7654,
                "lon": 77.32076
              },
              {
                "name": "Thimmegowdana Doddy",
                "name_kn": "ತಿಮ್ಮೆಗೌದನ ದೊದ್ಠೆ",
                "stop_id": "35004",
                "lat": 12.78319,
                "lon": 77.30844
              },
              {
                "name": "Yale Doddy",
                "name_kn": "ಯಲೆ ದೊದ್ಠೆ",
                "stop_id": "38479",
                "lat": 12.78976,
                "lon": 77.31337
              },
              {
                "name": "Kumbara Doddy",
                "name_kn": "ಕುಂಬರ ದೊದ್ಠೆ",
                "stop_id": "31339",
                "lat": 12.79431,
                "lon": 77.31781
              },
              {
                "name": "Sugganahalli",
                "name_kn": "ಸುಗ್ಗನಹಲ್ಲಿ",
                "stop_id": "38485",
                "lat": 12.79945,
                "lon": 77.31888
              },
              {
                "name": "Sugganahalli Circle",
                "name_kn": "ಸುಗ್ಗನಹಲ್ಲಿ ಕಿರ್ಕ್ಲೆ",
                "stop_id": "38486",
                "lat": 12.8009,
                "lon": 77.31466
              },
              {
                "name": "Yoga Gangothri Trust",
                "name_kn": "ಯೊಗ ಗಙೊತ್ರಿ ಟ್ರುಸ್ಟ್",
                "stop_id": "38495",
                "lat": 12.80147,
                "lon": 77.30072
              },
              {
                "name": "Bejjarahalli Katte",
                "name_kn": "ಬೆಜ್ಜರಹಲ್ಲಿ ಕಟೆ",
                "stop_id": "29838",
                "lat": 12.79914,
                "lon": 77.29157
              },
              {
                "name": "Thimmasandra Cross",
                "name_kn": "ತಿಮ್ಮಸಂದ್ರ ಕ್ರೊಸ್ಸ್",
                "stop_id": "26950",
                "lat": 12.81078,
                "lon": 77.28433
              },
              {
                "name": "Gungarahalli",
                "name_kn": "ಗುಙರಹಲ್ಲಿ",
                "stop_id": "32793",
                "lat": 12.82129,
                "lon": 77.28786
              },
              {
                "name": "Mellahalli",
                "name_kn": "ಮೆಲ್ಲಹಲ್ಲಿ",
                "stop_id": "28976",
                "lat": 12.81822,
                "lon": 77.27789
              },
              {
                "name": "Aralimarada Doddy",
                "name_kn": "ಅರಲಿಮರದ ದೊದ್ಠೆ",
                "stop_id": "23154",
                "lat": 12.8066,
                "lon": 77.27057
              },
              {
                "name": "Yarahalli",
                "name_kn": "ಯರಹಲ್ಲಿ",
                "stop_id": "26383",
                "lat": 12.80174,
                "lon": 77.25469
              }
            ]
          },
          {
            "Route": "227-AM",
            "RouteId": 15138,
            "RouteParentId": 8108,
            "Destination": "Bidadi",
            "Via": "",
            "Area": "Bidadi",
            "PlatformNumber": "1",
            "KannadaDestination": "ಬಿದದಿ",
            "KannadaArea": "ಬಿಡದಿ",
            "KannadaVia": "",
            "FromStationId": 20926,
            "Stops": [
              {
                "name": "Kengeri Bus Station",
                "name_kn": "ಕೆಙೆರಿ ಬುಸ್ ಸ್ಟಟಿೊಂ",
                "stop_id": "20925",
                "lat": 12.91379,
                "lon": 77.4871
              },
              {
                "name": "Kengeri Police Station",
                "name_kn": "ಕೆಙೆರಿ ಪೊಲಿಕೆ ಸ್ಟಟಿೊಂ",
                "stop_id": "21094",
                "lat": 12.91007,
                "lon": 77.48146
              },
              {
                "name": "Kengeri Metro Station",
                "name_kn": "ಕೆಙೆರಿ ಮೆಟ್ರೊ ಸ್ಟಟಿೊಂ",
                "stop_id": "38620",
                "lat": 12.90757,
                "lon": 77.47606
              },
              {
                "name": "Depot-12 Gate",
                "name_kn": "ದೆಪೊಟ್-12 ಗಟೆ",
                "stop_id": "35721",
                "lat": 12.90471,
                "lon": 77.47084
              },
              {
                "name": "NICE Road Kengeri Road Junction",
                "name_kn": "ನಿಕೆ ರೊದ್ ಕೆಙೆರಿ ರೊದ್ ಜುಂಕ್ಟಿೊಂ",
                "stop_id": "35386",
                "lat": 12.90224,
                "lon": 77.46926
              },
              {
                "name": "Vishwa Okkaligara Mata Basavanagara",
                "name_kn": "ವಿಶ್ವ ೊಕ್ಕಲಿಗರ ಮಟ ಬಸವನಗರ",
                "stop_id": "20627",
                "lat": 12.90099,
                "lon": 77.46746
              },
              {
                "name": "RR Medical College",
                "name_kn": "ರ್ರ್ ಮೆದಿಕಲ್ ಕೊಲ್ಲೆಗೆ",
                "stop_id": "35390",
                "lat": 12.89614,
                "lon": 77.46087
              },
              {
                "name": "Anchepalya",
                "name_kn": "ಅಂಚೆಪಲೆ",
                "stop_id": "20604",
                "lat": 12.89258,
                "lon": 77.45798
              },
              {
                "name": "Juggath Pharma",
                "name_kn": "ಜುಗ್ಗತ್ ಫರ್ಮ",
                "stop_id": "30476",
                "lat": 12.89081,
                "lon": 77.45532
              },
              {
                "name": "Ramohalli Cross",
                "name_kn": "ರಮೊಹಲ್ಲಿ ಕ್ರೊಸ್ಸ್",
                "stop_id": "35388",
                "lat": 12.88674,
                "lon": 77.45125
              },
              {
                "name": "CWS-3 BMTC",
                "name_kn": "ಕ್ವ್ಸ್-3 ಬ್ಂಟ್ಕ್",
                "stop_id": "24745",
                "lat": 12.90378,
                "lon": 77.44984
              },
              {
                "name": "Bheemanakuppe",
                "name_kn": "ಭೀಮನಕುಪ್ಪೆ",
                "stop_id": "30008",
                "lat": 12.90401,
                "lon": 77.43857
              },
              {
                "name": "Bheemanakuppe Cross",
                "name_kn": "ಭೀಮನಕುಪ್ಪೆ ಕ್ರೊಸ್ಸ್",
                "stop_id": "30010",
                "lat": 12.89482,
                "lon": 77.43661
              },
              {
                "name": "MGM School",
                "name_kn": "ಂಗ್ಂ ಸ್ಚೂಲ್",
                "stop_id": "33928",
                "lat": 12.8976,
                "lon": 77.43268
              },
              {
                "name": "Vinayakanagara Ramohalli",
                "name_kn": "ವಿನಯಕನಗರ ರಮೊಹಲ್ಲಿ",
                "stop_id": "31839",
                "lat": 12.90319,
                "lon": 77.43002
              },
              {
                "name": "Ashrama Ramohalli",
                "name_kn": "ಅಶ್ರಮ ರಮೊಹಲ್ಲಿ",
                "stop_id": "35671",
                "lat": 12.90627,
                "lon": 77.42882
              },
              {
                "name": "Ramohalli",
                "name_kn": "ರಮೊಹಲ್ಲಿ",
                "stop_id": "34377",
                "lat": 12.90731,
                "lon": 77.41816
              },
              {
                "name": "Kethohalli",
                "name_kn": "ಕೆತೊಹಲ್ಲಿ",
                "stop_id": "31052",
                "lat": 12.9073,
                "lon": 77.40336
              },
              {
                "name": "Dodda Aladamara",
                "name_kn": "ದೊದ್ದ ಲದಮರ",
                "stop_id": "32495",
                "lat": 12.9099,
                "lon": 77.39534
              },
              {
                "name": "Chunchanakuppe",
                "name_kn": "ಚುಂಚನಕುಪ್ಪೆ",
                "stop_id": "32368",
                "lat": 12.91034,
                "lon": 77.38632
              },
              {
                "name": "WSL Officers Layout(Puttaiahna Palya)",
                "name_kn": "ವ್ಸ್ಲ್ ೊೞ್ೞಿಕೆರ್ಸ್ ಲಯೌಟ್(ಪುಟೈಹ್ನ ಪಲೆ)",
                "stop_id": "39968",
                "lat": 12.90154,
                "lon": 77.38341
              },
              {
                "name": "Janatha Colony Byalalu",
                "name_kn": "ಜನತ ಕೊಲೊನೆ ಬೆಲಲು",
                "stop_id": "26283",
                "lat": 12.89417,
                "lon": 77.37798
              },
              {
                "name": "Byalalu",
                "name_kn": "ಬೆಲಲು",
                "stop_id": "32161",
                "lat": 12.89185,
                "lon": 77.3763
              },
              {
                "name": "Donnenahalli",
                "name_kn": "ದೊಂನೆನಹಲ್ಲಿ",
                "stop_id": "25144",
                "lat": 12.88426,
                "lon": 77.37521
              },
              {
                "name": "Mayasandra",
                "name_kn": "ಮಯಸಂದ್ರ",
                "stop_id": "33886",
                "lat": 12.87735,
                "lon": 77.37747
              },
              {
                "name": "Dodderi Grama",
                "name_kn": "ದೊದ್ದೆರಿ ಗ್ರಮ",
                "stop_id": "25120",
                "lat": 12.86638,
                "lon": 77.37811
              },
              {
                "name": "Kurubara Karenahalli",
                "name_kn": "ಕುರುಬರ ಕರೆನಹಲ್ಲಿ",
                "stop_id": "28410",
                "lat": 12.85448,
                "lon": 77.38327
              },
              {
                "name": "Bannikuppe",
                "name_kn": "ಬಂನಿಕುಪ್ಪೆ",
                "stop_id": "29722",
                "lat": 12.84702,
                "lon": 77.38389
              },
              {
                "name": "Vajarahalli Junction",
                "name_kn": "ವಜರಹಲ್ಲಿ ಜುಂಕ್ಟಿೊಂ",
                "stop_id": "30417",
                "lat": 12.82511,
                "lon": 77.38214
              },
              {
                "name": "Avaragere",
                "name_kn": "ಅವರಗೆರೆ",
                "stop_id": "29598",
                "lat": 12.81999,
                "lon": 77.38085
              },
              {
                "name": "Avaragere Cross",
                "name_kn": "ಅವರಗೆರೆ ಕ್ರೊಸ್ಸ್",
                "stop_id": "35654",
                "lat": 12.80962,
                "lon": 77.37784
              },
              {
                "name": "Bidadi",
                "name_kn": "ಬಿದದಿ",
                "stop_id": "35913",
                "lat": 12.7969,
                "lon": 77.38458
              }
            ]
          },
          {
            "Route": "221-A",
            "RouteId": 15149,
            "RouteParentId": 8115,
            "Destination": "Tavarekere",
            "Via": "",
            "Area": "Tavarekere",
            "PlatformNumber": "1",
            "KannadaDestination": "ಟವರೆಕೆರೆ",
            "KannadaArea": "ತಾವರೆಕೆರೆ",
            "KannadaVia": "",
            "FromStationId": 20926,
            "Stops": [
              {
                "name": "Kengeri Bus Station",
                "name_kn": "ಕೆಙೆರಿ ಬುಸ್ ಸ್ಟಟಿೊಂ",
                "stop_id": "20925",
                "lat": 12.91379,
                "lon": 77.4871
              },
              {
                "name": "Kengeri Police Station",
                "name_kn": "ಕೆಙೆರಿ ಪೊಲಿಕೆ ಸ್ಟಟಿೊಂ",
                "stop_id": "21094",
                "lat": 12.91007,
                "lon": 77.48146
              },
              {
                "name": "Kengeri Ganesha Temple",
                "name_kn": "ಕೆಙೆರಿ ಗನೆಶ ಟೆಂಪ್ಲೆ",
                "stop_id": "20782",
                "lat": 12.91126,
                "lon": 77.48029
              },
              {
                "name": "Kommaghatta Junction",
                "name_kn": "ಕೊಮ್ಮಘಟ ಜುಂಕ್ಟಿೊಂ",
                "stop_id": "20882",
                "lat": 12.91444,
                "lon": 77.48144
              },
              {
                "name": "Robin Theatre",
                "name_kn": "ರೊಬಿಂ ತೆಟ್ರೆ",
                "stop_id": "28049",
                "lat": 12.91601,
                "lon": 77.4798
              },
              {
                "name": "Bande Mutt Gate Kengeri",
                "name_kn": "ಬಂದೆ ಮುಟ್ ಗಟೆ ಕೆಙೆರಿ",
                "stop_id": "31878",
                "lat": 12.91899,
                "lon": 77.47749
              },
              {
                "name": "Beedi Karmikara Colony Gate",
                "name_kn": "ಬೀದಿ ಕರ್ಮಿಕರ ಕೊಲೊನೆ ಗಟೆ",
                "stop_id": "31936",
                "lat": 12.92231,
                "lon": 77.47482
              },
              {
                "name": "Ittige Factory",
                "name_kn": "ಇಟಿಗೆ ೞಕ್ಟೊರೆ",
                "stop_id": "33073",
                "lat": 12.91999,
                "lon": 77.46129
              },
              {
                "name": "New Byrohalli",
                "name_kn": "ನೆವ್ ಬೆರೊಹಲ್ಲಿ",
                "stop_id": "27451",
                "lat": 12.91938,
                "lon": 77.45602
              },
              {
                "name": "Archakara Badavane",
                "name_kn": "ಅರ್ಚಕರ ಬದವನೆ",
                "stop_id": "29568",
                "lat": 12.91878,
                "lon": 77.45255
              },
              {
                "name": "Sri Shiradi Sai Temple",
                "name_kn": "ಸ್ರಿ ಶಿರದಿ ಸೈ ಟೆಂಪ್ಲೆ",
                "stop_id": "26622",
                "lat": 12.91364,
                "lon": 77.45057
              },
              {
                "name": "Hosapalya",
                "name_kn": "ಹೊಸಪಲೆ",
                "stop_id": "32963",
                "lat": 12.91078,
                "lon": 77.4502
              },
              {
                "name": "Bettanapalya",
                "name_kn": "ಬೆಟನಪಲೆ",
                "stop_id": "32005",
                "lat": 12.91199,
                "lon": 77.44322
              },
              {
                "name": "Ashrama Ramohalli",
                "name_kn": "ಅಶ್ರಮ ರಮೊಹಲ್ಲಿ",
                "stop_id": "35671",
                "lat": 12.90627,
                "lon": 77.42882
              },
              {
                "name": "Ramohalli",
                "name_kn": "ರಮೊಹಲ್ಲಿ",
                "stop_id": "34377",
                "lat": 12.90731,
                "lon": 77.41816
              },
              {
                "name": "Maligondanahalli",
                "name_kn": "ಮಲಿಗೊಂದನಹಲ್ಲಿ",
                "stop_id": "33764",
                "lat": 12.91595,
                "lon": 77.41528
              },
              {
                "name": "Maragondanahalli Cross",
                "name_kn": "ಮರಗೊಂದನಹಲ್ಲಿ ಕ್ರೊಸ್ಸ್",
                "stop_id": "33824",
                "lat": 12.93485,
                "lon": 77.4314
              },
              {
                "name": "Muddayyanapalya",
                "name_kn": "ಮುದ್ದಯೆನಪಲೆ",
                "stop_id": "33964",
                "lat": 12.93195,
                "lon": 77.41721
              },
              {
                "name": "Gulaganjahalli",
                "name_kn": "ಗುಲಗಞಹಲ್ಲಿ",
                "stop_id": "25597",
                "lat": 12.93732,
                "lon": 77.41876
              },
              {
                "name": "Halubhavipalya",
                "name_kn": "ಹಲುಭವಿಪಲೆ",
                "stop_id": "35706",
                "lat": 12.94201,
                "lon": 77.41604
              },
              {
                "name": "Eshwara Temple Puttayyanapalya",
                "name_kn": "ಎಶ್ವರ ಟೆಂಪ್ಲೆ ಪುಟಯೆನಪಲೆ",
                "stop_id": "25229",
                "lat": 12.95339,
                "lon": 77.41171
              },
              {
                "name": "Puttaiahnapalya",
                "name_kn": "ಪುಟೈಹ್ನಪಲೆ",
                "stop_id": "34297",
                "lat": 12.95665,
                "lon": 77.41061
              },
              {
                "name": "Puttaiahnapalya Cross",
                "name_kn": "ಪುಟೈಹ್ನಪಲೆ ಕ್ರೊಸ್ಸ್",
                "stop_id": "27786",
                "lat": 12.95984,
                "lon": 77.40676
              },
              {
                "name": "Manjunatha Nagara",
                "name_kn": "ಮಞುನತ ನಗರ",
                "stop_id": "28764",
                "lat": 12.96433,
                "lon": 77.40378
              },
              {
                "name": "Tavarekere",
                "name_kn": "ಟವರೆಕೆರೆ",
                "stop_id": "21609",
                "lat": 12.9658,
                "lon": 77.40008
              }
            ]
          },
          {
            "Route": "226-MA KBS-MYGH",
            "RouteId": 16739,
            "RouteParentId": 8964,
            "Destination": "Mayaganahalli",
            "Via": "",
            "Area": "Mayaganahalli",
            "PlatformNumber": "1",
            "KannadaDestination": "ಮಯಗನಹಲ್ಲಿ",
            "KannadaArea": "ಮಾಯಾಗನಹಳ್ಳಿ",
            "KannadaVia": "",
            "FromStationId": 20926,
            "Stops": [
              {
                "name": "Kengeri Bus Station",
                "name_kn": "ಕೆಙೆರಿ ಬುಸ್ ಸ್ಟಟಿೊಂ",
                "stop_id": "20925",
                "lat": 12.91379,
                "lon": 77.4871
              },
              {
                "name": "Kengeri Police Station",
                "name_kn": "ಕೆಙೆರಿ ಪೊಲಿಕೆ ಸ್ಟಟಿೊಂ",
                "stop_id": "21094",
                "lat": 12.91007,
                "lon": 77.48146
              },
              {
                "name": "Kengeri Metro Station",
                "name_kn": "ಕೆಙೆರಿ ಮೆಟ್ರೊ ಸ್ಟಟಿೊಂ",
                "stop_id": "38620",
                "lat": 12.90757,
                "lon": 77.47606
              },
              {
                "name": "Depot-12 Gate",
                "name_kn": "ದೆಪೊಟ್-12 ಗಟೆ",
                "stop_id": "35721",
                "lat": 12.90471,
                "lon": 77.47084
              },
              {
                "name": "NICE Road Kengeri Road Junction",
                "name_kn": "ನಿಕೆ ರೊದ್ ಕೆಙೆರಿ ರೊದ್ ಜುಂಕ್ಟಿೊಂ",
                "stop_id": "35386",
                "lat": 12.90224,
                "lon": 77.46926
              },
              {
                "name": "Vishwa Okkaligara Mata Basavanagara",
                "name_kn": "ವಿಶ್ವ ೊಕ್ಕಲಿಗರ ಮಟ ಬಸವನಗರ",
                "stop_id": "20627",
                "lat": 12.90099,
                "lon": 77.46746
              },
              {
                "name": "RR Medical College",
                "name_kn": "ರ್ರ್ ಮೆದಿಕಲ್ ಕೊಲ್ಲೆಗೆ",
                "stop_id": "35390",
                "lat": 12.89614,
                "lon": 77.46087
              },
              {
                "name": "Anchepalya",
                "name_kn": "ಅಂಚೆಪಲೆ",
                "stop_id": "20604",
                "lat": 12.89258,
                "lon": 77.45798
              },
              {
                "name": "Juggath Pharma",
                "name_kn": "ಜುಗ್ಗತ್ ಫರ್ಮ",
                "stop_id": "30476",
                "lat": 12.89081,
                "lon": 77.45532
              },
              {
                "name": "Ramohalli Cross",
                "name_kn": "ರಮೊಹಲ್ಲಿ ಕ್ರೊಸ್ಸ್",
                "stop_id": "35388",
                "lat": 12.88674,
                "lon": 77.45125
              },
              {
                "name": "Kumbalagodu",
                "name_kn": "ಕುಂಬಲಗೊದು",
                "stop_id": "35432",
                "lat": 12.87826,
                "lon": 77.4455
              },
              {
                "name": "Pepsi Gate",
                "name_kn": "ಪೆಪ್ಸಿ ಗಟೆ",
                "stop_id": "21086",
                "lat": 12.87197,
                "lon": 77.43943
              },
              {
                "name": "Swami Narayana Gurukula",
                "name_kn": "ಸ್ವಮಿ ನರಯನ ಗುರುಕುಲ",
                "stop_id": "21207",
                "lat": 12.86656,
                "lon": 77.43692
              },
              {
                "name": "Kanminake",
                "name_kn": "ಕಂಮಿನಕೆ",
                "stop_id": "20908",
                "lat": 12.8627,
                "lon": 77.43388
              },
              {
                "name": "Kanminake Colony",
                "name_kn": "ಕಂಮಿನಕೆ ಕೊಲೊನೆ",
                "stop_id": "20910",
                "lat": 12.85774,
                "lon": 77.42925
              },
              {
                "name": "Hejjala Cross",
                "name_kn": "ಹೆಜ್ಜಲ ಕ್ರೊಸ್ಸ್",
                "stop_id": "20828",
                "lat": 12.85533,
                "lon": 77.42714
              },
              {
                "name": "Dalai Lama College",
                "name_kn": "ದಲೈ ಲಮ ಕೊಲ್ಲೆಗೆ",
                "stop_id": "20733",
                "lat": 12.85049,
                "lon": 77.42456
              },
              {
                "name": "Sheshagirihalli",
                "name_kn": "ಶೆಶಗಿರಿಹಲ್ಲಿ",
                "stop_id": "21168",
                "lat": 12.84352,
                "lon": 77.4215
              },
              {
                "name": "Shaneshwaraswamy Temple Sheshagirihalli",
                "name_kn": "ಶನೆಶ್ವರಸ್ವಮೆ ಟೆಂಪ್ಲೆ ಶೆಶಗಿರಿಹಲ್ಲಿ",
                "stop_id": "38784",
                "lat": 12.84289,
                "lon": 77.42114
              },
              {
                "name": "Manchanayakanahalli Gate",
                "name_kn": "ಮಂಚನಯಕನಹಲ್ಲಿ ಗಟೆ",
                "stop_id": "21566",
                "lat": 12.83455,
                "lon": 77.41472
              },
              {
                "name": "Veeranjaneya Temple",
                "name_kn": "ವೀರಞನೆಯ ಟೆಂಪ್ಲೆ",
                "stop_id": "21621",
                "lat": 12.82864,
                "lon": 77.41254
              },
              {
                "name": "Railway Gate Lakshmisagara",
                "name_kn": "ರೈಲ್ವಯ್ ಗಟೆ ಲಕ್ಷ್ಮಿಸಗರ",
                "stop_id": "21589",
                "lat": 12.82418,
                "lon": 77.41136
              },
              {
                "name": "Kadumane Hotel",
                "name_kn": "ಕದುಮನೆ ಹೊಟೆಲ್",
                "stop_id": "35402",
                "lat": 12.81554,
                "lon": 77.40756
              },
              {
                "name": "Billa Kempanahalli Gate",
                "name_kn": "ಬಿಲ್ಲ ಕೆಂಪನಹಲ್ಲಿ ಗಟೆ",
                "stop_id": "21468",
                "lat": 12.81212,
                "lon": 77.40408
              },
              {
                "name": "Chikkabillakempanahalli (Padmashree Hospital)",
                "name_kn": "ಚಿಕ್ಕಬಿಲ್ಲಕೆಂಪನಹಲ್ಲಿ (ಪದ್ಮಶ್ರೀ ಹೊಸ್ಪಿಟಲ್)",
                "stop_id": "39911",
                "lat": 12.80747,
                "lon": 77.40077
              },
              {
                "name": "Byramangala Cross",
                "name_kn": "ಬೆರಮಙಲ ಕ್ರೊಸ್ಸ್",
                "stop_id": "35399",
                "lat": 12.80222,
                "lon": 77.39714
              },
              {
                "name": "Bidadi Railway Station",
                "name_kn": "ಬಿದದಿ ರೈಲ್ವಯ್ ಸ್ಟಟಿೊಂ",
                "stop_id": "21466",
                "lat": 12.79973,
                "lon": 77.39107
              },
              {
                "name": "Bidadi",
                "name_kn": "ಬಿದದಿ",
                "stop_id": "21465",
                "lat": 12.79678,
                "lon": 77.38496
              },
              {
                "name": "Kenchanakuppe Colony",
                "name_kn": "ಕೆಂಚನಕುಪ್ಪೆ ಕೊಲೊನೆ",
                "stop_id": "31005",
                "lat": 12.78972,
                "lon": 77.37617
              },
              {
                "name": "Heggadagere Cross",
                "name_kn": "ಹೆಗ್ಗದಗೆರೆ ಕ್ರೊಸ್ಸ್",
                "stop_id": "25833",
                "lat": 12.78831,
                "lon": 77.37488
              },
              {
                "name": "Kallugopahalli",
                "name_kn": "ಕಲ್ಲುಗೊಪಹಲ್ಲಿ",
                "stop_id": "33274",
                "lat": 12.77678,
                "lon": 77.36244
              },
              {
                "name": "Kapayana Doddy",
                "name_kn": "ಕಪಯನ ದೊದ್ಠೆ",
                "stop_id": "30798",
                "lat": 12.77219,
                "lon": 77.35447
              },
              {
                "name": "Mayaganahalli",
                "name_kn": "ಮಯಗನಹಲ್ಲಿ",
                "stop_id": "33884",
                "lat": 12.76792,
                "lon": 77.33553
              }
            ]
          },
          {
            "Route": "NICE-5",
            "RouteId": 4921,
            "RouteParentId": 2699,
            "Destination": "Electronic City Wipro Main Gate",
            "Via": "",
            "Area": "BEML Layout 5th stage",
            "PlatformNumber": "1",
            "KannadaDestination": "ಎಲೆಕ್ಟ್ರೊನಿಕ್ ಕಿಟೆ ವಿಪ್ರೊ ಮೈಂ ಗಟೆ",
            "KannadaArea": "ಬಿಇಎಂಎಲ್ ಲೇಔಟ್ 5ನೇ ಹಂತ",
            "KannadaVia": "",
            "FromStationId": 20925,
            "Stops": [
              {
                "name": "Kengeri Bus Station",
                "name_kn": "ಕೆಙೆರಿ ಬುಸ್ ಸ್ಟಟಿೊಂ",
                "stop_id": "20925",
                "lat": 12.91379,
                "lon": 77.4871
              },
              {
                "name": "Kengeri Police Station",
                "name_kn": "ಕೆಙೆರಿ ಪೊಲಿಕೆ ಸ್ಟಟಿೊಂ",
                "stop_id": "21094",
                "lat": 12.91007,
                "lon": 77.48146
              },
              {
                "name": "NICE Road Kengeri Road Junction",
                "name_kn": "ನಿಕೆ ರೊದ್ ಕೆಙೆರಿ ರೊದ್ ಜುಂಕ್ಟಿೊಂ",
                "stop_id": "27466",
                "lat": 12.9036,
                "lon": 77.47073
              },
              {
                "name": "NICE Road 9th Stone",
                "name_kn": "ನಿಕೆ ರೊದ್ 9ತ್ ಸ್ಟೊನೆ",
                "stop_id": "29424",
                "lat": 12.88789,
                "lon": 77.48532
              },
              {
                "name": "NICE Office",
                "name_kn": "ನಿಕೆ ೊೞ್ೞಿಕೆ",
                "stop_id": "34154",
                "lat": 12.88111,
                "lon": 77.49329
              },
              {
                "name": "NICE Road 10th Stane",
                "name_kn": "ನಿಕೆ ರೊದ್ 10ತ್ ಸ್ಟನೆ",
                "stop_id": "29375",
                "lat": 12.87273,
                "lon": 77.4986
              },
              {
                "name": "NICE Road 11th Stone",
                "name_kn": "ನಿಕೆ ರೊದ್ 11ತ್ ಸ್ಟೊನೆ",
                "stop_id": "29378",
                "lat": 12.86449,
                "lon": 77.51125
              },
              {
                "name": "NICE Road 12th Stone",
                "name_kn": "ನಿಕೆ ರೊದ್ 12ತ್ ಸ್ಟೊನೆ",
                "stop_id": "29379",
                "lat": 12.86008,
                "lon": 77.52223
              },
              {
                "name": "NICE Road Kanakapura Road",
                "name_kn": "ನಿಕೆ ರೊದ್ ಕನಕಪುರ ರೊದ್",
                "stop_id": "27463",
                "lat": 12.85836,
                "lon": 77.52802
              },
              {
                "name": "Poorvankara Apartment",
                "name_kn": "ಪೂರ್ವಂಕರ ಪರ್ಟ್ಮೆಂಟ್",
                "stop_id": "34274",
                "lat": 12.85351,
                "lon": 77.542
              },
              {
                "name": "NICE Road 13th Stone",
                "name_kn": "ನಿಕೆ ರೊದ್ 13ತ್ ಸ್ಟೊನೆ",
                "stop_id": "29380",
                "lat": 12.84954,
                "lon": 77.55846
              },
              {
                "name": "NICE Road 14th Stone",
                "name_kn": "ನಿಕೆ ರೊದ್ 14ತ್ ಸ್ಟೊನೆ",
                "stop_id": "29382",
                "lat": 12.84866,
                "lon": 77.57206
              },
              {
                "name": "NICE Road Bannerughatta Road Junction",
                "name_kn": "ನಿಕೆ ರೊದ್ ಬಂನೆರುಘಟ ರೊದ್ ಜುಂಕ್ಟಿೊಂ",
                "stop_id": "34157",
                "lat": 12.85032,
                "lon": 77.58619
              },
              {
                "name": "NICE Road 15th Stone",
                "name_kn": "ನಿಕೆ ರೊದ್ 15ತ್ ಸ್ಟೊನೆ",
                "stop_id": "29384",
                "lat": 12.85499,
                "lon": 77.60959
              },
              {
                "name": "NICE Road 16th Stone",
                "name_kn": "ನಿಕೆ ರೊದ್ 16ತ್ ಸ್ಟೊನೆ",
                "stop_id": "29387",
                "lat": 12.86416,
                "lon": 77.6253
              },
              {
                "name": "NICE Road 17th Stone",
                "name_kn": "ನಿಕೆ ರೊದ್ 17ತ್ ಸ್ಟೊನೆ",
                "stop_id": "29389",
                "lat": 12.86481,
                "lon": 77.64383
              },
              {
                "name": "ELC NICE Road",
                "name_kn": "ಎಲ್ಕ್ ನಿಕೆ ರೊದ್",
                "stop_id": "32591",
                "lat": 12.85824,
                "lon": 77.6588
              },
              {
                "name": "Konappana Agarhara",
                "name_kn": "ಕೊನಪ್ಪನ ಗರ್ಹರ",
                "stop_id": "20934",
                "lat": 12.85577,
                "lon": 77.66411
              },
              {
                "name": "Crown Plaza",
                "name_kn": "ಕ್ರೌಂ ಪ್ಲಜ಼",
                "stop_id": "20732",
                "lat": 12.85082,
                "lon": 77.66023
              },
              {
                "name": "Infosys Parking Lot",
                "name_kn": "ಇಂೞೊಶೆಸ್ ಪರ್ಕಿಙ್ ಲೊಟ್",
                "stop_id": "20858",
                "lat": 12.84993,
                "lon": 77.66299
              },
              {
                "name": "BHEL",
                "name_kn": "ಭೆಲ್",
                "stop_id": "20662",
                "lat": 12.84492,
                "lon": 77.66026
              },
              {
                "name": "Wipro Gate Shikaripalya Cross",
                "name_kn": "ವಿಪ್ರೊ ಗಟೆ ಶಿಕರಿಪಲೆ ಕ್ರೊಸ್ಸ್",
                "stop_id": "21282",
                "lat": 12.83905,
                "lon": 77.6591
              },
              {
                "name": "Electronic City Wipro Main Gate",
                "name_kn": "ಎಲೆಕ್ಟ್ರೊನಿಕ್ ಕಿಟೆ ವಿಪ್ರೊ ಮೈಂ ಗಟೆ",
                "stop_id": "20772",
                "lat": 12.83594,
                "lon": 77.65742
              }
            ]
          },
          {
            "Route": "NICE-5K",
            "RouteId": 15122,
            "RouteParentId": 8103,
            "Destination": "Electronic City 378",
            "Via": "",
            "Area": "Kengeri Bus Station",
            "PlatformNumber": "1",
            "KannadaDestination": "ಎಲೆಕ್ಟ್ರೊನಿಕ್ ಕಿಟೆ 378",
            "KannadaArea": "ಘಟಕ-37 ಕೆಂಗೇರಿ",
            "KannadaVia": "",
            "FromStationId": 20925,
            "Stops": [
              {
                "name": "Kengeri Bus Station",
                "name_kn": "ಕೆಙೆರಿ ಬುಸ್ ಸ್ಟಟಿೊಂ",
                "stop_id": "20925",
                "lat": 12.91379,
                "lon": 77.4871
              },
              {
                "name": "Kengeri Police Station",
                "name_kn": "ಕೆಙೆರಿ ಪೊಲಿಕೆ ಸ್ಟಟಿೊಂ",
                "stop_id": "21094",
                "lat": 12.91007,
                "lon": 77.48146
              },
              {
                "name": "NICE Road Kengeri Road Junction",
                "name_kn": "ನಿಕೆ ರೊದ್ ಕೆಙೆರಿ ರೊದ್ ಜುಂಕ್ಟಿೊಂ",
                "stop_id": "27466",
                "lat": 12.9036,
                "lon": 77.47073
              },
              {
                "name": "NICE Road 9th Stone",
                "name_kn": "ನಿಕೆ ರೊದ್ 9ತ್ ಸ್ಟೊನೆ",
                "stop_id": "29424",
                "lat": 12.88789,
                "lon": 77.48532
              },
              {
                "name": "NICE Office",
                "name_kn": "ನಿಕೆ ೊೞ್ೞಿಕೆ",
                "stop_id": "34154",
                "lat": 12.88111,
                "lon": 77.49329
              },
              {
                "name": "NICE Road 10th Stane",
                "name_kn": "ನಿಕೆ ರೊದ್ 10ತ್ ಸ್ಟನೆ",
                "stop_id": "29375",
                "lat": 12.87273,
                "lon": 77.4986
              },
              {
                "name": "NICE Road 11th Stone",
                "name_kn": "ನಿಕೆ ರೊದ್ 11ತ್ ಸ್ಟೊನೆ",
                "stop_id": "29378",
                "lat": 12.86449,
                "lon": 77.51125
              },
              {
                "name": "NICE Road 12th Stone",
                "name_kn": "ನಿಕೆ ರೊದ್ 12ತ್ ಸ್ಟೊನೆ",
                "stop_id": "29379",
                "lat": 12.86008,
                "lon": 77.52223
              },
              {
                "name": "NICE Road Kanakapura Road",
                "name_kn": "ನಿಕೆ ರೊದ್ ಕನಕಪುರ ರೊದ್",
                "stop_id": "27463",
                "lat": 12.85836,
                "lon": 77.52802
              },
              {
                "name": "Poorvankara Apartment",
                "name_kn": "ಪೂರ್ವಂಕರ ಪರ್ಟ್ಮೆಂಟ್",
                "stop_id": "34274",
                "lat": 12.85351,
                "lon": 77.542
              },
              {
                "name": "NICE Road 13th Stone",
                "name_kn": "ನಿಕೆ ರೊದ್ 13ತ್ ಸ್ಟೊನೆ",
                "stop_id": "29380",
                "lat": 12.84954,
                "lon": 77.55846
              },
              {
                "name": "NICE Road 14th Stone",
                "name_kn": "ನಿಕೆ ರೊದ್ 14ತ್ ಸ್ಟೊನೆ",
                "stop_id": "29382",
                "lat": 12.84866,
                "lon": 77.57206
              },
              {
                "name": "NICE Road Bannerughatta Road Junction",
                "name_kn": "ನಿಕೆ ರೊದ್ ಬಂನೆರುಘಟ ರೊದ್ ಜುಂಕ್ಟಿೊಂ",
                "stop_id": "34157",
                "lat": 12.85032,
                "lon": 77.58619
              },
              {
                "name": "NICE Road 15th Stone",
                "name_kn": "ನಿಕೆ ರೊದ್ 15ತ್ ಸ್ಟೊನೆ",
                "stop_id": "29384",
                "lat": 12.85499,
                "lon": 77.60959
              },
              {
                "name": "NICE Road 16th Stone",
                "name_kn": "ನಿಕೆ ರೊದ್ 16ತ್ ಸ್ಟೊನೆ",
                "stop_id": "29387",
                "lat": 12.86416,
                "lon": 77.6253
              },
              {
                "name": "NICE Road 17th Stone",
                "name_kn": "ನಿಕೆ ರೊದ್ 17ತ್ ಸ್ಟೊನೆ",
                "stop_id": "29389",
                "lat": 12.86481,
                "lon": 77.64383
              },
              {
                "name": "ELC NICE Road",
                "name_kn": "ಎಲ್ಕ್ ನಿಕೆ ರೊದ್",
                "stop_id": "32591",
                "lat": 12.85824,
                "lon": 77.6588
              },
              {
                "name": "Konappana Agarhara (Electronic City Metro Station)",
                "name_kn": "ಕೊನಪ್ಪನ ಗರ್ಹರ (ೆಲೆಕ್ಟ್ರೊನಿಕ್ ಕಿಟೆ ಮೆಟ್ರೊ ಸ್ಟಟಿೊಂ)",
                "stop_id": "22192",
                "lat": 12.85611,
                "lon": 77.66454
              },
              {
                "name": "DEPOT-19 Gate",
                "name_kn": "ದೆಪೊಟ್-19 ಗಟೆ",
                "stop_id": "38109",
                "lat": 12.84691,
                "lon": 77.67192
              },
              {
                "name": "E-CITY 2 - XIME JUNCTION",
                "name_kn": "ಎ-ಕಿಟೆ 2 - ಕ್ಸ್ಿಮೆ ಜುಂಕ್ಟಿೊಂ",
                "stop_id": "25204",
                "lat": 12.84757,
                "lon": 77.67476
              },
              {
                "name": "Electronic City NICE-10",
                "name_kn": "ಎಲೆಕ್ಟ್ರೊನಿಕ್ ಕಿಟೆ ನಿಕೆ-10",
                "stop_id": "39700",
                "lat": 12.84585,
                "lon": 77.67177
              },
              {
                "name": "Electronic City 378",
                "name_kn": "ಎಲೆಕ್ಟ್ರೊನಿಕ್ ಕಿಟೆ 378",
                "stop_id": "23991",
                "lat": 12.84697,
                "lon": 77.6707
              }
            ]
          },
          {
            "Route": "222 SCS-KGR",
            "RouteId": 7439,
            "RouteParentId": 3998,
            "Destination": "St Clare School",
            "Via": "",
            "Area": "Kengeri Bus Station",
            "PlatformNumber": "1",
            "KannadaDestination": "ಸ್ಟ್ ಕ್ಲರೆ ಸ್ಚೂಲ್",
            "KannadaArea": "ಘಟಕ-37 ಕೆಂಗೇರಿ",
            "KannadaVia": "",
            "FromStationId": 20925,
            "Stops": [
              {
                "name": "Kengeri Bus Station",
                "name_kn": "ಕೆಙೆರಿ ಬುಸ್ ಸ್ಟಟಿೊಂ",
                "stop_id": "20925",
                "lat": 12.91379,
                "lon": 77.4871
              },
              {
                "name": "Kengeri Police Station",
                "name_kn": "ಕೆಙೆರಿ ಪೊಲಿಕೆ ಸ್ಟಟಿೊಂ",
                "stop_id": "21094",
                "lat": 12.91007,
                "lon": 77.48146
              },
              {
                "name": "Kengeri Metro Station",
                "name_kn": "ಕೆಙೆರಿ ಮೆಟ್ರೊ ಸ್ಟಟಿೊಂ",
                "stop_id": "38620",
                "lat": 12.90757,
                "lon": 77.47606
              },
              {
                "name": "Depot-12 Gate",
                "name_kn": "ದೆಪೊಟ್-12 ಗಟೆ",
                "stop_id": "35721",
                "lat": 12.90471,
                "lon": 77.47084
              },
              {
                "name": "Vishwa Okkaligara Mata Basavanagara",
                "name_kn": "ವಿಶ್ವ ೊಕ್ಕಲಿಗರ ಮಟ ಬಸವನಗರ",
                "stop_id": "20627",
                "lat": 12.90099,
                "lon": 77.46746
              },
              {
                "name": "RR Medical College",
                "name_kn": "ರ್ರ್ ಮೆದಿಕಲ್ ಕೊಲ್ಲೆಗೆ",
                "stop_id": "35390",
                "lat": 12.89614,
                "lon": 77.46087
              },
              {
                "name": "Anchepalya",
                "name_kn": "ಅಂಚೆಪಲೆ",
                "stop_id": "20604",
                "lat": 12.89258,
                "lon": 77.45798
              },
              {
                "name": "Challeghatta",
                "name_kn": "ಚಲ್ಲೆಘಟ",
                "stop_id": "24396",
                "lat": 12.89663,
                "lon": 77.45333
              },
              {
                "name": "Hosapalya",
                "name_kn": "ಹೊಸಪಲೆ",
                "stop_id": "32964",
                "lat": 12.91064,
                "lon": 77.45016
              },
              {
                "name": "Sri Shiradi Sai Temple",
                "name_kn": "ಸ್ರಿ ಶಿರದಿ ಸೈ ಟೆಂಪ್ಲೆ",
                "stop_id": "34674",
                "lat": 12.91352,
                "lon": 77.45054
              },
              {
                "name": "St Clare School",
                "name_kn": "ಸ್ಟ್ ಕ್ಲರೆ ಸ್ಚೂಲ್",
                "stop_id": "26688",
                "lat": 12.91462,
                "lon": 77.44773
              }
            ]
          },
          {
            "Route": "227-HA SBS-KBS-KRBP",
            "RouteId": 14711,
            "RouteParentId": 7883,
            "Destination": "Kurubarapalya",
            "Via": "",
            "Area": "Shivajinagara Bus Station",
            "PlatformNumber": "1",
            "KannadaDestination": "ಕುರುಬರಪಲೆ",
            "KannadaArea": "ಶಿವಾಜಿನಗರ ಬಸ್ ನಿಲ್ದಾಣ",
            "KannadaVia": "",
            "FromStationId": 20925,
            "Stops": [
              {
                "name": "Kengeri Bus Station",
                "name_kn": "ಕೆಙೆರಿ ಬುಸ್ ಸ್ಟಟಿೊಂ",
                "stop_id": "20925",
                "lat": 12.91379,
                "lon": 77.4871
              },
              {
                "name": "Kengeri Police Station",
                "name_kn": "ಕೆಙೆರಿ ಪೊಲಿಕೆ ಸ್ಟಟಿೊಂ",
                "stop_id": "21094",
                "lat": 12.91007,
                "lon": 77.48146
              },
              {
                "name": "Kengeri Metro Station",
                "name_kn": "ಕೆಙೆರಿ ಮೆಟ್ರೊ ಸ್ಟಟಿೊಂ",
                "stop_id": "38620",
                "lat": 12.90757,
                "lon": 77.47606
              },
              {
                "name": "Depot-12 Gate",
                "name_kn": "ದೆಪೊಟ್-12 ಗಟೆ",
                "stop_id": "35721",
                "lat": 12.90471,
                "lon": 77.47084
              },
              {
                "name": "NICE Road Kengeri Road Junction",
                "name_kn": "ನಿಕೆ ರೊದ್ ಕೆಙೆರಿ ರೊದ್ ಜುಂಕ್ಟಿೊಂ",
                "stop_id": "35386",
                "lat": 12.90224,
                "lon": 77.46926
              },
              {
                "name": "Vishwa Okkaligara Mata Basavanagara",
                "name_kn": "ವಿಶ್ವ ೊಕ್ಕಲಿಗರ ಮಟ ಬಸವನಗರ",
                "stop_id": "20627",
                "lat": 12.90099,
                "lon": 77.46746
              },
              {
                "name": "RR Medical College",
                "name_kn": "ರ್ರ್ ಮೆದಿಕಲ್ ಕೊಲ್ಲೆಗೆ",
                "stop_id": "35390",
                "lat": 12.89614,
                "lon": 77.46087
              },
              {
                "name": "Anchepalya",
                "name_kn": "ಅಂಚೆಪಲೆ",
                "stop_id": "20604",
                "lat": 12.89258,
                "lon": 77.45798
              },
              {
                "name": "Juggath Pharma",
                "name_kn": "ಜುಗ್ಗತ್ ಫರ್ಮ",
                "stop_id": "30476",
                "lat": 12.89081,
                "lon": 77.45532
              },
              {
                "name": "Ramohalli Cross",
                "name_kn": "ರಮೊಹಲ್ಲಿ ಕ್ರೊಸ್ಸ್",
                "stop_id": "35388",
                "lat": 12.88674,
                "lon": 77.45125
              },
              {
                "name": "Gerupalya",
                "name_kn": "ಗೆರುಪಲೆ",
                "stop_id": "25386",
                "lat": 12.88767,
                "lon": 77.4443
              },
              {
                "name": "Subbarayappanapalya Cross",
                "name_kn": "ಸುಬ್ಬರಯಪ್ಪನಪಲೆ ಕ್ರೊಸ್ಸ್",
                "stop_id": "34710",
                "lat": 12.88923,
                "lon": 77.4377
              },
              {
                "name": "Bheemanakuppe Cross",
                "name_kn": "ಭೀಮನಕುಪ್ಪೆ ಕ್ರೊಸ್ಸ್",
                "stop_id": "30010",
                "lat": 12.89482,
                "lon": 77.43661
              },
              {
                "name": "MGM School",
                "name_kn": "ಂಗ್ಂ ಸ್ಚೂಲ್",
                "stop_id": "33928",
                "lat": 12.8976,
                "lon": 77.43268
              },
              {
                "name": "Vinayakanagara Ramohalli",
                "name_kn": "ವಿನಯಕನಗರ ರಮೊಹಲ್ಲಿ",
                "stop_id": "31839",
                "lat": 12.90319,
                "lon": 77.43002
              },
              {
                "name": "Ashrama Ramohalli",
                "name_kn": "ಅಶ್ರಮ ರಮೊಹಲ್ಲಿ",
                "stop_id": "35671",
                "lat": 12.90627,
                "lon": 77.42882
              },
              {
                "name": "Ramohalli",
                "name_kn": "ರಮೊಹಲ್ಲಿ",
                "stop_id": "34377",
                "lat": 12.90731,
                "lon": 77.41816
              },
              {
                "name": "Kethohalli",
                "name_kn": "ಕೆತೊಹಲ್ಲಿ",
                "stop_id": "31052",
                "lat": 12.9073,
                "lon": 77.40336
              },
              {
                "name": "Dodda Aladamara",
                "name_kn": "ದೊದ್ದ ಲದಮರ",
                "stop_id": "32495",
                "lat": 12.9099,
                "lon": 77.39534
              },
              {
                "name": "Chunchanakuppe",
                "name_kn": "ಚುಂಚನಕುಪ್ಪೆ",
                "stop_id": "24696",
                "lat": 12.91038,
                "lon": 77.38631
              },
              {
                "name": "Tavarekatte",
                "name_kn": "ಟವರೆಕಟೆ",
                "stop_id": "26828",
                "lat": 12.91145,
                "lon": 77.38282
              },
              {
                "name": "Channappa Circle",
                "name_kn": "ಚಂನಪ್ಪ ಕಿರ್ಕ್ಲೆ",
                "stop_id": "24432",
                "lat": 12.91021,
                "lon": 77.37336
              },
              {
                "name": "Chandrappa Circle",
                "name_kn": "ಚಂದ್ರಪ್ಪ ಕಿರ್ಕ್ಲೆ",
                "stop_id": "24411",
                "lat": 12.91049,
                "lon": 77.36962
              },
              {
                "name": "Sulivara Cross",
                "name_kn": "ಸುಲಿವರ ಕ್ರೊಸ್ಸ್",
                "stop_id": "26746",
                "lat": 12.90252,
                "lon": 77.36757
              },
              {
                "name": "Sulivara",
                "name_kn": "ಸುಲಿವರ",
                "stop_id": "34726",
                "lat": 12.90297,
                "lon": 77.36215
              },
              {
                "name": "Kurubarapalya",
                "name_kn": "ಕುರುಬರಪಲೆ",
                "stop_id": "28419",
                "lat": 12.91143,
                "lon": 77.36276
              }
            ]
          },
          {
            "Route": "501-A",
            "RouteId": 1754,
            "RouteParentId": 1044,
            "Destination": "Hebbala Bridge",
            "Via": "",
            "Area": "Hebbala Bridge",
            "PlatformNumber": "1",
            "KannadaDestination": "ಹೆಬ್ಬಲ ಬ್ರಿದ್ಗೆ",
            "KannadaArea": "ಹೆಬ್ಬಾಳ ಬ್ರಿಡ್ಜ್",
            "KannadaVia": "",
            "FromStationId": 20926,
            "Stops": [
              {
                "name": "Kengeri Bus Station",
                "name_kn": "ಕೆಙೆರಿ ಬುಸ್ ಸ್ಟಟಿೊಂ",
                "stop_id": "20925",
                "lat": 12.91379,
                "lon": 77.4871
              },
              {
                "name": "Kengeri Police Station",
                "name_kn": "ಕೆಙೆರಿ ಪೊಲಿಕೆ ಸ್ಟಟಿೊಂ",
                "stop_id": "21094",
                "lat": 12.91007,
                "lon": 77.48146
              },
              {
                "name": "Kengeri Ganesha Temple",
                "name_kn": "ಕೆಙೆರಿ ಗನೆಶ ಟೆಂಪ್ಲೆ",
                "stop_id": "20782",
                "lat": 12.91126,
                "lon": 77.48029
              },
              {
                "name": "Kommaghatta Junction",
                "name_kn": "ಕೊಮ್ಮಘಟ ಜುಂಕ್ಟಿೊಂ",
                "stop_id": "20882",
                "lat": 12.91444,
                "lon": 77.48144
              },
              {
                "name": "Kengeri Post Office",
                "name_kn": "ಕೆಙೆರಿ ಪೊಸ್ಟ್ ೊೞ್ೞಿಕೆ",
                "stop_id": "22165",
                "lat": 12.91543,
                "lon": 77.48181
              },
              {
                "name": "Kengeri Railway Station",
                "name_kn": "ಕೆಙೆರಿ ರೈಲ್ವಯ್ ಸ್ಟಟಿೊಂ",
                "stop_id": "21110",
                "lat": 12.91686,
                "lon": 77.48234
              },
              {
                "name": "Kengeri Satellite Town",
                "name_kn": "ಕೆಙೆರಿ ಸಟೆಲ್ಲಿಟೆ ಟೌಂ",
                "stop_id": "22167",
                "lat": 12.92355,
                "lon": 77.48479
              },
              {
                "name": "Kengeri Church",
                "name_kn": "ಕೆಙೆರಿ ಚುರ್ಚ್",
                "stop_id": "20923",
                "lat": 12.92874,
                "lon": 77.48664
              },
              {
                "name": "Shirke KHB Quarters",
                "name_kn": "ಶಿರ್ಕೆ ಖ್ಬ್ qುರ್ಟೆರ್ಸ್",
                "stop_id": "22665",
                "lat": 12.93193,
                "lon": 77.48762
              },
              {
                "name": "Nagadevanahalli",
                "name_kn": "ನಗದೆವನಹಲ್ಲಿ",
                "stop_id": "22323",
                "lat": 12.93591,
                "lon": 77.4923
              },
              {
                "name": "Kenchanapura Cross",
                "name_kn": "ಕೆಂಚನಪುರ ಕ್ರೊಸ್ಸ್",
                "stop_id": "22162",
                "lat": 12.94157,
                "lon": 77.49344
              },
              {
                "name": "Mariyappanapalya",
                "name_kn": "ಮರಿಯಪ್ಪನಪಲೆ",
                "stop_id": "22265",
                "lat": 12.94526,
                "lon": 77.49539
              },
              {
                "name": "PVP School",
                "name_kn": "ಪ್ವ್ಪ್ ಸ್ಚೂಲ್",
                "stop_id": "22407",
                "lat": 12.94826,
                "lon": 77.49697
              },
              {
                "name": "Univesity Quarters",
                "name_kn": "ಉನಿವೆಸಿಟೆ qುರ್ಟೆರ್ಸ್",
                "stop_id": "21747",
                "lat": 12.9528,
                "lon": 77.50008
              },
              {
                "name": "Mallathahalli Cross",
                "name_kn": "ಮಲ್ಲತಹಲ್ಲಿ ಕ್ರೊಸ್ಸ್",
                "stop_id": "22245",
                "lat": 12.95782,
                "lon": 77.50321
              },
              {
                "name": "Kengunte Circle (IIPM)",
                "name_kn": "ಕೆಙುಂಟೆ ಕಿರ್ಕ್ಲೆ (ೀಪ್ಂ)",
                "stop_id": "22170",
                "lat": 12.96064,
                "lon": 77.50435
              },
              {
                "name": "Ambedkar Institute of Technology",
                "name_kn": "ಅಂಬೆದ್ಕರ್ ಿಂಸ್ಟಿಟುಟೆ ೊೞ್ ಟೆಚ್ನೊಲೊಗೆ",
                "stop_id": "21454",
                "lat": 12.96319,
                "lon": 77.50502
              },
              {
                "name": "Deepa Complex",
                "name_kn": "ದೀಪ ಕೊಂಪ್ಲೆಕ್ಸ್",
                "stop_id": "35400",
                "lat": 12.96667,
                "lon": 77.50506
              },
              {
                "name": "Papareddypalya",
                "name_kn": "ಪಪರೆದ್ಠೆಪಲೆ",
                "stop_id": "21584",
                "lat": 12.9721,
                "lon": 77.50772
              },
              {
                "name": "Aladamara Papareddypalya",
                "name_kn": "ಅಲದಮರ ಪಪರೆದ್ಠೆಪಲೆ",
                "stop_id": "21451",
                "lat": 12.97525,
                "lon": 77.50947
              },
              {
                "name": "BDA Complex Nagarabhavi",
                "name_kn": "ಬ್ದ ಕೊಂಪ್ಲೆಕ್ಸ್ ನಗರಭವಿ",
                "stop_id": "35397",
                "lat": 12.97958,
                "lon": 77.51064
              },
              {
                "name": "Vokkaliga School Kottigepalya",
                "name_kn": "ವೊಕ್ಕಲಿಗ ಸ್ಚೂಲ್ ಕೊಟಿಗೆಪಲೆ",
                "stop_id": "22615",
                "lat": 12.98604,
                "lon": 77.51153
              },
              {
                "name": "Kottigepalya",
                "name_kn": "ಕೊಟಿಗೆಪಲೆ",
                "stop_id": "20936",
                "lat": 12.98786,
                "lon": 77.51405
              },
              {
                "name": "Summanahalli",
                "name_kn": "ಸುಮ್ಮನಹಲ್ಲಿ",
                "stop_id": "35413",
                "lat": 12.98848,
                "lon": 77.51962
              },
              {
                "name": "Depot-31 Gate",
                "name_kn": "ದೆಪೊಟ್-31 ಗಟೆ",
                "stop_id": "35917",
                "lat": 12.99311,
                "lon": 77.5213
              },
              {
                "name": "Lurdubayi Samudaya Bhavana",
                "name_kn": "ಲುರ್ದುಬಯಿ ಸಮುದಯ ಭವನ",
                "stop_id": "33695",
                "lat": 12.99752,
                "lon": 77.52334
              },
              {
                "name": "Kempegowda Arch",
                "name_kn": "ಕೆಂಪೆಗೌದ ರ್ಚ್",
                "stop_id": "33443",
                "lat": 13.00171,
                "lon": 77.52538
              },
              {
                "name": "Laggere Bridge",
                "name_kn": "ಲಗ್ಗೆರೆ ಬ್ರಿದ್ಗೆ",
                "stop_id": "28439",
                "lat": 13.00843,
                "lon": 77.52664
              },
              {
                "name": "Nandini Layout Ring Road",
                "name_kn": "ನಂದಿನಿ ಲಯೌಟ್ ರಿಙ್ ರೊದ್",
                "stop_id": "27499",
                "lat": 13.0116,
                "lon": 77.52853
              },
              {
                "name": "Nandhini Layout",
                "name_kn": "ನಂಧಿನಿ ಲಯೌಟ್",
                "stop_id": "29289",
                "lat": 13.01473,
                "lon": 77.53052
              },
              {
                "name": "Rajkumar Punya Bhoomi",
                "name_kn": "ರಜ್ಕುಮರ್ ಪುನೆ ಭೂಮಿ",
                "stop_id": "34344",
                "lat": 13.01818,
                "lon": 77.53163
              },
              {
                "name": "Kanteerava Studio",
                "name_kn": "ಕಂಟೀರವ ಸ್ಟುದಿೊ",
                "stop_id": "35254",
                "lat": 13.02263,
                "lon": 77.5327
              },
              {
                "name": "Modern Food Goraguntepalya",
                "name_kn": "ಮೊದೆರ್ಂ ೞೂದ್ ಗೊರಗುಂಟೆಪಲೆ",
                "stop_id": "24014",
                "lat": 13.02482,
                "lon": 77.53395
              },
              {
                "name": "Reliance Petrol Bunk Goraguntepalya",
                "name_kn": "ರೆಲಿಂಕೆ ಪೆಟ್ರೊಲ್ ಬುಂಕ್ ಗೊರಗುಂಟೆಪಲೆ",
                "stop_id": "24015",
                "lat": 13.02861,
                "lon": 77.53612
              },
              {
                "name": "Goraguntepalya",
                "name_kn": "ಗೊರಗುಂಟೆಪಲೆ",
                "stop_id": "21517",
                "lat": 13.02951,
                "lon": 77.54012
              },
              {
                "name": "Alisda",
                "name_kn": "ಅಲಿಸ್ದ",
                "stop_id": "21452",
                "lat": 13.03392,
                "lon": 77.54098
              },
              {
                "name": "Jalahalli Village",
                "name_kn": "ಜಲಹಲ್ಲಿ ವಿಲ್ಲಗೆ",
                "stop_id": "21540",
                "lat": 13.04179,
                "lon": 77.54725
              },
              {
                "name": "Jalahalli Bakery",
                "name_kn": "ಜಲಹಲ್ಲಿ ಬಕೆರೆ",
                "stop_id": "21461",
                "lat": 13.04264,
                "lon": 77.54978
              },
              {
                "name": "Muthyalanagara Cross",
                "name_kn": "ಮುತೆಲನಗರ ಕ್ರೊಸ್ಸ್",
                "stop_id": "21575",
                "lat": 13.04374,
                "lon": 77.55325
              },
              {
                "name": "MES Road",
                "name_kn": "ಮೆಸ್ ರೊದ್",
                "stop_id": "21570",
                "lat": 13.04403,
                "lon": 77.5543
              },
              {
                "name": "BEL Circle",
                "name_kn": "ಬೆಲ್ ಕಿರ್ಕ್ಲೆ",
                "stop_id": "21463",
                "lat": 13.04376,
                "lon": 77.55806
              },
              {
                "name": "Kuvempu Circle",
                "name_kn": "ಕುವೆಂಪು ಕಿರ್ಕ್ಲೆ",
                "stop_id": "20961",
                "lat": 13.04465,
                "lon": 77.56263
              },
              {
                "name": "Devinagara Cross",
                "name_kn": "ದೆವಿನಗರ ಕ್ರೊಸ್ಸ್",
                "stop_id": "20757",
                "lat": 13.047,
                "lon": 77.56904
              },
              {
                "name": "Bhadrappa Layout",
                "name_kn": "ಭದ್ರಪ್ಪ ಲಯೌಟ್",
                "stop_id": "20660",
                "lat": 13.04762,
                "lon": 77.57598
              },
              {
                "name": "Hebbala Bridge",
                "name_kn": "ಹೆಬ್ಬಲ ಬ್ರಿದ್ಗೆ",
                "stop_id": "25819",
                "lat": 13.0432,
                "lon": 77.5903
              }
            ]
          },
          {
            "Route": "501-A ST BEN-BSK",
            "RouteId": 13768,
            "RouteParentId": 7343,
            "Destination": "Banashankari Bus Station",
            "Via": "",
            "Area": "St Bentic School",
            "PlatformNumber": "1",
            "KannadaDestination": "ಬನಶಂಕರಿ ಬುಸ್ ಸ್ಟಟಿೊಂ",
            "KannadaArea": "ಸೆಂಟ್‌ ಬೆಂಟಿಕ್‌ ಶಾಲೆ",
            "KannadaVia": "",
            "FromStationId": 20926,
            "Stops": [
              {
                "name": "Kengeri Bus Station",
                "name_kn": "ಕೆಙೆರಿ ಬುಸ್ ಸ್ಟಟಿೊಂ",
                "stop_id": "20926",
                "lat": 12.91406,
                "lon": 77.48645
              },
              {
                "name": "Mylasandra Cross",
                "name_kn": "ಮೆಲಸಂದ್ರ ಕ್ರೊಸ್ಸ್",
                "stop_id": "21040",
                "lat": 12.91751,
                "lon": 77.49039
              },
              {
                "name": "Dubasipalya Cross",
                "name_kn": "ದುಬಸಿಪಲೆ ಕ್ರೊಸ್ಸ್",
                "stop_id": "20765",
                "lat": 12.9229,
                "lon": 77.49583
              },
              {
                "name": "RV College",
                "name_kn": "ರ್ವ್ ಕೊಲ್ಲೆಗೆ",
                "stop_id": "21146",
                "lat": 12.92529,
                "lon": 77.49918
              },
              {
                "name": "Jayaram Das Factory",
                "name_kn": "ಜಯರಂ ದಸ್ ೞಕ್ಟೊರೆ",
                "stop_id": "20879",
                "lat": 12.93011,
                "lon": 77.5056
              },
              {
                "name": "Bengaluru University Gate",
                "name_kn": "ಬೆಙಲುರು ುನಿವೆರ್ಸಿಟೆ ಗಟೆ",
                "stop_id": "20649",
                "lat": 12.93573,
                "lon": 77.51332
              },
              {
                "name": "Rajarajeshwari nagara Gate",
                "name_kn": "ರಜರಜೆಶ್ವರಿ ನಗರ ಗಟೆ",
                "stop_id": "21140",
                "lat": 12.93649,
                "lon": 77.51861
              },
              {
                "name": "BWSSB Quarters Nayandahalli",
                "name_kn": "ಬ್ವ್ಸ್ಸ್ಬ್ qುರ್ಟೆರ್ಸ್ ನಯಂದಹಲ್ಲಿ",
                "stop_id": "20691",
                "lat": 12.93987,
                "lon": 77.5236
              },
              {
                "name": "Nayandahalli",
                "name_kn": "ನಯಂದಹಲ್ಲಿ",
                "stop_id": "21053",
                "lat": 12.94288,
                "lon": 77.52576
              },
              {
                "name": "Nayandahalli Junction",
                "name_kn": "ನಯಂದಹಲ್ಲಿ ಜುಂಕ್ಟಿೊಂ",
                "stop_id": "23371",
                "lat": 12.94381,
                "lon": 77.53029
              },
              {
                "name": "Veerabhadra Nagara",
                "name_kn": "ವೀರಭದ್ರ ನಗರ",
                "stop_id": "21249",
                "lat": 12.93807,
                "lon": 77.53368
              },
              {
                "name": "PES College",
                "name_kn": "ಪೆಸ್ ಕೊಲ್ಲೆಗೆ",
                "stop_id": "21088",
                "lat": 12.93522,
                "lon": 77.53674
              },
              {
                "name": "Hosakerehalli Petrol Bunk",
                "name_kn": "ಹೊಸಕೆರೆಹಲ್ಲಿ ಪೆಟ್ರೊಲ್ ಬುಂಕ್",
                "stop_id": "20844",
                "lat": 12.9337,
                "lon": 77.53936
              },
              {
                "name": "Hosakerehalli  Junction",
                "name_kn": "ಹೊಸಕೆರೆಹಲ್ಲಿ  ಜುಂಕ್ಟಿೊಂ",
                "stop_id": "20842",
                "lat": 12.93043,
                "lon": 77.54361
              },
              {
                "name": "Janatha Bazar  Banashankari",
                "name_kn": "ಜನತ ಬಜ಼ರ್  ಬನಶಂಕರಿ",
                "stop_id": "20875",
                "lat": 12.92839,
                "lon": 77.54594
              },
              {
                "name": "Kathriguppe",
                "name_kn": "ಕತ್ರಿಗುಪ್ಪೆ",
                "stop_id": "20916",
                "lat": 12.92543,
                "lon": 77.55008
              },
              {
                "name": "Kamakya Talkies",
                "name_kn": "ಕಮಕೆ ಟಲ್ಕಿೆಸ್",
                "stop_id": "35773",
                "lat": 12.92382,
                "lon": 77.55393
              },
              {
                "name": "Devegowda Petrol Bunk",
                "name_kn": "ದೆವೆಗೌದ ಪೆಟ್ರೊಲ್ ಬುಂಕ್",
                "stop_id": "20755",
                "lat": 12.92189,
                "lon": 77.56058
              },
              {
                "name": "Kadirenahalli Park",
                "name_kn": "ಕದಿರೆನಹಲ್ಲಿ ಪರ್ಕ್",
                "stop_id": "20898",
                "lat": 12.91768,
                "lon": 77.56453
              },
              {
                "name": "Kadirenahalli Cross",
                "name_kn": "ಕದಿರೆನಹಲ್ಲಿ ಕ್ರೊಸ್ಸ್",
                "stop_id": "20896",
                "lat": 12.91391,
                "lon": 77.56657
              },
              {
                "name": "Banashankari Bus Station",
                "name_kn": "ಬನಶಂಕರಿ ಬುಸ್ ಸ್ಟಟಿೊಂ",
                "stop_id": "20624",
                "lat": 12.91736,
                "lon": 77.5727
              }
            ]
          },
          {
            "Route": "223-L KTTMC-MRN",
            "RouteId": 6868,
            "RouteParentId": 3695,
            "Destination": "Maruthi Nagara",
            "Via": "",
            "Area": "Kengeri Bus Station",
            "PlatformNumber": "1",
            "KannadaDestination": "ಮರುತಿ ನಗರ",
            "KannadaArea": "ಘಟಕ-37 ಕೆಂಗೇರಿ",
            "KannadaVia": "",
            "FromStationId": 20925,
            "Stops": [
              {
                "name": "Kengeri Bus Station",
                "name_kn": "ಕೆಙೆರಿ ಬುಸ್ ಸ್ಟಟಿೊಂ",
                "stop_id": "20925",
                "lat": 12.91379,
                "lon": 77.4871
              },
              {
                "name": "Kengeri Police Station",
                "name_kn": "ಕೆಙೆರಿ ಪೊಲಿಕೆ ಸ್ಟಟಿೊಂ",
                "stop_id": "21094",
                "lat": 12.91007,
                "lon": 77.48146
              },
              {
                "name": "Kengeri Ganesha Temple",
                "name_kn": "ಕೆಙೆರಿ ಗನೆಶ ಟೆಂಪ್ಲೆ",
                "stop_id": "20782",
                "lat": 12.91126,
                "lon": 77.48029
              },
              {
                "name": "Kommaghatta Junction",
                "name_kn": "ಕೊಮ್ಮಘಟ ಜುಂಕ್ಟಿೊಂ",
                "stop_id": "20882",
                "lat": 12.91444,
                "lon": 77.48144
              },
              {
                "name": "Robin Theatre",
                "name_kn": "ರೊಬಿಂ ತೆಟ್ರೆ",
                "stop_id": "28049",
                "lat": 12.91601,
                "lon": 77.4798
              },
              {
                "name": "Bande Mutt Gate Kengeri",
                "name_kn": "ಬಂದೆ ಮುಟ್ ಗಟೆ ಕೆಙೆರಿ",
                "stop_id": "31878",
                "lat": 12.91899,
                "lon": 77.47749
              },
              {
                "name": "Beedi Karmikara Colony Gate",
                "name_kn": "ಬೀದಿ ಕರ್ಮಿಕರ ಕೊಲೊನೆ ಗಟೆ",
                "stop_id": "31936",
                "lat": 12.92231,
                "lon": 77.47482
              },
              {
                "name": "Kengeri Club",
                "name_kn": "ಕೆಙೆರಿ ಕ್ಲುಬ್",
                "stop_id": "33458",
                "lat": 12.92351,
                "lon": 77.47287
              },
              {
                "name": "1st Block Vishweshwaraiah Layout",
                "name_kn": "1ಸ್ಟ್ ಬ್ಲೊಕ್ಕ್ ವಿಶ್ವೆಶ್ವರೈಹ್ ಲಯೌಟ್",
                "stop_id": "29392",
                "lat": 12.93746,
                "lon": 77.47873
              },
              {
                "name": "Maruthi Nagara",
                "name_kn": "ಮರುತಿ ನಗರ",
                "stop_id": "33864",
                "lat": 12.93983,
                "lon": 77.47944
              }
            ]
          },
          {
            "Route": "223-H KGR-DNH",
            "RouteId": 2204,
            "RouteParentId": 1282,
            "Destination": "Dhananayakanahalli",
            "Via": "",
            "Area": "Kengeri Bus Station",
            "PlatformNumber": "1",
            "KannadaDestination": "ಧನನಯಕನಹಲ್ಲಿ",
            "KannadaArea": "ಘಟಕ-37 ಕೆಂಗೇರಿ",
            "KannadaVia": "",
            "FromStationId": 20925,
            "Stops": [
              {
                "name": "Kengeri Bus Station",
                "name_kn": "ಕೆಙೆರಿ ಬುಸ್ ಸ್ಟಟಿೊಂ",
                "stop_id": "20925",
                "lat": 12.91379,
                "lon": 77.4871
              },
              {
                "name": "Kengeri Police Station",
                "name_kn": "ಕೆಙೆರಿ ಪೊಲಿಕೆ ಸ್ಟಟಿೊಂ",
                "stop_id": "21094",
                "lat": 12.91007,
                "lon": 77.48146
              },
              {
                "name": "Kengeri Ganesha Temple",
                "name_kn": "ಕೆಙೆರಿ ಗನೆಶ ಟೆಂಪ್ಲೆ",
                "stop_id": "20782",
                "lat": 12.91126,
                "lon": 77.48029
              },
              {
                "name": "Kommaghatta Junction",
                "name_kn": "ಕೊಮ್ಮಘಟ ಜುಂಕ್ಟಿೊಂ",
                "stop_id": "20882",
                "lat": 12.91444,
                "lon": 77.48144
              },
              {
                "name": "Robin Theatre",
                "name_kn": "ರೊಬಿಂ ತೆಟ್ರೆ",
                "stop_id": "28049",
                "lat": 12.91601,
                "lon": 77.4798
              },
              {
                "name": "Bande Mutt Gate Kengeri",
                "name_kn": "ಬಂದೆ ಮುಟ್ ಗಟೆ ಕೆಙೆರಿ",
                "stop_id": "31878",
                "lat": 12.91899,
                "lon": 77.47749
              },
              {
                "name": "Beedi Karmikara Colony Gate",
                "name_kn": "ಬೀದಿ ಕರ್ಮಿಕರ ಕೊಲೊನೆ ಗಟೆ",
                "stop_id": "31936",
                "lat": 12.92231,
                "lon": 77.47482
              },
              {
                "name": "Kengeri Club",
                "name_kn": "ಕೆಙೆರಿ ಕ್ಲುಬ್",
                "stop_id": "33458",
                "lat": 12.92351,
                "lon": 77.47287
              },
              {
                "name": "Chikkanahalli",
                "name_kn": "ಚಿಕ್ಕನಹಲ್ಲಿ",
                "stop_id": "32315",
                "lat": 12.93444,
                "lon": 77.47249
              },
              {
                "name": "Dhananayakanahalli",
                "name_kn": "ಧನನಯಕನಹಲ್ಲಿ",
                "stop_id": "24969",
                "lat": 12.93885,
                "lon": 77.46781
              }
            ]
          },
          {
            "Route": "401-KB DPJN-KGR",
            "RouteId": 14884,
            "RouteParentId": 7754,
            "Destination": "Deepanjalinagara",
            "Via": "",
            "Area": "Kengeri Bus Station",
            "PlatformNumber": "1",
            "KannadaDestination": "ದೀಪಞಲಿನಗರ",
            "KannadaArea": "ಘಟಕ-37 ಕೆಂಗೇರಿ",
            "KannadaVia": "",
            "FromStationId": 20925,
            "Stops": [
              {
                "name": "Kengeri Bus Station",
                "name_kn": "ಕೆಙೆರಿ ಬುಸ್ ಸ್ಟಟಿೊಂ",
                "stop_id": "20925",
                "lat": 12.91379,
                "lon": 77.4871
              },
              {
                "name": "Kengeri Police Station",
                "name_kn": "ಕೆಙೆರಿ ಪೊಲಿಕೆ ಸ್ಟಟಿೊಂ",
                "stop_id": "21094",
                "lat": 12.91007,
                "lon": 77.48146
              },
              {
                "name": "Kengeri Ganesha Temple",
                "name_kn": "ಕೆಙೆರಿ ಗನೆಶ ಟೆಂಪ್ಲೆ",
                "stop_id": "20782",
                "lat": 12.91126,
                "lon": 77.48029
              },
              {
                "name": "Kommaghatta Junction",
                "name_kn": "ಕೊಮ್ಮಘಟ ಜುಂಕ್ಟಿೊಂ",
                "stop_id": "20882",
                "lat": 12.91444,
                "lon": 77.48144
              },
              {
                "name": "Kengeri Post Office",
                "name_kn": "ಕೆಙೆರಿ ಪೊಸ್ಟ್ ೊೞ್ೞಿಕೆ",
                "stop_id": "22165",
                "lat": 12.91543,
                "lon": 77.48181
              },
              {
                "name": "Kengeri Railway Station",
                "name_kn": "ಕೆಙೆರಿ ರೈಲ್ವಯ್ ಸ್ಟಟಿೊಂ",
                "stop_id": "21110",
                "lat": 12.91686,
                "lon": 77.48234
              },
              {
                "name": "Kengeri Satellite Town",
                "name_kn": "ಕೆಙೆರಿ ಸಟೆಲ್ಲಿಟೆ ಟೌಂ",
                "stop_id": "22167",
                "lat": 12.92355,
                "lon": 77.48479
              },
              {
                "name": "Kengeri Church",
                "name_kn": "ಕೆಙೆರಿ ಚುರ್ಚ್",
                "stop_id": "20923",
                "lat": 12.92874,
                "lon": 77.48664
              },
              {
                "name": "Shirke KHB Quarters",
                "name_kn": "ಶಿರ್ಕೆ ಖ್ಬ್ qುರ್ಟೆರ್ಸ್",
                "stop_id": "22665",
                "lat": 12.93193,
                "lon": 77.48762
              },
              {
                "name": "Nagadevanahalli",
                "name_kn": "ನಗದೆವನಹಲ್ಲಿ",
                "stop_id": "22323",
                "lat": 12.93591,
                "lon": 77.4923
              },
              {
                "name": "Kenchanapura Cross",
                "name_kn": "ಕೆಂಚನಪುರ ಕ್ರೊಸ್ಸ್",
                "stop_id": "22162",
                "lat": 12.94157,
                "lon": 77.49344
              },
              {
                "name": "Mariyappanapalya",
                "name_kn": "ಮರಿಯಪ್ಪನಪಲೆ",
                "stop_id": "22265",
                "lat": 12.94526,
                "lon": 77.49539
              },
              {
                "name": "PVP School",
                "name_kn": "ಪ್ವ್ಪ್ ಸ್ಚೂಲ್",
                "stop_id": "22407",
                "lat": 12.94826,
                "lon": 77.49697
              },
              {
                "name": "Univesity Quarters",
                "name_kn": "ಉನಿವೆಸಿಟೆ qುರ್ಟೆರ್ಸ್",
                "stop_id": "21747",
                "lat": 12.9528,
                "lon": 77.50008
              },
              {
                "name": "Mallathahalli Cross",
                "name_kn": "ಮಲ್ಲತಹಲ್ಲಿ ಕ್ರೊಸ್ಸ್",
                "stop_id": "22245",
                "lat": 12.95782,
                "lon": 77.50321
              },
              {
                "name": "Kengunte Circle (IIPM)",
                "name_kn": "ಕೆಙುಂಟೆ ಕಿರ್ಕ್ಲೆ (ೀಪ್ಂ)",
                "stop_id": "22171",
                "lat": 12.96045,
                "lon": 77.50473
              },
              {
                "name": "Vinayaka Layout Nagarabhavi",
                "name_kn": "ವಿನಯಕ ಲಯೌಟ್ ನಗರಭವಿ",
                "stop_id": "22610",
                "lat": 12.96076,
                "lon": 77.50745
              },
              {
                "name": "NGEF Layout Nagarabhavi",
                "name_kn": "ಙೆೞ್ ಲಯೌಟ್ ನಗರಭವಿ",
                "stop_id": "22362",
                "lat": 12.96104,
                "lon": 77.50972
              },
              {
                "name": "12th Block Nagarabhavi",
                "name_kn": "12ತ್ ಬ್ಲೊಕ್ಕ್ ನಗರಭವಿ",
                "stop_id": "21630",
                "lat": 12.96076,
                "lon": 77.51351
              },
              {
                "name": "Manasa Nagara",
                "name_kn": "ಮನಸ ನಗರ",
                "stop_id": "22248",
                "lat": 12.95925,
                "lon": 77.51674
              },
              {
                "name": "Nagarabhavi Circle",
                "name_kn": "ನಗರಭವಿ ಕಿರ್ಕ್ಲೆ",
                "stop_id": "21577",
                "lat": 12.9601,
                "lon": 77.51982
              },
              {
                "name": "Maruthi Nagara",
                "name_kn": "ಮರುತಿ ನಗರ",
                "stop_id": "21569",
                "lat": 12.96178,
                "lon": 77.5217
              },
              {
                "name": "Byraveshwaranagara",
                "name_kn": "ಬೆರವೆಶ್ವರನಗರ",
                "stop_id": "21478",
                "lat": 12.96501,
                "lon": 77.52338
              },
              {
                "name": "Kalyananagara",
                "name_kn": "ಕಲೆನನಗರ",
                "stop_id": "21552",
                "lat": 12.96736,
                "lon": 77.52379
              },
              {
                "name": "Moodalapalya",
                "name_kn": "ಮೂದಲಪಲೆ",
                "stop_id": "21573",
                "lat": 12.97054,
                "lon": 77.5249
              },
              {
                "name": "Priyadarshini Layout",
                "name_kn": "ಪ್ರಿಯದರ್ಶಿನಿ ಲಯೌಟ್",
                "stop_id": "27756",
                "lat": 12.97112,
                "lon": 77.52676
              },
              {
                "name": "Saraswathi Nagara",
                "name_kn": "ಸರಸ್ವತಿ ನಗರ",
                "stop_id": "21597",
                "lat": 12.9738,
                "lon": 77.53041
              },
              {
                "name": "Prashanth Nagara",
                "name_kn": "ಪ್ರಶಂತ್ ನಗರ",
                "stop_id": "21587",
                "lat": 12.97551,
                "lon": 77.53118
              },
              {
                "name": "Govindarajanagara",
                "name_kn": "ಗೊವಿಂದರಜನಗರ",
                "stop_id": "21519",
                "lat": 12.97561,
                "lon": 77.53646
              },
              {
                "name": "Sarvajna College/Vijayanagara",
                "name_kn": "ಸರ್ವಜ್ನ ಕೊಲ್ಲೆಗೆ/ವಿಜಯನಗರ",
                "stop_id": "28170",
                "lat": 12.97572,
                "lon": 77.5391
              },
              {
                "name": "Vijayanagara",
                "name_kn": "ವಿಜಯನಗರ",
                "stop_id": "21623",
                "lat": 12.97197,
                "lon": 77.53786
              },
              {
                "name": "Maruthi Mandira",
                "name_kn": "ಮರುತಿ ಮಂದಿರ",
                "stop_id": "21010",
                "lat": 12.96784,
                "lon": 77.53629
              },
              {
                "name": "Vijayanagara Bus Station",
                "name_kn": "ವಿಜಯನಗರ ಬುಸ್ ಸ್ಟಟಿೊಂ",
                "stop_id": "21267",
                "lat": 12.966,
                "lon": 77.53555
              },
              {
                "name": "Attiguppe",
                "name_kn": "ಅಟಿಗುಪ್ಪೆ",
                "stop_id": "35427",
                "lat": 12.95809,
                "lon": 77.53395
              },
              {
                "name": "Deepanjalinagara",
                "name_kn": "ದೀಪಞಲಿನಗರ",
                "stop_id": "20739",
                "lat": 12.9514,
                "lon": 77.53724
              }
            ]
          },
          {
            "Route": "401- KC DPJN-KGR",
            "RouteId": 16283,
            "RouteParentId": 8721,
            "Destination": "Deepanjalinagara",
            "Via": "",
            "Area": "Kengeri Bus Station",
            "PlatformNumber": "1",
            "KannadaDestination": "ದೀಪಞಲಿನಗರ",
            "KannadaArea": "ಘಟಕ-37 ಕೆಂಗೇರಿ",
            "KannadaVia": "",
            "FromStationId": 20925,
            "Stops": [
              {
                "name": "Kengeri Bus Station",
                "name_kn": "ಕೆಙೆರಿ ಬುಸ್ ಸ್ಟಟಿೊಂ",
                "stop_id": "20925",
                "lat": 12.91379,
                "lon": 77.4871
              },
              {
                "name": "Kengeri Police Station",
                "name_kn": "ಕೆಙೆರಿ ಪೊಲಿಕೆ ಸ್ಟಟಿೊಂ",
                "stop_id": "21094",
                "lat": 12.91007,
                "lon": 77.48146
              },
              {
                "name": "Kengeri Ganesha Temple",
                "name_kn": "ಕೆಙೆರಿ ಗನೆಶ ಟೆಂಪ್ಲೆ",
                "stop_id": "20782",
                "lat": 12.91126,
                "lon": 77.48029
              },
              {
                "name": "Kommaghatta Junction",
                "name_kn": "ಕೊಮ್ಮಘಟ ಜುಂಕ್ಟಿೊಂ",
                "stop_id": "20882",
                "lat": 12.91444,
                "lon": 77.48144
              },
              {
                "name": "Kengeri Post Office",
                "name_kn": "ಕೆಙೆರಿ ಪೊಸ್ಟ್ ೊೞ್ೞಿಕೆ",
                "stop_id": "22165",
                "lat": 12.91543,
                "lon": 77.48181
              },
              {
                "name": "Kengeri Railway Station",
                "name_kn": "ಕೆಙೆರಿ ರೈಲ್ವಯ್ ಸ್ಟಟಿೊಂ",
                "stop_id": "21110",
                "lat": 12.91686,
                "lon": 77.48234
              },
              {
                "name": "Kengeri Satellite Town",
                "name_kn": "ಕೆಙೆರಿ ಸಟೆಲ್ಲಿಟೆ ಟೌಂ",
                "stop_id": "22167",
                "lat": 12.92355,
                "lon": 77.48479
              },
              {
                "name": "Kengeri Church",
                "name_kn": "ಕೆಙೆರಿ ಚುರ್ಚ್",
                "stop_id": "20923",
                "lat": 12.92874,
                "lon": 77.48664
              },
              {
                "name": "Shirke KHB Quarters",
                "name_kn": "ಶಿರ್ಕೆ ಖ್ಬ್ qುರ್ಟೆರ್ಸ್",
                "stop_id": "22665",
                "lat": 12.93193,
                "lon": 77.48762
              },
              {
                "name": "Nagadevanahalli",
                "name_kn": "ನಗದೆವನಹಲ್ಲಿ",
                "stop_id": "22323",
                "lat": 12.93591,
                "lon": 77.4923
              },
              {
                "name": "Kenchanapura Cross",
                "name_kn": "ಕೆಂಚನಪುರ ಕ್ರೊಸ್ಸ್",
                "stop_id": "22162",
                "lat": 12.94157,
                "lon": 77.49344
              },
              {
                "name": "Mariyappanapalya",
                "name_kn": "ಮರಿಯಪ್ಪನಪಲೆ",
                "stop_id": "22265",
                "lat": 12.94526,
                "lon": 77.49539
              },
              {
                "name": "PVP School",
                "name_kn": "ಪ್ವ್ಪ್ ಸ್ಚೂಲ್",
                "stop_id": "22407",
                "lat": 12.94826,
                "lon": 77.49697
              },
              {
                "name": "Univesity Quarters",
                "name_kn": "ಉನಿವೆಸಿಟೆ qುರ್ಟೆರ್ಸ್",
                "stop_id": "21747",
                "lat": 12.9528,
                "lon": 77.50008
              },
              {
                "name": "Mallathahalli Cross",
                "name_kn": "ಮಲ್ಲತಹಲ್ಲಿ ಕ್ರೊಸ್ಸ್",
                "stop_id": "22245",
                "lat": 12.95782,
                "lon": 77.50321
              },
              {
                "name": "Kengunte Circle (IIPM)",
                "name_kn": "ಕೆಙುಂಟೆ ಕಿರ್ಕ್ಲೆ (ೀಪ್ಂ)",
                "stop_id": "22171",
                "lat": 12.96045,
                "lon": 77.50473
              },
              {
                "name": "Vinayaka Layout Nagarabhavi",
                "name_kn": "ವಿನಯಕ ಲಯೌಟ್ ನಗರಭವಿ",
                "stop_id": "22610",
                "lat": 12.96076,
                "lon": 77.50745
              },
              {
                "name": "NGEF Layout Nagarabhavi",
                "name_kn": "ಙೆೞ್ ಲಯೌಟ್ ನಗರಭವಿ",
                "stop_id": "22362",
                "lat": 12.96104,
                "lon": 77.50972
              },
              {
                "name": "12th Block Nagarabhavi",
                "name_kn": "12ತ್ ಬ್ಲೊಕ್ಕ್ ನಗರಭವಿ",
                "stop_id": "21630",
                "lat": 12.96076,
                "lon": 77.51351
              },
              {
                "name": "Manasa Nagara",
                "name_kn": "ಮನಸ ನಗರ",
                "stop_id": "22248",
                "lat": 12.95925,
                "lon": 77.51674
              },
              {
                "name": "Nagarabhavi Circle",
                "name_kn": "ನಗರಭವಿ ಕಿರ್ಕ್ಲೆ",
                "stop_id": "35385",
                "lat": 12.95967,
                "lon": 77.51985
              },
              {
                "name": "Ganesha Temple Chandra Layout",
                "name_kn": "ಗನೆಶ ಟೆಂಪ್ಲೆ ಚಂದ್ರ ಲಯೌಟ್",
                "stop_id": "20780",
                "lat": 12.95772,
                "lon": 77.52863
              },
              {
                "name": "Income Tax Layout",
                "name_kn": "ಇಂಕೊಮೆ ಟಕ್ಸ್ ಲಯೌಟ್",
                "stop_id": "20853",
                "lat": 12.96014,
                "lon": 77.53108
              },
              {
                "name": "Attiguppe",
                "name_kn": "ಅಟಿಗುಪ್ಪೆ",
                "stop_id": "35427",
                "lat": 12.95809,
                "lon": 77.53395
              },
              {
                "name": "Deepanjalinagara",
                "name_kn": "ದೀಪಞಲಿನಗರ",
                "stop_id": "20738",
                "lat": 12.95375,
                "lon": 77.53624
              },
              {
                "name": "Deepanjalinagara",
                "name_kn": "ದೀಪಞಲಿನಗರ",
                "stop_id": "20739",
                "lat": 12.9514,
                "lon": 77.53724
              }
            ]
          },
          {
            "Route": "227-T BEML5-RRG-CKT",
            "RouteId": 15693,
            "RouteParentId": 8415,
            "Destination": "CK Thandya",
            "Via": "",
            "Area": "CK Thandya",
            "PlatformNumber": "1",
            "KannadaDestination": "ಕ್ಕ್ ತಂಠೆ",
            "KannadaArea": "ಸಿಕೆ ತಾಂಡ್ಯ",
            "KannadaVia": "",
            "FromStationId": 20926,
            "Stops": [
              {
                "name": "Kengeri Bus Station",
                "name_kn": "ಕೆಙೆರಿ ಬುಸ್ ಸ್ಟಟಿೊಂ",
                "stop_id": "20925",
                "lat": 12.91379,
                "lon": 77.4871
              },
              {
                "name": "Kengeri Police Station",
                "name_kn": "ಕೆಙೆರಿ ಪೊಲಿಕೆ ಸ್ಟಟಿೊಂ",
                "stop_id": "21094",
                "lat": 12.91007,
                "lon": 77.48146
              },
              {
                "name": "Kengeri Metro Station",
                "name_kn": "ಕೆಙೆರಿ ಮೆಟ್ರೊ ಸ್ಟಟಿೊಂ",
                "stop_id": "38620",
                "lat": 12.90757,
                "lon": 77.47606
              },
              {
                "name": "Depot-12 Gate",
                "name_kn": "ದೆಪೊಟ್-12 ಗಟೆ",
                "stop_id": "35721",
                "lat": 12.90471,
                "lon": 77.47084
              },
              {
                "name": "NICE Road Kengeri Road Junction",
                "name_kn": "ನಿಕೆ ರೊದ್ ಕೆಙೆರಿ ರೊದ್ ಜುಂಕ್ಟಿೊಂ",
                "stop_id": "35386",
                "lat": 12.90224,
                "lon": 77.46926
              },
              {
                "name": "Vishwa Okkaligara Mata Basavanagara",
                "name_kn": "ವಿಶ್ವ ೊಕ್ಕಲಿಗರ ಮಟ ಬಸವನಗರ",
                "stop_id": "20627",
                "lat": 12.90099,
                "lon": 77.46746
              },
              {
                "name": "RR Medical College",
                "name_kn": "ರ್ರ್ ಮೆದಿಕಲ್ ಕೊಲ್ಲೆಗೆ",
                "stop_id": "35390",
                "lat": 12.89614,
                "lon": 77.46087
              },
              {
                "name": "Anchepalya",
                "name_kn": "ಅಂಚೆಪಲೆ",
                "stop_id": "20604",
                "lat": 12.89258,
                "lon": 77.45798
              },
              {
                "name": "Juggath Pharma",
                "name_kn": "ಜುಗ್ಗತ್ ಫರ್ಮ",
                "stop_id": "30476",
                "lat": 12.89081,
                "lon": 77.45532
              },
              {
                "name": "Ramohalli Cross",
                "name_kn": "ರಮೊಹಲ್ಲಿ ಕ್ರೊಸ್ಸ್",
                "stop_id": "35388",
                "lat": 12.88674,
                "lon": 77.45125
              },
              {
                "name": "CWS-3 BMTC",
                "name_kn": "ಕ್ವ್ಸ್-3 ಬ್ಂಟ್ಕ್",
                "stop_id": "24745",
                "lat": 12.90378,
                "lon": 77.44984
              },
              {
                "name": "Bheemanakuppe",
                "name_kn": "ಭೀಮನಕುಪ್ಪೆ",
                "stop_id": "30008",
                "lat": 12.90401,
                "lon": 77.43857
              },
              {
                "name": "Bheemanakuppe Cross",
                "name_kn": "ಭೀಮನಕುಪ್ಪೆ ಕ್ರೊಸ್ಸ್",
                "stop_id": "32035",
                "lat": 12.8949,
                "lon": 77.43669
              },
              {
                "name": "Subbarayappanapalya Cross",
                "name_kn": "ಸುಬ್ಬರಯಪ್ಪನಪಲೆ ಕ್ರೊಸ್ಸ್",
                "stop_id": "34710",
                "lat": 12.88923,
                "lon": 77.4377
              },
              {
                "name": "Chikkellur Cross",
                "name_kn": "ಚಿಕ್ಕೆಲ್ಲುರ್ ಕ್ರೊಸ್ಸ್",
                "stop_id": "32328",
                "lat": 12.89183,
                "lon": 77.42171
              },
              {
                "name": "Sheshagiripura",
                "name_kn": "ಶೆಶಗಿರಿಪುರ",
                "stop_id": "28299",
                "lat": 12.88088,
                "lon": 77.41809
              },
              {
                "name": "Gopalapura",
                "name_kn": "ಗೊಪಲಪುರ",
                "stop_id": "32725",
                "lat": 12.87689,
                "lon": 77.41658
              },
              {
                "name": "CK Thandya Junction",
                "name_kn": "ಕ್ಕ್ ತಂಠೆ ಜುಂಕ್ಟಿೊಂ",
                "stop_id": "30367",
                "lat": 12.87609,
                "lon": 77.40103
              },
              {
                "name": "CK Thandya",
                "name_kn": "ಕ್ಕ್ ತಂಠೆ",
                "stop_id": "32370",
                "lat": 12.8703,
                "lon": 77.39759
              }
            ]
          },
          {
            "Route": "375-D KGR-BEML5",
            "RouteId": 10898,
            "RouteParentId": 5810,
            "Destination": "BEML Layout 5th stage",
            "Via": "",
            "Area": "Kengeri Bus Station",
            "PlatformNumber": "1",
            "KannadaDestination": "ಬೆಂಲ್ ಲಯೌಟ್ 5ತ್ ಸ್ಟಗೆ",
            "KannadaArea": "ಘಟಕ-37 ಕೆಂಗೇರಿ",
            "KannadaVia": "",
            "FromStationId": 20925,
            "Stops": [
              {
                "name": "Kengeri Bus Station",
                "name_kn": "ಕೆಙೆರಿ ಬುಸ್ ಸ್ಟಟಿೊಂ",
                "stop_id": "20925",
                "lat": 12.91379,
                "lon": 77.4871
              },
              {
                "name": "Kodihalli Gate/Gollahallii Jn",
                "name_kn": "ಕೊದಿಹಲ್ಲಿ ಗಟೆ/ಗೊಲ್ಲಹಲ್ಲೀ ಜ್ಂ",
                "stop_id": "22112",
                "lat": 12.90772,
                "lon": 77.48889
              },
              {
                "name": "Savandarbar Ashrama",
                "name_kn": "ಸವಂದರ್ಬರ್ ಶ್ರಮ",
                "stop_id": "21665",
                "lat": 12.90938,
                "lon": 77.49244
              },
              {
                "name": "BGS Health City Gate Abhiman Studio",
                "name_kn": "ಬ್ಗ್ಸ್ ಹೆಲ್ತ್ ಕಿಟೆ ಗಟೆ ಭಿಮಂ ಸ್ಟುದಿೊ",
                "stop_id": "21753",
                "lat": 12.90712,
                "lon": 77.49911
              },
              {
                "name": "Omkar Hills",
                "name_kn": "ಒಂಕರ್ ಹಿಲ್ಲ್ಸ್",
                "stop_id": "22372",
                "lat": 12.90477,
                "lon": 77.50457
              },
              {
                "name": "JSS College",
                "name_kn": "ಜ್ಸ್ಸ್ ಕೊಲ್ಲೆಗೆ",
                "stop_id": "22121",
                "lat": 12.90387,
                "lon": 77.50822
              },
              {
                "name": "Indo American Hybrid Farm",
                "name_kn": "ಇಂದೊ ಮೆರಿಕಂ ಹೆಬ್ರಿದ್ ೞರ್ಂ",
                "stop_id": "22076",
                "lat": 12.90406,
                "lon": 77.51236
              },
              {
                "name": "Channasandra Colony",
                "name_kn": "ಚಂನಸಂದ್ರ ಕೊಲೊನೆ",
                "stop_id": "21824",
                "lat": 12.90335,
                "lon": 77.51628
              },
              {
                "name": "Channasandra",
                "name_kn": "ಚಂನಸಂದ್ರ",
                "stop_id": "21820",
                "lat": 12.90284,
                "lon": 77.52121
              },
              {
                "name": "BEML Layout 5th stage",
                "name_kn": "ಬೆಂಲ್ ಲಯೌಟ್ 5ತ್ ಸ್ಟಗೆ",
                "stop_id": "29871",
                "lat": 12.90685,
                "lon": 77.52137
              }
            ]
          },
          {
            "Route": "228-J",
            "RouteId": 2437,
            "RouteParentId": 1407,
            "Destination": "Srinivasapura Kullegowdanapalya",
            "Via": "",
            "Area": "Srinivasapura Kullegowdanapalya",
            "PlatformNumber": "1",
            "KannadaDestination": "ಸ್ರಿನಿವಸಪುರ ಕುಲ್ಲೆಗೌದನಪಲೆ",
            "KannadaArea": "ಶ್ರೀನಿವಾಸಪುರ ಕುಳ್ಳೇಗೌಡನಪಾಳ್ಯ",
            "KannadaVia": "",
            "FromStationId": 20926,
            "Stops": [
              {
                "name": "Kengeri Bus Station",
                "name_kn": "ಕೆಙೆರಿ ಬುಸ್ ಸ್ಟಟಿೊಂ",
                "stop_id": "20925",
                "lat": 12.91379,
                "lon": 77.4871
              },
              {
                "name": "Kengeri Police Station",
                "name_kn": "ಕೆಙೆರಿ ಪೊಲಿಕೆ ಸ್ಟಟಿೊಂ",
                "stop_id": "21094",
                "lat": 12.91007,
                "lon": 77.48146
              },
              {
                "name": "Kengeri Metro Station",
                "name_kn": "ಕೆಙೆರಿ ಮೆಟ್ರೊ ಸ್ಟಟಿೊಂ",
                "stop_id": "38620",
                "lat": 12.90757,
                "lon": 77.47606
              },
              {
                "name": "Depot-12 Gate",
                "name_kn": "ದೆಪೊಟ್-12 ಗಟೆ",
                "stop_id": "35721",
                "lat": 12.90471,
                "lon": 77.47084
              },
              {
                "name": "NICE Road Kengeri Road Junction",
                "name_kn": "ನಿಕೆ ರೊದ್ ಕೆಙೆರಿ ರೊದ್ ಜುಂಕ್ಟಿೊಂ",
                "stop_id": "35386",
                "lat": 12.90224,
                "lon": 77.46926
              },
              {
                "name": "Vishwa Okkaligara Mata Basavanagara",
                "name_kn": "ವಿಶ್ವ ೊಕ್ಕಲಿಗರ ಮಟ ಬಸವನಗರ",
                "stop_id": "20627",
                "lat": 12.90099,
                "lon": 77.46746
              },
              {
                "name": "RR Medical College",
                "name_kn": "ರ್ರ್ ಮೆದಿಕಲ್ ಕೊಲ್ಲೆಗೆ",
                "stop_id": "35390",
                "lat": 12.89614,
                "lon": 77.46087
              },
              {
                "name": "Anchepalya",
                "name_kn": "ಅಂಚೆಪಲೆ",
                "stop_id": "20604",
                "lat": 12.89258,
                "lon": 77.45798
              },
              {
                "name": "Juggath Pharma",
                "name_kn": "ಜುಗ್ಗತ್ ಫರ್ಮ",
                "stop_id": "30476",
                "lat": 12.89081,
                "lon": 77.45532
              },
              {
                "name": "Ramohalli Cross",
                "name_kn": "ರಮೊಹಲ್ಲಿ ಕ್ರೊಸ್ಸ್",
                "stop_id": "35388",
                "lat": 12.88674,
                "lon": 77.45125
              },
              {
                "name": "Kumbalagodu",
                "name_kn": "ಕುಂಬಲಗೊದು",
                "stop_id": "35432",
                "lat": 12.87826,
                "lon": 77.4455
              },
              {
                "name": "YMCA Public School",
                "name_kn": "ಯ್ಂಕ ಪುಬ್ಲಿಕ್ ಸ್ಚೂಲ್",
                "stop_id": "22849",
                "lat": 12.87354,
                "lon": 77.44835
              },
              {
                "name": "Pinto Bore",
                "name_kn": "ಪಿಂಟೊ ಬೊರೆ",
                "stop_id": "34257",
                "lat": 12.8708,
                "lon": 77.45048
              },
              {
                "name": "Thagachaguppe",
                "name_kn": "ತಗಚಗುಪ್ಪೆ",
                "stop_id": "34775",
                "lat": 12.86647,
                "lon": 77.45507
              },
              {
                "name": "Devagere Cross",
                "name_kn": "ದೆವಗೆರೆ ಕ್ರೊಸ್ಸ್",
                "stop_id": "24904",
                "lat": 12.86431,
                "lon": 77.45713
              },
              {
                "name": "Ranga Jangama",
                "name_kn": "ರಙ ಜಙಮ",
                "stop_id": "34389",
                "lat": 12.85579,
                "lon": 77.45278
              },
              {
                "name": "Nalku Kamba",
                "name_kn": "ನಲ್ಕು ಕಂಬ",
                "stop_id": "34073",
                "lat": 12.85215,
                "lon": 77.45203
              },
              {
                "name": "Eradu Kamba",
                "name_kn": "ಎರದು ಕಂಬ",
                "stop_id": "32596",
                "lat": 12.849,
                "lon": 77.45135
              },
              {
                "name": "K Gollahalli",
                "name_kn": "ಕ್ ಗೊಲ್ಲಹಲ್ಲಿ",
                "stop_id": "33194",
                "lat": 12.8432,
                "lon": 77.4515
              },
              {
                "name": "Kenchanapalya",
                "name_kn": "ಕೆಂಚನಪಲೆ",
                "stop_id": "33451",
                "lat": 12.84452,
                "lon": 77.44412
              },
              {
                "name": "Kullegowdanapalya",
                "name_kn": "ಕುಲ್ಲೆಗೌದನಪಲೆ",
                "stop_id": "31318",
                "lat": 12.84672,
                "lon": 77.44698
              },
              {
                "name": "Srinivasapura Kullegowdanapalya",
                "name_kn": "ಸ್ರಿನಿವಸಪುರ ಕುಲ್ಲೆಗೌದನಪಲೆ",
                "stop_id": "34687",
                "lat": 12.85125,
                "lon": 77.44323
              }
            ]
          },
          {
            "Route": "231-B BNKP-KBS",
            "RouteId": 2498,
            "RouteParentId": 1439,
            "Destination": "Kempegowda Bus Station",
            "Via": "",
            "Area": "Bannikuppe",
            "PlatformNumber": "1",
            "KannadaDestination": "ಕೆಂಪೆಗೌದ ಬುಸ್ ಸ್ಟಟಿೊಂ",
            "KannadaArea": "ಬನ್ನಿಕುಪ್ಪೆ",
            "KannadaVia": "",
            "FromStationId": 20926,
            "Stops": [
              {
                "name": "Kengeri Bus Station",
                "name_kn": "ಕೆಙೆರಿ ಬುಸ್ ಸ್ಟಟಿೊಂ",
                "stop_id": "20926",
                "lat": 12.91406,
                "lon": 77.48645
              },
              {
                "name": "Mylasandra Cross",
                "name_kn": "ಮೆಲಸಂದ್ರ ಕ್ರೊಸ್ಸ್",
                "stop_id": "21040",
                "lat": 12.91751,
                "lon": 77.49039
              },
              {
                "name": "Dubasipalya Cross",
                "name_kn": "ದುಬಸಿಪಲೆ ಕ್ರೊಸ್ಸ್",
                "stop_id": "20765",
                "lat": 12.9229,
                "lon": 77.49583
              },
              {
                "name": "RV College",
                "name_kn": "ರ್ವ್ ಕೊಲ್ಲೆಗೆ",
                "stop_id": "21146",
                "lat": 12.92529,
                "lon": 77.49918
              },
              {
                "name": "Jayaram Das Factory",
                "name_kn": "ಜಯರಂ ದಸ್ ೞಕ್ಟೊರೆ",
                "stop_id": "20879",
                "lat": 12.93011,
                "lon": 77.5056
              },
              {
                "name": "Bengaluru University Gate",
                "name_kn": "ಬೆಙಲುರು ುನಿವೆರ್ಸಿಟೆ ಗಟೆ",
                "stop_id": "20649",
                "lat": 12.93573,
                "lon": 77.51332
              },
              {
                "name": "Rajarajeshwari nagara Gate",
                "name_kn": "ರಜರಜೆಶ್ವರಿ ನಗರ ಗಟೆ",
                "stop_id": "21140",
                "lat": 12.93649,
                "lon": 77.51861
              },
              {
                "name": "BWSSB Quarters Nayandahalli",
                "name_kn": "ಬ್ವ್ಸ್ಸ್ಬ್ qುರ್ಟೆರ್ಸ್ ನಯಂದಹಲ್ಲಿ",
                "stop_id": "20691",
                "lat": 12.93987,
                "lon": 77.5236
              },
              {
                "name": "Nayandahalli",
                "name_kn": "ನಯಂದಹಲ್ಲಿ",
                "stop_id": "21053",
                "lat": 12.94288,
                "lon": 77.52576
              },
              {
                "name": "Mysore Road Metro Station",
                "name_kn": "ಮೆಸೊರೆ ರೊದ್ ಮೆಟ್ರೊ ಸ್ಟಟಿೊಂ",
                "stop_id": "21580",
                "lat": 12.94633,
                "lon": 77.52972
              },
              {
                "name": "BHEL",
                "name_kn": "ಭೆಲ್",
                "stop_id": "20661",
                "lat": 12.94874,
                "lon": 77.53559
              },
              {
                "name": "Deepanjalinagara",
                "name_kn": "ದೀಪಞಲಿನಗರ",
                "stop_id": "20739",
                "lat": 12.9514,
                "lon": 77.53724
              },
              {
                "name": "Bapujinagara",
                "name_kn": "ಬಪುಜಿನಗರ",
                "stop_id": "20626",
                "lat": 12.95321,
                "lon": 77.54182
              },
              {
                "name": "New Guddadahalli",
                "name_kn": "ನೆವ್ ಗುದ್ದದಹಲ್ಲಿ",
                "stop_id": "21056",
                "lat": 12.95587,
                "lon": 77.54596
              },
              {
                "name": "Mysore Road TollGate",
                "name_kn": "ಮೆಸೊರೆ ರೊದ್ ಟೊಲ್ಲ್ಗಟೆ",
                "stop_id": "21044",
                "lat": 12.95738,
                "lon": 77.55178
              },
              {
                "name": "Sirsi Circle",
                "name_kn": "ಸಿರ್ಸಿ ಕಿರ್ಕ್ಲೆ",
                "stop_id": "35393",
                "lat": 12.96036,
                "lon": 77.55687
              },
              {
                "name": "Vinayaka Talkies",
                "name_kn": "ವಿನಯಕ ಟಲ್ಕಿೆಸ್",
                "stop_id": "35396",
                "lat": 12.96374,
                "lon": 77.56825
              },
              {
                "name": "KR Market",
                "name_kn": "ಕ್ರ್ ಮರ್ಕೆಟ್",
                "stop_id": "20943",
                "lat": 12.96451,
                "lon": 77.57668
              },
              {
                "name": "Town Hall",
                "name_kn": "ಟೌಂ ಹಲ್ಲ್",
                "stop_id": "21231",
                "lat": 12.96384,
                "lon": 77.58434
              },
              {
                "name": "Corporation",
                "name_kn": "ಕೊರ್ಪೊರಟಿೊಂ",
                "stop_id": "20725",
                "lat": 12.96839,
                "lon": 77.58675
              },
              {
                "name": "Mysore Bank",
                "name_kn": "ಮೆಸೊರೆ ಬಂಕ್",
                "stop_id": "35383",
                "lat": 12.97253,
                "lon": 77.58199
              },
              {
                "name": "Kempegowda Bus Station",
                "name_kn": "ಕೆಂಪೆಗೌದ ಬುಸ್ ಸ್ಟಟಿೊಂ",
                "stop_id": "20922",
                "lat": 12.97749,
                "lon": 77.57327
              }
            ]
          },
          {
            "Route": "231-C MRGP-KMT-KBS",
            "RouteId": 2505,
            "RouteParentId": 1443,
            "Destination": "Kempegowda Bus Station",
            "Via": "",
            "Area": "Muthurayanagudipalya",
            "PlatformNumber": "1",
            "KannadaDestination": "ಕೆಂಪೆಗೌದ ಬುಸ್ ಸ್ಟಟಿೊಂ",
            "KannadaArea": "ಮುತ್ತುರಾಯನಗುಡಿಪಾಳ್ಯ",
            "KannadaVia": "",
            "FromStationId": 20926,
            "Stops": [
              {
                "name": "Kengeri Bus Station",
                "name_kn": "ಕೆಙೆರಿ ಬುಸ್ ಸ್ಟಟಿೊಂ",
                "stop_id": "20926",
                "lat": 12.91406,
                "lon": 77.48645
              },
              {
                "name": "Mylasandra Cross",
                "name_kn": "ಮೆಲಸಂದ್ರ ಕ್ರೊಸ್ಸ್",
                "stop_id": "21040",
                "lat": 12.91751,
                "lon": 77.49039
              },
              {
                "name": "Dubasipalya Cross",
                "name_kn": "ದುಬಸಿಪಲೆ ಕ್ರೊಸ್ಸ್",
                "stop_id": "20765",
                "lat": 12.9229,
                "lon": 77.49583
              },
              {
                "name": "RV College",
                "name_kn": "ರ್ವ್ ಕೊಲ್ಲೆಗೆ",
                "stop_id": "21146",
                "lat": 12.92529,
                "lon": 77.49918
              },
              {
                "name": "Jayaram Das Factory",
                "name_kn": "ಜಯರಂ ದಸ್ ೞಕ್ಟೊರೆ",
                "stop_id": "20879",
                "lat": 12.93011,
                "lon": 77.5056
              },
              {
                "name": "Bengaluru University Gate",
                "name_kn": "ಬೆಙಲುರು ುನಿವೆರ್ಸಿಟೆ ಗಟೆ",
                "stop_id": "20649",
                "lat": 12.93573,
                "lon": 77.51332
              },
              {
                "name": "Rajarajeshwari nagara Gate",
                "name_kn": "ರಜರಜೆಶ್ವರಿ ನಗರ ಗಟೆ",
                "stop_id": "21140",
                "lat": 12.93649,
                "lon": 77.51861
              },
              {
                "name": "BWSSB Quarters Nayandahalli",
                "name_kn": "ಬ್ವ್ಸ್ಸ್ಬ್ qುರ್ಟೆರ್ಸ್ ನಯಂದಹಲ್ಲಿ",
                "stop_id": "20691",
                "lat": 12.93987,
                "lon": 77.5236
              },
              {
                "name": "Nayandahalli",
                "name_kn": "ನಯಂದಹಲ್ಲಿ",
                "stop_id": "21053",
                "lat": 12.94288,
                "lon": 77.52576
              },
              {
                "name": "Mysore Road Metro Station",
                "name_kn": "ಮೆಸೊರೆ ರೊದ್ ಮೆಟ್ರೊ ಸ್ಟಟಿೊಂ",
                "stop_id": "21580",
                "lat": 12.94633,
                "lon": 77.52972
              },
              {
                "name": "BHEL",
                "name_kn": "ಭೆಲ್",
                "stop_id": "20661",
                "lat": 12.94874,
                "lon": 77.53559
              },
              {
                "name": "Deepanjalinagara",
                "name_kn": "ದೀಪಞಲಿನಗರ",
                "stop_id": "20739",
                "lat": 12.9514,
                "lon": 77.53724
              },
              {
                "name": "Bapujinagara",
                "name_kn": "ಬಪುಜಿನಗರ",
                "stop_id": "20626",
                "lat": 12.95321,
                "lon": 77.54182
              },
              {
                "name": "New Guddadahalli",
                "name_kn": "ನೆವ್ ಗುದ್ದದಹಲ್ಲಿ",
                "stop_id": "21056",
                "lat": 12.95587,
                "lon": 77.54596
              },
              {
                "name": "Mysore Road TollGate",
                "name_kn": "ಮೆಸೊರೆ ರೊದ್ ಟೊಲ್ಲ್ಗಟೆ",
                "stop_id": "21044",
                "lat": 12.95738,
                "lon": 77.55178
              },
              {
                "name": "Sirsi Circle",
                "name_kn": "ಸಿರ್ಸಿ ಕಿರ್ಕ್ಲೆ",
                "stop_id": "35393",
                "lat": 12.96036,
                "lon": 77.55687
              },
              {
                "name": "KR Market Flyover",
                "name_kn": "ಕ್ರ್ ಮರ್ಕೆಟ್ ೞ್ಲೆೊವೆರ್",
                "stop_id": "31256",
                "lat": 12.96474,
                "lon": 77.57508
              },
              {
                "name": "Town Hall",
                "name_kn": "ಟೌಂ ಹಲ್ಲ್",
                "stop_id": "21231",
                "lat": 12.96384,
                "lon": 77.58434
              },
              {
                "name": "Corporation",
                "name_kn": "ಕೊರ್ಪೊರಟಿೊಂ",
                "stop_id": "20725",
                "lat": 12.96839,
                "lon": 77.58675
              },
              {
                "name": "Mysore Bank",
                "name_kn": "ಮೆಸೊರೆ ಬಂಕ್",
                "stop_id": "35383",
                "lat": 12.97253,
                "lon": 77.58199
              },
              {
                "name": "Kempegowda Bus Station",
                "name_kn": "ಕೆಂಪೆಗೌದ ಬುಸ್ ಸ್ಟಟಿೊಂ",
                "stop_id": "20922",
                "lat": 12.97749,
                "lon": 77.57327
              }
            ]
          },
          {
            "Route": "231-E BDD-KMT",
            "RouteId": 2510,
            "RouteParentId": 1446,
            "Destination": "KR Market (Kalasipalya)",
            "Via": "",
            "Area": "Bidadi",
            "PlatformNumber": "1",
            "KannadaDestination": "ಕ್ರ್ ಮರ್ಕೆಟ್ (ಕಲಸಿಪಲೆ)",
            "KannadaArea": "ಬಿಡದಿ",
            "KannadaVia": "",
            "FromStationId": 20926,
            "Stops": [
              {
                "name": "Kengeri Bus Station",
                "name_kn": "ಕೆಙೆರಿ ಬುಸ್ ಸ್ಟಟಿೊಂ",
                "stop_id": "20926",
                "lat": 12.91406,
                "lon": 77.48645
              },
              {
                "name": "Mylasandra Cross",
                "name_kn": "ಮೆಲಸಂದ್ರ ಕ್ರೊಸ್ಸ್",
                "stop_id": "21040",
                "lat": 12.91751,
                "lon": 77.49039
              },
              {
                "name": "Dubasipalya Cross",
                "name_kn": "ದುಬಸಿಪಲೆ ಕ್ರೊಸ್ಸ್",
                "stop_id": "20765",
                "lat": 12.9229,
                "lon": 77.49583
              },
              {
                "name": "RV College",
                "name_kn": "ರ್ವ್ ಕೊಲ್ಲೆಗೆ",
                "stop_id": "21146",
                "lat": 12.92529,
                "lon": 77.49918
              },
              {
                "name": "Jayaram Das Factory",
                "name_kn": "ಜಯರಂ ದಸ್ ೞಕ್ಟೊರೆ",
                "stop_id": "20879",
                "lat": 12.93011,
                "lon": 77.5056
              },
              {
                "name": "Bengaluru University Gate",
                "name_kn": "ಬೆಙಲುರು ುನಿವೆರ್ಸಿಟೆ ಗಟೆ",
                "stop_id": "20649",
                "lat": 12.93573,
                "lon": 77.51332
              },
              {
                "name": "Rajarajeshwari nagara Gate",
                "name_kn": "ರಜರಜೆಶ್ವರಿ ನಗರ ಗಟೆ",
                "stop_id": "21140",
                "lat": 12.93649,
                "lon": 77.51861
              },
              {
                "name": "BWSSB Quarters Nayandahalli",
                "name_kn": "ಬ್ವ್ಸ್ಸ್ಬ್ qುರ್ಟೆರ್ಸ್ ನಯಂದಹಲ್ಲಿ",
                "stop_id": "20691",
                "lat": 12.93987,
                "lon": 77.5236
              },
              {
                "name": "Nayandahalli",
                "name_kn": "ನಯಂದಹಲ್ಲಿ",
                "stop_id": "21053",
                "lat": 12.94288,
                "lon": 77.52576
              },
              {
                "name": "Mysore Road Metro Station",
                "name_kn": "ಮೆಸೊರೆ ರೊದ್ ಮೆಟ್ರೊ ಸ್ಟಟಿೊಂ",
                "stop_id": "21580",
                "lat": 12.94633,
                "lon": 77.52972
              },
              {
                "name": "BHEL",
                "name_kn": "ಭೆಲ್",
                "stop_id": "20661",
                "lat": 12.94874,
                "lon": 77.53559
              },
              {
                "name": "Deepanjalinagara",
                "name_kn": "ದೀಪಞಲಿನಗರ",
                "stop_id": "20739",
                "lat": 12.9514,
                "lon": 77.53724
              },
              {
                "name": "Bapujinagara",
                "name_kn": "ಬಪುಜಿನಗರ",
                "stop_id": "20626",
                "lat": 12.95321,
                "lon": 77.54182
              },
              {
                "name": "New Guddadahalli",
                "name_kn": "ನೆವ್ ಗುದ್ದದಹಲ್ಲಿ",
                "stop_id": "21056",
                "lat": 12.95587,
                "lon": 77.54596
              },
              {
                "name": "Mysore Road TollGate",
                "name_kn": "ಮೆಸೊರೆ ರೊದ್ ಟೊಲ್ಲ್ಗಟೆ",
                "stop_id": "21044",
                "lat": 12.95738,
                "lon": 77.55178
              },
              {
                "name": "Sirsi Circle",
                "name_kn": "ಸಿರ್ಸಿ ಕಿರ್ಕ್ಲೆ",
                "stop_id": "35393",
                "lat": 12.96036,
                "lon": 77.55687
              },
              {
                "name": "Vinayaka Talkies",
                "name_kn": "ವಿನಯಕ ಟಲ್ಕಿೆಸ್",
                "stop_id": "35396",
                "lat": 12.96374,
                "lon": 77.56825
              },
              {
                "name": "Rayan Circle",
                "name_kn": "ರಯಂ ಕಿರ್ಕ್ಲೆ",
                "stop_id": "21124",
                "lat": 12.96136,
                "lon": 77.56889
              },
              {
                "name": "KR Market (Kalasipalya)",
                "name_kn": "ಕ್ರ್ ಮರ್ಕೆಟ್ (ಕಲಸಿಪಲೆ)",
                "stop_id": "20945",
                "lat": 12.96154,
                "lon": 77.57736
              }
            ]
          },
          {
            "Route": "231-G BDD-KMT-KBS",
            "RouteId": 2515,
            "RouteParentId": 1449,
            "Destination": "Kempegowda Bus Station",
            "Via": "",
            "Area": "Bidadi",
            "PlatformNumber": "1",
            "KannadaDestination": "ಕೆಂಪೆಗೌದ ಬುಸ್ ಸ್ಟಟಿೊಂ",
            "KannadaArea": "ಬಿಡದಿ",
            "KannadaVia": "",
            "FromStationId": 20926,
            "Stops": [
              {
                "name": "Kengeri Bus Station",
                "name_kn": "ಕೆಙೆರಿ ಬುಸ್ ಸ್ಟಟಿೊಂ",
                "stop_id": "20926",
                "lat": 12.91406,
                "lon": 77.48645
              },
              {
                "name": "Mylasandra Cross",
                "name_kn": "ಮೆಲಸಂದ್ರ ಕ್ರೊಸ್ಸ್",
                "stop_id": "21040",
                "lat": 12.91751,
                "lon": 77.49039
              },
              {
                "name": "Dubasipalya Cross",
                "name_kn": "ದುಬಸಿಪಲೆ ಕ್ರೊಸ್ಸ್",
                "stop_id": "20765",
                "lat": 12.9229,
                "lon": 77.49583
              },
              {
                "name": "RV College",
                "name_kn": "ರ್ವ್ ಕೊಲ್ಲೆಗೆ",
                "stop_id": "21146",
                "lat": 12.92529,
                "lon": 77.49918
              },
              {
                "name": "Jayaram Das Factory",
                "name_kn": "ಜಯರಂ ದಸ್ ೞಕ್ಟೊರೆ",
                "stop_id": "20879",
                "lat": 12.93011,
                "lon": 77.5056
              },
              {
                "name": "Bengaluru University Gate",
                "name_kn": "ಬೆಙಲುರು ುನಿವೆರ್ಸಿಟೆ ಗಟೆ",
                "stop_id": "20649",
                "lat": 12.93573,
                "lon": 77.51332
              },
              {
                "name": "Rajarajeshwari nagara Gate",
                "name_kn": "ರಜರಜೆಶ್ವರಿ ನಗರ ಗಟೆ",
                "stop_id": "21140",
                "lat": 12.93649,
                "lon": 77.51861
              },
              {
                "name": "BWSSB Quarters Nayandahalli",
                "name_kn": "ಬ್ವ್ಸ್ಸ್ಬ್ qುರ್ಟೆರ್ಸ್ ನಯಂದಹಲ್ಲಿ",
                "stop_id": "20691",
                "lat": 12.93987,
                "lon": 77.5236
              },
              {
                "name": "Nayandahalli",
                "name_kn": "ನಯಂದಹಲ್ಲಿ",
                "stop_id": "21053",
                "lat": 12.94288,
                "lon": 77.52576
              },
              {
                "name": "Mysore Road Metro Station",
                "name_kn": "ಮೆಸೊರೆ ರೊದ್ ಮೆಟ್ರೊ ಸ್ಟಟಿೊಂ",
                "stop_id": "21580",
                "lat": 12.94633,
                "lon": 77.52972
              },
              {
                "name": "BHEL",
                "name_kn": "ಭೆಲ್",
                "stop_id": "20661",
                "lat": 12.94874,
                "lon": 77.53559
              },
              {
                "name": "Deepanjalinagara",
                "name_kn": "ದೀಪಞಲಿನಗರ",
                "stop_id": "20739",
                "lat": 12.9514,
                "lon": 77.53724
              },
              {
                "name": "Bapujinagara",
                "name_kn": "ಬಪುಜಿನಗರ",
                "stop_id": "20626",
                "lat": 12.95321,
                "lon": 77.54182
              },
              {
                "name": "New Guddadahalli",
                "name_kn": "ನೆವ್ ಗುದ್ದದಹಲ್ಲಿ",
                "stop_id": "21056",
                "lat": 12.95587,
                "lon": 77.54596
              },
              {
                "name": "Mysore Road TollGate",
                "name_kn": "ಮೆಸೊರೆ ರೊದ್ ಟೊಲ್ಲ್ಗಟೆ",
                "stop_id": "21044",
                "lat": 12.95738,
                "lon": 77.55178
              },
              {
                "name": "Sirsi Circle",
                "name_kn": "ಸಿರ್ಸಿ ಕಿರ್ಕ್ಲೆ",
                "stop_id": "35393",
                "lat": 12.96036,
                "lon": 77.55687
              },
              {
                "name": "KR Market Flyover",
                "name_kn": "ಕ್ರ್ ಮರ್ಕೆಟ್ ೞ್ಲೆೊವೆರ್",
                "stop_id": "31256",
                "lat": 12.96474,
                "lon": 77.57508
              },
              {
                "name": "Town Hall",
                "name_kn": "ಟೌಂ ಹಲ್ಲ್",
                "stop_id": "21231",
                "lat": 12.96384,
                "lon": 77.58434
              },
              {
                "name": "Corporation",
                "name_kn": "ಕೊರ್ಪೊರಟಿೊಂ",
                "stop_id": "20725",
                "lat": 12.96839,
                "lon": 77.58675
              },
              {
                "name": "Mysore Bank",
                "name_kn": "ಮೆಸೊರೆ ಬಂಕ್",
                "stop_id": "35383",
                "lat": 12.97253,
                "lon": 77.58199
              },
              {
                "name": "Kempegowda Bus Station",
                "name_kn": "ಕೆಂಪೆಗೌದ ಬುಸ್ ಸ್ಟಟಿೊಂ",
                "stop_id": "20922",
                "lat": 12.97749,
                "lon": 77.57327
              }
            ]
          },
          {
            "Route": "231-M",
            "RouteId": 2522,
            "RouteParentId": 1453,
            "Destination": "Bidadi",
            "Via": "",
            "Area": "Bidadi",
            "PlatformNumber": "1",
            "KannadaDestination": "ಬಿದದಿ",
            "KannadaArea": "ಬಿಡದಿ",
            "KannadaVia": "",
            "FromStationId": 20926,
            "Stops": [
              {
                "name": "Kengeri Bus Station",
                "name_kn": "ಕೆಙೆರಿ ಬುಸ್ ಸ್ಟಟಿೊಂ",
                "stop_id": "20925",
                "lat": 12.91379,
                "lon": 77.4871
              },
              {
                "name": "Kengeri Police Station",
                "name_kn": "ಕೆಙೆರಿ ಪೊಲಿಕೆ ಸ್ಟಟಿೊಂ",
                "stop_id": "21094",
                "lat": 12.91007,
                "lon": 77.48146
              },
              {
                "name": "Kengeri Metro Station",
                "name_kn": "ಕೆಙೆರಿ ಮೆಟ್ರೊ ಸ್ಟಟಿೊಂ",
                "stop_id": "38620",
                "lat": 12.90757,
                "lon": 77.47606
              },
              {
                "name": "Depot-12 Gate",
                "name_kn": "ದೆಪೊಟ್-12 ಗಟೆ",
                "stop_id": "35721",
                "lat": 12.90471,
                "lon": 77.47084
              },
              {
                "name": "NICE Road Kengeri Road Junction",
                "name_kn": "ನಿಕೆ ರೊದ್ ಕೆಙೆರಿ ರೊದ್ ಜುಂಕ್ಟಿೊಂ",
                "stop_id": "35386",
                "lat": 12.90224,
                "lon": 77.46926
              },
              {
                "name": "Vishwa Okkaligara Mata Basavanagara",
                "name_kn": "ವಿಶ್ವ ೊಕ್ಕಲಿಗರ ಮಟ ಬಸವನಗರ",
                "stop_id": "20627",
                "lat": 12.90099,
                "lon": 77.46746
              },
              {
                "name": "RR Medical College",
                "name_kn": "ರ್ರ್ ಮೆದಿಕಲ್ ಕೊಲ್ಲೆಗೆ",
                "stop_id": "35390",
                "lat": 12.89614,
                "lon": 77.46087
              },
              {
                "name": "Anchepalya",
                "name_kn": "ಅಂಚೆಪಲೆ",
                "stop_id": "20604",
                "lat": 12.89258,
                "lon": 77.45798
              },
              {
                "name": "Juggath Pharma",
                "name_kn": "ಜುಗ್ಗತ್ ಫರ್ಮ",
                "stop_id": "30476",
                "lat": 12.89081,
                "lon": 77.45532
              },
              {
                "name": "Ramohalli Cross",
                "name_kn": "ರಮೊಹಲ್ಲಿ ಕ್ರೊಸ್ಸ್",
                "stop_id": "35388",
                "lat": 12.88674,
                "lon": 77.45125
              },
              {
                "name": "Kumbalagodu",
                "name_kn": "ಕುಂಬಲಗೊದು",
                "stop_id": "35432",
                "lat": 12.87826,
                "lon": 77.4455
              },
              {
                "name": "Pepsi Gate",
                "name_kn": "ಪೆಪ್ಸಿ ಗಟೆ",
                "stop_id": "21086",
                "lat": 12.87197,
                "lon": 77.43943
              },
              {
                "name": "Swami Narayana Gurukula",
                "name_kn": "ಸ್ವಮಿ ನರಯನ ಗುರುಕುಲ",
                "stop_id": "21207",
                "lat": 12.86656,
                "lon": 77.43692
              },
              {
                "name": "Kanminake",
                "name_kn": "ಕಂಮಿನಕೆ",
                "stop_id": "20908",
                "lat": 12.8627,
                "lon": 77.43388
              },
              {
                "name": "Kanminake Colony",
                "name_kn": "ಕಂಮಿನಕೆ ಕೊಲೊನೆ",
                "stop_id": "20910",
                "lat": 12.85774,
                "lon": 77.42925
              },
              {
                "name": "Hejjala Cross",
                "name_kn": "ಹೆಜ್ಜಲ ಕ್ರೊಸ್ಸ್",
                "stop_id": "20828",
                "lat": 12.85533,
                "lon": 77.42714
              },
              {
                "name": "Dalai Lama College",
                "name_kn": "ದಲೈ ಲಮ ಕೊಲ್ಲೆಗೆ",
                "stop_id": "20733",
                "lat": 12.85049,
                "lon": 77.42456
              },
              {
                "name": "Shaneshwaraswamy Temple Sheshagirihalli",
                "name_kn": "ಶನೆಶ್ವರಸ್ವಮೆ ಟೆಂಪ್ಲೆ ಶೆಶಗಿರಿಹಲ್ಲಿ",
                "stop_id": "38784",
                "lat": 12.84289,
                "lon": 77.42114
              },
              {
                "name": "Manchanayakanahalli Gate",
                "name_kn": "ಮಂಚನಯಕನಹಲ್ಲಿ ಗಟೆ",
                "stop_id": "20992",
                "lat": 12.83494,
                "lon": 77.41386
              },
              {
                "name": "School Manchanayakanahalli",
                "name_kn": "ಸ್ಚೂಲ್ ಮಂಚನಯಕನಹಲ್ಲಿ",
                "stop_id": "21163",
                "lat": 12.83731,
                "lon": 77.40944
              },
              {
                "name": "Hakkipikki Colony Cross",
                "name_kn": "ಹಕ್ಕಿಪಿಕ್ಕಿ ಕೊಲೊನೆ ಕ್ರೊಸ್ಸ್",
                "stop_id": "31419",
                "lat": 12.83823,
                "lon": 77.40283
              },
              {
                "name": "Jadenahalli",
                "name_kn": "ಜದೆನಹಲ್ಲಿ",
                "stop_id": "33078",
                "lat": 12.83983,
                "lon": 77.39532
              },
              {
                "name": "Bannikuppe",
                "name_kn": "ಬಂನಿಕುಪ್ಪೆ",
                "stop_id": "31889",
                "lat": 12.847,
                "lon": 77.38386
              },
              {
                "name": "Basavanapura",
                "name_kn": "ಬಸವನಪುರ",
                "stop_id": "29760",
                "lat": 12.84986,
                "lon": 77.38333
              },
              {
                "name": "Kurubara Karenahalli",
                "name_kn": "ಕುರುಬರ ಕರೆನಹಲ್ಲಿ",
                "stop_id": "28410",
                "lat": 12.85448,
                "lon": 77.38327
              },
              {
                "name": "Ramanayakana Thandya",
                "name_kn": "ರಮನಯಕನ ತಂಠೆ",
                "stop_id": "27927",
                "lat": 12.86039,
                "lon": 77.38343
              },
              {
                "name": "Kariyappanapalya",
                "name_kn": "ಕರಿಯಪ್ಪನಪಲೆ",
                "stop_id": "33372",
                "lat": 12.86166,
                "lon": 77.38359
              },
              {
                "name": "Dodderi Grama",
                "name_kn": "ದೊದ್ದೆರಿ ಗ್ರಮ",
                "stop_id": "25120",
                "lat": 12.86638,
                "lon": 77.37811
              },
              {
                "name": "Bethimgere Cross",
                "name_kn": "ಬೆತಿಂಗೆರೆ ಕ್ರೊಸ್ಸ್",
                "stop_id": "31977",
                "lat": 12.86708,
                "lon": 77.36815
              },
              {
                "name": "Mallathahalli Cross",
                "name_kn": "ಮಲ್ಲತಹಲ್ಲಿ ಕ್ರೊಸ್ಸ್",
                "stop_id": "28700",
                "lat": 12.8671,
                "lon": 77.36156
              },
              {
                "name": "Kempadyapanahalli",
                "name_kn": "ಕೆಂಪಠೆಪನಹಲ್ಲಿ",
                "stop_id": "33415",
                "lat": 12.8669,
                "lon": 77.35425
              },
              {
                "name": "Ganakal",
                "name_kn": "ಗನಕಲ್",
                "stop_id": "32618",
                "lat": 12.85247,
                "lon": 77.3573
              },
              {
                "name": "Borehalli",
                "name_kn": "ಬೊರೆಹಲ್ಲಿ",
                "stop_id": "30185",
                "lat": 12.84351,
                "lon": 77.3581
              },
              {
                "name": "Kaka Ramanahalli",
                "name_kn": "ಕಕ ರಮನಹಲ್ಲಿ",
                "stop_id": "30611",
                "lat": 12.83009,
                "lon": 77.36321
              },
              {
                "name": "M Karenahalli",
                "name_kn": "ಂ ಕರೆನಹಲ್ಲಿ",
                "stop_id": "28562",
                "lat": 12.81818,
                "lon": 77.36575
              },
              {
                "name": "Shettigowdanahalli",
                "name_kn": "ಶೆಟಿಗೌದನಹಲ್ಲಿ",
                "stop_id": "28307",
                "lat": 12.81143,
                "lon": 77.36831
              },
              {
                "name": "Avaragere Cross",
                "name_kn": "ಅವರಗೆರೆ ಕ್ರೊಸ್ಸ್",
                "stop_id": "35654",
                "lat": 12.80962,
                "lon": 77.37784
              },
              {
                "name": "Bidadi",
                "name_kn": "ಬಿದದಿ",
                "stop_id": "35913",
                "lat": 12.7969,
                "lon": 77.38458
              }
            ]
          },
          {
            "Route": "230-B",
            "RouteId": 7562,
            "RouteParentId": 4064,
            "Destination": "Bettanapalya",
            "Via": "",
            "Area": "Bettanapalya",
            "PlatformNumber": "1",
            "KannadaDestination": "ಬೆಟನಪಲೆ",
            "KannadaArea": "ಬೆಟ್ಟನಪಾಳ್ಯ",
            "KannadaVia": "",
            "FromStationId": 20926,
            "Stops": [
              {
                "name": "Kengeri Bus Station",
                "name_kn": "ಕೆಙೆರಿ ಬುಸ್ ಸ್ಟಟಿೊಂ",
                "stop_id": "20925",
                "lat": 12.91379,
                "lon": 77.4871
              },
              {
                "name": "Kengeri Police Station",
                "name_kn": "ಕೆಙೆರಿ ಪೊಲಿಕೆ ಸ್ಟಟಿೊಂ",
                "stop_id": "21094",
                "lat": 12.91007,
                "lon": 77.48146
              },
              {
                "name": "Kengeri Metro Station",
                "name_kn": "ಕೆಙೆರಿ ಮೆಟ್ರೊ ಸ್ಟಟಿೊಂ",
                "stop_id": "38620",
                "lat": 12.90757,
                "lon": 77.47606
              },
              {
                "name": "Depot-12 Gate",
                "name_kn": "ದೆಪೊಟ್-12 ಗಟೆ",
                "stop_id": "35721",
                "lat": 12.90471,
                "lon": 77.47084
              },
              {
                "name": "NICE Road Kengeri Road Junction",
                "name_kn": "ನಿಕೆ ರೊದ್ ಕೆಙೆರಿ ರೊದ್ ಜುಂಕ್ಟಿೊಂ",
                "stop_id": "35386",
                "lat": 12.90224,
                "lon": 77.46926
              },
              {
                "name": "Vishwa Okkaligara Mata Basavanagara",
                "name_kn": "ವಿಶ್ವ ೊಕ್ಕಲಿಗರ ಮಟ ಬಸವನಗರ",
                "stop_id": "20627",
                "lat": 12.90099,
                "lon": 77.46746
              },
              {
                "name": "RR Medical College",
                "name_kn": "ರ್ರ್ ಮೆದಿಕಲ್ ಕೊಲ್ಲೆಗೆ",
                "stop_id": "35390",
                "lat": 12.89614,
                "lon": 77.46087
              },
              {
                "name": "Anchepalya",
                "name_kn": "ಅಂಚೆಪಲೆ",
                "stop_id": "20604",
                "lat": 12.89258,
                "lon": 77.45798
              },
              {
                "name": "Juggath Pharma",
                "name_kn": "ಜುಗ್ಗತ್ ಫರ್ಮ",
                "stop_id": "30476",
                "lat": 12.89081,
                "lon": 77.45532
              },
              {
                "name": "Challeghatta",
                "name_kn": "ಚಲ್ಲೆಘಟ",
                "stop_id": "24396",
                "lat": 12.89663,
                "lon": 77.45333
              },
              {
                "name": "Hosapalya",
                "name_kn": "ಹೊಸಪಲೆ",
                "stop_id": "32964",
                "lat": 12.91064,
                "lon": 77.45016
              },
              {
                "name": "Bettanapalya",
                "name_kn": "ಬೆಟನಪಲೆ",
                "stop_id": "32005",
                "lat": 12.91199,
                "lon": 77.44322
              }
            ]
          },
          {
            "Route": "222-K KHBQ-VSD Flyover",
            "RouteId": 14138,
            "RouteParentId": 7558,
            "Destination": "Vidhana Soudha Karnataka High Court",
            "Via": "",
            "Area": "Shirke KHB Quarters",
            "PlatformNumber": "1",
            "KannadaDestination": "ವಿಧನ ಸೌಧ ಕರ್ನಟಕ ಹಿಘ್ ಕೌರ್ಟ್",
            "KannadaArea": "ಶಿರ್ಕೆ ಕೆಬಿ ಕ್ವಾರ್ಟರ್ಸ್",
            "KannadaVia": "",
            "FromStationId": 20926,
            "Stops": [
              {
                "name": "Kengeri Bus Station",
                "name_kn": "ಕೆಙೆರಿ ಬುಸ್ ಸ್ಟಟಿೊಂ",
                "stop_id": "20926",
                "lat": 12.91406,
                "lon": 77.48645
              },
              {
                "name": "Mylasandra Cross",
                "name_kn": "ಮೆಲಸಂದ್ರ ಕ್ರೊಸ್ಸ್",
                "stop_id": "21040",
                "lat": 12.91751,
                "lon": 77.49039
              },
              {
                "name": "Dubasipalya Cross",
                "name_kn": "ದುಬಸಿಪಲೆ ಕ್ರೊಸ್ಸ್",
                "stop_id": "20765",
                "lat": 12.9229,
                "lon": 77.49583
              },
              {
                "name": "RV College",
                "name_kn": "ರ್ವ್ ಕೊಲ್ಲೆಗೆ",
                "stop_id": "21146",
                "lat": 12.92529,
                "lon": 77.49918
              },
              {
                "name": "Jayaram Das Factory",
                "name_kn": "ಜಯರಂ ದಸ್ ೞಕ್ಟೊರೆ",
                "stop_id": "20879",
                "lat": 12.93011,
                "lon": 77.5056
              },
              {
                "name": "Bengaluru University Gate",
                "name_kn": "ಬೆಙಲುರು ುನಿವೆರ್ಸಿಟೆ ಗಟೆ",
                "stop_id": "20649",
                "lat": 12.93573,
                "lon": 77.51332
              },
              {
                "name": "Rajarajeshwari nagara Gate",
                "name_kn": "ರಜರಜೆಶ್ವರಿ ನಗರ ಗಟೆ",
                "stop_id": "21140",
                "lat": 12.93649,
                "lon": 77.51861
              },
              {
                "name": "BWSSB Quarters Nayandahalli",
                "name_kn": "ಬ್ವ್ಸ್ಸ್ಬ್ qುರ್ಟೆರ್ಸ್ ನಯಂದಹಲ್ಲಿ",
                "stop_id": "20691",
                "lat": 12.93987,
                "lon": 77.5236
              },
              {
                "name": "Nayandahalli",
                "name_kn": "ನಯಂದಹಲ್ಲಿ",
                "stop_id": "21053",
                "lat": 12.94288,
                "lon": 77.52576
              },
              {
                "name": "Mysore Road Metro Station",
                "name_kn": "ಮೆಸೊರೆ ರೊದ್ ಮೆಟ್ರೊ ಸ್ಟಟಿೊಂ",
                "stop_id": "21580",
                "lat": 12.94633,
                "lon": 77.52972
              },
              {
                "name": "BHEL",
                "name_kn": "ಭೆಲ್",
                "stop_id": "20661",
                "lat": 12.94874,
                "lon": 77.53559
              },
              {
                "name": "Deepanjalinagara",
                "name_kn": "ದೀಪಞಲಿನಗರ",
                "stop_id": "20739",
                "lat": 12.9514,
                "lon": 77.53724
              },
              {
                "name": "Bapujinagara",
                "name_kn": "ಬಪುಜಿನಗರ",
                "stop_id": "20626",
                "lat": 12.95321,
                "lon": 77.54182
              },
              {
                "name": "New Guddadahalli",
                "name_kn": "ನೆವ್ ಗುದ್ದದಹಲ್ಲಿ",
                "stop_id": "21056",
                "lat": 12.95587,
                "lon": 77.54596
              },
              {
                "name": "Mysore Road TollGate",
                "name_kn": "ಮೆಸೊರೆ ರೊದ್ ಟೊಲ್ಲ್ಗಟೆ",
                "stop_id": "21044",
                "lat": 12.95738,
                "lon": 77.55178
              },
              {
                "name": "Sirsi Circle",
                "name_kn": "ಸಿರ್ಸಿ ಕಿರ್ಕ್ಲೆ",
                "stop_id": "35393",
                "lat": 12.96036,
                "lon": 77.55687
              },
              {
                "name": "Vinayaka Talkies",
                "name_kn": "ವಿನಯಕ ಟಲ್ಕಿೆಸ್",
                "stop_id": "35396",
                "lat": 12.96374,
                "lon": 77.56825
              },
              {
                "name": "KR Market Flyover",
                "name_kn": "ಕ್ರ್ ಮರ್ಕೆಟ್ ೞ್ಲೆೊವೆರ್",
                "stop_id": "31256",
                "lat": 12.96474,
                "lon": 77.57508
              },
              {
                "name": "Town Hall",
                "name_kn": "ಟೌಂ ಹಲ್ಲ್",
                "stop_id": "21231",
                "lat": 12.96384,
                "lon": 77.58434
              },
              {
                "name": "Corporation",
                "name_kn": "ಕೊರ್ಪೊರಟಿೊಂ",
                "stop_id": "20725",
                "lat": 12.96839,
                "lon": 77.58675
              },
              {
                "name": "Mysore Bank",
                "name_kn": "ಮೆಸೊರೆ ಬಂಕ್",
                "stop_id": "35383",
                "lat": 12.97253,
                "lon": 77.58199
              },
              {
                "name": "KR Circle",
                "name_kn": "ಕ್ರ್ ಕಿರ್ಕ್ಲೆ",
                "stop_id": "22197",
                "lat": 12.97556,
                "lon": 77.58637
              },
              {
                "name": "Vidhana Soudha Karnataka High Court",
                "name_kn": "ವಿಧನ ಸೌಧ ಕರ್ನಟಕ ಹಿಘ್ ಕೌರ್ಟ್",
                "stop_id": "21259",
                "lat": 12.9802,
                "lon": 77.59296
              }
            ]
          },
          {
            "Route": "231-D BTN-KMT-KBS",
            "RouteId": 15258,
            "RouteParentId": 8176,
            "Destination": "Kempegowda Bus Station",
            "Via": "",
            "Area": "Bethimgere",
            "PlatformNumber": "1",
            "KannadaDestination": "ಕೆಂಪೆಗೌದ ಬುಸ್ ಸ್ಟಟಿೊಂ",
            "KannadaArea": "ಬೆತ್ತಿಮಗೆರೆ",
            "KannadaVia": "",
            "FromStationId": 20926,
            "Stops": [
              {
                "name": "Kengeri Bus Station",
                "name_kn": "ಕೆಙೆರಿ ಬುಸ್ ಸ್ಟಟಿೊಂ",
                "stop_id": "20926",
                "lat": 12.91406,
                "lon": 77.48645
              },
              {
                "name": "Mylasandra Cross",
                "name_kn": "ಮೆಲಸಂದ್ರ ಕ್ರೊಸ್ಸ್",
                "stop_id": "21040",
                "lat": 12.91751,
                "lon": 77.49039
              },
              {
                "name": "Dubasipalya Cross",
                "name_kn": "ದುಬಸಿಪಲೆ ಕ್ರೊಸ್ಸ್",
                "stop_id": "20765",
                "lat": 12.9229,
                "lon": 77.49583
              },
              {
                "name": "RV College",
                "name_kn": "ರ್ವ್ ಕೊಲ್ಲೆಗೆ",
                "stop_id": "21146",
                "lat": 12.92529,
                "lon": 77.49918
              },
              {
                "name": "Jayaram Das Factory",
                "name_kn": "ಜಯರಂ ದಸ್ ೞಕ್ಟೊರೆ",
                "stop_id": "20879",
                "lat": 12.93011,
                "lon": 77.5056
              },
              {
                "name": "Bengaluru University Gate",
                "name_kn": "ಬೆಙಲುರು ುನಿವೆರ್ಸಿಟೆ ಗಟೆ",
                "stop_id": "20649",
                "lat": 12.93573,
                "lon": 77.51332
              },
              {
                "name": "Rajarajeshwari nagara Gate",
                "name_kn": "ರಜರಜೆಶ್ವರಿ ನಗರ ಗಟೆ",
                "stop_id": "21140",
                "lat": 12.93649,
                "lon": 77.51861
              },
              {
                "name": "BWSSB Quarters Nayandahalli",
                "name_kn": "ಬ್ವ್ಸ್ಸ್ಬ್ qುರ್ಟೆರ್ಸ್ ನಯಂದಹಲ್ಲಿ",
                "stop_id": "20691",
                "lat": 12.93987,
                "lon": 77.5236
              },
              {
                "name": "Nayandahalli",
                "name_kn": "ನಯಂದಹಲ್ಲಿ",
                "stop_id": "21053",
                "lat": 12.94288,
                "lon": 77.52576
              },
              {
                "name": "Mysore Road Metro Station",
                "name_kn": "ಮೆಸೊರೆ ರೊದ್ ಮೆಟ್ರೊ ಸ್ಟಟಿೊಂ",
                "stop_id": "21580",
                "lat": 12.94633,
                "lon": 77.52972
              },
              {
                "name": "BHEL",
                "name_kn": "ಭೆಲ್",
                "stop_id": "20661",
                "lat": 12.94874,
                "lon": 77.53559
              },
              {
                "name": "Deepanjalinagara",
                "name_kn": "ದೀಪಞಲಿನಗರ",
                "stop_id": "20739",
                "lat": 12.9514,
                "lon": 77.53724
              },
              {
                "name": "Bapujinagara",
                "name_kn": "ಬಪುಜಿನಗರ",
                "stop_id": "20626",
                "lat": 12.95321,
                "lon": 77.54182
              },
              {
                "name": "New Guddadahalli",
                "name_kn": "ನೆವ್ ಗುದ್ದದಹಲ್ಲಿ",
                "stop_id": "21056",
                "lat": 12.95587,
                "lon": 77.54596
              },
              {
                "name": "Mysore Road TollGate",
                "name_kn": "ಮೆಸೊರೆ ರೊದ್ ಟೊಲ್ಲ್ಗಟೆ",
                "stop_id": "21044",
                "lat": 12.95738,
                "lon": 77.55178
              },
              {
                "name": "Sirsi Circle",
                "name_kn": "ಸಿರ್ಸಿ ಕಿರ್ಕ್ಲೆ",
                "stop_id": "35393",
                "lat": 12.96036,
                "lon": 77.55687
              },
              {
                "name": "KR Market Flyover",
                "name_kn": "ಕ್ರ್ ಮರ್ಕೆಟ್ ೞ್ಲೆೊವೆರ್",
                "stop_id": "31256",
                "lat": 12.96474,
                "lon": 77.57508
              },
              {
                "name": "Town Hall",
                "name_kn": "ಟೌಂ ಹಲ್ಲ್",
                "stop_id": "21231",
                "lat": 12.96384,
                "lon": 77.58434
              },
              {
                "name": "Corporation",
                "name_kn": "ಕೊರ್ಪೊರಟಿೊಂ",
                "stop_id": "20725",
                "lat": 12.96839,
                "lon": 77.58675
              },
              {
                "name": "Mysore Bank",
                "name_kn": "ಮೆಸೊರೆ ಬಂಕ್",
                "stop_id": "35383",
                "lat": 12.97253,
                "lon": 77.58199
              },
              {
                "name": "Kempegowda Bus Station",
                "name_kn": "ಕೆಂಪೆಗೌದ ಬುಸ್ ಸ್ಟಟಿೊಂ",
                "stop_id": "20922",
                "lat": 12.97749,
                "lon": 77.57327
              }
            ]
          },
          {
            "Route": "230-C KBS-KMTFLY-BBC-KBDA",
            "RouteId": 16252,
            "RouteParentId": 8702,
            "Destination": "Kommaghatta BDA Apartment",
            "Via": "",
            "Area": "Kommaghatta BDA Apartment",
            "PlatformNumber": "1",
            "KannadaDestination": "ಕೊಮ್ಮಘಟ ಬ್ದ ಪರ್ಟ್ಮೆಂಟ್",
            "KannadaArea": "ಕೊಮ್ಮಘಟ್ಟ ಬಿಡಿಎ ಅಪಾರ್ಟ್ಮೆಂಟ್",
            "KannadaVia": "",
            "FromStationId": 20926,
            "Stops": [
              {
                "name": "Kengeri Bus Station",
                "name_kn": "ಕೆಙೆರಿ ಬುಸ್ ಸ್ಟಟಿೊಂ",
                "stop_id": "20925",
                "lat": 12.91379,
                "lon": 77.4871
              },
              {
                "name": "Kengeri Police Station",
                "name_kn": "ಕೆಙೆರಿ ಪೊಲಿಕೆ ಸ್ಟಟಿೊಂ",
                "stop_id": "21094",
                "lat": 12.91007,
                "lon": 77.48146
              },
              {
                "name": "Depot-12 Gate",
                "name_kn": "ದೆಪೊಟ್-12 ಗಟೆ",
                "stop_id": "35721",
                "lat": 12.90471,
                "lon": 77.47084
              },
              {
                "name": "NICE Road Kengeri Road Junction",
                "name_kn": "ನಿಕೆ ರೊದ್ ಕೆಙೆರಿ ರೊದ್ ಜುಂಕ್ಟಿೊಂ",
                "stop_id": "35386",
                "lat": 12.90224,
                "lon": 77.46926
              },
              {
                "name": "Vishwa Okkaligara Mata Basavanagara",
                "name_kn": "ವಿಶ್ವ ೊಕ್ಕಲಿಗರ ಮಟ ಬಸವನಗರ",
                "stop_id": "20627",
                "lat": 12.90099,
                "lon": 77.46746
              },
              {
                "name": "Babasahebarapalya",
                "name_kn": "ಬಬಸಹೆಬರಪಲೆ",
                "stop_id": "29619",
                "lat": 12.90132,
                "lon": 77.46264
              },
              {
                "name": "Railway Bridge Babasabarapalya 1",
                "name_kn": "ರೈಲ್ವಯ್ ಬ್ರಿದ್ಗೆ ಬಬಸಬರಪಲೆ 1",
                "stop_id": "31403",
                "lat": 12.90275,
                "lon": 77.46229
              },
              {
                "name": "Basaveshwaranagara 2nd Phase",
                "name_kn": "ಬಸವೆಶ್ವರನಗರ 2ಂದ್ ಫಸೆ",
                "stop_id": "29776",
                "lat": 12.90829,
                "lon": 77.461
              },
              {
                "name": "Sri Bayalu Basaveshwara Circle",
                "name_kn": "ಸ್ರಿ ಬಯಲು ಬಸವೆಶ್ವರ ಕಿರ್ಕ್ಲೆ",
                "stop_id": "39837",
                "lat": 12.90831,
                "lon": 77.46289
              },
              {
                "name": "Kommaghatta BDA Apartment",
                "name_kn": "ಕೊಮ್ಮಘಟ ಬ್ದ ಪರ್ಟ್ಮೆಂಟ್",
                "stop_id": "39414",
                "lat": 12.91497,
                "lon": 77.46214
              }
            ]
          },
          {
            "Route": "401-K CWS-3 BMT-31",
            "RouteId": 6212,
            "RouteParentId": 3360,
            "Destination": "Depot-31 Gate",
            "Via": "",
            "Area": "Depot-31 Gate",
            "PlatformNumber": "1",
            "KannadaDestination": "ದೆಪೊಟ್-31 ಗಟೆ",
            "KannadaArea": "ಡಿಪೋಟ್-31 ಗೇಟ್",
            "KannadaVia": "",
            "FromStationId": 20925,
            "Stops": [
              {
                "name": "Kengeri Bus Station",
                "name_kn": "ಕೆಙೆರಿ ಬುಸ್ ಸ್ಟಟಿೊಂ",
                "stop_id": "20925",
                "lat": 12.91379,
                "lon": 77.4871
              },
              {
                "name": "Kengeri Police Station",
                "name_kn": "ಕೆಙೆರಿ ಪೊಲಿಕೆ ಸ್ಟಟಿೊಂ",
                "stop_id": "21094",
                "lat": 12.91007,
                "lon": 77.48146
              },
              {
                "name": "Kengeri Ganesha Temple",
                "name_kn": "ಕೆಙೆರಿ ಗನೆಶ ಟೆಂಪ್ಲೆ",
                "stop_id": "20782",
                "lat": 12.91126,
                "lon": 77.48029
              },
              {
                "name": "Kommaghatta Junction",
                "name_kn": "ಕೊಮ್ಮಘಟ ಜುಂಕ್ಟಿೊಂ",
                "stop_id": "20882",
                "lat": 12.91444,
                "lon": 77.48144
              },
              {
                "name": "Kengeri Post Office",
                "name_kn": "ಕೆಙೆರಿ ಪೊಸ್ಟ್ ೊೞ್ೞಿಕೆ",
                "stop_id": "22165",
                "lat": 12.91543,
                "lon": 77.48181
              },
              {
                "name": "Kengeri Railway Station",
                "name_kn": "ಕೆಙೆರಿ ರೈಲ್ವಯ್ ಸ್ಟಟಿೊಂ",
                "stop_id": "21110",
                "lat": 12.91686,
                "lon": 77.48234
              },
              {
                "name": "Kengeri Satellite Town",
                "name_kn": "ಕೆಙೆರಿ ಸಟೆಲ್ಲಿಟೆ ಟೌಂ",
                "stop_id": "22167",
                "lat": 12.92355,
                "lon": 77.48479
              },
              {
                "name": "Kengeri Church",
                "name_kn": "ಕೆಙೆರಿ ಚುರ್ಚ್",
                "stop_id": "20923",
                "lat": 12.92874,
                "lon": 77.48664
              },
              {
                "name": "Shirke KHB Quarters",
                "name_kn": "ಶಿರ್ಕೆ ಖ್ಬ್ qುರ್ಟೆರ್ಸ್",
                "stop_id": "22665",
                "lat": 12.93193,
                "lon": 77.48762
              },
              {
                "name": "Nagadevanahalli",
                "name_kn": "ನಗದೆವನಹಲ್ಲಿ",
                "stop_id": "22323",
                "lat": 12.93591,
                "lon": 77.4923
              },
              {
                "name": "Kenchanapura Cross",
                "name_kn": "ಕೆಂಚನಪುರ ಕ್ರೊಸ್ಸ್",
                "stop_id": "22162",
                "lat": 12.94157,
                "lon": 77.49344
              },
              {
                "name": "Mariyappanapalya",
                "name_kn": "ಮರಿಯಪ್ಪನಪಲೆ",
                "stop_id": "22265",
                "lat": 12.94526,
                "lon": 77.49539
              },
              {
                "name": "PVP School",
                "name_kn": "ಪ್ವ್ಪ್ ಸ್ಚೂಲ್",
                "stop_id": "22407",
                "lat": 12.94826,
                "lon": 77.49697
              },
              {
                "name": "Univesity Quarters",
                "name_kn": "ಉನಿವೆಸಿಟೆ qುರ್ಟೆರ್ಸ್",
                "stop_id": "21747",
                "lat": 12.9528,
                "lon": 77.50008
              },
              {
                "name": "Mallathahalli Cross",
                "name_kn": "ಮಲ್ಲತಹಲ್ಲಿ ಕ್ರೊಸ್ಸ್",
                "stop_id": "22245",
                "lat": 12.95782,
                "lon": 77.50321
              },
              {
                "name": "Kengunte Circle (IIPM)",
                "name_kn": "ಕೆಙುಂಟೆ ಕಿರ್ಕ್ಲೆ (ೀಪ್ಂ)",
                "stop_id": "22170",
                "lat": 12.96064,
                "lon": 77.50435
              },
              {
                "name": "Ambedkar Institute of Technology",
                "name_kn": "ಅಂಬೆದ್ಕರ್ ಿಂಸ್ಟಿಟುಟೆ ೊೞ್ ಟೆಚ್ನೊಲೊಗೆ",
                "stop_id": "21454",
                "lat": 12.96319,
                "lon": 77.50502
              },
              {
                "name": "Deepa Complex",
                "name_kn": "ದೀಪ ಕೊಂಪ್ಲೆಕ್ಸ್",
                "stop_id": "35400",
                "lat": 12.96667,
                "lon": 77.50506
              },
              {
                "name": "Papareddypalya",
                "name_kn": "ಪಪರೆದ್ಠೆಪಲೆ",
                "stop_id": "21584",
                "lat": 12.9721,
                "lon": 77.50772
              },
              {
                "name": "Aladamara Papareddypalya",
                "name_kn": "ಅಲದಮರ ಪಪರೆದ್ಠೆಪಲೆ",
                "stop_id": "21451",
                "lat": 12.97525,
                "lon": 77.50947
              },
              {
                "name": "BDA Complex Nagarabhavi",
                "name_kn": "ಬ್ದ ಕೊಂಪ್ಲೆಕ್ಸ್ ನಗರಭವಿ",
                "stop_id": "35397",
                "lat": 12.97958,
                "lon": 77.51064
              },
              {
                "name": "Vokkaliga School Kottigepalya",
                "name_kn": "ವೊಕ್ಕಲಿಗ ಸ್ಚೂಲ್ ಕೊಟಿಗೆಪಲೆ",
                "stop_id": "22615",
                "lat": 12.98604,
                "lon": 77.51153
              },
              {
                "name": "Kottigepalya",
                "name_kn": "ಕೊಟಿಗೆಪಲೆ",
                "stop_id": "20936",
                "lat": 12.98786,
                "lon": 77.51405
              },
              {
                "name": "Summanahalli",
                "name_kn": "ಸುಮ್ಮನಹಲ್ಲಿ",
                "stop_id": "35413",
                "lat": 12.98848,
                "lon": 77.51962
              },
              {
                "name": "Depot-31 Gate",
                "name_kn": "ದೆಪೊಟ್-31 ಗಟೆ",
                "stop_id": "35917",
                "lat": 12.99311,
                "lon": 77.5213
              }
            ]
          },
          {
            "Route": "226-N",
            "RouteId": 1921,
            "RouteParentId": 1133,
            "Destination": "Bidadi",
            "Via": "",
            "Area": "Bidadi",
            "PlatformNumber": "1",
            "KannadaDestination": "ಬಿದದಿ",
            "KannadaArea": "ಬಿಡದಿ",
            "KannadaVia": "",
            "FromStationId": 20926,
            "Stops": [
              {
                "name": "Kengeri Bus Station",
                "name_kn": "ಕೆಙೆರಿ ಬುಸ್ ಸ್ಟಟಿೊಂ",
                "stop_id": "20925",
                "lat": 12.91379,
                "lon": 77.4871
              },
              {
                "name": "Kengeri Police Station",
                "name_kn": "ಕೆಙೆರಿ ಪೊಲಿಕೆ ಸ್ಟಟಿೊಂ",
                "stop_id": "21094",
                "lat": 12.91007,
                "lon": 77.48146
              },
              {
                "name": "Kengeri Metro Station",
                "name_kn": "ಕೆಙೆರಿ ಮೆಟ್ರೊ ಸ್ಟಟಿೊಂ",
                "stop_id": "38620",
                "lat": 12.90757,
                "lon": 77.47606
              },
              {
                "name": "Depot-12 Gate",
                "name_kn": "ದೆಪೊಟ್-12 ಗಟೆ",
                "stop_id": "35721",
                "lat": 12.90471,
                "lon": 77.47084
              },
              {
                "name": "NICE Road Kengeri Road Junction",
                "name_kn": "ನಿಕೆ ರೊದ್ ಕೆಙೆರಿ ರೊದ್ ಜುಂಕ್ಟಿೊಂ",
                "stop_id": "35386",
                "lat": 12.90224,
                "lon": 77.46926
              },
              {
                "name": "Vishwa Okkaligara Mata Basavanagara",
                "name_kn": "ವಿಶ್ವ ೊಕ್ಕಲಿಗರ ಮಟ ಬಸವನಗರ",
                "stop_id": "20627",
                "lat": 12.90099,
                "lon": 77.46746
              },
              {
                "name": "RR Medical College",
                "name_kn": "ರ್ರ್ ಮೆದಿಕಲ್ ಕೊಲ್ಲೆಗೆ",
                "stop_id": "35390",
                "lat": 12.89614,
                "lon": 77.46087
              },
              {
                "name": "Anchepalya",
                "name_kn": "ಅಂಚೆಪಲೆ",
                "stop_id": "20604",
                "lat": 12.89258,
                "lon": 77.45798
              },
              {
                "name": "Juggath Pharma",
                "name_kn": "ಜುಗ್ಗತ್ ಫರ್ಮ",
                "stop_id": "30476",
                "lat": 12.89081,
                "lon": 77.45532
              },
              {
                "name": "Ramohalli Cross",
                "name_kn": "ರಮೊಹಲ್ಲಿ ಕ್ರೊಸ್ಸ್",
                "stop_id": "35388",
                "lat": 12.88674,
                "lon": 77.45125
              },
              {
                "name": "Kumbalagodu",
                "name_kn": "ಕುಂಬಲಗೊದು",
                "stop_id": "35432",
                "lat": 12.87826,
                "lon": 77.4455
              },
              {
                "name": "Pepsi Gate",
                "name_kn": "ಪೆಪ್ಸಿ ಗಟೆ",
                "stop_id": "21086",
                "lat": 12.87197,
                "lon": 77.43943
              },
              {
                "name": "Swami Narayana Gurukula",
                "name_kn": "ಸ್ವಮಿ ನರಯನ ಗುರುಕುಲ",
                "stop_id": "21207",
                "lat": 12.86656,
                "lon": 77.43692
              },
              {
                "name": "Kanminake",
                "name_kn": "ಕಂಮಿನಕೆ",
                "stop_id": "20908",
                "lat": 12.8627,
                "lon": 77.43388
              },
              {
                "name": "Kanminake Colony",
                "name_kn": "ಕಂಮಿನಕೆ ಕೊಲೊನೆ",
                "stop_id": "20910",
                "lat": 12.85774,
                "lon": 77.42925
              },
              {
                "name": "Hejjala Cross",
                "name_kn": "ಹೆಜ್ಜಲ ಕ್ರೊಸ್ಸ್",
                "stop_id": "20828",
                "lat": 12.85533,
                "lon": 77.42714
              },
              {
                "name": "Dalai Lama College",
                "name_kn": "ದಲೈ ಲಮ ಕೊಲ್ಲೆಗೆ",
                "stop_id": "20733",
                "lat": 12.85049,
                "lon": 77.42456
              },
              {
                "name": "Sheshagirihalli",
                "name_kn": "ಶೆಶಗಿರಿಹಲ್ಲಿ",
                "stop_id": "21168",
                "lat": 12.84352,
                "lon": 77.4215
              },
              {
                "name": "Shaneshwaraswamy Temple Sheshagirihalli",
                "name_kn": "ಶನೆಶ್ವರಸ್ವಮೆ ಟೆಂಪ್ಲೆ ಶೆಶಗಿರಿಹಲ್ಲಿ",
                "stop_id": "38784",
                "lat": 12.84289,
                "lon": 77.42114
              },
              {
                "name": "Manchanayakanahalli Gate",
                "name_kn": "ಮಂಚನಯಕನಹಲ್ಲಿ ಗಟೆ",
                "stop_id": "21566",
                "lat": 12.83455,
                "lon": 77.41472
              },
              {
                "name": "Veeranjaneya Temple",
                "name_kn": "ವೀರಞನೆಯ ಟೆಂಪ್ಲೆ",
                "stop_id": "21621",
                "lat": 12.82864,
                "lon": 77.41254
              },
              {
                "name": "Railway Gate Lakshmisagara",
                "name_kn": "ರೈಲ್ವಯ್ ಗಟೆ ಲಕ್ಷ್ಮಿಸಗರ",
                "stop_id": "21589",
                "lat": 12.82418,
                "lon": 77.41136
              },
              {
                "name": "Kadumane Hotel",
                "name_kn": "ಕದುಮನೆ ಹೊಟೆಲ್",
                "stop_id": "35402",
                "lat": 12.81554,
                "lon": 77.40756
              },
              {
                "name": "Billa Kempanahalli Gate",
                "name_kn": "ಬಿಲ್ಲ ಕೆಂಪನಹಲ್ಲಿ ಗಟೆ",
                "stop_id": "21468",
                "lat": 12.81212,
                "lon": 77.40408
              },
              {
                "name": "Byramangala Cross",
                "name_kn": "ಬೆರಮಙಲ ಕ್ರೊಸ್ಸ್",
                "stop_id": "35399",
                "lat": 12.80222,
                "lon": 77.39714
              },
              {
                "name": "Bidadi Railway Station",
                "name_kn": "ಬಿದದಿ ರೈಲ್ವಯ್ ಸ್ಟಟಿೊಂ",
                "stop_id": "21466",
                "lat": 12.79973,
                "lon": 77.39107
              },
              {
                "name": "Bidadi",
                "name_kn": "ಬಿದದಿ",
                "stop_id": "21465",
                "lat": 12.79678,
                "lon": 77.38496
              }
            ]
          },
          {
            "Route": "222-A KWS-KBS",
            "RouteId": 1926,
            "RouteParentId": 1136,
            "Destination": "Kempegowda Bus Station",
            "Via": "",
            "Area": "RWB Gate Kengeri (Kengeri Work shop)",
            "PlatformNumber": "1",
            "KannadaDestination": "ಕೆಂಪೆಗೌದ ಬುಸ್ ಸ್ಟಟಿೊಂ",
            "KannadaArea": "ಆರ್‌ ಡಬ್ಲೂ ಬಿ ಗೇಟ್ ಕೆಂಗೇರಿ (ಕೆಂಗೇರಿ ವರ್ಕ್ ಶಾಪ್)",
            "KannadaVia": "",
            "FromStationId": 20926,
            "Stops": [
              {
                "name": "Kengeri Bus Station",
                "name_kn": "ಕೆಙೆರಿ ಬುಸ್ ಸ್ಟಟಿೊಂ",
                "stop_id": "20926",
                "lat": 12.91406,
                "lon": 77.48645
              },
              {
                "name": "Mylasandra Cross",
                "name_kn": "ಮೆಲಸಂದ್ರ ಕ್ರೊಸ್ಸ್",
                "stop_id": "21040",
                "lat": 12.91751,
                "lon": 77.49039
              },
              {
                "name": "Dubasipalya Cross",
                "name_kn": "ದುಬಸಿಪಲೆ ಕ್ರೊಸ್ಸ್",
                "stop_id": "20765",
                "lat": 12.9229,
                "lon": 77.49583
              },
              {
                "name": "RV College",
                "name_kn": "ರ್ವ್ ಕೊಲ್ಲೆಗೆ",
                "stop_id": "21146",
                "lat": 12.92529,
                "lon": 77.49918
              },
              {
                "name": "Jayaram Das Factory",
                "name_kn": "ಜಯರಂ ದಸ್ ೞಕ್ಟೊರೆ",
                "stop_id": "20879",
                "lat": 12.93011,
                "lon": 77.5056
              },
              {
                "name": "Bengaluru University Gate",
                "name_kn": "ಬೆಙಲುರು ುನಿವೆರ್ಸಿಟೆ ಗಟೆ",
                "stop_id": "20649",
                "lat": 12.93573,
                "lon": 77.51332
              },
              {
                "name": "Rajarajeshwari nagara Gate",
                "name_kn": "ರಜರಜೆಶ್ವರಿ ನಗರ ಗಟೆ",
                "stop_id": "21140",
                "lat": 12.93649,
                "lon": 77.51861
              },
              {
                "name": "BWSSB Quarters Nayandahalli",
                "name_kn": "ಬ್ವ್ಸ್ಸ್ಬ್ qುರ್ಟೆರ್ಸ್ ನಯಂದಹಲ್ಲಿ",
                "stop_id": "20691",
                "lat": 12.93987,
                "lon": 77.5236
              },
              {
                "name": "Nayandahalli",
                "name_kn": "ನಯಂದಹಲ್ಲಿ",
                "stop_id": "21053",
                "lat": 12.94288,
                "lon": 77.52576
              },
              {
                "name": "Mysore Road Metro Station",
                "name_kn": "ಮೆಸೊರೆ ರೊದ್ ಮೆಟ್ರೊ ಸ್ಟಟಿೊಂ",
                "stop_id": "21580",
                "lat": 12.94633,
                "lon": 77.52972
              },
              {
                "name": "BHEL",
                "name_kn": "ಭೆಲ್",
                "stop_id": "20661",
                "lat": 12.94874,
                "lon": 77.53559
              },
              {
                "name": "Bapujinagara",
                "name_kn": "ಬಪುಜಿನಗರ",
                "stop_id": "20626",
                "lat": 12.95321,
                "lon": 77.54182
              },
              {
                "name": "New Guddadahalli",
                "name_kn": "ನೆವ್ ಗುದ್ದದಹಲ್ಲಿ",
                "stop_id": "21056",
                "lat": 12.95587,
                "lon": 77.54596
              },
              {
                "name": "Mysore Road TollGate",
                "name_kn": "ಮೆಸೊರೆ ರೊದ್ ಟೊಲ್ಲ್ಗಟೆ",
                "stop_id": "21044",
                "lat": 12.95738,
                "lon": 77.55178
              },
              {
                "name": "Sirsi Circle",
                "name_kn": "ಸಿರ್ಸಿ ಕಿರ್ಕ್ಲೆ",
                "stop_id": "35393",
                "lat": 12.96036,
                "lon": 77.55687
              },
              {
                "name": "Binny MIll",
                "name_kn": "ಬಿಂನೆ ಮಿಲ್ಲ್",
                "stop_id": "20673",
                "lat": 12.9653,
                "lon": 77.56817
              },
              {
                "name": "Kempegowda Bus Station",
                "name_kn": "ಕೆಂಪೆಗೌದ ಬುಸ್ ಸ್ಟಟಿೊಂ",
                "stop_id": "20922",
                "lat": 12.97749,
                "lon": 77.57327
              }
            ]
          },
          {
            "Route": "222-C",
            "RouteId": 1936,
            "RouteParentId": 1141,
            "Destination": "Upadhyaya Badavane",
            "Via": "",
            "Area": "Upadhyaya Badavane",
            "PlatformNumber": "1",
            "KannadaDestination": "ಉಪಥೆಯ ಬದವನೆ",
            "KannadaArea": "ಉಪಾಧ್ಯಾಯ ಬಡಾವಣೆ",
            "KannadaVia": "",
            "FromStationId": 20926,
            "Stops": [
              {
                "name": "Kengeri Bus Station",
                "name_kn": "ಕೆಙೆರಿ ಬುಸ್ ಸ್ಟಟಿೊಂ",
                "stop_id": "20925",
                "lat": 12.91379,
                "lon": 77.4871
              },
              {
                "name": "Kengeri Police Station",
                "name_kn": "ಕೆಙೆರಿ ಪೊಲಿಕೆ ಸ್ಟಟಿೊಂ",
                "stop_id": "21094",
                "lat": 12.91007,
                "lon": 77.48146
              },
              {
                "name": "Kengeri Ganesha Temple",
                "name_kn": "ಕೆಙೆರಿ ಗನೆಶ ಟೆಂಪ್ಲೆ",
                "stop_id": "20782",
                "lat": 12.91126,
                "lon": 77.48029
              },
              {
                "name": "Kommaghatta Junction",
                "name_kn": "ಕೊಮ್ಮಘಟ ಜುಂಕ್ಟಿೊಂ",
                "stop_id": "20882",
                "lat": 12.91444,
                "lon": 77.48144
              },
              {
                "name": "Kengeri Post Office",
                "name_kn": "ಕೆಙೆರಿ ಪೊಸ್ಟ್ ೊೞ್ೞಿಕೆ",
                "stop_id": "22165",
                "lat": 12.91543,
                "lon": 77.48181
              },
              {
                "name": "Kengeri Railway Station",
                "name_kn": "ಕೆಙೆರಿ ರೈಲ್ವಯ್ ಸ್ಟಟಿೊಂ",
                "stop_id": "21110",
                "lat": 12.91686,
                "lon": 77.48234
              },
              {
                "name": "Kengeri Satellite Town",
                "name_kn": "ಕೆಙೆರಿ ಸಟೆಲ್ಲಿಟೆ ಟೌಂ",
                "stop_id": "22167",
                "lat": 12.92355,
                "lon": 77.48479
              },
              {
                "name": "Kengeri Church",
                "name_kn": "ಕೆಙೆರಿ ಚುರ್ಚ್",
                "stop_id": "20923",
                "lat": 12.92874,
                "lon": 77.48664
              },
              {
                "name": "Shirke KHB Quarters",
                "name_kn": "ಶಿರ್ಕೆ ಖ್ಬ್ qುರ್ಟೆರ್ಸ್",
                "stop_id": "22665",
                "lat": 12.93193,
                "lon": 77.48762
              },
              {
                "name": "Upadhyaya Badavane",
                "name_kn": "ಉಪಥೆಯ ಬದವನೆ",
                "stop_id": "31513",
                "lat": 12.9353,
                "lon": 77.49909
              }
            ]
          },
          {
            "Route": "222-F",
            "RouteId": 1938,
            "RouteParentId": 1142,
            "Destination": "Shirke KHB Quarters",
            "Via": "",
            "Area": "Shirke KHB Quarters",
            "PlatformNumber": "1",
            "KannadaDestination": "ಶಿರ್ಕೆ ಖ್ಬ್ qುರ್ಟೆರ್ಸ್",
            "KannadaArea": "ಶಿರ್ಕೆ ಕೆಬಿ ಕ್ವಾರ್ಟರ್ಸ್",
            "KannadaVia": "",
            "FromStationId": 20926,
            "Stops": [
              {
                "name": "Kengeri Bus Station",
                "name_kn": "ಕೆಙೆರಿ ಬುಸ್ ಸ್ಟಟಿೊಂ",
                "stop_id": "20925",
                "lat": 12.91379,
                "lon": 77.4871
              },
              {
                "name": "Kengeri Police Station",
                "name_kn": "ಕೆಙೆರಿ ಪೊಲಿಕೆ ಸ್ಟಟಿೊಂ",
                "stop_id": "21094",
                "lat": 12.91007,
                "lon": 77.48146
              },
              {
                "name": "Kengeri Ganesha Temple",
                "name_kn": "ಕೆಙೆರಿ ಗನೆಶ ಟೆಂಪ್ಲೆ",
                "stop_id": "20782",
                "lat": 12.91126,
                "lon": 77.48029
              },
              {
                "name": "Kommaghatta Junction",
                "name_kn": "ಕೊಮ್ಮಘಟ ಜುಂಕ್ಟಿೊಂ",
                "stop_id": "20882",
                "lat": 12.91444,
                "lon": 77.48144
              },
              {
                "name": "Kengeri Post Office",
                "name_kn": "ಕೆಙೆರಿ ಪೊಸ್ಟ್ ೊೞ್ೞಿಕೆ",
                "stop_id": "22165",
                "lat": 12.91543,
                "lon": 77.48181
              },
              {
                "name": "Kengeri Railway Station",
                "name_kn": "ಕೆಙೆರಿ ರೈಲ್ವಯ್ ಸ್ಟಟಿೊಂ",
                "stop_id": "21110",
                "lat": 12.91686,
                "lon": 77.48234
              },
              {
                "name": "Kengeri Satellite Town",
                "name_kn": "ಕೆಙೆರಿ ಸಟೆಲ್ಲಿಟೆ ಟೌಂ",
                "stop_id": "22167",
                "lat": 12.92355,
                "lon": 77.48479
              },
              {
                "name": "Kengeri Church",
                "name_kn": "ಕೆಙೆರಿ ಚುರ್ಚ್",
                "stop_id": "20923",
                "lat": 12.92874,
                "lon": 77.48664
              },
              {
                "name": "Shirke KHB Quarters",
                "name_kn": "ಶಿರ್ಕೆ ಖ್ಬ್ qುರ್ಟೆರ್ಸ್",
                "stop_id": "22665",
                "lat": 12.93193,
                "lon": 77.48762
              }
            ]
          },
          {
            "Route": "222-H",
            "RouteId": 1940,
            "RouteParentId": 1143,
            "Destination": "Sonnenahalli",
            "Via": "",
            "Area": "Sonnenahalli",
            "PlatformNumber": "1",
            "KannadaDestination": "ಸೊಂನೆನಹಲ್ಲಿ",
            "KannadaArea": "ಸೊನ್ನೇನಹಳ್ಳಿ",
            "KannadaVia": "",
            "FromStationId": 20926,
            "Stops": [
              {
                "name": "Kengeri Bus Station",
                "name_kn": "ಕೆಙೆರಿ ಬುಸ್ ಸ್ಟಟಿೊಂ",
                "stop_id": "20925",
                "lat": 12.91379,
                "lon": 77.4871
              },
              {
                "name": "Kengeri Police Station",
                "name_kn": "ಕೆಙೆರಿ ಪೊಲಿಕೆ ಸ್ಟಟಿೊಂ",
                "stop_id": "21094",
                "lat": 12.91007,
                "lon": 77.48146
              },
              {
                "name": "Kengeri Ganesha Temple",
                "name_kn": "ಕೆಙೆರಿ ಗನೆಶ ಟೆಂಪ್ಲೆ",
                "stop_id": "20782",
                "lat": 12.91126,
                "lon": 77.48029
              },
              {
                "name": "Kommaghatta Junction",
                "name_kn": "ಕೊಮ್ಮಘಟ ಜುಂಕ್ಟಿೊಂ",
                "stop_id": "20882",
                "lat": 12.91444,
                "lon": 77.48144
              },
              {
                "name": "Kengeri Post Office",
                "name_kn": "ಕೆಙೆರಿ ಪೊಸ್ಟ್ ೊೞ್ೞಿಕೆ",
                "stop_id": "22165",
                "lat": 12.91543,
                "lon": 77.48181
              },
              {
                "name": "Kengeri Railway Station",
                "name_kn": "ಕೆಙೆರಿ ರೈಲ್ವಯ್ ಸ್ಟಟಿೊಂ",
                "stop_id": "21110",
                "lat": 12.91686,
                "lon": 77.48234
              },
              {
                "name": "Kengeri Satellite Town",
                "name_kn": "ಕೆಙೆರಿ ಸಟೆಲ್ಲಿಟೆ ಟೌಂ",
                "stop_id": "22167",
                "lat": 12.92355,
                "lon": 77.48479
              },
              {
                "name": "Kengeri Church",
                "name_kn": "ಕೆಙೆರಿ ಚುರ್ಚ್",
                "stop_id": "20923",
                "lat": 12.92874,
                "lon": 77.48664
              },
              {
                "name": "Shirke KHB Quarters",
                "name_kn": "ಶಿರ್ಕೆ ಖ್ಬ್ qುರ್ಟೆರ್ಸ್",
                "stop_id": "22665",
                "lat": 12.93193,
                "lon": 77.48762
              },
              {
                "name": "1st Block Vishweshwaraiah Layout",
                "name_kn": "1ಸ್ಟ್ ಬ್ಲೊಕ್ಕ್ ವಿಶ್ವೆಶ್ವರೈಹ್ ಲಯೌಟ್",
                "stop_id": "29392",
                "lat": 12.93746,
                "lon": 77.47873
              },
              {
                "name": "Maruthi Nagara",
                "name_kn": "ಮರುತಿ ನಗರ",
                "stop_id": "33864",
                "lat": 12.93983,
                "lon": 77.47944
              },
              {
                "name": "Sonnenahalli",
                "name_kn": "ಸೊಂನೆನಹಲ್ಲಿ",
                "stop_id": "34658",
                "lat": 12.94205,
                "lon": 77.4791
              }
            ]
          },
          {
            "Route": "222-N",
            "RouteId": 1944,
            "RouteParentId": 1145,
            "Destination": "Jnana Bharathi West Side Hospital",
            "Via": "",
            "Area": "Jnana Bharathi West Side Hospital",
            "PlatformNumber": "1",
            "KannadaDestination": "ಜ್ನನ ಭರತಿ ವೆಸ್ಟ್ ಸಿದೆ ಹೊಸ್ಪಿಟಲ್",
            "KannadaArea": "ಜ್ಙಾನ ಭಾರತಿ ವೆಸ್ಟ್‌ ಸೈಡ್‌ ಆಸ್ಪತ್ರೆ",
            "KannadaVia": "",
            "FromStationId": 20926,
            "Stops": [
              {
                "name": "Kengeri Bus Station",
                "name_kn": "ಕೆಙೆರಿ ಬುಸ್ ಸ್ಟಟಿೊಂ",
                "stop_id": "20925",
                "lat": 12.91379,
                "lon": 77.4871
              },
              {
                "name": "Kengeri Police Station",
                "name_kn": "ಕೆಙೆರಿ ಪೊಲಿಕೆ ಸ್ಟಟಿೊಂ",
                "stop_id": "21094",
                "lat": 12.91007,
                "lon": 77.48146
              },
              {
                "name": "Kengeri Ganesha Temple",
                "name_kn": "ಕೆಙೆರಿ ಗನೆಶ ಟೆಂಪ್ಲೆ",
                "stop_id": "20782",
                "lat": 12.91126,
                "lon": 77.48029
              },
              {
                "name": "Kommaghatta Junction",
                "name_kn": "ಕೊಮ್ಮಘಟ ಜುಂಕ್ಟಿೊಂ",
                "stop_id": "20882",
                "lat": 12.91444,
                "lon": 77.48144
              },
              {
                "name": "Kengeri Post Office",
                "name_kn": "ಕೆಙೆರಿ ಪೊಸ್ಟ್ ೊೞ್ೞಿಕೆ",
                "stop_id": "22165",
                "lat": 12.91543,
                "lon": 77.48181
              },
              {
                "name": "Kengeri Railway Station",
                "name_kn": "ಕೆಙೆರಿ ರೈಲ್ವಯ್ ಸ್ಟಟಿೊಂ",
                "stop_id": "21110",
                "lat": 12.91686,
                "lon": 77.48234
              },
              {
                "name": "Kengeri Satellite Town",
                "name_kn": "ಕೆಙೆರಿ ಸಟೆಲ್ಲಿಟೆ ಟೌಂ",
                "stop_id": "22167",
                "lat": 12.92355,
                "lon": 77.48479
              },
              {
                "name": "Police Quarters",
                "name_kn": "ಪೊಲಿಕೆ qುರ್ಟೆರ್ಸ್",
                "stop_id": "34263",
                "lat": 12.9232,
                "lon": 77.48882
              },
              {
                "name": "Shivanahalli",
                "name_kn": "ಶಿವನಹಲ್ಲಿ",
                "stop_id": "34557",
                "lat": 12.9283,
                "lon": 77.4906
              },
              {
                "name": "Jnana Bharathi West Side Hospital",
                "name_kn": "ಜ್ನನ ಭರತಿ ವೆಸ್ಟ್ ಸಿದೆ ಹೊಸ್ಪಿಟಲ್",
                "stop_id": "33161",
                "lat": 12.9313,
                "lon": 77.48993
              }
            ]
          },
          {
            "Route": "220-E",
            "RouteId": 1950,
            "RouteParentId": 1148,
            "Destination": "Doddabele",
            "Via": "",
            "Area": "Doddabele",
            "PlatformNumber": "1",
            "KannadaDestination": "ದೊದ್ದಬೆಲೆ",
            "KannadaArea": "ದೊಡ್ಡಬೆಲೆ",
            "KannadaVia": "",
            "FromStationId": 20926,
            "Stops": [
              {
                "name": "Kengeri Bus Station",
                "name_kn": "ಕೆಙೆರಿ ಬುಸ್ ಸ್ಟಟಿೊಂ",
                "stop_id": "20925",
                "lat": 12.91379,
                "lon": 77.4871
              },
              {
                "name": "Kengeri Police Station",
                "name_kn": "ಕೆಙೆರಿ ಪೊಲಿಕೆ ಸ್ಟಟಿೊಂ",
                "stop_id": "21094",
                "lat": 12.91007,
                "lon": 77.48146
              },
              {
                "name": "RWB Gate Kengeri (Kengeri Work shop)",
                "name_kn": "ರ್ವ್ಬ್ ಗಟೆ ಕೆಙೆರಿ (ಕೆಙೆರಿ ವೊರ್ಕ್ ಶೊಪ್)",
                "stop_id": "35377",
                "lat": 12.90405,
                "lon": 77.47574
              },
              {
                "name": "Doddabele",
                "name_kn": "ದೊದ್ದಬೆಲೆ",
                "stop_id": "32529",
                "lat": 12.88874,
                "lon": 77.47754
              }
            ]
          },
          {
            "Route": "220-F",
            "RouteId": 1952,
            "RouteParentId": 1149,
            "Destination": "Provident Sunworth Apartment",
            "Via": "",
            "Area": "Provident Sunworth Apartment",
            "PlatformNumber": "1",
            "KannadaDestination": "ಪ್ರೊವಿದೆಂಟ್ ಸುಂವೊರ್ತ್ ಪರ್ಟ್ಮೆಂಟ್",
            "KannadaArea": "ಪ್ರಾವಿಡೆಂಟ್‌ ಸನ್ವರ್ತ್‌ ಅಪಾರ್ಟ್‌ಮೆಂಟ್",
            "KannadaVia": "",
            "FromStationId": 20926,
            "Stops": [
              {
                "name": "Kengeri Bus Station",
                "name_kn": "ಕೆಙೆರಿ ಬುಸ್ ಸ್ಟಟಿೊಂ",
                "stop_id": "20925",
                "lat": 12.91379,
                "lon": 77.4871
              },
              {
                "name": "Kengeri Police Station",
                "name_kn": "ಕೆಙೆರಿ ಪೊಲಿಕೆ ಸ್ಟಟಿೊಂ",
                "stop_id": "21094",
                "lat": 12.91007,
                "lon": 77.48146
              },
              {
                "name": "Kengeri Metro Station",
                "name_kn": "ಕೆಙೆರಿ ಮೆಟ್ರೊ ಸ್ಟಟಿೊಂ",
                "stop_id": "38620",
                "lat": 12.90757,
                "lon": 77.47606
              },
              {
                "name": "RWB Gate Kengeri (Kengeri Work shop)",
                "name_kn": "ರ್ವ್ಬ್ ಗಟೆ ಕೆಙೆರಿ (ಕೆಙೆರಿ ವೊರ್ಕ್ ಶೊಪ್)",
                "stop_id": "28081",
                "lat": 12.904,
                "lon": 77.4757
              },
              {
                "name": "Doddabele Colony",
                "name_kn": "ದೊದ್ದಬೆಲೆ ಕೊಲೊನೆ",
                "stop_id": "38621",
                "lat": 12.89157,
                "lon": 77.47164
              },
              {
                "name": "Provident Sunworth Apartment",
                "name_kn": "ಪ್ರೊವಿದೆಂಟ್ ಸುಂವೊರ್ತ್ ಪರ್ಟ್ಮೆಂಟ್",
                "stop_id": "34285",
                "lat": 12.8811,
                "lon": 77.47147
              }
            ]
          },
          {
            "Route": "221-F",
            "RouteId": 1964,
            "RouteParentId": 1155,
            "Destination": "Hunasemaradapalya",
            "Via": "",
            "Area": "Hunasemaradapalya",
            "PlatformNumber": "1",
            "KannadaDestination": "ಹುನಸೆಮರದಪಲೆ",
            "KannadaArea": "ಹುಣಸೆಮರದಪಾಳ್ಯ",
            "KannadaVia": "",
            "FromStationId": 20926,
            "Stops": [
              {
                "name": "Kengeri Bus Station",
                "name_kn": "ಕೆಙೆರಿ ಬುಸ್ ಸ್ಟಟಿೊಂ",
                "stop_id": "20925",
                "lat": 12.91379,
                "lon": 77.4871
              },
              {
                "name": "Kengeri Police Station",
                "name_kn": "ಕೆಙೆರಿ ಪೊಲಿಕೆ ಸ್ಟಟಿೊಂ",
                "stop_id": "21094",
                "lat": 12.91007,
                "lon": 77.48146
              },
              {
                "name": "Kengeri Ganesha Temple",
                "name_kn": "ಕೆಙೆರಿ ಗನೆಶ ಟೆಂಪ್ಲೆ",
                "stop_id": "20782",
                "lat": 12.91126,
                "lon": 77.48029
              },
              {
                "name": "Kommaghatta Junction",
                "name_kn": "ಕೊಮ್ಮಘಟ ಜುಂಕ್ಟಿೊಂ",
                "stop_id": "20882",
                "lat": 12.91444,
                "lon": 77.48144
              },
              {
                "name": "Robin Theatre",
                "name_kn": "ರೊಬಿಂ ತೆಟ್ರೆ",
                "stop_id": "28049",
                "lat": 12.91601,
                "lon": 77.4798
              },
              {
                "name": "Bande Mutt Gate Kengeri",
                "name_kn": "ಬಂದೆ ಮುಟ್ ಗಟೆ ಕೆಙೆರಿ",
                "stop_id": "31878",
                "lat": 12.91899,
                "lon": 77.47749
              },
              {
                "name": "Beedi Karmikara Colony Gate",
                "name_kn": "ಬೀದಿ ಕರ್ಮಿಕರ ಕೊಲೊನೆ ಗಟೆ",
                "stop_id": "31936",
                "lat": 12.92231,
                "lon": 77.47482
              },
              {
                "name": "Kengeri Club",
                "name_kn": "ಕೆಙೆರಿ ಕ್ಲುಬ್",
                "stop_id": "33458",
                "lat": 12.92351,
                "lon": 77.47287
              },
              {
                "name": "Beedi Karmikara Colony",
                "name_kn": "ಬೀದಿ ಕರ್ಮಿಕರ ಕೊಲೊನೆ",
                "stop_id": "31935",
                "lat": 12.92003,
                "lon": 77.47146
              },
              {
                "name": "Ittige Factory",
                "name_kn": "ಇಟಿಗೆ ೞಕ್ಟೊರೆ",
                "stop_id": "33073",
                "lat": 12.91999,
                "lon": 77.46129
              },
              {
                "name": "New Byrohalli",
                "name_kn": "ನೆವ್ ಬೆರೊಹಲ್ಲಿ",
                "stop_id": "27451",
                "lat": 12.91938,
                "lon": 77.45602
              },
              {
                "name": "Archakara Badavane",
                "name_kn": "ಅರ್ಚಕರ ಬದವನೆ",
                "stop_id": "29568",
                "lat": 12.91878,
                "lon": 77.45255
              },
              {
                "name": "Sri Shiradi Sai Temple",
                "name_kn": "ಸ್ರಿ ಶಿರದಿ ಸೈ ಟೆಂಪ್ಲೆ",
                "stop_id": "26622",
                "lat": 12.91364,
                "lon": 77.45057
              },
              {
                "name": "St Clare School",
                "name_kn": "ಸ್ಟ್ ಕ್ಲರೆ ಸ್ಚೂಲ್",
                "stop_id": "26688",
                "lat": 12.91462,
                "lon": 77.44773
              },
              {
                "name": "Hunasemaradapalya",
                "name_kn": "ಹುನಸೆಮರದಪಲೆ",
                "stop_id": "33004",
                "lat": 12.91521,
                "lon": 77.44486
              }
            ]
          },
          {
            "Route": "221-G",
            "RouteId": 1966,
            "RouteParentId": 1156,
            "Destination": "Bande Mutt Badavane Radiant Enclave",
            "Via": "",
            "Area": "Bande Mutt Badavane Radiant Enclave",
            "PlatformNumber": "1",
            "KannadaDestination": "ಬಂದೆ ಮುಟ್ ಬದವನೆ ರದಿಂಟ್ ೆಂಕ್ಲವೆ",
            "KannadaArea": "ಬಂಡೆ ಮಠ ಬಡಾವಣೆ ರೇಡಿಯೆಂಟ್‌ ಎನ್‌ಕ್ಲೇವ್",
            "KannadaVia": "",
            "FromStationId": 20926,
            "Stops": [
              {
                "name": "Kengeri Bus Station",
                "name_kn": "ಕೆಙೆರಿ ಬುಸ್ ಸ್ಟಟಿೊಂ",
                "stop_id": "20925",
                "lat": 12.91379,
                "lon": 77.4871
              },
              {
                "name": "Kengeri Police Station",
                "name_kn": "ಕೆಙೆರಿ ಪೊಲಿಕೆ ಸ್ಟಟಿೊಂ",
                "stop_id": "21094",
                "lat": 12.91007,
                "lon": 77.48146
              },
              {
                "name": "Kengeri Ganesha Temple",
                "name_kn": "ಕೆಙೆರಿ ಗನೆಶ ಟೆಂಪ್ಲೆ",
                "stop_id": "20782",
                "lat": 12.91126,
                "lon": 77.48029
              },
              {
                "name": "Kommaghatta Junction",
                "name_kn": "ಕೊಮ್ಮಘಟ ಜುಂಕ್ಟಿೊಂ",
                "stop_id": "20882",
                "lat": 12.91444,
                "lon": 77.48144
              },
              {
                "name": "Robin Theatre",
                "name_kn": "ರೊಬಿಂ ತೆಟ್ರೆ",
                "stop_id": "28049",
                "lat": 12.91601,
                "lon": 77.4798
              },
              {
                "name": "Bande Mutt Gate Kengeri",
                "name_kn": "ಬಂದೆ ಮುಟ್ ಗಟೆ ಕೆಙೆರಿ",
                "stop_id": "31878",
                "lat": 12.91899,
                "lon": 77.47749
              },
              {
                "name": "Beedi Karmikara Colony Gate",
                "name_kn": "ಬೀದಿ ಕರ್ಮಿಕರ ಕೊಲೊನೆ ಗಟೆ",
                "stop_id": "31936",
                "lat": 12.92231,
                "lon": 77.47482
              },
              {
                "name": "Kengeri Club",
                "name_kn": "ಕೆಙೆರಿ ಕ್ಲುಬ್",
                "stop_id": "33458",
                "lat": 12.92351,
                "lon": 77.47287
              },
              {
                "name": "Beedi Karmikara Colony",
                "name_kn": "ಬೀದಿ ಕರ್ಮಿಕರ ಕೊಲೊನೆ",
                "stop_id": "31935",
                "lat": 12.92003,
                "lon": 77.47146
              },
              {
                "name": "Bande Mutt Badavane Radiant Enclave",
                "name_kn": "ಬಂದೆ ಮುಟ್ ಬದವನೆ ರದಿಂಟ್ ೆಂಕ್ಲವೆ",
                "stop_id": "31877",
                "lat": 12.91277,
                "lon": 77.47358
              }
            ]
          },
          {
            "Route": "224-C",
            "RouteId": 2060,
            "RouteParentId": 1206,
            "Destination": "Karabele",
            "Via": "",
            "Area": "Karabele",
            "PlatformNumber": "1",
            "KannadaDestination": "ಕರಬೆಲೆ",
            "KannadaArea": "ಕಾರುಬೆಲೆ",
            "KannadaVia": "",
            "FromStationId": 20926,
            "Stops": [
              {
                "name": "Kengeri Bus Station",
                "name_kn": "ಕೆಙೆರಿ ಬುಸ್ ಸ್ಟಟಿೊಂ",
                "stop_id": "20925",
                "lat": 12.91379,
                "lon": 77.4871
              },
              {
                "name": "Kodihalli Gate/Gollahallii Jn",
                "name_kn": "ಕೊದಿಹಲ್ಲಿ ಗಟೆ/ಗೊಲ್ಲಹಲ್ಲೀ ಜ್ಂ",
                "stop_id": "22112",
                "lat": 12.90772,
                "lon": 77.48889
              },
              {
                "name": "Kodipalya",
                "name_kn": "ಕೊದಿಪಲೆ",
                "stop_id": "33534",
                "lat": 12.90381,
                "lon": 77.48786
              },
              {
                "name": "Sridhara Gudda",
                "name_kn": "ಸ್ರಿಧರ ಗುದ್ದ",
                "stop_id": "34678",
                "lat": 12.89926,
                "lon": 77.48766
              },
              {
                "name": "Konasandra Cross",
                "name_kn": "ಕೊನಸಂದ್ರ ಕ್ರೊಸ್ಸ್",
                "stop_id": "33564",
                "lat": 12.8924,
                "lon": 77.48637
              },
              {
                "name": "Konasandra",
                "name_kn": "ಕೊನಸಂದ್ರ",
                "stop_id": "31213",
                "lat": 12.88955,
                "lon": 77.48572
              },
              {
                "name": "Hemmigepura",
                "name_kn": "ಹೆಮ್ಮಿಗೆಪುರ",
                "stop_id": "25848",
                "lat": 12.88173,
                "lon": 77.48484
              },
              {
                "name": "H Gollahalli Cross",
                "name_kn": "ಹ್ ಗೊಲ್ಲಹಲ್ಲಿ ಕ್ರೊಸ್ಸ್",
                "stop_id": "25650",
                "lat": 12.87793,
                "lon": 77.48162
              },
              {
                "name": "H Gollahalli",
                "name_kn": "ಹ್ ಗೊಲ್ಲಹಲ್ಲಿ",
                "stop_id": "25648",
                "lat": 12.87589,
                "lon": 77.48006
              },
              {
                "name": "Muneshwara Layout",
                "name_kn": "ಮುನೆಶ್ವರ ಲಯೌಟ್",
                "stop_id": "33973",
                "lat": 12.87256,
                "lon": 77.46762
              },
              {
                "name": "Karabele",
                "name_kn": "ಕರಬೆಲೆ",
                "stop_id": "30873",
                "lat": 12.87503,
                "lon": 77.46639
              }
            ]
          },
          {
            "Route": "226-A",
            "RouteId": 2111,
            "RouteParentId": 1233,
            "Destination": "Channegowdana Doddy",
            "Via": "",
            "Area": "Channegowdana Doddy",
            "PlatformNumber": "1",
            "KannadaDestination": "ಚಂನೆಗೌದನ ದೊದ್ಠೆ",
            "KannadaArea": "ಚನ್ನೆಗೌಡನದೊಡ್ಡಿ",
            "KannadaVia": "",
            "FromStationId": 20926,
            "Stops": [
              {
                "name": "Kengeri Bus Station",
                "name_kn": "ಕೆಙೆರಿ ಬುಸ್ ಸ್ಟಟಿೊಂ",
                "stop_id": "20925",
                "lat": 12.91379,
                "lon": 77.4871
              },
              {
                "name": "Kengeri Police Station",
                "name_kn": "ಕೆಙೆರಿ ಪೊಲಿಕೆ ಸ್ಟಟಿೊಂ",
                "stop_id": "21094",
                "lat": 12.91007,
                "lon": 77.48146
              },
              {
                "name": "Kengeri Metro Station",
                "name_kn": "ಕೆಙೆರಿ ಮೆಟ್ರೊ ಸ್ಟಟಿೊಂ",
                "stop_id": "38620",
                "lat": 12.90757,
                "lon": 77.47606
              },
              {
                "name": "Depot-12 Gate",
                "name_kn": "ದೆಪೊಟ್-12 ಗಟೆ",
                "stop_id": "35721",
                "lat": 12.90471,
                "lon": 77.47084
              },
              {
                "name": "NICE Road Kengeri Road Junction",
                "name_kn": "ನಿಕೆ ರೊದ್ ಕೆಙೆರಿ ರೊದ್ ಜುಂಕ್ಟಿೊಂ",
                "stop_id": "35386",
                "lat": 12.90224,
                "lon": 77.46926
              },
              {
                "name": "Vishwa Okkaligara Mata Basavanagara",
                "name_kn": "ವಿಶ್ವ ೊಕ್ಕಲಿಗರ ಮಟ ಬಸವನಗರ",
                "stop_id": "20627",
                "lat": 12.90099,
                "lon": 77.46746
              },
              {
                "name": "RR Medical College",
                "name_kn": "ರ್ರ್ ಮೆದಿಕಲ್ ಕೊಲ್ಲೆಗೆ",
                "stop_id": "35390",
                "lat": 12.89614,
                "lon": 77.46087
              },
              {
                "name": "Anchepalya",
                "name_kn": "ಅಂಚೆಪಲೆ",
                "stop_id": "20604",
                "lat": 12.89258,
                "lon": 77.45798
              },
              {
                "name": "Juggath Pharma",
                "name_kn": "ಜುಗ್ಗತ್ ಫರ್ಮ",
                "stop_id": "30476",
                "lat": 12.89081,
                "lon": 77.45532
              },
              {
                "name": "Ramohalli Cross",
                "name_kn": "ರಮೊಹಲ್ಲಿ ಕ್ರೊಸ್ಸ್",
                "stop_id": "35388",
                "lat": 12.88674,
                "lon": 77.45125
              },
              {
                "name": "Kumbalagodu",
                "name_kn": "ಕುಂಬಲಗೊದು",
                "stop_id": "35432",
                "lat": 12.87826,
                "lon": 77.4455
              },
              {
                "name": "Pepsi Gate",
                "name_kn": "ಪೆಪ್ಸಿ ಗಟೆ",
                "stop_id": "21086",
                "lat": 12.87197,
                "lon": 77.43943
              },
              {
                "name": "Swami Narayana Gurukula",
                "name_kn": "ಸ್ವಮಿ ನರಯನ ಗುರುಕುಲ",
                "stop_id": "21207",
                "lat": 12.86656,
                "lon": 77.43692
              },
              {
                "name": "Kanminake",
                "name_kn": "ಕಂಮಿನಕೆ",
                "stop_id": "20908",
                "lat": 12.8627,
                "lon": 77.43388
              },
              {
                "name": "Kanminake Colony",
                "name_kn": "ಕಂಮಿನಕೆ ಕೊಲೊನೆ",
                "stop_id": "20910",
                "lat": 12.85774,
                "lon": 77.42925
              },
              {
                "name": "Hejjala Cross",
                "name_kn": "ಹೆಜ್ಜಲ ಕ್ರೊಸ್ಸ್",
                "stop_id": "20828",
                "lat": 12.85533,
                "lon": 77.42714
              },
              {
                "name": "Dalai Lama College",
                "name_kn": "ದಲೈ ಲಮ ಕೊಲ್ಲೆಗೆ",
                "stop_id": "20733",
                "lat": 12.85049,
                "lon": 77.42456
              },
              {
                "name": "Sheshagirihalli",
                "name_kn": "ಶೆಶಗಿರಿಹಲ್ಲಿ",
                "stop_id": "21168",
                "lat": 12.84352,
                "lon": 77.4215
              },
              {
                "name": "Shaneshwaraswamy Temple Sheshagirihalli",
                "name_kn": "ಶನೆಶ್ವರಸ್ವಮೆ ಟೆಂಪ್ಲೆ ಶೆಶಗಿರಿಹಲ್ಲಿ",
                "stop_id": "38784",
                "lat": 12.84289,
                "lon": 77.42114
              },
              {
                "name": "Manchanayakanahalli Gate",
                "name_kn": "ಮಂಚನಯಕನಹಲ್ಲಿ ಗಟೆ",
                "stop_id": "21566",
                "lat": 12.83455,
                "lon": 77.41472
              },
              {
                "name": "Hampapura Colony Cross",
                "name_kn": "ಹಂಪಪುರ ಕೊಲೊನೆ ಕ್ರೊಸ್ಸ್",
                "stop_id": "25716",
                "lat": 12.83197,
                "lon": 77.42294
              },
              {
                "name": "Hampapura",
                "name_kn": "ಹಂಪಪುರ",
                "stop_id": "32838",
                "lat": 12.83068,
                "lon": 77.42887
              },
              {
                "name": "Talaguppe",
                "name_kn": "ಟಲಗುಪ್ಪೆ",
                "stop_id": "26801",
                "lat": 12.81135,
                "lon": 77.43327
              },
              {
                "name": "Channegowdana Doddy",
                "name_kn": "ಚಂನೆಗೌದನ ದೊದ್ಠೆ",
                "stop_id": "24441",
                "lat": 12.80722,
                "lon": 77.42929
              }
            ]
          },
          {
            "Route": "226-SB",
            "RouteId": 2273,
            "RouteParentId": 1319,
            "Destination": "Byramangala",
            "Via": "",
            "Area": "Byramangala",
            "PlatformNumber": "1",
            "KannadaDestination": "ಬೆರಮಙಲ",
            "KannadaArea": "ಬೈರಮಂಗಲ",
            "KannadaVia": "",
            "FromStationId": 20926,
            "Stops": [
              {
                "name": "Kengeri Bus Station",
                "name_kn": "ಕೆಙೆರಿ ಬುಸ್ ಸ್ಟಟಿೊಂ",
                "stop_id": "20925",
                "lat": 12.91379,
                "lon": 77.4871
              },
              {
                "name": "Kengeri Police Station",
                "name_kn": "ಕೆಙೆರಿ ಪೊಲಿಕೆ ಸ್ಟಟಿೊಂ",
                "stop_id": "21094",
                "lat": 12.91007,
                "lon": 77.48146
              },
              {
                "name": "Kengeri Metro Station",
                "name_kn": "ಕೆಙೆರಿ ಮೆಟ್ರೊ ಸ್ಟಟಿೊಂ",
                "stop_id": "38620",
                "lat": 12.90757,
                "lon": 77.47606
              },
              {
                "name": "Depot-12 Gate",
                "name_kn": "ದೆಪೊಟ್-12 ಗಟೆ",
                "stop_id": "35721",
                "lat": 12.90471,
                "lon": 77.47084
              },
              {
                "name": "NICE Road Kengeri Road Junction",
                "name_kn": "ನಿಕೆ ರೊದ್ ಕೆಙೆರಿ ರೊದ್ ಜುಂಕ್ಟಿೊಂ",
                "stop_id": "35386",
                "lat": 12.90224,
                "lon": 77.46926
              },
              {
                "name": "Vishwa Okkaligara Mata Basavanagara",
                "name_kn": "ವಿಶ್ವ ೊಕ್ಕಲಿಗರ ಮಟ ಬಸವನಗರ",
                "stop_id": "20627",
                "lat": 12.90099,
                "lon": 77.46746
              },
              {
                "name": "RR Medical College",
                "name_kn": "ರ್ರ್ ಮೆದಿಕಲ್ ಕೊಲ್ಲೆಗೆ",
                "stop_id": "35390",
                "lat": 12.89614,
                "lon": 77.46087
              },
              {
                "name": "Anchepalya",
                "name_kn": "ಅಂಚೆಪಲೆ",
                "stop_id": "20604",
                "lat": 12.89258,
                "lon": 77.45798
              },
              {
                "name": "Juggath Pharma",
                "name_kn": "ಜುಗ್ಗತ್ ಫರ್ಮ",
                "stop_id": "30476",
                "lat": 12.89081,
                "lon": 77.45532
              },
              {
                "name": "Ramohalli Cross",
                "name_kn": "ರಮೊಹಲ್ಲಿ ಕ್ರೊಸ್ಸ್",
                "stop_id": "35388",
                "lat": 12.88674,
                "lon": 77.45125
              },
              {
                "name": "Kumbalagodu",
                "name_kn": "ಕುಂಬಲಗೊದು",
                "stop_id": "35432",
                "lat": 12.87826,
                "lon": 77.4455
              },
              {
                "name": "Pepsi Gate",
                "name_kn": "ಪೆಪ್ಸಿ ಗಟೆ",
                "stop_id": "21086",
                "lat": 12.87197,
                "lon": 77.43943
              },
              {
                "name": "Swami Narayana Gurukula",
                "name_kn": "ಸ್ವಮಿ ನರಯನ ಗುರುಕುಲ",
                "stop_id": "21207",
                "lat": 12.86656,
                "lon": 77.43692
              },
              {
                "name": "Kanminake",
                "name_kn": "ಕಂಮಿನಕೆ",
                "stop_id": "20908",
                "lat": 12.8627,
                "lon": 77.43388
              },
              {
                "name": "Kanminake Colony",
                "name_kn": "ಕಂಮಿನಕೆ ಕೊಲೊನೆ",
                "stop_id": "20910",
                "lat": 12.85774,
                "lon": 77.42925
              },
              {
                "name": "Hejjala Cross",
                "name_kn": "ಹೆಜ್ಜಲ ಕ್ರೊಸ್ಸ್",
                "stop_id": "20828",
                "lat": 12.85533,
                "lon": 77.42714
              },
              {
                "name": "Dalai Lama College",
                "name_kn": "ದಲೈ ಲಮ ಕೊಲ್ಲೆಗೆ",
                "stop_id": "20733",
                "lat": 12.85049,
                "lon": 77.42456
              },
              {
                "name": "Sheshagirihalli",
                "name_kn": "ಶೆಶಗಿರಿಹಲ್ಲಿ",
                "stop_id": "21168",
                "lat": 12.84352,
                "lon": 77.4215
              },
              {
                "name": "Shaneshwaraswamy Temple Sheshagirihalli",
                "name_kn": "ಶನೆಶ್ವರಸ್ವಮೆ ಟೆಂಪ್ಲೆ ಶೆಶಗಿರಿಹಲ್ಲಿ",
                "stop_id": "38784",
                "lat": 12.84289,
                "lon": 77.42114
              },
              {
                "name": "Manchanayakanahalli Gate",
                "name_kn": "ಮಂಚನಯಕನಹಲ್ಲಿ ಗಟೆ",
                "stop_id": "21566",
                "lat": 12.83455,
                "lon": 77.41472
              },
              {
                "name": "Veeranjaneya Temple",
                "name_kn": "ವೀರಞನೆಯ ಟೆಂಪ್ಲೆ",
                "stop_id": "21621",
                "lat": 12.82864,
                "lon": 77.41254
              },
              {
                "name": "Railway Gate Lakshmisagara",
                "name_kn": "ರೈಲ್ವಯ್ ಗಟೆ ಲಕ್ಷ್ಮಿಸಗರ",
                "stop_id": "21589",
                "lat": 12.82418,
                "lon": 77.41136
              },
              {
                "name": "Kadumane Hotel",
                "name_kn": "ಕದುಮನೆ ಹೊಟೆಲ್",
                "stop_id": "35402",
                "lat": 12.81554,
                "lon": 77.40756
              },
              {
                "name": "Eagleton Resort",
                "name_kn": "ಎಗ್ಲೆಟೊಂ ರೆಸೊರ್ಟ್",
                "stop_id": "25187",
                "lat": 12.81067,
                "lon": 77.41626
              },
              {
                "name": "Motherson Automotive Cross",
                "name_kn": "ಮೊತೆರ್ಸೊಂ ೌಟೊಮೊಟಿವೆ ಕ್ರೊಸ್ಸ್",
                "stop_id": "29043",
                "lat": 12.80794,
                "lon": 77.41968
              },
              {
                "name": "Pichaguntarapalya",
                "name_kn": "ಪಿಚಗುಂಟರಪಲೆ",
                "stop_id": "27675",
                "lat": 12.80474,
                "lon": 77.42244
              },
              {
                "name": "Gollarapalya",
                "name_kn": "ಗೊಲ್ಲರಪಲೆ",
                "stop_id": "32719",
                "lat": 12.80155,
                "lon": 77.42521
              },
              {
                "name": "Shyanumangala",
                "name_kn": "ಶೆನುಮಙಲ",
                "stop_id": "34580",
                "lat": 12.79482,
                "lon": 77.43213
              },
              {
                "name": "Chikka Kuntanahalli Cross",
                "name_kn": "ಚಿಕ್ಕ ಕುಂಟನಹಲ್ಲಿ ಕ್ರೊಸ್ಸ್",
                "stop_id": "24522",
                "lat": 12.79221,
                "lon": 77.43864
              },
              {
                "name": "Anchipura Cross",
                "name_kn": "ಅಂಚಿಪುರ ಕ್ರೊಸ್ಸ್",
                "stop_id": "29517",
                "lat": 12.79009,
                "lon": 77.44125
              },
              {
                "name": "Anchipura",
                "name_kn": "ಅಂಚಿಪುರ",
                "stop_id": "29515",
                "lat": 12.77061,
                "lon": 77.43203
              },
              {
                "name": "Anchipura Colony",
                "name_kn": "ಅಂಚಿಪುರ ಕೊಲೊನೆ",
                "stop_id": "29516",
                "lat": 12.76763,
                "lon": 77.43855
              },
              {
                "name": "Bannigiri",
                "name_kn": "ಬಂನಿಗಿರಿ",
                "stop_id": "31887",
                "lat": 12.75687,
                "lon": 77.43645
              },
              {
                "name": "Bannigiri Cross",
                "name_kn": "ಬಂನಿಗಿರಿ ಕ್ರೊಸ್ಸ್",
                "stop_id": "31888",
                "lat": 12.74724,
                "lon": 77.43327
              },
              {
                "name": "Byramangala",
                "name_kn": "ಬೆರಮಙಲ",
                "stop_id": "30296",
                "lat": 12.74876,
                "lon": 77.42431
              }
            ]
          },
          {
            "Route": "227-BA",
            "RouteId": 2332,
            "RouteParentId": 1352,
            "Destination": "Tavarekere",
            "Via": "",
            "Area": "Tavarekere",
            "PlatformNumber": "1",
            "KannadaDestination": "ಟವರೆಕೆರೆ",
            "KannadaArea": "ತಾವರೆಕೆರೆ",
            "KannadaVia": "",
            "FromStationId": 20926,
            "Stops": [
              {
                "name": "Kengeri Bus Station",
                "name_kn": "ಕೆಙೆರಿ ಬುಸ್ ಸ್ಟಟಿೊಂ",
                "stop_id": "20925",
                "lat": 12.91379,
                "lon": 77.4871
              },
              {
                "name": "Kengeri Police Station",
                "name_kn": "ಕೆಙೆರಿ ಪೊಲಿಕೆ ಸ್ಟಟಿೊಂ",
                "stop_id": "21094",
                "lat": 12.91007,
                "lon": 77.48146
              },
              {
                "name": "Kengeri Metro Station",
                "name_kn": "ಕೆಙೆರಿ ಮೆಟ್ರೊ ಸ್ಟಟಿೊಂ",
                "stop_id": "38620",
                "lat": 12.90757,
                "lon": 77.47606
              },
              {
                "name": "Depot-12 Gate",
                "name_kn": "ದೆಪೊಟ್-12 ಗಟೆ",
                "stop_id": "35721",
                "lat": 12.90471,
                "lon": 77.47084
              },
              {
                "name": "NICE Road Kengeri Road Junction",
                "name_kn": "ನಿಕೆ ರೊದ್ ಕೆಙೆರಿ ರೊದ್ ಜುಂಕ್ಟಿೊಂ",
                "stop_id": "35386",
                "lat": 12.90224,
                "lon": 77.46926
              },
              {
                "name": "Vishwa Okkaligara Mata Basavanagara",
                "name_kn": "ವಿಶ್ವ ೊಕ್ಕಲಿಗರ ಮಟ ಬಸವನಗರ",
                "stop_id": "20627",
                "lat": 12.90099,
                "lon": 77.46746
              },
              {
                "name": "RR Medical College",
                "name_kn": "ರ್ರ್ ಮೆದಿಕಲ್ ಕೊಲ್ಲೆಗೆ",
                "stop_id": "35390",
                "lat": 12.89614,
                "lon": 77.46087
              },
              {
                "name": "Anchepalya",
                "name_kn": "ಅಂಚೆಪಲೆ",
                "stop_id": "20604",
                "lat": 12.89258,
                "lon": 77.45798
              },
              {
                "name": "Juggath Pharma",
                "name_kn": "ಜುಗ್ಗತ್ ಫರ್ಮ",
                "stop_id": "30476",
                "lat": 12.89081,
                "lon": 77.45532
              },
              {
                "name": "Ramohalli Cross",
                "name_kn": "ರಮೊಹಲ್ಲಿ ಕ್ರೊಸ್ಸ್",
                "stop_id": "35388",
                "lat": 12.88674,
                "lon": 77.45125
              },
              {
                "name": "Challeghatta",
                "name_kn": "ಚಲ್ಲೆಘಟ",
                "stop_id": "24396",
                "lat": 12.89663,
                "lon": 77.45333
              },
              {
                "name": "CWS-3 BMTC",
                "name_kn": "ಕ್ವ್ಸ್-3 ಬ್ಂಟ್ಕ್",
                "stop_id": "24745",
                "lat": 12.90378,
                "lon": 77.44984
              },
              {
                "name": "Bheemanakuppe",
                "name_kn": "ಭೀಮನಕುಪ್ಪೆ",
                "stop_id": "30008",
                "lat": 12.90401,
                "lon": 77.43857
              },
              {
                "name": "Bheemanakuppe Cross",
                "name_kn": "ಭೀಮನಕುಪ್ಪೆ ಕ್ರೊಸ್ಸ್",
                "stop_id": "30010",
                "lat": 12.89482,
                "lon": 77.43661
              },
              {
                "name": "MGM School",
                "name_kn": "ಂಗ್ಂ ಸ್ಚೂಲ್",
                "stop_id": "33928",
                "lat": 12.8976,
                "lon": 77.43268
              },
              {
                "name": "Vinayakanagara Ramohalli",
                "name_kn": "ವಿನಯಕನಗರ ರಮೊಹಲ್ಲಿ",
                "stop_id": "31839",
                "lat": 12.90319,
                "lon": 77.43002
              },
              {
                "name": "Ashrama Ramohalli",
                "name_kn": "ಅಶ್ರಮ ರಮೊಹಲ್ಲಿ",
                "stop_id": "35671",
                "lat": 12.90627,
                "lon": 77.42882
              },
              {
                "name": "Ramohalli",
                "name_kn": "ರಮೊಹಲ್ಲಿ",
                "stop_id": "34377",
                "lat": 12.90731,
                "lon": 77.41816
              },
              {
                "name": "Kethohalli",
                "name_kn": "ಕೆತೊಹಲ್ಲಿ",
                "stop_id": "31052",
                "lat": 12.9073,
                "lon": 77.40336
              },
              {
                "name": "Dodda Aladamara",
                "name_kn": "ದೊದ್ದ ಲದಮರ",
                "stop_id": "25005",
                "lat": 12.90991,
                "lon": 77.39529
              },
              {
                "name": "KHB Colony Dodda Aladamara",
                "name_kn": "ಖ್ಬ್ ಕೊಲೊನೆ ದೊದ್ದ ಲದಮರ",
                "stop_id": "31069",
                "lat": 12.91355,
                "lon": 77.39428
              },
              {
                "name": "Ganapathihalli",
                "name_kn": "ಗನಪತಿಹಲ್ಲಿ",
                "stop_id": "32623",
                "lat": 12.91776,
                "lon": 77.39524
              },
              {
                "name": "Hosapalya",
                "name_kn": "ಹೊಸಪಲೆ",
                "stop_id": "25980",
                "lat": 12.92463,
                "lon": 77.39699
              },
              {
                "name": "Punugumaranahalli Cross",
                "name_kn": "ಪುನುಗುಮರನಹಲ್ಲಿ ಕ್ರೊಸ್ಸ್",
                "stop_id": "27768",
                "lat": 12.92897,
                "lon": 77.39995
              },
              {
                "name": "Basavanapalya",
                "name_kn": "ಬಸವನಪಲೆ",
                "stop_id": "31903",
                "lat": 12.93214,
                "lon": 77.40003
              },
              {
                "name": "Muneshwara Temple",
                "name_kn": "ಮುನೆಶ್ವರ ಟೆಂಪ್ಲೆ",
                "stop_id": "29092",
                "lat": 12.93368,
                "lon": 77.4003
              },
              {
                "name": "Chikka Mariyappanapalya",
                "name_kn": "ಚಿಕ್ಕ ಮರಿಯಪ್ಪನಪಲೆ",
                "stop_id": "24525",
                "lat": 12.93985,
                "lon": 77.40043
              },
              {
                "name": "Chikka Veeraiahnapalya",
                "name_kn": "ಚಿಕ್ಕ ವೀರೈಹ್ನಪಲೆ",
                "stop_id": "32299",
                "lat": 12.94541,
                "lon": 77.40046
              },
              {
                "name": "Estate Tavarekere",
                "name_kn": "ಎಸ್ಟಟೆ ಟವರೆಕೆರೆ",
                "stop_id": "32601",
                "lat": 12.95444,
                "lon": 77.40397
              },
              {
                "name": "Puttaiahnapalya Cross",
                "name_kn": "ಪುಟೈಹ್ನಪಲೆ ಕ್ರೊಸ್ಸ್",
                "stop_id": "27786",
                "lat": 12.95984,
                "lon": 77.40676
              },
              {
                "name": "Dodda Aladamara Cross",
                "name_kn": "ದೊದ್ದ ಲದಮರ ಕ್ರೊಸ್ಸ್",
                "stop_id": "25007",
                "lat": 12.96386,
                "lon": 77.40744
              },
              {
                "name": "Manjunatha Nagara",
                "name_kn": "ಮಞುನತ ನಗರ",
                "stop_id": "28764",
                "lat": 12.96433,
                "lon": 77.40378
              },
              {
                "name": "Tavarekere",
                "name_kn": "ಟವರೆಕೆರೆ",
                "stop_id": "34765",
                "lat": 12.96567,
                "lon": 77.4001
              }
            ]
          },
          {
            "Route": "227-HA",
            "RouteId": 2350,
            "RouteParentId": 1362,
            "Destination": "Kurubarapalya",
            "Via": "",
            "Area": "Kurubarapalya",
            "PlatformNumber": "1",
            "KannadaDestination": "ಕುರುಬರಪಲೆ",
            "KannadaArea": "ಕುರುಬರಪಾಳ್ಯ",
            "KannadaVia": "",
            "FromStationId": 20926,
            "Stops": [
              {
                "name": "Kengeri Bus Station",
                "name_kn": "ಕೆಙೆರಿ ಬುಸ್ ಸ್ಟಟಿೊಂ",
                "stop_id": "20925",
                "lat": 12.91379,
                "lon": 77.4871
              },
              {
                "name": "Kengeri Police Station",
                "name_kn": "ಕೆಙೆರಿ ಪೊಲಿಕೆ ಸ್ಟಟಿೊಂ",
                "stop_id": "21094",
                "lat": 12.91007,
                "lon": 77.48146
              },
              {
                "name": "Kengeri Metro Station",
                "name_kn": "ಕೆಙೆರಿ ಮೆಟ್ರೊ ಸ್ಟಟಿೊಂ",
                "stop_id": "38620",
                "lat": 12.90757,
                "lon": 77.47606
              },
              {
                "name": "Depot-12 Gate",
                "name_kn": "ದೆಪೊಟ್-12 ಗಟೆ",
                "stop_id": "35721",
                "lat": 12.90471,
                "lon": 77.47084
              },
              {
                "name": "NICE Road Kengeri Road Junction",
                "name_kn": "ನಿಕೆ ರೊದ್ ಕೆಙೆರಿ ರೊದ್ ಜುಂಕ್ಟಿೊಂ",
                "stop_id": "35386",
                "lat": 12.90224,
                "lon": 77.46926
              },
              {
                "name": "Vishwa Okkaligara Mata Basavanagara",
                "name_kn": "ವಿಶ್ವ ೊಕ್ಕಲಿಗರ ಮಟ ಬಸವನಗರ",
                "stop_id": "20627",
                "lat": 12.90099,
                "lon": 77.46746
              },
              {
                "name": "RR Medical College",
                "name_kn": "ರ್ರ್ ಮೆದಿಕಲ್ ಕೊಲ್ಲೆಗೆ",
                "stop_id": "35390",
                "lat": 12.89614,
                "lon": 77.46087
              },
              {
                "name": "Anchepalya",
                "name_kn": "ಅಂಚೆಪಲೆ",
                "stop_id": "20604",
                "lat": 12.89258,
                "lon": 77.45798
              },
              {
                "name": "Juggath Pharma",
                "name_kn": "ಜುಗ್ಗತ್ ಫರ್ಮ",
                "stop_id": "30476",
                "lat": 12.89081,
                "lon": 77.45532
              },
              {
                "name": "Ramohalli Cross",
                "name_kn": "ರಮೊಹಲ್ಲಿ ಕ್ರೊಸ್ಸ್",
                "stop_id": "35388",
                "lat": 12.88674,
                "lon": 77.45125
              },
              {
                "name": "CWS-3 BMTC",
                "name_kn": "ಕ್ವ್ಸ್-3 ಬ್ಂಟ್ಕ್",
                "stop_id": "24745",
                "lat": 12.90378,
                "lon": 77.44984
              },
              {
                "name": "Bheemanakuppe",
                "name_kn": "ಭೀಮನಕುಪ್ಪೆ",
                "stop_id": "30008",
                "lat": 12.90401,
                "lon": 77.43857
              },
              {
                "name": "Bheemanakuppe Cross",
                "name_kn": "ಭೀಮನಕುಪ್ಪೆ ಕ್ರೊಸ್ಸ್",
                "stop_id": "30010",
                "lat": 12.89482,
                "lon": 77.43661
              },
              {
                "name": "MGM School",
                "name_kn": "ಂಗ್ಂ ಸ್ಚೂಲ್",
                "stop_id": "33928",
                "lat": 12.8976,
                "lon": 77.43268
              },
              {
                "name": "Vinayakanagara Ramohalli",
                "name_kn": "ವಿನಯಕನಗರ ರಮೊಹಲ್ಲಿ",
                "stop_id": "31839",
                "lat": 12.90319,
                "lon": 77.43002
              },
              {
                "name": "Ashrama Ramohalli",
                "name_kn": "ಅಶ್ರಮ ರಮೊಹಲ್ಲಿ",
                "stop_id": "35671",
                "lat": 12.90627,
                "lon": 77.42882
              },
              {
                "name": "Ramohalli",
                "name_kn": "ರಮೊಹಲ್ಲಿ",
                "stop_id": "34377",
                "lat": 12.90731,
                "lon": 77.41816
              },
              {
                "name": "Kethohalli",
                "name_kn": "ಕೆತೊಹಲ್ಲಿ",
                "stop_id": "31052",
                "lat": 12.9073,
                "lon": 77.40336
              },
              {
                "name": "Dodda Aladamara",
                "name_kn": "ದೊದ್ದ ಲದಮರ",
                "stop_id": "32495",
                "lat": 12.9099,
                "lon": 77.39534
              },
              {
                "name": "Chunchanakuppe",
                "name_kn": "ಚುಂಚನಕುಪ್ಪೆ",
                "stop_id": "24696",
                "lat": 12.91038,
                "lon": 77.38631
              },
              {
                "name": "Tavarekatte",
                "name_kn": "ಟವರೆಕಟೆ",
                "stop_id": "26828",
                "lat": 12.91145,
                "lon": 77.38282
              },
              {
                "name": "Channappa Circle",
                "name_kn": "ಚಂನಪ್ಪ ಕಿರ್ಕ್ಲೆ",
                "stop_id": "24432",
                "lat": 12.91021,
                "lon": 77.37336
              },
              {
                "name": "Chandrappa Circle",
                "name_kn": "ಚಂದ್ರಪ್ಪ ಕಿರ್ಕ್ಲೆ",
                "stop_id": "24411",
                "lat": 12.91049,
                "lon": 77.36962
              },
              {
                "name": "Sulivara Cross",
                "name_kn": "ಸುಲಿವರ ಕ್ರೊಸ್ಸ್",
                "stop_id": "26746",
                "lat": 12.90252,
                "lon": 77.36757
              },
              {
                "name": "Sulivara",
                "name_kn": "ಸುಲಿವರ",
                "stop_id": "34726",
                "lat": 12.90297,
                "lon": 77.36215
              },
              {
                "name": "Kurubarapalya",
                "name_kn": "ಕುರುಬರಪಲೆ",
                "stop_id": "28419",
                "lat": 12.91143,
                "lon": 77.36276
              }
            ]
          },
          {
            "Route": "227-P KBS-HNG",
            "RouteId": 2401,
            "RouteParentId": 1388,
            "Destination": "Hunnigere",
            "Via": "",
            "Area": "Hunnigere",
            "PlatformNumber": "1",
            "KannadaDestination": "ಹುಂನಿಗೆರೆ",
            "KannadaArea": "ಹುಣ್ಣಿಗೆರೆ",
            "KannadaVia": "",
            "FromStationId": 20926,
            "Stops": [
              {
                "name": "Kengeri Bus Station",
                "name_kn": "ಕೆಙೆರಿ ಬುಸ್ ಸ್ಟಟಿೊಂ",
                "stop_id": "20925",
                "lat": 12.91379,
                "lon": 77.4871
              },
              {
                "name": "Kengeri Police Station",
                "name_kn": "ಕೆಙೆರಿ ಪೊಲಿಕೆ ಸ್ಟಟಿೊಂ",
                "stop_id": "21094",
                "lat": 12.91007,
                "lon": 77.48146
              },
              {
                "name": "Kengeri Metro Station",
                "name_kn": "ಕೆಙೆರಿ ಮೆಟ್ರೊ ಸ್ಟಟಿೊಂ",
                "stop_id": "38620",
                "lat": 12.90757,
                "lon": 77.47606
              },
              {
                "name": "Depot-12 Gate",
                "name_kn": "ದೆಪೊಟ್-12 ಗಟೆ",
                "stop_id": "35721",
                "lat": 12.90471,
                "lon": 77.47084
              },
              {
                "name": "NICE Road Kengeri Road Junction",
                "name_kn": "ನಿಕೆ ರೊದ್ ಕೆಙೆರಿ ರೊದ್ ಜುಂಕ್ಟಿೊಂ",
                "stop_id": "35386",
                "lat": 12.90224,
                "lon": 77.46926
              },
              {
                "name": "Vishwa Okkaligara Mata Basavanagara",
                "name_kn": "ವಿಶ್ವ ೊಕ್ಕಲಿಗರ ಮಟ ಬಸವನಗರ",
                "stop_id": "20627",
                "lat": 12.90099,
                "lon": 77.46746
              },
              {
                "name": "RR Medical College",
                "name_kn": "ರ್ರ್ ಮೆದಿಕಲ್ ಕೊಲ್ಲೆಗೆ",
                "stop_id": "35390",
                "lat": 12.89614,
                "lon": 77.46087
              },
              {
                "name": "Anchepalya",
                "name_kn": "ಅಂಚೆಪಲೆ",
                "stop_id": "20604",
                "lat": 12.89258,
                "lon": 77.45798
              },
              {
                "name": "Juggath Pharma",
                "name_kn": "ಜುಗ್ಗತ್ ಫರ್ಮ",
                "stop_id": "30476",
                "lat": 12.89081,
                "lon": 77.45532
              },
              {
                "name": "Ramohalli Cross",
                "name_kn": "ರಮೊಹಲ್ಲಿ ಕ್ರೊಸ್ಸ್",
                "stop_id": "35388",
                "lat": 12.88674,
                "lon": 77.45125
              },
              {
                "name": "CWS-3 BMTC",
                "name_kn": "ಕ್ವ್ಸ್-3 ಬ್ಂಟ್ಕ್",
                "stop_id": "24745",
                "lat": 12.90378,
                "lon": 77.44984
              },
              {
                "name": "Bheemanakuppe",
                "name_kn": "ಭೀಮನಕುಪ್ಪೆ",
                "stop_id": "30008",
                "lat": 12.90401,
                "lon": 77.43857
              },
              {
                "name": "Bheemanakuppe Cross",
                "name_kn": "ಭೀಮನಕುಪ್ಪೆ ಕ್ರೊಸ್ಸ್",
                "stop_id": "30010",
                "lat": 12.89482,
                "lon": 77.43661
              },
              {
                "name": "MGM School",
                "name_kn": "ಂಗ್ಂ ಸ್ಚೂಲ್",
                "stop_id": "33928",
                "lat": 12.8976,
                "lon": 77.43268
              },
              {
                "name": "Vinayakanagara Ramohalli",
                "name_kn": "ವಿನಯಕನಗರ ರಮೊಹಲ್ಲಿ",
                "stop_id": "31839",
                "lat": 12.90319,
                "lon": 77.43002
              },
              {
                "name": "Ashrama Ramohalli",
                "name_kn": "ಅಶ್ರಮ ರಮೊಹಲ್ಲಿ",
                "stop_id": "35671",
                "lat": 12.90627,
                "lon": 77.42882
              },
              {
                "name": "Ramohalli",
                "name_kn": "ರಮೊಹಲ್ಲಿ",
                "stop_id": "34377",
                "lat": 12.90731,
                "lon": 77.41816
              },
              {
                "name": "Kethohalli",
                "name_kn": "ಕೆತೊಹಲ್ಲಿ",
                "stop_id": "31052",
                "lat": 12.9073,
                "lon": 77.40336
              },
              {
                "name": "Dodda Aladamara",
                "name_kn": "ದೊದ್ದ ಲದಮರ",
                "stop_id": "32495",
                "lat": 12.9099,
                "lon": 77.39534
              },
              {
                "name": "Chunchanakuppe",
                "name_kn": "ಚುಂಚನಕುಪ್ಪೆ",
                "stop_id": "24696",
                "lat": 12.91038,
                "lon": 77.38631
              },
              {
                "name": "Tavarekatte",
                "name_kn": "ಟವರೆಕಟೆ",
                "stop_id": "26828",
                "lat": 12.91145,
                "lon": 77.38282
              },
              {
                "name": "Channappa Circle",
                "name_kn": "ಚಂನಪ್ಪ ಕಿರ್ಕ್ಲೆ",
                "stop_id": "24432",
                "lat": 12.91021,
                "lon": 77.37336
              },
              {
                "name": "Chandrappa Circle",
                "name_kn": "ಚಂದ್ರಪ್ಪ ಕಿರ್ಕ್ಲೆ",
                "stop_id": "24411",
                "lat": 12.91049,
                "lon": 77.36962
              },
              {
                "name": "Kurubarapalya Cross",
                "name_kn": "ಕುರುಬರಪಲೆ ಕ್ರೊಸ್ಸ್",
                "stop_id": "28421",
                "lat": 12.91392,
                "lon": 77.36736
              },
              {
                "name": "Huluvenahalli Gate",
                "name_kn": "ಹುಲುವೆನಹಲ್ಲಿ ಗಟೆ",
                "stop_id": "26053",
                "lat": 12.92005,
                "lon": 77.3686
              },
              {
                "name": "Hunnigere",
                "name_kn": "ಹುಂನಿಗೆರೆ",
                "stop_id": "26068",
                "lat": 12.92291,
                "lon": 77.36866
              }
            ]
          },
          {
            "Route": "228-H",
            "RouteId": 2435,
            "RouteParentId": 1406,
            "Destination": "Thippuru",
            "Via": "",
            "Area": "Thippuru",
            "PlatformNumber": "1",
            "KannadaDestination": "ತಿಪ್ಪುರು",
            "KannadaArea": "ತಿಪ್ಪೂರು",
            "KannadaVia": "",
            "FromStationId": 20926,
            "Stops": [
              {
                "name": "Kengeri Bus Station",
                "name_kn": "ಕೆಙೆರಿ ಬುಸ್ ಸ್ಟಟಿೊಂ",
                "stop_id": "20925",
                "lat": 12.91379,
                "lon": 77.4871
              },
              {
                "name": "Kengeri Police Station",
                "name_kn": "ಕೆಙೆರಿ ಪೊಲಿಕೆ ಸ್ಟಟಿೊಂ",
                "stop_id": "21094",
                "lat": 12.91007,
                "lon": 77.48146
              },
              {
                "name": "Kengeri Metro Station",
                "name_kn": "ಕೆಙೆರಿ ಮೆಟ್ರೊ ಸ್ಟಟಿೊಂ",
                "stop_id": "38620",
                "lat": 12.90757,
                "lon": 77.47606
              },
              {
                "name": "Depot-12 Gate",
                "name_kn": "ದೆಪೊಟ್-12 ಗಟೆ",
                "stop_id": "35721",
                "lat": 12.90471,
                "lon": 77.47084
              },
              {
                "name": "NICE Road Kengeri Road Junction",
                "name_kn": "ನಿಕೆ ರೊದ್ ಕೆಙೆರಿ ರೊದ್ ಜುಂಕ್ಟಿೊಂ",
                "stop_id": "35386",
                "lat": 12.90224,
                "lon": 77.46926
              },
              {
                "name": "Vishwa Okkaligara Mata Basavanagara",
                "name_kn": "ವಿಶ್ವ ೊಕ್ಕಲಿಗರ ಮಟ ಬಸವನಗರ",
                "stop_id": "20627",
                "lat": 12.90099,
                "lon": 77.46746
              },
              {
                "name": "RR Medical College",
                "name_kn": "ರ್ರ್ ಮೆದಿಕಲ್ ಕೊಲ್ಲೆಗೆ",
                "stop_id": "35390",
                "lat": 12.89614,
                "lon": 77.46087
              },
              {
                "name": "Anchepalya",
                "name_kn": "ಅಂಚೆಪಲೆ",
                "stop_id": "20604",
                "lat": 12.89258,
                "lon": 77.45798
              },
              {
                "name": "Juggath Pharma",
                "name_kn": "ಜುಗ್ಗತ್ ಫರ್ಮ",
                "stop_id": "30476",
                "lat": 12.89081,
                "lon": 77.45532
              },
              {
                "name": "Ramohalli Cross",
                "name_kn": "ರಮೊಹಲ್ಲಿ ಕ್ರೊಸ್ಸ್",
                "stop_id": "35388",
                "lat": 12.88674,
                "lon": 77.45125
              },
              {
                "name": "Kumbalagodu",
                "name_kn": "ಕುಂಬಲಗೊದು",
                "stop_id": "35432",
                "lat": 12.87826,
                "lon": 77.4455
              },
              {
                "name": "YMCA Public School",
                "name_kn": "ಯ್ಂಕ ಪುಬ್ಲಿಕ್ ಸ್ಚೂಲ್",
                "stop_id": "22849",
                "lat": 12.87354,
                "lon": 77.44835
              },
              {
                "name": "Pinto Bore",
                "name_kn": "ಪಿಂಟೊ ಬೊರೆ",
                "stop_id": "34257",
                "lat": 12.8708,
                "lon": 77.45048
              },
              {
                "name": "Thagachaguppe",
                "name_kn": "ತಗಚಗುಪ್ಪೆ",
                "stop_id": "34775",
                "lat": 12.86647,
                "lon": 77.45507
              },
              {
                "name": "Devagere Cross",
                "name_kn": "ದೆವಗೆರೆ ಕ್ರೊಸ್ಸ್",
                "stop_id": "24904",
                "lat": 12.86431,
                "lon": 77.45713
              },
              {
                "name": "Ranga Jangama",
                "name_kn": "ರಙ ಜಙಮ",
                "stop_id": "34389",
                "lat": 12.85579,
                "lon": 77.45278
              },
              {
                "name": "Nalku Kamba",
                "name_kn": "ನಲ್ಕು ಕಂಬ",
                "stop_id": "34073",
                "lat": 12.85215,
                "lon": 77.45203
              },
              {
                "name": "Eradu Kamba",
                "name_kn": "ಎರದು ಕಂಬ",
                "stop_id": "32596",
                "lat": 12.849,
                "lon": 77.45135
              },
              {
                "name": "K Gollahalli",
                "name_kn": "ಕ್ ಗೊಲ್ಲಹಲ್ಲಿ",
                "stop_id": "33194",
                "lat": 12.8432,
                "lon": 77.4515
              },
              {
                "name": "GOVT Hospital K Gollahalli",
                "name_kn": "ಗೊವ್ಟ್ ಹೊಸ್ಪಿಟಲ್ ಕ್ ಗೊಲ್ಲಹಲ್ಲಿ",
                "stop_id": "32979",
                "lat": 12.83939,
                "lon": 77.45168
              },
              {
                "name": "Gonipura",
                "name_kn": "ಗೊನಿಪುರ",
                "stop_id": "32721",
                "lat": 12.83243,
                "lon": 77.45107
              },
              {
                "name": "Seegehalli Cross",
                "name_kn": "ಸೀಗೆಹಲ್ಲಿ ಕ್ರೊಸ್ಸ್",
                "stop_id": "28204",
                "lat": 12.82536,
                "lon": 77.44927
              },
              {
                "name": "Lingapura",
                "name_kn": "ಲಿಙಪುರ",
                "stop_id": "33704",
                "lat": 12.82141,
                "lon": 77.44411
              },
              {
                "name": "Thippuru",
                "name_kn": "ತಿಪ್ಪುರು",
                "stop_id": "34995",
                "lat": 12.81505,
                "lon": 77.44129
              }
            ]
          },
          {
            "Route": "229-B KBS-DVG",
            "RouteId": 2472,
            "RouteParentId": 1426,
            "Destination": "Devagere",
            "Via": "",
            "Area": "Devagere",
            "PlatformNumber": "1",
            "KannadaDestination": "ದೆವಗೆರೆ",
            "KannadaArea": "ದೇವಗೆರೆ",
            "KannadaVia": "",
            "FromStationId": 20926,
            "Stops": [
              {
                "name": "Kengeri Bus Station",
                "name_kn": "ಕೆಙೆರಿ ಬುಸ್ ಸ್ಟಟಿೊಂ",
                "stop_id": "20925",
                "lat": 12.91379,
                "lon": 77.4871
              },
              {
                "name": "Kengeri Police Station",
                "name_kn": "ಕೆಙೆರಿ ಪೊಲಿಕೆ ಸ್ಟಟಿೊಂ",
                "stop_id": "21094",
                "lat": 12.91007,
                "lon": 77.48146
              },
              {
                "name": "Kengeri Metro Station",
                "name_kn": "ಕೆಙೆರಿ ಮೆಟ್ರೊ ಸ್ಟಟಿೊಂ",
                "stop_id": "38620",
                "lat": 12.90757,
                "lon": 77.47606
              },
              {
                "name": "Depot-12 Gate",
                "name_kn": "ದೆಪೊಟ್-12 ಗಟೆ",
                "stop_id": "35721",
                "lat": 12.90471,
                "lon": 77.47084
              },
              {
                "name": "NICE Road Kengeri Road Junction",
                "name_kn": "ನಿಕೆ ರೊದ್ ಕೆಙೆರಿ ರೊದ್ ಜುಂಕ್ಟಿೊಂ",
                "stop_id": "35386",
                "lat": 12.90224,
                "lon": 77.46926
              },
              {
                "name": "Vishwa Okkaligara Mata Basavanagara",
                "name_kn": "ವಿಶ್ವ ೊಕ್ಕಲಿಗರ ಮಟ ಬಸವನಗರ",
                "stop_id": "20627",
                "lat": 12.90099,
                "lon": 77.46746
              },
              {
                "name": "RR Medical College",
                "name_kn": "ರ್ರ್ ಮೆದಿಕಲ್ ಕೊಲ್ಲೆಗೆ",
                "stop_id": "35390",
                "lat": 12.89614,
                "lon": 77.46087
              },
              {
                "name": "Anchepalya",
                "name_kn": "ಅಂಚೆಪಲೆ",
                "stop_id": "20604",
                "lat": 12.89258,
                "lon": 77.45798
              },
              {
                "name": "Juggath Pharma",
                "name_kn": "ಜುಗ್ಗತ್ ಫರ್ಮ",
                "stop_id": "30476",
                "lat": 12.89081,
                "lon": 77.45532
              },
              {
                "name": "Ramohalli Cross",
                "name_kn": "ರಮೊಹಲ್ಲಿ ಕ್ರೊಸ್ಸ್",
                "stop_id": "35388",
                "lat": 12.88674,
                "lon": 77.45125
              },
              {
                "name": "Kumbalagodu",
                "name_kn": "ಕುಂಬಲಗೊದು",
                "stop_id": "35432",
                "lat": 12.87826,
                "lon": 77.4455
              },
              {
                "name": "YMCA Public School",
                "name_kn": "ಯ್ಂಕ ಪುಬ್ಲಿಕ್ ಸ್ಚೂಲ್",
                "stop_id": "22849",
                "lat": 12.87354,
                "lon": 77.44835
              },
              {
                "name": "Pinto Bore",
                "name_kn": "ಪಿಂಟೊ ಬೊರೆ",
                "stop_id": "34257",
                "lat": 12.8708,
                "lon": 77.45048
              },
              {
                "name": "Thagachaguppe",
                "name_kn": "ತಗಚಗುಪ್ಪೆ",
                "stop_id": "34775",
                "lat": 12.86647,
                "lon": 77.45507
              },
              {
                "name": "Devagere Cross",
                "name_kn": "ದೆವಗೆರೆ ಕ್ರೊಸ್ಸ್",
                "stop_id": "24904",
                "lat": 12.86431,
                "lon": 77.45713
              },
              {
                "name": "Devagere",
                "name_kn": "ದೆವಗೆರೆ",
                "stop_id": "32442",
                "lat": 12.85669,
                "lon": 77.46556
              }
            ]
          },
          {
            "Route": "227-RA",
            "RouteId": 3260,
            "RouteParentId": 1835,
            "Destination": "Srinivasa Saligrama",
            "Via": "",
            "Area": "Srinivasa Saligrama",
            "PlatformNumber": "1",
            "KannadaDestination": "ಸ್ರಿನಿವಸ ಸಲಿಗ್ರಮ",
            "KannadaArea": "ಶ್ರೀನಿವಾಸ ಸಾಲಿಗ್ರಾಮ",
            "KannadaVia": "",
            "FromStationId": 20926,
            "Stops": [
              {
                "name": "Kengeri Bus Station",
                "name_kn": "ಕೆಙೆರಿ ಬುಸ್ ಸ್ಟಟಿೊಂ",
                "stop_id": "20925",
                "lat": 12.91379,
                "lon": 77.4871
              },
              {
                "name": "Kengeri Police Station",
                "name_kn": "ಕೆಙೆರಿ ಪೊಲಿಕೆ ಸ್ಟಟಿೊಂ",
                "stop_id": "21094",
                "lat": 12.91007,
                "lon": 77.48146
              },
              {
                "name": "Kengeri Metro Station",
                "name_kn": "ಕೆಙೆರಿ ಮೆಟ್ರೊ ಸ್ಟಟಿೊಂ",
                "stop_id": "38620",
                "lat": 12.90757,
                "lon": 77.47606
              },
              {
                "name": "Depot-12 Gate",
                "name_kn": "ದೆಪೊಟ್-12 ಗಟೆ",
                "stop_id": "35721",
                "lat": 12.90471,
                "lon": 77.47084
              },
              {
                "name": "NICE Road Kengeri Road Junction",
                "name_kn": "ನಿಕೆ ರೊದ್ ಕೆಙೆರಿ ರೊದ್ ಜುಂಕ್ಟಿೊಂ",
                "stop_id": "35386",
                "lat": 12.90224,
                "lon": 77.46926
              },
              {
                "name": "Vishwa Okkaligara Mata Basavanagara",
                "name_kn": "ವಿಶ್ವ ೊಕ್ಕಲಿಗರ ಮಟ ಬಸವನಗರ",
                "stop_id": "20627",
                "lat": 12.90099,
                "lon": 77.46746
              },
              {
                "name": "RR Medical College",
                "name_kn": "ರ್ರ್ ಮೆದಿಕಲ್ ಕೊಲ್ಲೆಗೆ",
                "stop_id": "35390",
                "lat": 12.89614,
                "lon": 77.46087
              },
              {
                "name": "Anchepalya",
                "name_kn": "ಅಂಚೆಪಲೆ",
                "stop_id": "20604",
                "lat": 12.89258,
                "lon": 77.45798
              },
              {
                "name": "Juggath Pharma",
                "name_kn": "ಜುಗ್ಗತ್ ಫರ್ಮ",
                "stop_id": "30476",
                "lat": 12.89081,
                "lon": 77.45532
              },
              {
                "name": "Ramohalli Cross",
                "name_kn": "ರಮೊಹಲ್ಲಿ ಕ್ರೊಸ್ಸ್",
                "stop_id": "35388",
                "lat": 12.88674,
                "lon": 77.45125
              },
              {
                "name": "CWS-3 BMTC",
                "name_kn": "ಕ್ವ್ಸ್-3 ಬ್ಂಟ್ಕ್",
                "stop_id": "24745",
                "lat": 12.90378,
                "lon": 77.44984
              },
              {
                "name": "Bheemanakuppe",
                "name_kn": "ಭೀಮನಕುಪ್ಪೆ",
                "stop_id": "30008",
                "lat": 12.90401,
                "lon": 77.43857
              },
              {
                "name": "Bheemanakuppe Cross",
                "name_kn": "ಭೀಮನಕುಪ್ಪೆ ಕ್ರೊಸ್ಸ್",
                "stop_id": "30010",
                "lat": 12.89482,
                "lon": 77.43661
              },
              {
                "name": "MGM School",
                "name_kn": "ಂಗ್ಂ ಸ್ಚೂಲ್",
                "stop_id": "33928",
                "lat": 12.8976,
                "lon": 77.43268
              },
              {
                "name": "Vinayakanagara Ramohalli",
                "name_kn": "ವಿನಯಕನಗರ ರಮೊಹಲ್ಲಿ",
                "stop_id": "31839",
                "lat": 12.90319,
                "lon": 77.43002
              },
              {
                "name": "Ashrama Ramohalli",
                "name_kn": "ಅಶ್ರಮ ರಮೊಹಲ್ಲಿ",
                "stop_id": "35671",
                "lat": 12.90627,
                "lon": 77.42882
              },
              {
                "name": "Ramohalli",
                "name_kn": "ರಮೊಹಲ್ಲಿ",
                "stop_id": "34377",
                "lat": 12.90731,
                "lon": 77.41816
              },
              {
                "name": "Srinivasa Saligrama",
                "name_kn": "ಸ್ರಿನಿವಸ ಸಲಿಗ್ರಮ",
                "stop_id": "35965",
                "lat": 12.90122,
                "lon": 77.41071
              }
            ]
          },
          {
            "Route": "218-A",
            "RouteId": 4094,
            "RouteParentId": 2266,
            "Destination": "Kambipura",
            "Via": "",
            "Area": "Kambipura",
            "PlatformNumber": "1",
            "KannadaDestination": "ಕಂಬಿಪುರ",
            "KannadaArea": "ಕಂಬಿಪುರ",
            "KannadaVia": "",
            "FromStationId": 20926,
            "Stops": [
              {
                "name": "Kengeri Bus Station",
                "name_kn": "ಕೆಙೆರಿ ಬುಸ್ ಸ್ಟಟಿೊಂ",
                "stop_id": "20925",
                "lat": 12.91379,
                "lon": 77.4871
              },
              {
                "name": "Kengeri Police Station",
                "name_kn": "ಕೆಙೆರಿ ಪೊಲಿಕೆ ಸ್ಟಟಿೊಂ",
                "stop_id": "21094",
                "lat": 12.91007,
                "lon": 77.48146
              },
              {
                "name": "Kengeri Metro Station",
                "name_kn": "ಕೆಙೆರಿ ಮೆಟ್ರೊ ಸ್ಟಟಿೊಂ",
                "stop_id": "38620",
                "lat": 12.90757,
                "lon": 77.47606
              },
              {
                "name": "Depot-12 Gate",
                "name_kn": "ದೆಪೊಟ್-12 ಗಟೆ",
                "stop_id": "35721",
                "lat": 12.90471,
                "lon": 77.47084
              },
              {
                "name": "NICE Road Kengeri Road Junction",
                "name_kn": "ನಿಕೆ ರೊದ್ ಕೆಙೆರಿ ರೊದ್ ಜುಂಕ್ಟಿೊಂ",
                "stop_id": "35386",
                "lat": 12.90224,
                "lon": 77.46926
              },
              {
                "name": "Vishwa Okkaligara Mata Basavanagara",
                "name_kn": "ವಿಶ್ವ ೊಕ್ಕಲಿಗರ ಮಟ ಬಸವನಗರ",
                "stop_id": "20627",
                "lat": 12.90099,
                "lon": 77.46746
              },
              {
                "name": "RR Medical College",
                "name_kn": "ರ್ರ್ ಮೆದಿಕಲ್ ಕೊಲ್ಲೆಗೆ",
                "stop_id": "35390",
                "lat": 12.89614,
                "lon": 77.46087
              },
              {
                "name": "Anchepalya",
                "name_kn": "ಅಂಚೆಪಲೆ",
                "stop_id": "20604",
                "lat": 12.89258,
                "lon": 77.45798
              },
              {
                "name": "Juggath Pharma",
                "name_kn": "ಜುಗ್ಗತ್ ಫರ್ಮ",
                "stop_id": "30476",
                "lat": 12.89081,
                "lon": 77.45532
              },
              {
                "name": "Ramohalli Cross",
                "name_kn": "ರಮೊಹಲ್ಲಿ ಕ್ರೊಸ್ಸ್",
                "stop_id": "35388",
                "lat": 12.88674,
                "lon": 77.45125
              },
              {
                "name": "Madarasa School 1",
                "name_kn": "ಮದರಸ ಸ್ಚೂಲ್ 1",
                "stop_id": "31391",
                "lat": 12.88017,
                "lon": 77.45942
              },
              {
                "name": "Jandemara",
                "name_kn": "ಜಂದೆಮರ",
                "stop_id": "33109",
                "lat": 12.87479,
                "lon": 77.46123
              },
              {
                "name": "Kambipura",
                "name_kn": "ಕಂಬಿಪುರ",
                "stop_id": "30706",
                "lat": 12.87332,
                "lon": 77.4618
              }
            ]
          },
          {
            "Route": "224-A KBS-VRS",
            "RouteId": 10616,
            "RouteParentId": 5657,
            "Destination": "Varahasandra",
            "Via": "",
            "Area": "Varahasandra",
            "PlatformNumber": "1",
            "KannadaDestination": "ವರಹಸಂದ್ರ",
            "KannadaArea": "ವರಹಸಂದ್ರ",
            "KannadaVia": "",
            "FromStationId": 20926,
            "Stops": [
              {
                "name": "Kengeri Bus Station",
                "name_kn": "ಕೆಙೆರಿ ಬುಸ್ ಸ್ಟಟಿೊಂ",
                "stop_id": "20925",
                "lat": 12.91379,
                "lon": 77.4871
              },
              {
                "name": "Kodihalli Gate/Gollahallii Jn",
                "name_kn": "ಕೊದಿಹಲ್ಲಿ ಗಟೆ/ಗೊಲ್ಲಹಲ್ಲೀ ಜ್ಂ",
                "stop_id": "22112",
                "lat": 12.90772,
                "lon": 77.48889
              },
              {
                "name": "Kodipalya",
                "name_kn": "ಕೊದಿಪಲೆ",
                "stop_id": "33534",
                "lat": 12.90381,
                "lon": 77.48786
              },
              {
                "name": "Sridhara Gudda",
                "name_kn": "ಸ್ರಿಧರ ಗುದ್ದ",
                "stop_id": "34678",
                "lat": 12.89926,
                "lon": 77.48766
              },
              {
                "name": "Konasandra Cross",
                "name_kn": "ಕೊನಸಂದ್ರ ಕ್ರೊಸ್ಸ್",
                "stop_id": "33564",
                "lat": 12.8924,
                "lon": 77.48637
              },
              {
                "name": "Konasandra",
                "name_kn": "ಕೊನಸಂದ್ರ",
                "stop_id": "31213",
                "lat": 12.88955,
                "lon": 77.48572
              },
              {
                "name": "Hemmigepura",
                "name_kn": "ಹೆಮ್ಮಿಗೆಪುರ",
                "stop_id": "25848",
                "lat": 12.88173,
                "lon": 77.48484
              },
              {
                "name": "H Gollahalli Cross",
                "name_kn": "ಹ್ ಗೊಲ್ಲಹಲ್ಲಿ ಕ್ರೊಸ್ಸ್",
                "stop_id": "25650",
                "lat": 12.87793,
                "lon": 77.48162
              },
              {
                "name": "H Gollahalli",
                "name_kn": "ಹ್ ಗೊಲ್ಲಹಲ್ಲಿ",
                "stop_id": "25648",
                "lat": 12.87589,
                "lon": 77.48006
              },
              {
                "name": "Varahasandra",
                "name_kn": "ವರಹಸಂದ್ರ",
                "stop_id": "31560",
                "lat": 12.87403,
                "lon": 77.48672
              }
            ]
          },
          {
            "Route": "226-Q",
            "RouteId": 13468,
            "RouteParentId": 7157,
            "Destination": "Bidadi",
            "Via": "",
            "Area": "Bidadi",
            "PlatformNumber": "1",
            "KannadaDestination": "ಬಿದದಿ",
            "KannadaArea": "ಬಿಡದಿ",
            "KannadaVia": "",
            "FromStationId": 20926,
            "Stops": [
              {
                "name": "Kengeri Bus Station",
                "name_kn": "ಕೆಙೆರಿ ಬುಸ್ ಸ್ಟಟಿೊಂ",
                "stop_id": "20925",
                "lat": 12.91379,
                "lon": 77.4871
              },
              {
                "name": "Kengeri Police Station",
                "name_kn": "ಕೆಙೆರಿ ಪೊಲಿಕೆ ಸ್ಟಟಿೊಂ",
                "stop_id": "21094",
                "lat": 12.91007,
                "lon": 77.48146
              },
              {
                "name": "Kengeri Metro Station",
                "name_kn": "ಕೆಙೆರಿ ಮೆಟ್ರೊ ಸ್ಟಟಿೊಂ",
                "stop_id": "38620",
                "lat": 12.90757,
                "lon": 77.47606
              },
              {
                "name": "Depot-12 Gate",
                "name_kn": "ದೆಪೊಟ್-12 ಗಟೆ",
                "stop_id": "35721",
                "lat": 12.90471,
                "lon": 77.47084
              },
              {
                "name": "NICE Road Kengeri Road Junction",
                "name_kn": "ನಿಕೆ ರೊದ್ ಕೆಙೆರಿ ರೊದ್ ಜುಂಕ್ಟಿೊಂ",
                "stop_id": "35386",
                "lat": 12.90224,
                "lon": 77.46926
              },
              {
                "name": "Vishwa Okkaligara Mata Basavanagara",
                "name_kn": "ವಿಶ್ವ ೊಕ್ಕಲಿಗರ ಮಟ ಬಸವನಗರ",
                "stop_id": "20627",
                "lat": 12.90099,
                "lon": 77.46746
              },
              {
                "name": "RR Medical College",
                "name_kn": "ರ್ರ್ ಮೆದಿಕಲ್ ಕೊಲ್ಲೆಗೆ",
                "stop_id": "35390",
                "lat": 12.89614,
                "lon": 77.46087
              },
              {
                "name": "Anchepalya",
                "name_kn": "ಅಂಚೆಪಲೆ",
                "stop_id": "20604",
                "lat": 12.89258,
                "lon": 77.45798
              },
              {
                "name": "Juggath Pharma",
                "name_kn": "ಜುಗ್ಗತ್ ಫರ್ಮ",
                "stop_id": "30476",
                "lat": 12.89081,
                "lon": 77.45532
              },
              {
                "name": "Ramohalli Cross",
                "name_kn": "ರಮೊಹಲ್ಲಿ ಕ್ರೊಸ್ಸ್",
                "stop_id": "35388",
                "lat": 12.88674,
                "lon": 77.45125
              },
              {
                "name": "Kumbalagodu",
                "name_kn": "ಕುಂಬಲಗೊದು",
                "stop_id": "35432",
                "lat": 12.87826,
                "lon": 77.4455
              },
              {
                "name": "Pepsi Gate",
                "name_kn": "ಪೆಪ್ಸಿ ಗಟೆ",
                "stop_id": "21086",
                "lat": 12.87197,
                "lon": 77.43943
              },
              {
                "name": "Swami Narayana Gurukula",
                "name_kn": "ಸ್ವಮಿ ನರಯನ ಗುರುಕುಲ",
                "stop_id": "21207",
                "lat": 12.86656,
                "lon": 77.43692
              },
              {
                "name": "Kanminake",
                "name_kn": "ಕಂಮಿನಕೆ",
                "stop_id": "20908",
                "lat": 12.8627,
                "lon": 77.43388
              },
              {
                "name": "Kanminake Colony",
                "name_kn": "ಕಂಮಿನಕೆ ಕೊಲೊನೆ",
                "stop_id": "20910",
                "lat": 12.85774,
                "lon": 77.42925
              },
              {
                "name": "Hejjala Cross",
                "name_kn": "ಹೆಜ್ಜಲ ಕ್ರೊಸ್ಸ್",
                "stop_id": "20828",
                "lat": 12.85533,
                "lon": 77.42714
              },
              {
                "name": "Dalai Lama College",
                "name_kn": "ದಲೈ ಲಮ ಕೊಲ್ಲೆಗೆ",
                "stop_id": "20733",
                "lat": 12.85049,
                "lon": 77.42456
              },
              {
                "name": "Sheshagirihalli",
                "name_kn": "ಶೆಶಗಿರಿಹಲ್ಲಿ",
                "stop_id": "21168",
                "lat": 12.84352,
                "lon": 77.4215
              },
              {
                "name": "Shaneshwaraswamy Temple Sheshagirihalli",
                "name_kn": "ಶನೆಶ್ವರಸ್ವಮೆ ಟೆಂಪ್ಲೆ ಶೆಶಗಿರಿಹಲ್ಲಿ",
                "stop_id": "38784",
                "lat": 12.84289,
                "lon": 77.42114
              },
              {
                "name": "Manchanayakanahalli Gate",
                "name_kn": "ಮಂಚನಯಕನಹಲ್ಲಿ ಗಟೆ",
                "stop_id": "21566",
                "lat": 12.83455,
                "lon": 77.41472
              },
              {
                "name": "Veeranjaneya Temple",
                "name_kn": "ವೀರಞನೆಯ ಟೆಂಪ್ಲೆ",
                "stop_id": "21621",
                "lat": 12.82864,
                "lon": 77.41254
              },
              {
                "name": "Railway Gate Lakshmisagara",
                "name_kn": "ರೈಲ್ವಯ್ ಗಟೆ ಲಕ್ಷ್ಮಿಸಗರ",
                "stop_id": "21589",
                "lat": 12.82418,
                "lon": 77.41136
              },
              {
                "name": "Lakshmisagara",
                "name_kn": "ಲಕ್ಷ್ಮಿಸಗರ",
                "stop_id": "33690",
                "lat": 12.82485,
                "lon": 77.40438
              },
              {
                "name": "Vajarahalli Colony",
                "name_kn": "ವಜರಹಲ್ಲಿ ಕೊಲೊನೆ",
                "stop_id": "31542",
                "lat": 12.82303,
                "lon": 77.39717
              },
              {
                "name": "Vajarahalli",
                "name_kn": "ವಜರಹಲ್ಲಿ",
                "stop_id": "31828",
                "lat": 12.82392,
                "lon": 77.39154
              },
              {
                "name": "Kethaganahalli",
                "name_kn": "ಕೆತಗನಹಲ್ಲಿ",
                "stop_id": "31050",
                "lat": 12.81348,
                "lon": 77.39049
              },
              {
                "name": "Govt First Grade College Bidadi",
                "name_kn": "ಗೊವ್ಟ್ ೞಿರ್ಸ್ಟ್ ಗ್ರದೆ ಕೊಲ್ಲೆಗೆ ಬಿದದಿ",
                "stop_id": "25532",
                "lat": 12.80684,
                "lon": 77.38906
              },
              {
                "name": "KHB Colony",
                "name_kn": "ಖ್ಬ್ ಕೊಲೊನೆ",
                "stop_id": "33481",
                "lat": 12.80269,
                "lon": 77.38586
              },
              {
                "name": "Bidadi",
                "name_kn": "ಬಿದದಿ",
                "stop_id": "35913",
                "lat": 12.7969,
                "lon": 77.38458
              }
            ]
          },
          {
            "Route": "227-P KBS-KSP",
            "RouteId": 14196,
            "RouteParentId": 7587,
            "Destination": "Koodasiddanapalya",
            "Via": "",
            "Area": "Koodasiddanapalya",
            "PlatformNumber": "1",
            "KannadaDestination": "ಕೂದಸಿದ್ದನಪಲೆ",
            "KannadaArea": "ಕೂಡಸಿದ್ದನಪಾಳ್ಯ",
            "KannadaVia": "",
            "FromStationId": 20926,
            "Stops": [
              {
                "name": "Kengeri Bus Station",
                "name_kn": "ಕೆಙೆರಿ ಬುಸ್ ಸ್ಟಟಿೊಂ",
                "stop_id": "20925",
                "lat": 12.91379,
                "lon": 77.4871
              },
              {
                "name": "Kengeri Police Station",
                "name_kn": "ಕೆಙೆರಿ ಪೊಲಿಕೆ ಸ್ಟಟಿೊಂ",
                "stop_id": "21094",
                "lat": 12.91007,
                "lon": 77.48146
              },
              {
                "name": "Kengeri Metro Station",
                "name_kn": "ಕೆಙೆರಿ ಮೆಟ್ರೊ ಸ್ಟಟಿೊಂ",
                "stop_id": "38620",
                "lat": 12.90757,
                "lon": 77.47606
              },
              {
                "name": "Depot-12 Gate",
                "name_kn": "ದೆಪೊಟ್-12 ಗಟೆ",
                "stop_id": "35721",
                "lat": 12.90471,
                "lon": 77.47084
              },
              {
                "name": "NICE Road Kengeri Road Junction",
                "name_kn": "ನಿಕೆ ರೊದ್ ಕೆಙೆರಿ ರೊದ್ ಜುಂಕ್ಟಿೊಂ",
                "stop_id": "35386",
                "lat": 12.90224,
                "lon": 77.46926
              },
              {
                "name": "Vishwa Okkaligara Mata Basavanagara",
                "name_kn": "ವಿಶ್ವ ೊಕ್ಕಲಿಗರ ಮಟ ಬಸವನಗರ",
                "stop_id": "20627",
                "lat": 12.90099,
                "lon": 77.46746
              },
              {
                "name": "RR Medical College",
                "name_kn": "ರ್ರ್ ಮೆದಿಕಲ್ ಕೊಲ್ಲೆಗೆ",
                "stop_id": "35390",
                "lat": 12.89614,
                "lon": 77.46087
              },
              {
                "name": "Anchepalya",
                "name_kn": "ಅಂಚೆಪಲೆ",
                "stop_id": "20604",
                "lat": 12.89258,
                "lon": 77.45798
              },
              {
                "name": "Juggath Pharma",
                "name_kn": "ಜುಗ್ಗತ್ ಫರ್ಮ",
                "stop_id": "30476",
                "lat": 12.89081,
                "lon": 77.45532
              },
              {
                "name": "Ramohalli Cross",
                "name_kn": "ರಮೊಹಲ್ಲಿ ಕ್ರೊಸ್ಸ್",
                "stop_id": "35388",
                "lat": 12.88674,
                "lon": 77.45125
              },
              {
                "name": "CWS-3 BMTC",
                "name_kn": "ಕ್ವ್ಸ್-3 ಬ್ಂಟ್ಕ್",
                "stop_id": "24745",
                "lat": 12.90378,
                "lon": 77.44984
              },
              {
                "name": "Bheemanakuppe",
                "name_kn": "ಭೀಮನಕುಪ್ಪೆ",
                "stop_id": "30008",
                "lat": 12.90401,
                "lon": 77.43857
              },
              {
                "name": "Bheemanakuppe Cross",
                "name_kn": "ಭೀಮನಕುಪ್ಪೆ ಕ್ರೊಸ್ಸ್",
                "stop_id": "30010",
                "lat": 12.89482,
                "lon": 77.43661
              },
              {
                "name": "MGM School",
                "name_kn": "ಂಗ್ಂ ಸ್ಚೂಲ್",
                "stop_id": "33928",
                "lat": 12.8976,
                "lon": 77.43268
              },
              {
                "name": "Vinayakanagara Ramohalli",
                "name_kn": "ವಿನಯಕನಗರ ರಮೊಹಲ್ಲಿ",
                "stop_id": "31839",
                "lat": 12.90319,
                "lon": 77.43002
              },
              {
                "name": "Ashrama Ramohalli",
                "name_kn": "ಅಶ್ರಮ ರಮೊಹಲ್ಲಿ",
                "stop_id": "35671",
                "lat": 12.90627,
                "lon": 77.42882
              },
              {
                "name": "Ramohalli",
                "name_kn": "ರಮೊಹಲ್ಲಿ",
                "stop_id": "34377",
                "lat": 12.90731,
                "lon": 77.41816
              },
              {
                "name": "Kethohalli",
                "name_kn": "ಕೆತೊಹಲ್ಲಿ",
                "stop_id": "31052",
                "lat": 12.9073,
                "lon": 77.40336
              },
              {
                "name": "Dodda Aladamara",
                "name_kn": "ದೊದ್ದ ಲದಮರ",
                "stop_id": "32495",
                "lat": 12.9099,
                "lon": 77.39534
              },
              {
                "name": "Chunchanakuppe",
                "name_kn": "ಚುಂಚನಕುಪ್ಪೆ",
                "stop_id": "24696",
                "lat": 12.91038,
                "lon": 77.38631
              },
              {
                "name": "Tavarekatte",
                "name_kn": "ಟವರೆಕಟೆ",
                "stop_id": "26828",
                "lat": 12.91145,
                "lon": 77.38282
              },
              {
                "name": "Channappa Circle",
                "name_kn": "ಚಂನಪ್ಪ ಕಿರ್ಕ್ಲೆ",
                "stop_id": "24432",
                "lat": 12.91021,
                "lon": 77.37336
              },
              {
                "name": "Chandrappa Circle",
                "name_kn": "ಚಂದ್ರಪ್ಪ ಕಿರ್ಕ್ಲೆ",
                "stop_id": "24411",
                "lat": 12.91049,
                "lon": 77.36962
              },
              {
                "name": "Kurubarapalya Cross",
                "name_kn": "ಕುರುಬರಪಲೆ ಕ್ರೊಸ್ಸ್",
                "stop_id": "28421",
                "lat": 12.91392,
                "lon": 77.36736
              },
              {
                "name": "Huluvenahalli Gate",
                "name_kn": "ಹುಲುವೆನಹಲ್ಲಿ ಗಟೆ",
                "stop_id": "26053",
                "lat": 12.92005,
                "lon": 77.3686
              },
              {
                "name": "Hunnigere",
                "name_kn": "ಹುಂನಿಗೆರೆ",
                "stop_id": "26068",
                "lat": 12.92291,
                "lon": 77.36866
              },
              {
                "name": "Koodasiddanapalya",
                "name_kn": "ಕೂದಸಿದ್ದನಪಲೆ",
                "stop_id": "31312",
                "lat": 12.93285,
                "lon": 77.37164
              }
            ]
          },
          {
            "Route": "218 KBS-STBTS",
            "RouteId": 14665,
            "RouteParentId": 7858,
            "Destination": "St Bentic School",
            "Via": "",
            "Area": "St Bentic School",
            "PlatformNumber": "1",
            "KannadaDestination": "ಸ್ಟ್ ಬೆಂಟಿಕ್ ಸ್ಚೂಲ್",
            "KannadaArea": "ಸೆಂಟ್‌ ಬೆಂಟಿಕ್‌ ಶಾಲೆ",
            "KannadaVia": "",
            "FromStationId": 20926,
            "Stops": [
              {
                "name": "Kengeri Bus Station",
                "name_kn": "ಕೆಙೆರಿ ಬುಸ್ ಸ್ಟಟಿೊಂ",
                "stop_id": "20925",
                "lat": 12.91379,
                "lon": 77.4871
              },
              {
                "name": "Kengeri Police Station",
                "name_kn": "ಕೆಙೆರಿ ಪೊಲಿಕೆ ಸ್ಟಟಿೊಂ",
                "stop_id": "21094",
                "lat": 12.91007,
                "lon": 77.48146
              },
              {
                "name": "Kengeri Metro Station",
                "name_kn": "ಕೆಙೆರಿ ಮೆಟ್ರೊ ಸ್ಟಟಿೊಂ",
                "stop_id": "38620",
                "lat": 12.90757,
                "lon": 77.47606
              },
              {
                "name": "Depot-12 Gate",
                "name_kn": "ದೆಪೊಟ್-12 ಗಟೆ",
                "stop_id": "35721",
                "lat": 12.90471,
                "lon": 77.47084
              },
              {
                "name": "NICE Road Kengeri Road Junction",
                "name_kn": "ನಿಕೆ ರೊದ್ ಕೆಙೆರಿ ರೊದ್ ಜುಂಕ್ಟಿೊಂ",
                "stop_id": "35386",
                "lat": 12.90224,
                "lon": 77.46926
              },
              {
                "name": "Vishwa Okkaligara Mata Basavanagara",
                "name_kn": "ವಿಶ್ವ ೊಕ್ಕಲಿಗರ ಮಟ ಬಸವನಗರ",
                "stop_id": "20627",
                "lat": 12.90099,
                "lon": 77.46746
              },
              {
                "name": "RR Medical College",
                "name_kn": "ರ್ರ್ ಮೆದಿಕಲ್ ಕೊಲ್ಲೆಗೆ",
                "stop_id": "35390",
                "lat": 12.89614,
                "lon": 77.46087
              },
              {
                "name": "Anchepalya",
                "name_kn": "ಅಂಚೆಪಲೆ",
                "stop_id": "20604",
                "lat": 12.89258,
                "lon": 77.45798
              },
              {
                "name": "St Bentic School",
                "name_kn": "ಸ್ಟ್ ಬೆಂಟಿಕ್ ಸ್ಚೂಲ್",
                "stop_id": "34703",
                "lat": 12.88689,
                "lon": 77.45889
              }
            ]
          },
          {
            "Route": "226-L KBS-HPC",
            "RouteId": 14879,
            "RouteParentId": 7973,
            "Destination": "Hakki Pikki Colony",
            "Via": "",
            "Area": "Hakki Pikki Colony",
            "PlatformNumber": "1",
            "KannadaDestination": "ಹಕ್ಕಿ ಪಿಕ್ಕಿ ಕೊಲೊನೆ",
            "KannadaArea": "ಹಕ್ಕಿ ಪಿಕ್ಕಿ ಕಾಲನಿ",
            "KannadaVia": "",
            "FromStationId": 20926,
            "Stops": [
              {
                "name": "Kengeri Bus Station",
                "name_kn": "ಕೆಙೆರಿ ಬುಸ್ ಸ್ಟಟಿೊಂ",
                "stop_id": "20925",
                "lat": 12.91379,
                "lon": 77.4871
              },
              {
                "name": "Kengeri Police Station",
                "name_kn": "ಕೆಙೆರಿ ಪೊಲಿಕೆ ಸ್ಟಟಿೊಂ",
                "stop_id": "21094",
                "lat": 12.91007,
                "lon": 77.48146
              },
              {
                "name": "Kengeri Metro Station",
                "name_kn": "ಕೆಙೆರಿ ಮೆಟ್ರೊ ಸ್ಟಟಿೊಂ",
                "stop_id": "38620",
                "lat": 12.90757,
                "lon": 77.47606
              },
              {
                "name": "Depot-12 Gate",
                "name_kn": "ದೆಪೊಟ್-12 ಗಟೆ",
                "stop_id": "35721",
                "lat": 12.90471,
                "lon": 77.47084
              },
              {
                "name": "NICE Road Kengeri Road Junction",
                "name_kn": "ನಿಕೆ ರೊದ್ ಕೆಙೆರಿ ರೊದ್ ಜುಂಕ್ಟಿೊಂ",
                "stop_id": "35386",
                "lat": 12.90224,
                "lon": 77.46926
              },
              {
                "name": "Vishwa Okkaligara Mata Basavanagara",
                "name_kn": "ವಿಶ್ವ ೊಕ್ಕಲಿಗರ ಮಟ ಬಸವನಗರ",
                "stop_id": "20627",
                "lat": 12.90099,
                "lon": 77.46746
              },
              {
                "name": "RR Medical College",
                "name_kn": "ರ್ರ್ ಮೆದಿಕಲ್ ಕೊಲ್ಲೆಗೆ",
                "stop_id": "35390",
                "lat": 12.89614,
                "lon": 77.46087
              },
              {
                "name": "Anchepalya",
                "name_kn": "ಅಂಚೆಪಲೆ",
                "stop_id": "20604",
                "lat": 12.89258,
                "lon": 77.45798
              },
              {
                "name": "Juggath Pharma",
                "name_kn": "ಜುಗ್ಗತ್ ಫರ್ಮ",
                "stop_id": "30476",
                "lat": 12.89081,
                "lon": 77.45532
              },
              {
                "name": "Ramohalli Cross",
                "name_kn": "ರಮೊಹಲ್ಲಿ ಕ್ರೊಸ್ಸ್",
                "stop_id": "35388",
                "lat": 12.88674,
                "lon": 77.45125
              },
              {
                "name": "Kumbalagodu",
                "name_kn": "ಕುಂಬಲಗೊದು",
                "stop_id": "35432",
                "lat": 12.87826,
                "lon": 77.4455
              },
              {
                "name": "Pepsi Gate",
                "name_kn": "ಪೆಪ್ಸಿ ಗಟೆ",
                "stop_id": "21086",
                "lat": 12.87197,
                "lon": 77.43943
              },
              {
                "name": "Swami Narayana Gurukula",
                "name_kn": "ಸ್ವಮಿ ನರಯನ ಗುರುಕುಲ",
                "stop_id": "21207",
                "lat": 12.86656,
                "lon": 77.43692
              },
              {
                "name": "Kanminake",
                "name_kn": "ಕಂಮಿನಕೆ",
                "stop_id": "20908",
                "lat": 12.8627,
                "lon": 77.43388
              },
              {
                "name": "Kanminake Colony",
                "name_kn": "ಕಂಮಿನಕೆ ಕೊಲೊನೆ",
                "stop_id": "20910",
                "lat": 12.85774,
                "lon": 77.42925
              },
              {
                "name": "Hejjala Cross",
                "name_kn": "ಹೆಜ್ಜಲ ಕ್ರೊಸ್ಸ್",
                "stop_id": "20828",
                "lat": 12.85533,
                "lon": 77.42714
              },
              {
                "name": "Dalai Lama College",
                "name_kn": "ದಲೈ ಲಮ ಕೊಲ್ಲೆಗೆ",
                "stop_id": "20733",
                "lat": 12.85049,
                "lon": 77.42456
              },
              {
                "name": "Sheshagirihalli",
                "name_kn": "ಶೆಶಗಿರಿಹಲ್ಲಿ",
                "stop_id": "21168",
                "lat": 12.84352,
                "lon": 77.4215
              },
              {
                "name": "Shaneshwaraswamy Temple Sheshagirihalli",
                "name_kn": "ಶನೆಶ್ವರಸ್ವಮೆ ಟೆಂಪ್ಲೆ ಶೆಶಗಿರಿಹಲ್ಲಿ",
                "stop_id": "38784",
                "lat": 12.84289,
                "lon": 77.42114
              },
              {
                "name": "Manchanayakanahalli Gate",
                "name_kn": "ಮಂಚನಯಕನಹಲ್ಲಿ ಗಟೆ",
                "stop_id": "20992",
                "lat": 12.83494,
                "lon": 77.41386
              },
              {
                "name": "School Manchanayakanahalli",
                "name_kn": "ಸ್ಚೂಲ್ ಮಂಚನಯಕನಹಲ್ಲಿ",
                "stop_id": "21163",
                "lat": 12.83731,
                "lon": 77.40944
              },
              {
                "name": "Hakkipikki Colony Cross",
                "name_kn": "ಹಕ್ಕಿಪಿಕ್ಕಿ ಕೊಲೊನೆ ಕ್ರೊಸ್ಸ್",
                "stop_id": "31419",
                "lat": 12.83823,
                "lon": 77.40283
              },
              {
                "name": "Hakki Pikki Colony",
                "name_kn": "ಹಕ್ಕಿ ಪಿಕ್ಕಿ ಕೊಲೊನೆ",
                "stop_id": "32813",
                "lat": 12.84578,
                "lon": 77.40004
              }
            ]
          },
          {
            "Route": "227-VA KBS-MCBC",
            "RouteId": 15394,
            "RouteParentId": 8250,
            "Destination": "Manchanabele Colony",
            "Via": "",
            "Area": "Manchanabele Colony",
            "PlatformNumber": "1",
            "KannadaDestination": "ಮಂಚನಬೆಲೆ ಕೊಲೊನೆ",
            "KannadaArea": "ಮಂಚನಬೆಲೆ ಕಾಲನಿ",
            "KannadaVia": "",
            "FromStationId": 20926,
            "Stops": [
              {
                "name": "Kengeri Bus Station",
                "name_kn": "ಕೆಙೆರಿ ಬುಸ್ ಸ್ಟಟಿೊಂ",
                "stop_id": "20925",
                "lat": 12.91379,
                "lon": 77.4871
              },
              {
                "name": "Kengeri Police Station",
                "name_kn": "ಕೆಙೆರಿ ಪೊಲಿಕೆ ಸ್ಟಟಿೊಂ",
                "stop_id": "21094",
                "lat": 12.91007,
                "lon": 77.48146
              },
              {
                "name": "Kengeri Metro Station",
                "name_kn": "ಕೆಙೆರಿ ಮೆಟ್ರೊ ಸ್ಟಟಿೊಂ",
                "stop_id": "38620",
                "lat": 12.90757,
                "lon": 77.47606
              },
              {
                "name": "Depot-12 Gate",
                "name_kn": "ದೆಪೊಟ್-12 ಗಟೆ",
                "stop_id": "35721",
                "lat": 12.90471,
                "lon": 77.47084
              },
              {
                "name": "NICE Road Kengeri Road Junction",
                "name_kn": "ನಿಕೆ ರೊದ್ ಕೆಙೆರಿ ರೊದ್ ಜುಂಕ್ಟಿೊಂ",
                "stop_id": "35386",
                "lat": 12.90224,
                "lon": 77.46926
              },
              {
                "name": "Vishwa Okkaligara Mata Basavanagara",
                "name_kn": "ವಿಶ್ವ ೊಕ್ಕಲಿಗರ ಮಟ ಬಸವನಗರ",
                "stop_id": "20627",
                "lat": 12.90099,
                "lon": 77.46746
              },
              {
                "name": "RR Medical College",
                "name_kn": "ರ್ರ್ ಮೆದಿಕಲ್ ಕೊಲ್ಲೆಗೆ",
                "stop_id": "35390",
                "lat": 12.89614,
                "lon": 77.46087
              },
              {
                "name": "Anchepalya",
                "name_kn": "ಅಂಚೆಪಲೆ",
                "stop_id": "20604",
                "lat": 12.89258,
                "lon": 77.45798
              },
              {
                "name": "Juggath Pharma",
                "name_kn": "ಜುಗ್ಗತ್ ಫರ್ಮ",
                "stop_id": "30476",
                "lat": 12.89081,
                "lon": 77.45532
              },
              {
                "name": "Ramohalli Cross",
                "name_kn": "ರಮೊಹಲ್ಲಿ ಕ್ರೊಸ್ಸ್",
                "stop_id": "35388",
                "lat": 12.88674,
                "lon": 77.45125
              },
              {
                "name": "CWS-3 BMTC",
                "name_kn": "ಕ್ವ್ಸ್-3 ಬ್ಂಟ್ಕ್",
                "stop_id": "24745",
                "lat": 12.90378,
                "lon": 77.44984
              },
              {
                "name": "Bheemanakuppe",
                "name_kn": "ಭೀಮನಕುಪ್ಪೆ",
                "stop_id": "30008",
                "lat": 12.90401,
                "lon": 77.43857
              },
              {
                "name": "Bheemanakuppe Cross",
                "name_kn": "ಭೀಮನಕುಪ್ಪೆ ಕ್ರೊಸ್ಸ್",
                "stop_id": "32035",
                "lat": 12.8949,
                "lon": 77.43669
              },
              {
                "name": "Chikkellur Cross",
                "name_kn": "ಚಿಕ್ಕೆಲ್ಲುರ್ ಕ್ರೊಸ್ಸ್",
                "stop_id": "32328",
                "lat": 12.89183,
                "lon": 77.42171
              },
              {
                "name": "Kundalapura",
                "name_kn": "ಕುಂದಲಪುರ",
                "stop_id": "28391",
                "lat": 12.8951,
                "lon": 77.41532
              },
              {
                "name": "Koluru",
                "name_kn": "ಕೊಲುರು",
                "stop_id": "31193",
                "lat": 12.89151,
                "lon": 77.41336
              },
              {
                "name": "Lakkaiahnapalya",
                "name_kn": "ಲಕ್ಕೈಹ್ನಪಲೆ",
                "stop_id": "33659",
                "lat": 12.88936,
                "lon": 77.40252
              },
              {
                "name": "Rampura",
                "name_kn": "ರಂಪುರ",
                "stop_id": "34381",
                "lat": 12.89027,
                "lon": 77.3988
              },
              {
                "name": "Lakshmipura",
                "name_kn": "ಲಕ್ಷ್ಮಿಪುರ",
                "stop_id": "33679",
                "lat": 12.89216,
                "lon": 77.39209
              },
              {
                "name": "Uddandahalli",
                "name_kn": "ಉದ್ದಂದಹಲ್ಲಿ",
                "stop_id": "31503",
                "lat": 12.88646,
                "lon": 77.3838
              },
              {
                "name": "Uddandahalli Cross",
                "name_kn": "ಉದ್ದಂದಹಲ್ಲಿ ಕ್ರೊಸ್ಸ್",
                "stop_id": "31504",
                "lat": 12.88717,
                "lon": 77.37655
              },
              {
                "name": "Donnenahalli",
                "name_kn": "ದೊಂನೆನಹಲ್ಲಿ",
                "stop_id": "32563",
                "lat": 12.88424,
                "lon": 77.37517
              },
              {
                "name": "Pachepalya",
                "name_kn": "ಪಚೆಪಲೆ",
                "stop_id": "34199",
                "lat": 12.88406,
                "lon": 77.36081
              },
              {
                "name": "Pachepalya Cross",
                "name_kn": "ಪಚೆಪಲೆ ಕ್ರೊಸ್ಸ್",
                "stop_id": "27570",
                "lat": 12.88539,
                "lon": 77.35834
              },
              {
                "name": "Chikkanahalli",
                "name_kn": "ಚಿಕ್ಕನಹಲ್ಲಿ",
                "stop_id": "32319",
                "lat": 12.88186,
                "lon": 77.35537
              },
              {
                "name": "Shanthinagara Manchanabele",
                "name_kn": "ಶಂತಿನಗರ ಮಂಚನಬೆಲೆ",
                "stop_id": "28272",
                "lat": 12.87952,
                "lon": 77.34728
              },
              {
                "name": "Vahale Gate",
                "name_kn": "ವಹಲೆ ಗಟೆ",
                "stop_id": "34929",
                "lat": 12.87692,
                "lon": 77.34209
              },
              {
                "name": "Manchanabele Dam Cross",
                "name_kn": "ಮಂಚನಬೆಲೆ ದಂ ಕ್ರೊಸ್ಸ್",
                "stop_id": "28731",
                "lat": 12.87149,
                "lon": 77.3397
              },
              {
                "name": "Manchanabele School",
                "name_kn": "ಮಂಚನಬೆಲೆ ಸ್ಚೂಲ್",
                "stop_id": "28732",
                "lat": 12.87008,
                "lon": 77.33715
              },
              {
                "name": "Manchanabele Colony",
                "name_kn": "ಮಂಚನಬೆಲೆ ಕೊಲೊನೆ",
                "stop_id": "38918",
                "lat": 12.87022,
                "lon": 77.33567
              }
            ]
          },
          {
            "Route": "229-D KBS-KGP",
            "RouteId": 15717,
            "RouteParentId": 8428,
            "Destination": "Kaggalipura",
            "Via": "",
            "Area": "Kaggalipura",
            "PlatformNumber": "1",
            "KannadaDestination": "ಕಗ್ಗಲಿಪುರ",
            "KannadaArea": "ಕಗ್ಗಲಿಪುರ",
            "KannadaVia": "",
            "FromStationId": 20926,
            "Stops": [
              {
                "name": "Kengeri Bus Station",
                "name_kn": "ಕೆಙೆರಿ ಬುಸ್ ಸ್ಟಟಿೊಂ",
                "stop_id": "20925",
                "lat": 12.91379,
                "lon": 77.4871
              },
              {
                "name": "Kengeri Police Station",
                "name_kn": "ಕೆಙೆರಿ ಪೊಲಿಕೆ ಸ್ಟಟಿೊಂ",
                "stop_id": "21094",
                "lat": 12.91007,
                "lon": 77.48146
              },
              {
                "name": "Kengeri Metro Station",
                "name_kn": "ಕೆಙೆರಿ ಮೆಟ್ರೊ ಸ್ಟಟಿೊಂ",
                "stop_id": "38620",
                "lat": 12.90757,
                "lon": 77.47606
              },
              {
                "name": "Depot-12 Gate",
                "name_kn": "ದೆಪೊಟ್-12 ಗಟೆ",
                "stop_id": "35721",
                "lat": 12.90471,
                "lon": 77.47084
              },
              {
                "name": "NICE Road Kengeri Road Junction",
                "name_kn": "ನಿಕೆ ರೊದ್ ಕೆಙೆರಿ ರೊದ್ ಜುಂಕ್ಟಿೊಂ",
                "stop_id": "35386",
                "lat": 12.90224,
                "lon": 77.46926
              },
              {
                "name": "Vishwa Okkaligara Mata Basavanagara",
                "name_kn": "ವಿಶ್ವ ೊಕ್ಕಲಿಗರ ಮಟ ಬಸವನಗರ",
                "stop_id": "20627",
                "lat": 12.90099,
                "lon": 77.46746
              },
              {
                "name": "RR Medical College",
                "name_kn": "ರ್ರ್ ಮೆದಿಕಲ್ ಕೊಲ್ಲೆಗೆ",
                "stop_id": "35390",
                "lat": 12.89614,
                "lon": 77.46087
              },
              {
                "name": "Anchepalya",
                "name_kn": "ಅಂಚೆಪಲೆ",
                "stop_id": "20604",
                "lat": 12.89258,
                "lon": 77.45798
              },
              {
                "name": "Juggath Pharma",
                "name_kn": "ಜುಗ್ಗತ್ ಫರ್ಮ",
                "stop_id": "30476",
                "lat": 12.89081,
                "lon": 77.45532
              },
              {
                "name": "Ramohalli Cross",
                "name_kn": "ರಮೊಹಲ್ಲಿ ಕ್ರೊಸ್ಸ್",
                "stop_id": "35388",
                "lat": 12.88674,
                "lon": 77.45125
              },
              {
                "name": "Kumbalagodu",
                "name_kn": "ಕುಂಬಲಗೊದು",
                "stop_id": "35432",
                "lat": 12.87826,
                "lon": 77.4455
              },
              {
                "name": "YMCA Public School",
                "name_kn": "ಯ್ಂಕ ಪುಬ್ಲಿಕ್ ಸ್ಚೂಲ್",
                "stop_id": "22849",
                "lat": 12.87354,
                "lon": 77.44835
              },
              {
                "name": "Pinto Bore",
                "name_kn": "ಪಿಂಟೊ ಬೊರೆ",
                "stop_id": "34257",
                "lat": 12.8708,
                "lon": 77.45048
              },
              {
                "name": "Thagachaguppe",
                "name_kn": "ತಗಚಗುಪ್ಪೆ",
                "stop_id": "34775",
                "lat": 12.86647,
                "lon": 77.45507
              },
              {
                "name": "Devagere Cross",
                "name_kn": "ದೆವಗೆರೆ ಕ್ರೊಸ್ಸ್",
                "stop_id": "24904",
                "lat": 12.86431,
                "lon": 77.45713
              },
              {
                "name": "Devagere",
                "name_kn": "ದೆವಗೆರೆ",
                "stop_id": "32442",
                "lat": 12.85669,
                "lon": 77.46556
              },
              {
                "name": "BGS College Gate Devagere",
                "name_kn": "ಬ್ಗ್ಸ್ ಕೊಲ್ಲೆಗೆ ಗಟೆ ದೆವಗೆರೆ",
                "stop_id": "32007",
                "lat": 12.84762,
                "lon": 77.46871
              },
              {
                "name": "Gangasandra",
                "name_kn": "ಗಙಸಂದ್ರ",
                "stop_id": "25317",
                "lat": 12.84626,
                "lon": 77.47073
              },
              {
                "name": "Hosapalya Colony",
                "name_kn": "ಹೊಸಪಲೆ ಕೊಲೊನೆ",
                "stop_id": "25982",
                "lat": 12.84361,
                "lon": 77.47559
              },
              {
                "name": "Agara",
                "name_kn": "ಅಗರ",
                "stop_id": "23002",
                "lat": 12.8429,
                "lon": 77.4863
              },
              {
                "name": "Byrasandra",
                "name_kn": "ಬೆರಸಂದ್ರ",
                "stop_id": "32188",
                "lat": 12.83495,
                "lon": 77.48547
              },
              {
                "name": "Banjarapalya",
                "name_kn": "ಬಞರಪಲೆ",
                "stop_id": "29709",
                "lat": 12.8304,
                "lon": 77.48572
              },
              {
                "name": "Thimmegowdarapalya",
                "name_kn": "ತಿಮ್ಮೆಗೌದರಪಲೆ",
                "stop_id": "31443",
                "lat": 12.82437,
                "lon": 77.49
              },
              {
                "name": "Utthari",
                "name_kn": "ಉಟ್ಹರಿ",
                "stop_id": "34939",
                "lat": 12.81798,
                "lon": 77.49322
              },
              {
                "name": "Dinnepalya",
                "name_kn": "ದಿಂನೆಪಲೆ",
                "stop_id": "24990",
                "lat": 12.81122,
                "lon": 77.49245
              },
              {
                "name": "Kaggalipura Colony",
                "name_kn": "ಕಗ್ಗಲಿಪುರ ಕೊಲೊನೆ",
                "stop_id": "33245",
                "lat": 12.80645,
                "lon": 77.50319
              },
              {
                "name": "Kaggalipura",
                "name_kn": "ಕಗ್ಗಲಿಪುರ",
                "stop_id": "22137",
                "lat": 12.80032,
                "lon": 77.50849
              }
            ]
          },
          {
            "Route": "226-N KBS-WDL",
            "RouteId": 15993,
            "RouteParentId": 8572,
            "Destination": "Wonderla Amusement Park",
            "Via": "",
            "Area": "Wonderla Amusement Park",
            "PlatformNumber": "1",
            "KannadaDestination": "ವೊಂದೆರ್ಲ ಮುಸೆಮೆಂಟ್ ಪರ್ಕ್",
            "KannadaArea": "ವಂಡರ್ಲಾ ಅಮ್ಯೂಸ್‌ಮೆಂಟ್‌ ಪಾರ್ಕ್",
            "KannadaVia": "",
            "FromStationId": 20926,
            "Stops": [
              {
                "name": "Kengeri Bus Station",
                "name_kn": "ಕೆಙೆರಿ ಬುಸ್ ಸ್ಟಟಿೊಂ",
                "stop_id": "20925",
                "lat": 12.91379,
                "lon": 77.4871
              },
              {
                "name": "Kengeri Police Station",
                "name_kn": "ಕೆಙೆರಿ ಪೊಲಿಕೆ ಸ್ಟಟಿೊಂ",
                "stop_id": "21094",
                "lat": 12.91007,
                "lon": 77.48146
              },
              {
                "name": "Depot-12 Gate",
                "name_kn": "ದೆಪೊಟ್-12 ಗಟೆ",
                "stop_id": "35721",
                "lat": 12.90471,
                "lon": 77.47084
              },
              {
                "name": "NICE Road Kengeri Road Junction",
                "name_kn": "ನಿಕೆ ರೊದ್ ಕೆಙೆರಿ ರೊದ್ ಜುಂಕ್ಟಿೊಂ",
                "stop_id": "35386",
                "lat": 12.90224,
                "lon": 77.46926
              },
              {
                "name": "Vishwa Okkaligara Mata Basavanagara",
                "name_kn": "ವಿಶ್ವ ೊಕ್ಕಲಿಗರ ಮಟ ಬಸವನಗರ",
                "stop_id": "20627",
                "lat": 12.90099,
                "lon": 77.46746
              },
              {
                "name": "RR Medical College",
                "name_kn": "ರ್ರ್ ಮೆದಿಕಲ್ ಕೊಲ್ಲೆಗೆ",
                "stop_id": "35390",
                "lat": 12.89614,
                "lon": 77.46087
              },
              {
                "name": "Anchepalya",
                "name_kn": "ಅಂಚೆಪಲೆ",
                "stop_id": "20604",
                "lat": 12.89258,
                "lon": 77.45798
              },
              {
                "name": "Juggath Pharma",
                "name_kn": "ಜುಗ್ಗತ್ ಫರ್ಮ",
                "stop_id": "30476",
                "lat": 12.89081,
                "lon": 77.45532
              },
              {
                "name": "Ramohalli Cross",
                "name_kn": "ರಮೊಹಲ್ಲಿ ಕ್ರೊಸ್ಸ್",
                "stop_id": "35388",
                "lat": 12.88674,
                "lon": 77.45125
              },
              {
                "name": "Kumbalagodu",
                "name_kn": "ಕುಂಬಲಗೊದು",
                "stop_id": "35432",
                "lat": 12.87826,
                "lon": 77.4455
              },
              {
                "name": "Pepsi Gate",
                "name_kn": "ಪೆಪ್ಸಿ ಗಟೆ",
                "stop_id": "21086",
                "lat": 12.87197,
                "lon": 77.43943
              },
              {
                "name": "Swami Narayana Gurukula",
                "name_kn": "ಸ್ವಮಿ ನರಯನ ಗುರುಕುಲ",
                "stop_id": "21207",
                "lat": 12.86656,
                "lon": 77.43692
              },
              {
                "name": "Kanminake",
                "name_kn": "ಕಂಮಿನಕೆ",
                "stop_id": "20908",
                "lat": 12.8627,
                "lon": 77.43388
              },
              {
                "name": "Kanminake Colony",
                "name_kn": "ಕಂಮಿನಕೆ ಕೊಲೊನೆ",
                "stop_id": "20910",
                "lat": 12.85774,
                "lon": 77.42925
              },
              {
                "name": "Hejjala Cross",
                "name_kn": "ಹೆಜ್ಜಲ ಕ್ರೊಸ್ಸ್",
                "stop_id": "20828",
                "lat": 12.85533,
                "lon": 77.42714
              },
              {
                "name": "Dalai Lama College",
                "name_kn": "ದಲೈ ಲಮ ಕೊಲ್ಲೆಗೆ",
                "stop_id": "20733",
                "lat": 12.85049,
                "lon": 77.42456
              },
              {
                "name": "Sheshagirihalli",
                "name_kn": "ಶೆಶಗಿರಿಹಲ್ಲಿ",
                "stop_id": "21168",
                "lat": 12.84352,
                "lon": 77.4215
              },
              {
                "name": "Shaneshwaraswamy Temple Sheshagirihalli",
                "name_kn": "ಶನೆಶ್ವರಸ್ವಮೆ ಟೆಂಪ್ಲೆ ಶೆಶಗಿರಿಹಲ್ಲಿ",
                "stop_id": "38784",
                "lat": 12.84289,
                "lon": 77.42114
              },
              {
                "name": "Manchanayakanahalli Gate",
                "name_kn": "ಮಂಚನಯಕನಹಲ್ಲಿ ಗಟೆ",
                "stop_id": "20992",
                "lat": 12.83494,
                "lon": 77.41386
              },
              {
                "name": "School Manchanayakanahalli",
                "name_kn": "ಸ್ಚೂಲ್ ಮಂಚನಯಕನಹಲ್ಲಿ",
                "stop_id": "21163",
                "lat": 12.83731,
                "lon": 77.40944
              },
              {
                "name": "Hakkipikki Colony Cross",
                "name_kn": "ಹಕ್ಕಿಪಿಕ್ಕಿ ಕೊಲೊನೆ ಕ್ರೊಸ್ಸ್",
                "stop_id": "31419",
                "lat": 12.83823,
                "lon": 77.40283
              },
              {
                "name": "Wonderla Amusement Park",
                "name_kn": "ವೊಂದೆರ್ಲ ಮುಸೆಮೆಂಟ್ ಪರ್ಕ್",
                "stop_id": "21286",
                "lat": 12.8365,
                "lon": 77.40206
              }
            ]
          },
          {
            "Route": "210-KN",
            "RouteId": 1811,
            "RouteParentId": 1074,
            "Destination": "KR Market (Kalasipalya)",
            "Via": "",
            "Area": "Kengeri Bus Station",
            "PlatformNumber": "1",
            "KannadaDestination": "ಕ್ರ್ ಮರ್ಕೆಟ್ (ಕಲಸಿಪಲೆ)",
            "KannadaArea": "ಘಟಕ-37 ಕೆಂಗೇರಿ",
            "KannadaVia": "",
            "FromStationId": 20925,
            "Stops": [
              {
                "name": "Kengeri Bus Station",
                "name_kn": "ಕೆಙೆರಿ ಬುಸ್ ಸ್ಟಟಿೊಂ",
                "stop_id": "20925",
                "lat": 12.91379,
                "lon": 77.4871
              },
              {
                "name": "Kodihalli Gate/Gollahallii Jn",
                "name_kn": "ಕೊದಿಹಲ್ಲಿ ಗಟೆ/ಗೊಲ್ಲಹಲ್ಲೀ ಜ್ಂ",
                "stop_id": "22112",
                "lat": 12.90772,
                "lon": 77.48889
              },
              {
                "name": "Savandarbar Ashrama",
                "name_kn": "ಸವಂದರ್ಬರ್ ಶ್ರಮ",
                "stop_id": "21665",
                "lat": 12.90938,
                "lon": 77.49244
              },
              {
                "name": "BGS Health City Gate Abhiman Studio",
                "name_kn": "ಬ್ಗ್ಸ್ ಹೆಲ್ತ್ ಕಿಟೆ ಗಟೆ ಭಿಮಂ ಸ್ಟುದಿೊ",
                "stop_id": "21753",
                "lat": 12.90712,
                "lon": 77.49911
              },
              {
                "name": "Omkar Hills",
                "name_kn": "ಒಂಕರ್ ಹಿಲ್ಲ್ಸ್",
                "stop_id": "22372",
                "lat": 12.90477,
                "lon": 77.50457
              },
              {
                "name": "JSS College",
                "name_kn": "ಜ್ಸ್ಸ್ ಕೊಲ್ಲೆಗೆ",
                "stop_id": "22121",
                "lat": 12.90387,
                "lon": 77.50822
              },
              {
                "name": "Indo American Hybrid Farm",
                "name_kn": "ಇಂದೊ ಮೆರಿಕಂ ಹೆಬ್ರಿದ್ ೞರ್ಂ",
                "stop_id": "22076",
                "lat": 12.90406,
                "lon": 77.51236
              },
              {
                "name": "Channasandra Colony",
                "name_kn": "ಚಂನಸಂದ್ರ ಕೊಲೊನೆ",
                "stop_id": "21824",
                "lat": 12.90335,
                "lon": 77.51628
              },
              {
                "name": "Channasandra",
                "name_kn": "ಚಂನಸಂದ್ರ",
                "stop_id": "21820",
                "lat": 12.90284,
                "lon": 77.52121
              },
              {
                "name": "Mantri Alpyne Apartment",
                "name_kn": "ಮಂಟ್ರಿ ಲ್ಪೆನೆ ಪರ್ಟ್ಮೆಂಟ್",
                "stop_id": "28771",
                "lat": 12.90449,
                "lon": 77.5271
              },
              {
                "name": "Patalamma Temple",
                "name_kn": "ಪಟಲಮ್ಮ ಟೆಂಪ್ಲೆ",
                "stop_id": "22375",
                "lat": 12.90481,
                "lon": 77.53011
              },
              {
                "name": "Poornaprajna Layout Water Tank",
                "name_kn": "ಪೂರ್ನಪ್ರಜ್ನ ಲಯೌಟ್ ವಟೆರ್ ಟಂಕ್",
                "stop_id": "22572",
                "lat": 12.90842,
                "lon": 77.53458
              },
              {
                "name": "Poornaprajna Layout",
                "name_kn": "ಪೂರ್ನಪ್ರಜ್ನ ಲಯೌಟ್",
                "stop_id": "22395",
                "lat": 12.90882,
                "lon": 77.53585
              },
              {
                "name": "Arehalli",
                "name_kn": "ಅರೆಹಲ್ಲಿ",
                "stop_id": "21661",
                "lat": 12.90857,
                "lon": 77.53841
              },
              {
                "name": "Uttarahalli",
                "name_kn": "ಉಟರಹಲ್ಲಿ",
                "stop_id": "22568",
                "lat": 12.90621,
                "lon": 77.54337
              },
              {
                "name": "Nano Hospital",
                "name_kn": "ನನೊ ಹೊಸ್ಪಿಟಲ್",
                "stop_id": "23736",
                "lat": 12.907,
                "lon": 77.54619
              },
              {
                "name": "Chikkallasandra Bank Colony",
                "name_kn": "ಚಿಕ್ಕಲ್ಲಸಂದ್ರ ಬಂಕ್ ಕೊಲೊನೆ",
                "stop_id": "21842",
                "lat": 12.90906,
                "lon": 77.5491
              },
              {
                "name": "Chikkallasandra Aralimara",
                "name_kn": "ಚಿಕ್ಕಲ್ಲಸಂದ್ರ ರಲಿಮರ",
                "stop_id": "21840",
                "lat": 12.91168,
                "lon": 77.55226
              },
              {
                "name": "Gowdanapalya",
                "name_kn": "ಗೌದನಪಲೆ",
                "stop_id": "21978",
                "lat": 12.91152,
                "lon": 77.55591
              },
              {
                "name": "Prarthana School",
                "name_kn": "ಪ್ರರ್ತನ ಸ್ಚೂಲ್",
                "stop_id": "22403",
                "lat": 12.91159,
                "lon": 77.5581
              },
              {
                "name": "Padmanabha Nagara",
                "name_kn": "ಪದ್ಮನಭ ನಗರ",
                "stop_id": "35196",
                "lat": 12.91811,
                "lon": 77.55964
              },
              {
                "name": "Devegowda Hospital",
                "name_kn": "ದೆವೆಗೌದ ಹೊಸ್ಪಿಟಲ್",
                "stop_id": "24962",
                "lat": 12.92041,
                "lon": 77.55998
              },
              {
                "name": "Devegowda Petrol Bunk",
                "name_kn": "ದೆವೆಗೌದ ಪೆಟ್ರೊಲ್ ಬುಂಕ್",
                "stop_id": "23679",
                "lat": 12.9227,
                "lon": 77.56033
              },
              {
                "name": "KIMS College",
                "name_kn": "ಕಿಂಸ್ ಕೊಲ್ಲೆಗೆ",
                "stop_id": "23680",
                "lat": 12.92678,
                "lon": 77.56133
              },
              {
                "name": "Indira Nursing Home",
                "name_kn": "ಇಂದಿರ ನುರ್ಸಿಙ್ ಹೊಮೆ",
                "stop_id": "23681",
                "lat": 12.92921,
                "lon": 77.56441
              },
              {
                "name": "Thyagaraja Nagara",
                "name_kn": "ತೆಗರಜ ನಗರ",
                "stop_id": "23682",
                "lat": 12.93203,
                "lon": 77.56755
              },
              {
                "name": "Thyagaraja Nagara KEB Quarters",
                "name_kn": "ತೆಗರಜ ನಗರ ಕೆಬ್ qುರ್ಟೆರ್ಸ್",
                "stop_id": "23683",
                "lat": 12.93504,
                "lon": 77.56842
              },
              {
                "name": "NR Colony",
                "name_kn": "ಂರ್ ಕೊಲೊನೆ",
                "stop_id": "23684",
                "lat": 12.93789,
                "lon": 77.5689
              },
              {
                "name": "Nettakallappa Circle",
                "name_kn": "ನೆಟಕಲ್ಲಪ್ಪ ಕಿರ್ಕ್ಲೆ",
                "stop_id": "23685",
                "lat": 12.93945,
                "lon": 77.57204
              },
              {
                "name": "Basavanagudi Police Station",
                "name_kn": "ಬಸವನಗುದಿ ಪೊಲಿಕೆ ಸ್ಟಟಿೊಂ",
                "stop_id": "21722",
                "lat": 12.9416,
                "lon": 77.57376
              },
              {
                "name": "National College",
                "name_kn": "ನಟಿೊನಲ್ ಕೊಲ್ಲೆಗೆ",
                "stop_id": "22348",
                "lat": 12.94926,
                "lon": 77.57367
              },
              {
                "name": "Mahila Seva Samaja",
                "name_kn": "ಮಹಿಲ ಸೆವ ಸಮಜ",
                "stop_id": "22240",
                "lat": 12.95334,
                "lon": 77.5736
              },
              {
                "name": "Makkala Koota",
                "name_kn": "ಮಕ್ಕಲ ಕೂಟ",
                "stop_id": "20986",
                "lat": 12.95803,
                "lon": 77.57385
              },
              {
                "name": "KR Market (Kalasipalya)",
                "name_kn": "ಕ್ರ್ ಮರ್ಕೆಟ್ (ಕಲಸಿಪಲೆ)",
                "stop_id": "20945",
                "lat": 12.96154,
                "lon": 77.57736
              }
            ]
          },
          {
            "Route": "375-D",
            "RouteId": 2747,
            "RouteParentId": 1576,
            "Destination": "Banashankari Bus Station",
            "Via": "",
            "Area": "Kengeri Bus Station",
            "PlatformNumber": "1",
            "KannadaDestination": "ಬನಶಂಕರಿ ಬುಸ್ ಸ್ಟಟಿೊಂ",
            "KannadaArea": "ಘಟಕ-37 ಕೆಂಗೇರಿ",
            "KannadaVia": "",
            "FromStationId": 20925,
            "Stops": [
              {
                "name": "Kengeri Bus Station",
                "name_kn": "ಕೆಙೆರಿ ಬುಸ್ ಸ್ಟಟಿೊಂ",
                "stop_id": "20925",
                "lat": 12.91379,
                "lon": 77.4871
              },
              {
                "name": "Kodihalli Gate/Gollahallii Jn",
                "name_kn": "ಕೊದಿಹಲ್ಲಿ ಗಟೆ/ಗೊಲ್ಲಹಲ್ಲೀ ಜ್ಂ",
                "stop_id": "22112",
                "lat": 12.90772,
                "lon": 77.48889
              },
              {
                "name": "Savandarbar Ashrama",
                "name_kn": "ಸವಂದರ್ಬರ್ ಶ್ರಮ",
                "stop_id": "21665",
                "lat": 12.90938,
                "lon": 77.49244
              },
              {
                "name": "BGS Health City Gate Abhiman Studio",
                "name_kn": "ಬ್ಗ್ಸ್ ಹೆಲ್ತ್ ಕಿಟೆ ಗಟೆ ಭಿಮಂ ಸ್ಟುದಿೊ",
                "stop_id": "21753",
                "lat": 12.90712,
                "lon": 77.49911
              },
              {
                "name": "Omkar Hills",
                "name_kn": "ಒಂಕರ್ ಹಿಲ್ಲ್ಸ್",
                "stop_id": "22372",
                "lat": 12.90477,
                "lon": 77.50457
              },
              {
                "name": "JSS College",
                "name_kn": "ಜ್ಸ್ಸ್ ಕೊಲ್ಲೆಗೆ",
                "stop_id": "22121",
                "lat": 12.90387,
                "lon": 77.50822
              },
              {
                "name": "Indo American Hybrid Farm",
                "name_kn": "ಇಂದೊ ಮೆರಿಕಂ ಹೆಬ್ರಿದ್ ೞರ್ಂ",
                "stop_id": "22076",
                "lat": 12.90406,
                "lon": 77.51236
              },
              {
                "name": "Channasandra Colony",
                "name_kn": "ಚಂನಸಂದ್ರ ಕೊಲೊನೆ",
                "stop_id": "21824",
                "lat": 12.90335,
                "lon": 77.51628
              },
              {
                "name": "Channasandra",
                "name_kn": "ಚಂನಸಂದ್ರ",
                "stop_id": "21820",
                "lat": 12.90284,
                "lon": 77.52121
              },
              {
                "name": "Mantri Alpyne Apartment",
                "name_kn": "ಮಂಟ್ರಿ ಲ್ಪೆನೆ ಪರ್ಟ್ಮೆಂಟ್",
                "stop_id": "28771",
                "lat": 12.90449,
                "lon": 77.5271
              },
              {
                "name": "Patalamma Temple",
                "name_kn": "ಪಟಲಮ್ಮ ಟೆಂಪ್ಲೆ",
                "stop_id": "22375",
                "lat": 12.90481,
                "lon": 77.53011
              },
              {
                "name": "Poornaprajna Layout Water Tank",
                "name_kn": "ಪೂರ್ನಪ್ರಜ್ನ ಲಯೌಟ್ ವಟೆರ್ ಟಂಕ್",
                "stop_id": "22572",
                "lat": 12.90842,
                "lon": 77.53458
              },
              {
                "name": "Poornaprajna Layout",
                "name_kn": "ಪೂರ್ನಪ್ರಜ್ನ ಲಯೌಟ್",
                "stop_id": "22395",
                "lat": 12.90882,
                "lon": 77.53585
              },
              {
                "name": "Arehalli",
                "name_kn": "ಅರೆಹಲ್ಲಿ",
                "stop_id": "21661",
                "lat": 12.90857,
                "lon": 77.53841
              },
              {
                "name": "Uttarahalli",
                "name_kn": "ಉಟರಹಲ್ಲಿ",
                "stop_id": "22568",
                "lat": 12.90621,
                "lon": 77.54337
              },
              {
                "name": "Nano Hospital",
                "name_kn": "ನನೊ ಹೊಸ್ಪಿಟಲ್",
                "stop_id": "23736",
                "lat": 12.907,
                "lon": 77.54619
              },
              {
                "name": "Chikkallasandra Bank Colony",
                "name_kn": "ಚಿಕ್ಕಲ್ಲಸಂದ್ರ ಬಂಕ್ ಕೊಲೊನೆ",
                "stop_id": "21842",
                "lat": 12.90906,
                "lon": 77.5491
              },
              {
                "name": "Chikkallasandra Aralimara",
                "name_kn": "ಚಿಕ್ಕಲ್ಲಸಂದ್ರ ರಲಿಮರ",
                "stop_id": "21840",
                "lat": 12.91168,
                "lon": 77.55226
              },
              {
                "name": "Gowdanapalya",
                "name_kn": "ಗೌದನಪಲೆ",
                "stop_id": "21978",
                "lat": 12.91152,
                "lon": 77.55591
              },
              {
                "name": "Prarthana School",
                "name_kn": "ಪ್ರರ್ತನ ಸ್ಚೂಲ್",
                "stop_id": "22403",
                "lat": 12.91159,
                "lon": 77.5581
              },
              {
                "name": "Kadirenahalli Village",
                "name_kn": "ಕದಿರೆನಹಲ್ಲಿ ವಿಲ್ಲಗೆ",
                "stop_id": "22133",
                "lat": 12.91574,
                "lon": 77.56141
              },
              {
                "name": "Kadirenahalli Cross",
                "name_kn": "ಕದಿರೆನಹಲ್ಲಿ ಕ್ರೊಸ್ಸ್",
                "stop_id": "20896",
                "lat": 12.91391,
                "lon": 77.56657
              },
              {
                "name": "Banashankari Bus Station",
                "name_kn": "ಬನಶಂಕರಿ ಬುಸ್ ಸ್ಟಟಿೊಂ",
                "stop_id": "20624",
                "lat": 12.91736,
                "lon": 77.5727
              }
            ]
          },
          {
            "Route": "375-H SGH-KGR",
            "RouteId": 2946,
            "RouteParentId": 1676,
            "Destination": "Sanjay Gandhi Hospital",
            "Via": "",
            "Area": "Kengeri Bus Station",
            "PlatformNumber": "1",
            "KannadaDestination": "ಸಞಯ್ ಗಂಧಿ ಹೊಸ್ಪಿಟಲ್",
            "KannadaArea": "ಘಟಕ-37 ಕೆಂಗೇರಿ",
            "KannadaVia": "",
            "FromStationId": 20925,
            "Stops": [
              {
                "name": "Kengeri Bus Station",
                "name_kn": "ಕೆಙೆರಿ ಬುಸ್ ಸ್ಟಟಿೊಂ",
                "stop_id": "20925",
                "lat": 12.91379,
                "lon": 77.4871
              },
              {
                "name": "Kodihalli Gate/Gollahallii Jn",
                "name_kn": "ಕೊದಿಹಲ್ಲಿ ಗಟೆ/ಗೊಲ್ಲಹಲ್ಲೀ ಜ್ಂ",
                "stop_id": "22112",
                "lat": 12.90772,
                "lon": 77.48889
              },
              {
                "name": "Savandarbar Ashrama",
                "name_kn": "ಸವಂದರ್ಬರ್ ಶ್ರಮ",
                "stop_id": "21665",
                "lat": 12.90938,
                "lon": 77.49244
              },
              {
                "name": "BGS Health City Gate Abhiman Studio",
                "name_kn": "ಬ್ಗ್ಸ್ ಹೆಲ್ತ್ ಕಿಟೆ ಗಟೆ ಭಿಮಂ ಸ್ಟುದಿೊ",
                "stop_id": "21753",
                "lat": 12.90712,
                "lon": 77.49911
              },
              {
                "name": "Omkar Hills",
                "name_kn": "ಒಂಕರ್ ಹಿಲ್ಲ್ಸ್",
                "stop_id": "22372",
                "lat": 12.90477,
                "lon": 77.50457
              },
              {
                "name": "JSS College",
                "name_kn": "ಜ್ಸ್ಸ್ ಕೊಲ್ಲೆಗೆ",
                "stop_id": "22121",
                "lat": 12.90387,
                "lon": 77.50822
              },
              {
                "name": "Indo American Hybrid Farm",
                "name_kn": "ಇಂದೊ ಮೆರಿಕಂ ಹೆಬ್ರಿದ್ ೞರ್ಂ",
                "stop_id": "22076",
                "lat": 12.90406,
                "lon": 77.51236
              },
              {
                "name": "Channasandra Colony",
                "name_kn": "ಚಂನಸಂದ್ರ ಕೊಲೊನೆ",
                "stop_id": "21824",
                "lat": 12.90335,
                "lon": 77.51628
              },
              {
                "name": "Channasandra",
                "name_kn": "ಚಂನಸಂದ್ರ",
                "stop_id": "21820",
                "lat": 12.90284,
                "lon": 77.52121
              },
              {
                "name": "Mantri Alpyne Apartment",
                "name_kn": "ಮಂಟ್ರಿ ಲ್ಪೆನೆ ಪರ್ಟ್ಮೆಂಟ್",
                "stop_id": "28771",
                "lat": 12.90449,
                "lon": 77.5271
              },
              {
                "name": "Patalamma Temple",
                "name_kn": "ಪಟಲಮ್ಮ ಟೆಂಪ್ಲೆ",
                "stop_id": "22375",
                "lat": 12.90481,
                "lon": 77.53011
              },
              {
                "name": "Poornaprajna Layout Water Tank",
                "name_kn": "ಪೂರ್ನಪ್ರಜ್ನ ಲಯೌಟ್ ವಟೆರ್ ಟಂಕ್",
                "stop_id": "22572",
                "lat": 12.90842,
                "lon": 77.53458
              },
              {
                "name": "Poornaprajna Layout",
                "name_kn": "ಪೂರ್ನಪ್ರಜ್ನ ಲಯೌಟ್",
                "stop_id": "22395",
                "lat": 12.90882,
                "lon": 77.53585
              },
              {
                "name": "Arehalli",
                "name_kn": "ಅರೆಹಲ್ಲಿ",
                "stop_id": "21661",
                "lat": 12.90857,
                "lon": 77.53841
              },
              {
                "name": "Uttarahalli",
                "name_kn": "ಉಟರಹಲ್ಲಿ",
                "stop_id": "22568",
                "lat": 12.90621,
                "lon": 77.54337
              },
              {
                "name": "Nano Hospital",
                "name_kn": "ನನೊ ಹೊಸ್ಪಿಟಲ್",
                "stop_id": "23736",
                "lat": 12.907,
                "lon": 77.54619
              },
              {
                "name": "Chikkallasandra Bank Colony",
                "name_kn": "ಚಿಕ್ಕಲ್ಲಸಂದ್ರ ಬಂಕ್ ಕೊಲೊನೆ",
                "stop_id": "21842",
                "lat": 12.90906,
                "lon": 77.5491
              },
              {
                "name": "Chikkallasandra Aralimara",
                "name_kn": "ಚಿಕ್ಕಲ್ಲಸಂದ್ರ ರಲಿಮರ",
                "stop_id": "21840",
                "lat": 12.91168,
                "lon": 77.55226
              },
              {
                "name": "Gowdanapalya",
                "name_kn": "ಗೌದನಪಲೆ",
                "stop_id": "21978",
                "lat": 12.91152,
                "lon": 77.55591
              },
              {
                "name": "Prarthana School",
                "name_kn": "ಪ್ರರ್ತನ ಸ್ಚೂಲ್",
                "stop_id": "22403",
                "lat": 12.91159,
                "lon": 77.5581
              },
              {
                "name": "Kadirenahalli Village",
                "name_kn": "ಕದಿರೆನಹಲ್ಲಿ ವಿಲ್ಲಗೆ",
                "stop_id": "22133",
                "lat": 12.91574,
                "lon": 77.56141
              },
              {
                "name": "Kadirenahalli Cross",
                "name_kn": "ಕದಿರೆನಹಲ್ಲಿ ಕ್ರೊಸ್ಸ್",
                "stop_id": "20896",
                "lat": 12.91391,
                "lon": 77.56657
              },
              {
                "name": "Banashankari Bus Station",
                "name_kn": "ಬನಶಂಕರಿ ಬುಸ್ ಸ್ಟಟಿೊಂ",
                "stop_id": "20623",
                "lat": 12.91779,
                "lon": 77.57272
              },
              {
                "name": "Sangam Circle",
                "name_kn": "ಸಙಂ ಕಿರ್ಕ್ಲೆ",
                "stop_id": "21149",
                "lat": 12.91763,
                "lon": 77.57733
              },
              {
                "name": "Jayanagara 40th Cross",
                "name_kn": "ಜಯನಗರ 40ತ್ ಕ್ರೊಸ್ಸ್",
                "stop_id": "21448",
                "lat": 12.91991,
                "lon": 77.58062
              },
              {
                "name": "Jayanagara 38th Cross",
                "name_kn": "ಜಯನಗರ 38ತ್ ಕ್ರೊಸ್ಸ್",
                "stop_id": "21444",
                "lat": 12.92146,
                "lon": 77.58365
              },
              {
                "name": "Jayanagara Telephone Exchange",
                "name_kn": "ಜಯನಗರ ಟೆಲೆಫೊನೆ ೆಕ್ಸ್ಚಙೆ",
                "stop_id": "21542",
                "lat": 12.92374,
                "lon": 77.58374
              },
              {
                "name": "Jayanagara Bus Station",
                "name_kn": "ಜಯನಗರ ಬುಸ್ ಸ್ಟಟಿೊಂ",
                "stop_id": "23374",
                "lat": 12.92864,
                "lon": 77.58475
              },
              {
                "name": "3rd Block Jayanagara",
                "name_kn": "3ರ್ದ್ ಬ್ಲೊಕ್ಕ್ ಜಯನಗರ",
                "stop_id": "21446",
                "lat": 12.9318,
                "lon": 77.58393
              },
              {
                "name": "Jayanagara Church",
                "name_kn": "ಜಯನಗರ ಚುರ್ಚ್",
                "stop_id": "23427",
                "lat": 12.92715,
                "lon": 77.58961
              },
              {
                "name": "Sanjay Gandhi Hospital",
                "name_kn": "ಸಞಯ್ ಗಂಧಿ ಹೊಸ್ಪಿಟಲ್",
                "stop_id": "35099",
                "lat": 12.92707,
                "lon": 77.59309
              }
            ]
          },
          {
            "Route": "375-H",
            "RouteId": 3522,
            "RouteParentId": 1974,
            "Destination": "Jayanagara Bus Station",
            "Via": "",
            "Area": "Kengeri Bus Station",
            "PlatformNumber": "1",
            "KannadaDestination": "ಜಯನಗರ ಬುಸ್ ಸ್ಟಟಿೊಂ",
            "KannadaArea": "ಘಟಕ-37 ಕೆಂಗೇರಿ",
            "KannadaVia": "",
            "FromStationId": 20925,
            "Stops": [
              {
                "name": "Kengeri Bus Station",
                "name_kn": "ಕೆಙೆರಿ ಬುಸ್ ಸ್ಟಟಿೊಂ",
                "stop_id": "20925",
                "lat": 12.91379,
                "lon": 77.4871
              },
              {
                "name": "Kodihalli Gate/Gollahallii Jn",
                "name_kn": "ಕೊದಿಹಲ್ಲಿ ಗಟೆ/ಗೊಲ್ಲಹಲ್ಲೀ ಜ್ಂ",
                "stop_id": "22112",
                "lat": 12.90772,
                "lon": 77.48889
              },
              {
                "name": "Savandarbar Ashrama",
                "name_kn": "ಸವಂದರ್ಬರ್ ಶ್ರಮ",
                "stop_id": "21665",
                "lat": 12.90938,
                "lon": 77.49244
              },
              {
                "name": "BGS Health City Gate Abhiman Studio",
                "name_kn": "ಬ್ಗ್ಸ್ ಹೆಲ್ತ್ ಕಿಟೆ ಗಟೆ ಭಿಮಂ ಸ್ಟುದಿೊ",
                "stop_id": "21753",
                "lat": 12.90712,
                "lon": 77.49911
              },
              {
                "name": "Omkar Hills",
                "name_kn": "ಒಂಕರ್ ಹಿಲ್ಲ್ಸ್",
                "stop_id": "22372",
                "lat": 12.90477,
                "lon": 77.50457
              },
              {
                "name": "JSS College",
                "name_kn": "ಜ್ಸ್ಸ್ ಕೊಲ್ಲೆಗೆ",
                "stop_id": "22121",
                "lat": 12.90387,
                "lon": 77.50822
              },
              {
                "name": "Indo American Hybrid Farm",
                "name_kn": "ಇಂದೊ ಮೆರಿಕಂ ಹೆಬ್ರಿದ್ ೞರ್ಂ",
                "stop_id": "22076",
                "lat": 12.90406,
                "lon": 77.51236
              },
              {
                "name": "Channasandra Colony",
                "name_kn": "ಚಂನಸಂದ್ರ ಕೊಲೊನೆ",
                "stop_id": "21824",
                "lat": 12.90335,
                "lon": 77.51628
              },
              {
                "name": "Channasandra",
                "name_kn": "ಚಂನಸಂದ್ರ",
                "stop_id": "21820",
                "lat": 12.90284,
                "lon": 77.52121
              },
              {
                "name": "Mantri Alpyne Apartment",
                "name_kn": "ಮಂಟ್ರಿ ಲ್ಪೆನೆ ಪರ್ಟ್ಮೆಂಟ್",
                "stop_id": "28771",
                "lat": 12.90449,
                "lon": 77.5271
              },
              {
                "name": "Patalamma Temple",
                "name_kn": "ಪಟಲಮ್ಮ ಟೆಂಪ್ಲೆ",
                "stop_id": "22375",
                "lat": 12.90481,
                "lon": 77.53011
              },
              {
                "name": "Poornaprajna Layout Water Tank",
                "name_kn": "ಪೂರ್ನಪ್ರಜ್ನ ಲಯೌಟ್ ವಟೆರ್ ಟಂಕ್",
                "stop_id": "22572",
                "lat": 12.90842,
                "lon": 77.53458
              },
              {
                "name": "Poornaprajna Layout",
                "name_kn": "ಪೂರ್ನಪ್ರಜ್ನ ಲಯೌಟ್",
                "stop_id": "22395",
                "lat": 12.90882,
                "lon": 77.53585
              },
              {
                "name": "Arehalli",
                "name_kn": "ಅರೆಹಲ್ಲಿ",
                "stop_id": "21661",
                "lat": 12.90857,
                "lon": 77.53841
              },
              {
                "name": "Uttarahalli",
                "name_kn": "ಉಟರಹಲ್ಲಿ",
                "stop_id": "22568",
                "lat": 12.90621,
                "lon": 77.54337
              },
              {
                "name": "Nano Hospital",
                "name_kn": "ನನೊ ಹೊಸ್ಪಿಟಲ್",
                "stop_id": "23736",
                "lat": 12.907,
                "lon": 77.54619
              },
              {
                "name": "Chikkallasandra Bank Colony",
                "name_kn": "ಚಿಕ್ಕಲ್ಲಸಂದ್ರ ಬಂಕ್ ಕೊಲೊನೆ",
                "stop_id": "21842",
                "lat": 12.90906,
                "lon": 77.5491
              },
              {
                "name": "Chikkallasandra Aralimara",
                "name_kn": "ಚಿಕ್ಕಲ್ಲಸಂದ್ರ ರಲಿಮರ",
                "stop_id": "21840",
                "lat": 12.91168,
                "lon": 77.55226
              },
              {
                "name": "Gowdanapalya",
                "name_kn": "ಗೌದನಪಲೆ",
                "stop_id": "21978",
                "lat": 12.91152,
                "lon": 77.55591
              },
              {
                "name": "Prarthana School",
                "name_kn": "ಪ್ರರ್ತನ ಸ್ಚೂಲ್",
                "stop_id": "22403",
                "lat": 12.91159,
                "lon": 77.5581
              },
              {
                "name": "Kadirenahalli Village",
                "name_kn": "ಕದಿರೆನಹಲ್ಲಿ ವಿಲ್ಲಗೆ",
                "stop_id": "22133",
                "lat": 12.91574,
                "lon": 77.56141
              },
              {
                "name": "Kadirenahalli Cross",
                "name_kn": "ಕದಿರೆನಹಲ್ಲಿ ಕ್ರೊಸ್ಸ್",
                "stop_id": "20896",
                "lat": 12.91391,
                "lon": 77.56657
              },
              {
                "name": "Banashankari Bus Station",
                "name_kn": "ಬನಶಂಕರಿ ಬುಸ್ ಸ್ಟಟಿೊಂ",
                "stop_id": "20623",
                "lat": 12.91779,
                "lon": 77.57272
              },
              {
                "name": "Sangam Circle",
                "name_kn": "ಸಙಂ ಕಿರ್ಕ್ಲೆ",
                "stop_id": "21149",
                "lat": 12.91763,
                "lon": 77.57733
              },
              {
                "name": "Jayanagara 40th Cross",
                "name_kn": "ಜಯನಗರ 40ತ್ ಕ್ರೊಸ್ಸ್",
                "stop_id": "21448",
                "lat": 12.91991,
                "lon": 77.58062
              },
              {
                "name": "Jayanagara 38th Cross",
                "name_kn": "ಜಯನಗರ 38ತ್ ಕ್ರೊಸ್ಸ್",
                "stop_id": "21444",
                "lat": 12.92146,
                "lon": 77.58365
              },
              {
                "name": "Jayanagara Telephone Exchange",
                "name_kn": "ಜಯನಗರ ಟೆಲೆಫೊನೆ ೆಕ್ಸ್ಚಙೆ",
                "stop_id": "21542",
                "lat": 12.92374,
                "lon": 77.58374
              },
              {
                "name": "Jayanagara Bus Station",
                "name_kn": "ಜಯನಗರ ಬುಸ್ ಸ್ಟಟಿೊಂ",
                "stop_id": "23374",
                "lat": 12.92864,
                "lon": 77.58475
              }
            ]
          },
          {
            "Route": "375-G",
            "RouteId": 7069,
            "RouteParentId": 3800,
            "Destination": "Bidadi",
            "Via": "",
            "Area": "Bidadi",
            "PlatformNumber": "1",
            "KannadaDestination": "ಬಿದದಿ",
            "KannadaArea": "ಬಿಡದಿ",
            "KannadaVia": "",
            "FromStationId": 20925,
            "Stops": [
              {
                "name": "Kengeri",
                "name_kn": "ಕೆಙೆರಿ",
                "stop_id": "36259",
                "lat": 12.91237,
                "lon": 77.4854
              },
              {
                "name": "Kengeri Police Station",
                "name_kn": "ಕೆಙೆರಿ ಪೊಲಿಕೆ ಸ್ಟಟಿೊಂ",
                "stop_id": "21094",
                "lat": 12.91007,
                "lon": 77.48146
              },
              {
                "name": "Kengeri Metro Station",
                "name_kn": "ಕೆಙೆರಿ ಮೆಟ್ರೊ ಸ್ಟಟಿೊಂ",
                "stop_id": "38620",
                "lat": 12.90757,
                "lon": 77.47606
              },
              {
                "name": "Depot-12 Gate",
                "name_kn": "ದೆಪೊಟ್-12 ಗಟೆ",
                "stop_id": "35721",
                "lat": 12.90471,
                "lon": 77.47084
              },
              {
                "name": "NICE Road Kengeri Road Junction",
                "name_kn": "ನಿಕೆ ರೊದ್ ಕೆಙೆರಿ ರೊದ್ ಜುಂಕ್ಟಿೊಂ",
                "stop_id": "35386",
                "lat": 12.90224,
                "lon": 77.46926
              },
              {
                "name": "Vishwa Okkaligara Mata Basavanagara",
                "name_kn": "ವಿಶ್ವ ೊಕ್ಕಲಿಗರ ಮಟ ಬಸವನಗರ",
                "stop_id": "20627",
                "lat": 12.90099,
                "lon": 77.46746
              },
              {
                "name": "RR Medical College",
                "name_kn": "ರ್ರ್ ಮೆದಿಕಲ್ ಕೊಲ್ಲೆಗೆ",
                "stop_id": "35390",
                "lat": 12.89614,
                "lon": 77.46087
              },
              {
                "name": "Anchepalya",
                "name_kn": "ಅಂಚೆಪಲೆ",
                "stop_id": "20604",
                "lat": 12.89258,
                "lon": 77.45798
              },
              {
                "name": "Juggath Pharma",
                "name_kn": "ಜುಗ್ಗತ್ ಫರ್ಮ",
                "stop_id": "30476",
                "lat": 12.89081,
                "lon": 77.45532
              },
              {
                "name": "Ramohalli Cross",
                "name_kn": "ರಮೊಹಲ್ಲಿ ಕ್ರೊಸ್ಸ್",
                "stop_id": "35388",
                "lat": 12.88674,
                "lon": 77.45125
              },
              {
                "name": "Kumbalagodu",
                "name_kn": "ಕುಂಬಲಗೊದು",
                "stop_id": "35432",
                "lat": 12.87826,
                "lon": 77.4455
              },
              {
                "name": "Pepsi Gate",
                "name_kn": "ಪೆಪ್ಸಿ ಗಟೆ",
                "stop_id": "21086",
                "lat": 12.87197,
                "lon": 77.43943
              },
              {
                "name": "Swami Narayana Gurukula",
                "name_kn": "ಸ್ವಮಿ ನರಯನ ಗುರುಕುಲ",
                "stop_id": "21207",
                "lat": 12.86656,
                "lon": 77.43692
              },
              {
                "name": "Kanminake",
                "name_kn": "ಕಂಮಿನಕೆ",
                "stop_id": "20908",
                "lat": 12.8627,
                "lon": 77.43388
              },
              {
                "name": "Kanminake Colony",
                "name_kn": "ಕಂಮಿನಕೆ ಕೊಲೊನೆ",
                "stop_id": "20910",
                "lat": 12.85774,
                "lon": 77.42925
              },
              {
                "name": "Hejjala Cross",
                "name_kn": "ಹೆಜ್ಜಲ ಕ್ರೊಸ್ಸ್",
                "stop_id": "20828",
                "lat": 12.85533,
                "lon": 77.42714
              },
              {
                "name": "Dalai Lama College",
                "name_kn": "ದಲೈ ಲಮ ಕೊಲ್ಲೆಗೆ",
                "stop_id": "20733",
                "lat": 12.85049,
                "lon": 77.42456
              },
              {
                "name": "Sheshagirihalli",
                "name_kn": "ಶೆಶಗಿರಿಹಲ್ಲಿ",
                "stop_id": "21168",
                "lat": 12.84352,
                "lon": 77.4215
              },
              {
                "name": "Shaneshwaraswamy Temple Sheshagirihalli",
                "name_kn": "ಶನೆಶ್ವರಸ್ವಮೆ ಟೆಂಪ್ಲೆ ಶೆಶಗಿರಿಹಲ್ಲಿ",
                "stop_id": "38784",
                "lat": 12.84289,
                "lon": 77.42114
              },
              {
                "name": "Manchanayakanahalli Gate",
                "name_kn": "ಮಂಚನಯಕನಹಲ್ಲಿ ಗಟೆ",
                "stop_id": "21566",
                "lat": 12.83455,
                "lon": 77.41472
              },
              {
                "name": "Veeranjaneya Temple",
                "name_kn": "ವೀರಞನೆಯ ಟೆಂಪ್ಲೆ",
                "stop_id": "21621",
                "lat": 12.82864,
                "lon": 77.41254
              },
              {
                "name": "Railway Gate Lakshmisagara",
                "name_kn": "ರೈಲ್ವಯ್ ಗಟೆ ಲಕ್ಷ್ಮಿಸಗರ",
                "stop_id": "21589",
                "lat": 12.82418,
                "lon": 77.41136
              },
              {
                "name": "Kadumane Hotel",
                "name_kn": "ಕದುಮನೆ ಹೊಟೆಲ್",
                "stop_id": "35402",
                "lat": 12.81554,
                "lon": 77.40756
              },
              {
                "name": "Billa Kempanahalli Gate",
                "name_kn": "ಬಿಲ್ಲ ಕೆಂಪನಹಲ್ಲಿ ಗಟೆ",
                "stop_id": "21468",
                "lat": 12.81212,
                "lon": 77.40408
              },
              {
                "name": "Chikkabillakempanahalli (Padmashree Hospital)",
                "name_kn": "ಚಿಕ್ಕಬಿಲ್ಲಕೆಂಪನಹಲ್ಲಿ (ಪದ್ಮಶ್ರೀ ಹೊಸ್ಪಿಟಲ್)",
                "stop_id": "39911",
                "lat": 12.80747,
                "lon": 77.40077
              },
              {
                "name": "Byramangala Cross",
                "name_kn": "ಬೆರಮಙಲ ಕ್ರೊಸ್ಸ್",
                "stop_id": "35399",
                "lat": 12.80222,
                "lon": 77.39714
              },
              {
                "name": "Bidadi Railway Station",
                "name_kn": "ಬಿದದಿ ರೈಲ್ವಯ್ ಸ್ಟಟಿೊಂ",
                "stop_id": "21466",
                "lat": 12.79973,
                "lon": 77.39107
              },
              {
                "name": "Bidadi",
                "name_kn": "ಬಿದದಿ",
                "stop_id": "35913",
                "lat": 12.7969,
                "lon": 77.38458
              }
            ]
          },
          {
            "Route": "375-D JGF-BSK",
            "RouteId": 13717,
            "RouteParentId": 7305,
            "Destination": "Banashankari Bus Station",
            "Via": "",
            "Area": "Juggath Pharma",
            "PlatformNumber": "1",
            "KannadaDestination": "ಬನಶಂಕರಿ ಬುಸ್ ಸ್ಟಟಿೊಂ",
            "KannadaArea": "ಜುಗ್ಗತ್ ಫಾರ್ಮಾ",
            "KannadaVia": "",
            "FromStationId": 20925,
            "Stops": [
              {
                "name": "Kengeri Bus Station",
                "name_kn": "ಕೆಙೆರಿ ಬುಸ್ ಸ್ಟಟಿೊಂ",
                "stop_id": "20925",
                "lat": 12.91379,
                "lon": 77.4871
              },
              {
                "name": "Kodihalli Gate/Gollahallii Jn",
                "name_kn": "ಕೊದಿಹಲ್ಲಿ ಗಟೆ/ಗೊಲ್ಲಹಲ್ಲೀ ಜ್ಂ",
                "stop_id": "22112",
                "lat": 12.90772,
                "lon": 77.48889
              },
              {
                "name": "Savandarbar Ashrama",
                "name_kn": "ಸವಂದರ್ಬರ್ ಶ್ರಮ",
                "stop_id": "21665",
                "lat": 12.90938,
                "lon": 77.49244
              },
              {
                "name": "BGS Health City Gate Abhiman Studio",
                "name_kn": "ಬ್ಗ್ಸ್ ಹೆಲ್ತ್ ಕಿಟೆ ಗಟೆ ಭಿಮಂ ಸ್ಟುದಿೊ",
                "stop_id": "21753",
                "lat": 12.90712,
                "lon": 77.49911
              },
              {
                "name": "Omkar Hills",
                "name_kn": "ಒಂಕರ್ ಹಿಲ್ಲ್ಸ್",
                "stop_id": "22372",
                "lat": 12.90477,
                "lon": 77.50457
              },
              {
                "name": "JSS College",
                "name_kn": "ಜ್ಸ್ಸ್ ಕೊಲ್ಲೆಗೆ",
                "stop_id": "22121",
                "lat": 12.90387,
                "lon": 77.50822
              },
              {
                "name": "Indo American Hybrid Farm",
                "name_kn": "ಇಂದೊ ಮೆರಿಕಂ ಹೆಬ್ರಿದ್ ೞರ್ಂ",
                "stop_id": "22076",
                "lat": 12.90406,
                "lon": 77.51236
              },
              {
                "name": "Channasandra Colony",
                "name_kn": "ಚಂನಸಂದ್ರ ಕೊಲೊನೆ",
                "stop_id": "21824",
                "lat": 12.90335,
                "lon": 77.51628
              },
              {
                "name": "Channasandra",
                "name_kn": "ಚಂನಸಂದ್ರ",
                "stop_id": "21820",
                "lat": 12.90284,
                "lon": 77.52121
              },
              {
                "name": "Mantri Alpyne Apartment",
                "name_kn": "ಮಂಟ್ರಿ ಲ್ಪೆನೆ ಪರ್ಟ್ಮೆಂಟ್",
                "stop_id": "28771",
                "lat": 12.90449,
                "lon": 77.5271
              },
              {
                "name": "Patalamma Temple",
                "name_kn": "ಪಟಲಮ್ಮ ಟೆಂಪ್ಲೆ",
                "stop_id": "22375",
                "lat": 12.90481,
                "lon": 77.53011
              },
              {
                "name": "Poornaprajna Layout Water Tank",
                "name_kn": "ಪೂರ್ನಪ್ರಜ್ನ ಲಯೌಟ್ ವಟೆರ್ ಟಂಕ್",
                "stop_id": "22572",
                "lat": 12.90842,
                "lon": 77.53458
              },
              {
                "name": "Poornaprajna Layout",
                "name_kn": "ಪೂರ್ನಪ್ರಜ್ನ ಲಯೌಟ್",
                "stop_id": "22395",
                "lat": 12.90882,
                "lon": 77.53585
              },
              {
                "name": "Arehalli",
                "name_kn": "ಅರೆಹಲ್ಲಿ",
                "stop_id": "21661",
                "lat": 12.90857,
                "lon": 77.53841
              },
              {
                "name": "Uttarahalli",
                "name_kn": "ಉಟರಹಲ್ಲಿ",
                "stop_id": "22568",
                "lat": 12.90621,
                "lon": 77.54337
              },
              {
                "name": "Nano Hospital",
                "name_kn": "ನನೊ ಹೊಸ್ಪಿಟಲ್",
                "stop_id": "23736",
                "lat": 12.907,
                "lon": 77.54619
              },
              {
                "name": "Chikkallasandra Bank Colony",
                "name_kn": "ಚಿಕ್ಕಲ್ಲಸಂದ್ರ ಬಂಕ್ ಕೊಲೊನೆ",
                "stop_id": "21842",
                "lat": 12.90906,
                "lon": 77.5491
              },
              {
                "name": "Chikkallasandra Aralimara",
                "name_kn": "ಚಿಕ್ಕಲ್ಲಸಂದ್ರ ರಲಿಮರ",
                "stop_id": "21840",
                "lat": 12.91168,
                "lon": 77.55226
              },
              {
                "name": "Gowdanapalya",
                "name_kn": "ಗೌದನಪಲೆ",
                "stop_id": "21978",
                "lat": 12.91152,
                "lon": 77.55591
              },
              {
                "name": "Prarthana School",
                "name_kn": "ಪ್ರರ್ತನ ಸ್ಚೂಲ್",
                "stop_id": "22403",
                "lat": 12.91159,
                "lon": 77.5581
              },
              {
                "name": "Kadirenahalli Village",
                "name_kn": "ಕದಿರೆನಹಲ್ಲಿ ವಿಲ್ಲಗೆ",
                "stop_id": "22133",
                "lat": 12.91574,
                "lon": 77.56141
              },
              {
                "name": "Kadirenahalli Cross",
                "name_kn": "ಕದಿರೆನಹಲ್ಲಿ ಕ್ರೊಸ್ಸ್",
                "stop_id": "20896",
                "lat": 12.91391,
                "lon": 77.56657
              },
              {
                "name": "Banashankari Bus Station",
                "name_kn": "ಬನಶಂಕರಿ ಬುಸ್ ಸ್ಟಟಿೊಂ",
                "stop_id": "20624",
                "lat": 12.91736,
                "lon": 77.5727
              }
            ]
          },
          {
            "Route": "401-KB KGR-VJN UP",
            "RouteId": 13436,
            "RouteParentId": 1652,
            "Destination": "Yeshawanthapura Bus Station",
            "Via": "",
            "Area": "Kengeri Bus Station",
            "PlatformNumber": "1",
            "KannadaDestination": "ಯೆಶವಂತಪುರ ಬುಸ್ ಸ್ಟಟಿೊಂ",
            "KannadaArea": "ಘಟಕ-37 ಕೆಂಗೇರಿ",
            "KannadaVia": "",
            "FromStationId": 20925,
            "Stops": [
              {
                "name": "Kengeri Bus Station",
                "name_kn": "ಕೆಙೆರಿ ಬುಸ್ ಸ್ಟಟಿೊಂ",
                "stop_id": "20925",
                "lat": 12.91379,
                "lon": 77.4871
              },
              {
                "name": "Kengeri Police Station",
                "name_kn": "ಕೆಙೆರಿ ಪೊಲಿಕೆ ಸ್ಟಟಿೊಂ",
                "stop_id": "21094",
                "lat": 12.91007,
                "lon": 77.48146
              },
              {
                "name": "Kengeri Ganesha Temple",
                "name_kn": "ಕೆಙೆರಿ ಗನೆಶ ಟೆಂಪ್ಲೆ",
                "stop_id": "20782",
                "lat": 12.91126,
                "lon": 77.48029
              },
              {
                "name": "Kommaghatta Junction",
                "name_kn": "ಕೊಮ್ಮಘಟ ಜುಂಕ್ಟಿೊಂ",
                "stop_id": "20882",
                "lat": 12.91444,
                "lon": 77.48144
              },
              {
                "name": "Kengeri Post Office",
                "name_kn": "ಕೆಙೆರಿ ಪೊಸ್ಟ್ ೊೞ್ೞಿಕೆ",
                "stop_id": "22165",
                "lat": 12.91543,
                "lon": 77.48181
              },
              {
                "name": "Kengeri Railway Station",
                "name_kn": "ಕೆಙೆರಿ ರೈಲ್ವಯ್ ಸ್ಟಟಿೊಂ",
                "stop_id": "21110",
                "lat": 12.91686,
                "lon": 77.48234
              },
              {
                "name": "Kengeri Satellite Town",
                "name_kn": "ಕೆಙೆರಿ ಸಟೆಲ್ಲಿಟೆ ಟೌಂ",
                "stop_id": "22167",
                "lat": 12.92355,
                "lon": 77.48479
              },
              {
                "name": "Kengeri Church",
                "name_kn": "ಕೆಙೆರಿ ಚುರ್ಚ್",
                "stop_id": "20923",
                "lat": 12.92874,
                "lon": 77.48664
              },
              {
                "name": "Shirke KHB Quarters",
                "name_kn": "ಶಿರ್ಕೆ ಖ್ಬ್ qುರ್ಟೆರ್ಸ್",
                "stop_id": "22665",
                "lat": 12.93193,
                "lon": 77.48762
              },
              {
                "name": "Nagadevanahalli",
                "name_kn": "ನಗದೆವನಹಲ್ಲಿ",
                "stop_id": "22323",
                "lat": 12.93591,
                "lon": 77.4923
              },
              {
                "name": "Kenchanapura Cross",
                "name_kn": "ಕೆಂಚನಪುರ ಕ್ರೊಸ್ಸ್",
                "stop_id": "22162",
                "lat": 12.94157,
                "lon": 77.49344
              },
              {
                "name": "Mariyappanapalya",
                "name_kn": "ಮರಿಯಪ್ಪನಪಲೆ",
                "stop_id": "22265",
                "lat": 12.94526,
                "lon": 77.49539
              },
              {
                "name": "PVP School",
                "name_kn": "ಪ್ವ್ಪ್ ಸ್ಚೂಲ್",
                "stop_id": "22407",
                "lat": 12.94826,
                "lon": 77.49697
              },
              {
                "name": "Univesity Quarters",
                "name_kn": "ಉನಿವೆಸಿಟೆ qುರ್ಟೆರ್ಸ್",
                "stop_id": "21747",
                "lat": 12.9528,
                "lon": 77.50008
              },
              {
                "name": "Mallathahalli Cross",
                "name_kn": "ಮಲ್ಲತಹಲ್ಲಿ ಕ್ರೊಸ್ಸ್",
                "stop_id": "22245",
                "lat": 12.95782,
                "lon": 77.50321
              },
              {
                "name": "Kengunte Circle (IIPM)",
                "name_kn": "ಕೆಙುಂಟೆ ಕಿರ್ಕ್ಲೆ (ೀಪ್ಂ)",
                "stop_id": "22171",
                "lat": 12.96045,
                "lon": 77.50473
              },
              {
                "name": "Vinayaka Layout Nagarabhavi",
                "name_kn": "ವಿನಯಕ ಲಯೌಟ್ ನಗರಭವಿ",
                "stop_id": "22610",
                "lat": 12.96076,
                "lon": 77.50745
              },
              {
                "name": "NGEF Layout Nagarabhavi",
                "name_kn": "ಙೆೞ್ ಲಯೌಟ್ ನಗರಭವಿ",
                "stop_id": "22362",
                "lat": 12.96104,
                "lon": 77.50972
              },
              {
                "name": "12th Block Nagarabhavi",
                "name_kn": "12ತ್ ಬ್ಲೊಕ್ಕ್ ನಗರಭವಿ",
                "stop_id": "21630",
                "lat": 12.96076,
                "lon": 77.51351
              },
              {
                "name": "Manasa Nagara",
                "name_kn": "ಮನಸ ನಗರ",
                "stop_id": "22248",
                "lat": 12.95925,
                "lon": 77.51674
              },
              {
                "name": "Nagarabhavi Circle",
                "name_kn": "ನಗರಭವಿ ಕಿರ್ಕ್ಲೆ",
                "stop_id": "21577",
                "lat": 12.9601,
                "lon": 77.51982
              },
              {
                "name": "Maruthi Nagara",
                "name_kn": "ಮರುತಿ ನಗರ",
                "stop_id": "21569",
                "lat": 12.96178,
                "lon": 77.5217
              },
              {
                "name": "Byraveshwaranagara",
                "name_kn": "ಬೆರವೆಶ್ವರನಗರ",
                "stop_id": "21478",
                "lat": 12.96501,
                "lon": 77.52338
              },
              {
                "name": "Kalyananagara",
                "name_kn": "ಕಲೆನನಗರ",
                "stop_id": "21552",
                "lat": 12.96736,
                "lon": 77.52379
              },
              {
                "name": "Moodalapalya",
                "name_kn": "ಮೂದಲಪಲೆ",
                "stop_id": "21573",
                "lat": 12.97054,
                "lon": 77.5249
              },
              {
                "name": "Priyadarshini Layout",
                "name_kn": "ಪ್ರಿಯದರ್ಶಿನಿ ಲಯೌಟ್",
                "stop_id": "27756",
                "lat": 12.97112,
                "lon": 77.52676
              },
              {
                "name": "Saraswathi Nagara",
                "name_kn": "ಸರಸ್ವತಿ ನಗರ",
                "stop_id": "21597",
                "lat": 12.9738,
                "lon": 77.53041
              },
              {
                "name": "Prashanth Nagara",
                "name_kn": "ಪ್ರಶಂತ್ ನಗರ",
                "stop_id": "21587",
                "lat": 12.97551,
                "lon": 77.53118
              },
              {
                "name": "Govindarajanagara",
                "name_kn": "ಗೊವಿಂದರಜನಗರ",
                "stop_id": "21519",
                "lat": 12.97561,
                "lon": 77.53646
              },
              {
                "name": "Sarvajna College/Vijayanagara",
                "name_kn": "ಸರ್ವಜ್ನ ಕೊಲ್ಲೆಗೆ/ವಿಜಯನಗರ",
                "stop_id": "28170",
                "lat": 12.97572,
                "lon": 77.5391
              },
              {
                "name": "Agrahara Dasarahalli",
                "name_kn": "ಅಗ್ರಹರ ದಸರಹಲ್ಲಿ",
                "stop_id": "20599",
                "lat": 12.97853,
                "lon": 77.54293
              },
              {
                "name": "Magadi Road TollGate",
                "name_kn": "ಮಗದಿ ರೊದ್ ಟೊಲ್ಲ್ಗಟೆ",
                "stop_id": "22236",
                "lat": 12.97537,
                "lon": 77.54845
              },
              {
                "name": "Aralimara Industrial Area  Rajajinagara",
                "name_kn": "ಅರಲಿಮರ ಿಂದುಸ್ಟ್ರಿಲ್ ರೆ  ರಜಜಿನಗರ",
                "stop_id": "21655",
                "lat": 12.97857,
                "lon": 77.54871
              },
              {
                "name": "Industrial Area Rajajinagara",
                "name_kn": "ಇಂದುಸ್ಟ್ರಿಲ್ ರೆ ರಜಜಿನಗರ",
                "stop_id": "22079",
                "lat": 12.98206,
                "lon": 77.5487
              },
              {
                "name": "Dhobi Ghat Rajajinagara",
                "name_kn": "ಧೊಬಿ ಘಟ್ ರಜಜಿನಗರ",
                "stop_id": "21894",
                "lat": 12.98565,
                "lon": 77.54912
              },
              {
                "name": "ESI Hospital Rajajinagara",
                "name_kn": "ಎಸಿ ಹೊಸ್ಪಿಟಲ್ ರಜಜಿನಗರ",
                "stop_id": "21936",
                "lat": 12.99101,
                "lon": 77.55084
              },
              {
                "name": "Manjunatha Nagara",
                "name_kn": "ಮಞುನತ ನಗರ",
                "stop_id": "22257",
                "lat": 12.99548,
                "lon": 77.55068
              },
              {
                "name": "Rajajinagara Metro Station",
                "name_kn": "ರಜಜಿನಗರ ಮೆಟ್ರೊ ಸ್ಟಟಿೊಂ",
                "stop_id": "21050",
                "lat": 12.99967,
                "lon": 77.54976
              },
              {
                "name": "1st Block Rajajinagara",
                "name_kn": "1ಸ್ಟ್ ಬ್ಲೊಕ್ಕ್ ರಜಜಿನಗರ",
                "stop_id": "20576",
                "lat": 13.00515,
                "lon": 77.54887
              },
              {
                "name": "Mahalakshmi Layout Entrance",
                "name_kn": "ಮಹಲಕ್ಷ್ಮಿ ಲಯೌಟ್ ೆಂಟ್ರಂಕೆ",
                "stop_id": "20980",
                "lat": 13.00782,
                "lon": 77.54867
              },
              {
                "name": "Iskcon Temple",
                "name_kn": "ಇಸ್ಕ್ಕೊಂ ಟೆಂಪ್ಲೆ",
                "stop_id": "20860",
                "lat": 13.0116,
                "lon": 77.55103
              },
              {
                "name": "Govt Soap Factory",
                "name_kn": "ಗೊವ್ಟ್ ಸೊಪ್ ೞಕ್ಟೊರೆ",
                "stop_id": "20797",
                "lat": 13.01352,
                "lon": 77.55385
              },
              {
                "name": "Govardhan Talkies",
                "name_kn": "ಗೊವರ್ಧಂ ಟಲ್ಕಿೆಸ್",
                "stop_id": "20793",
                "lat": 13.01781,
                "lon": 77.55374
              },
              {
                "name": "Yeshawanthapura Bus Station",
                "name_kn": "ಯೆಶವಂತಪುರ ಬುಸ್ ಸ್ಟಟಿೊಂ",
                "stop_id": "24016",
                "lat": 13.01771,
                "lon": 77.55657
              }
            ]
          },
          {
            "Route": "502-H KGR-PSS-MLS UP",
            "RouteId": 14722,
            "RouteParentId": 1507,
            "Destination": "Dwaraka Nagara",
            "Via": "",
            "Area": "Kengeri Bus Station",
            "PlatformNumber": "1",
            "KannadaDestination": "ದ್ವರಕ ನಗರ",
            "KannadaArea": "ಘಟಕ-37 ಕೆಂಗೇರಿ",
            "KannadaVia": "",
            "FromStationId": 20925,
            "Stops": [
              {
                "name": "Kengeri Bus Station",
                "name_kn": "ಕೆಙೆರಿ ಬುಸ್ ಸ್ಟಟಿೊಂ",
                "stop_id": "20925",
                "lat": 12.91379,
                "lon": 77.4871
              },
              {
                "name": "Kengeri Police Station",
                "name_kn": "ಕೆಙೆರಿ ಪೊಲಿಕೆ ಸ್ಟಟಿೊಂ",
                "stop_id": "21094",
                "lat": 12.91007,
                "lon": 77.48146
              },
              {
                "name": "Kengeri Ganesha Temple",
                "name_kn": "ಕೆಙೆರಿ ಗನೆಶ ಟೆಂಪ್ಲೆ",
                "stop_id": "20782",
                "lat": 12.91126,
                "lon": 77.48029
              },
              {
                "name": "Kommaghatta Junction",
                "name_kn": "ಕೊಮ್ಮಘಟ ಜುಂಕ್ಟಿೊಂ",
                "stop_id": "20882",
                "lat": 12.91444,
                "lon": 77.48144
              },
              {
                "name": "Kengeri Post Office",
                "name_kn": "ಕೆಙೆರಿ ಪೊಸ್ಟ್ ೊೞ್ೞಿಕೆ",
                "stop_id": "22165",
                "lat": 12.91543,
                "lon": 77.48181
              },
              {
                "name": "Kengeri Railway Station",
                "name_kn": "ಕೆಙೆರಿ ರೈಲ್ವಯ್ ಸ್ಟಟಿೊಂ",
                "stop_id": "21110",
                "lat": 12.91686,
                "lon": 77.48234
              },
              {
                "name": "Kengeri Satellite Town",
                "name_kn": "ಕೆಙೆರಿ ಸಟೆಲ್ಲಿಟೆ ಟೌಂ",
                "stop_id": "22167",
                "lat": 12.92355,
                "lon": 77.48479
              },
              {
                "name": "Kengeri Church",
                "name_kn": "ಕೆಙೆರಿ ಚುರ್ಚ್",
                "stop_id": "20923",
                "lat": 12.92874,
                "lon": 77.48664
              },
              {
                "name": "Shirke KHB Quarters",
                "name_kn": "ಶಿರ್ಕೆ ಖ್ಬ್ qುರ್ಟೆರ್ಸ್",
                "stop_id": "22665",
                "lat": 12.93193,
                "lon": 77.48762
              },
              {
                "name": "Nagadevanahalli",
                "name_kn": "ನಗದೆವನಹಲ್ಲಿ",
                "stop_id": "22323",
                "lat": 12.93591,
                "lon": 77.4923
              },
              {
                "name": "Kenchanapura Cross",
                "name_kn": "ಕೆಂಚನಪುರ ಕ್ರೊಸ್ಸ್",
                "stop_id": "22162",
                "lat": 12.94157,
                "lon": 77.49344
              },
              {
                "name": "Mariyappanapalya",
                "name_kn": "ಮರಿಯಪ್ಪನಪಲೆ",
                "stop_id": "22265",
                "lat": 12.94526,
                "lon": 77.49539
              },
              {
                "name": "PVP School",
                "name_kn": "ಪ್ವ್ಪ್ ಸ್ಚೂಲ್",
                "stop_id": "22407",
                "lat": 12.94826,
                "lon": 77.49697
              },
              {
                "name": "Univesity Quarters",
                "name_kn": "ಉನಿವೆಸಿಟೆ qುರ್ಟೆರ್ಸ್",
                "stop_id": "21747",
                "lat": 12.9528,
                "lon": 77.50008
              },
              {
                "name": "Mallathahalli Cross",
                "name_kn": "ಮಲ್ಲತಹಲ್ಲಿ ಕ್ರೊಸ್ಸ್",
                "stop_id": "22245",
                "lat": 12.95782,
                "lon": 77.50321
              },
              {
                "name": "Kengunte Circle (IIPM)",
                "name_kn": "ಕೆಙುಂಟೆ ಕಿರ್ಕ್ಲೆ (ೀಪ್ಂ)",
                "stop_id": "22170",
                "lat": 12.96064,
                "lon": 77.50435
              },
              {
                "name": "Ambedkar Institute of Technology",
                "name_kn": "ಅಂಬೆದ್ಕರ್ ಿಂಸ್ಟಿಟುಟೆ ೊೞ್ ಟೆಚ್ನೊಲೊಗೆ",
                "stop_id": "21454",
                "lat": 12.96319,
                "lon": 77.50502
              },
              {
                "name": "Deepa Complex",
                "name_kn": "ದೀಪ ಕೊಂಪ್ಲೆಕ್ಸ್",
                "stop_id": "35400",
                "lat": 12.96667,
                "lon": 77.50506
              },
              {
                "name": "Papareddypalya",
                "name_kn": "ಪಪರೆದ್ಠೆಪಲೆ",
                "stop_id": "21584",
                "lat": 12.9721,
                "lon": 77.50772
              },
              {
                "name": "Aladamara Papareddypalya",
                "name_kn": "ಅಲದಮರ ಪಪರೆದ್ಠೆಪಲೆ",
                "stop_id": "21451",
                "lat": 12.97525,
                "lon": 77.50947
              },
              {
                "name": "BDA Complex Nagarabhavi",
                "name_kn": "ಬ್ದ ಕೊಂಪ್ಲೆಕ್ಸ್ ನಗರಭವಿ",
                "stop_id": "35397",
                "lat": 12.97958,
                "lon": 77.51064
              },
              {
                "name": "Vokkaliga School Kottigepalya",
                "name_kn": "ವೊಕ್ಕಲಿಗ ಸ್ಚೂಲ್ ಕೊಟಿಗೆಪಲೆ",
                "stop_id": "22615",
                "lat": 12.98604,
                "lon": 77.51153
              },
              {
                "name": "Lakshmi Institution",
                "name_kn": "ಲಕ್ಷ್ಮಿ ಿಂಸ್ಟಿಟುಟಿೊಂ",
                "stop_id": "39572",
                "lat": 12.98862,
                "lon": 77.50878
              },
              {
                "name": "Sunkadakatte",
                "name_kn": "ಸುಂಕದಕಟೆ",
                "stop_id": "21206",
                "lat": 12.99018,
                "lon": 77.5038
              },
              {
                "name": "Janapriya Apartment",
                "name_kn": "ಜನಪ್ರಿಯ ಪರ್ಟ್ಮೆಂಟ್",
                "stop_id": "26277",
                "lat": 12.9888,
                "lon": 77.49952
              },
              {
                "name": "Herohalli Cross",
                "name_kn": "ಹೆರೊಹಲ್ಲಿ ಕ್ರೊಸ್ಸ್",
                "stop_id": "32914",
                "lat": 12.98796,
                "lon": 77.49385
              },
              {
                "name": "Maruthi Nagara",
                "name_kn": "ಮರುತಿ ನಗರ",
                "stop_id": "33862",
                "lat": 12.98975,
                "lon": 77.49394
              },
              {
                "name": "Mahadeshwara Nagara",
                "name_kn": "ಮಹದೆಶ್ವರ ನಗರ",
                "stop_id": "33739",
                "lat": 12.99201,
                "lon": 77.49425
              },
              {
                "name": "Prasanna Layout",
                "name_kn": "ಪ್ರಸಂನ ಲಯೌಟ್",
                "stop_id": "38616",
                "lat": 12.99618,
                "lon": 77.49603
              },
              {
                "name": "Nagaraholenagara Cross",
                "name_kn": "ನಗರಹೊಲೆನಗರ ಕ್ರೊಸ್ಸ್",
                "stop_id": "38617",
                "lat": 12.99736,
                "lon": 77.49682
              },
              {
                "name": "Neelagiri Thopu",
                "name_kn": "ನೀಲಗಿರಿ ತೊಪು",
                "stop_id": "21055",
                "lat": 12.99577,
                "lon": 77.50249
              },
              {
                "name": "Hegganahalli Cross",
                "name_kn": "ಹೆಗ್ಗನಹಲ್ಲಿ ಕ್ರೊಸ್ಸ್",
                "stop_id": "20827",
                "lat": 12.99977,
                "lon": 77.50395
              },
              {
                "name": "Hegganahalli",
                "name_kn": "ಹೆಗ್ಗನಹಲ್ಲಿ",
                "stop_id": "20824",
                "lat": 13.00367,
                "lon": 77.50454
              },
              {
                "name": "Milk Dairy Hegganahalli",
                "name_kn": "ಮಿಲ್ಕ್ ದೈರೆ ಹೆಗ್ಗನಹಲ್ಲಿ",
                "stop_id": "21024",
                "lat": 13.0074,
                "lon": 77.50543
              },
              {
                "name": "Peenya 2nd Stage",
                "name_kn": "ಪೀನೆ 2ಂದ್ ಸ್ಟಗೆ",
                "stop_id": "21080",
                "lat": 13.01092,
                "lon": 77.50683
              },
              {
                "name": "Peenya 14th Cross",
                "name_kn": "ಪೀನೆ 14ತ್ ಕ್ರೊಸ್ಸ್",
                "stop_id": "20566",
                "lat": 13.01663,
                "lon": 77.50554
              },
              {
                "name": "Brundavana Peenya",
                "name_kn": "ಬ್ರುಂದವನ ಪೀನೆ",
                "stop_id": "20684",
                "lat": 13.02034,
                "lon": 77.50804
              },
              {
                "name": "NTTF Peenya",
                "name_kn": "ಂಟ್ೞ್ ಪೀನೆ",
                "stop_id": "21068",
                "lat": 13.02514,
                "lon": 77.51122
              },
              {
                "name": "Rolling Mill",
                "name_kn": "ರೊಲ್ಲಿಙ್ ಮಿಲ್ಲ್",
                "stop_id": "21136",
                "lat": 13.02655,
                "lon": 77.51468
              },
              {
                "name": "TVS Cross Peenya",
                "name_kn": "ಟ್ವ್ಸ್ ಕ್ರೊಸ್ಸ್ ಪೀನೆ",
                "stop_id": "21236",
                "lat": 13.02868,
                "lon": 77.51957
              },
              {
                "name": "Systems Peenya",
                "name_kn": "ಶೆಸ್ಟೆಂಸ್ ಪೀನೆ",
                "stop_id": "21209",
                "lat": 13.03497,
                "lon": 77.51794
              },
              {
                "name": "Jalahalli Cross",
                "name_kn": "ಜಲಹಲ್ಲಿ ಕ್ರೊಸ್ಸ್",
                "stop_id": "39856",
                "lat": 13.03989,
                "lon": 77.51828
              },
              {
                "name": "T Dasarahalli",
                "name_kn": "ಟ್ ದಸರಹಲ್ಲಿ",
                "stop_id": "21211",
                "lat": 13.04283,
                "lon": 77.51276
              },
              {
                "name": "8th Mile Dasarahalli",
                "name_kn": "8ತ್ ಮಿಲೆ ದಸರಹಲ್ಲಿ",
                "stop_id": "20593",
                "lat": 13.04622,
                "lon": 77.50755
              },
              {
                "name": "Widia School",
                "name_kn": "ವಿದಿ ಸ್ಚೂಲ್",
                "stop_id": "21278",
                "lat": 13.0511,
                "lon": 77.50773
              },
              {
                "name": "Bagalagunte",
                "name_kn": "ಬಗಲಗುಂಟೆ",
                "stop_id": "20620",
                "lat": 13.05657,
                "lon": 77.50728
              },
              {
                "name": "Bone Mill",
                "name_kn": "ಬೊನೆ ಮಿಲ್ಲ್",
                "stop_id": "20678",
                "lat": 13.06385,
                "lon": 77.50503
              },
              {
                "name": "Sapthagiri College",
                "name_kn": "ಸಪ್ತಗಿರಿ ಕೊಲ್ಲೆಗೆ",
                "stop_id": "21154",
                "lat": 13.06685,
                "lon": 77.50328
              },
              {
                "name": "Sapthagiri Hospital",
                "name_kn": "ಸಪ್ತಗಿರಿ ಹೊಸ್ಪಿಟಲ್",
                "stop_id": "21156",
                "lat": 13.07067,
                "lon": 77.50387
              },
              {
                "name": "Janapriya Apartment",
                "name_kn": "ಜನಪ್ರಿಯ ಪರ್ಟ್ಮೆಂಟ್",
                "stop_id": "20872",
                "lat": 13.07349,
                "lon": 77.50307
              },
              {
                "name": "Chikkabanavara Railway Station",
                "name_kn": "ಚಿಕ್ಕಬನವರ ರೈಲ್ವಯ್ ಸ್ಟಟಿೊಂ",
                "stop_id": "21108",
                "lat": 13.07543,
                "lon": 77.50464
              },
              {
                "name": "Chikka Banavara",
                "name_kn": "ಚಿಕ್ಕ ಬನವರ",
                "stop_id": "20718",
                "lat": 13.08046,
                "lon": 77.50248
              },
              {
                "name": "Dwaraka Nagara",
                "name_kn": "ದ್ವರಕ ನಗರ",
                "stop_id": "32575",
                "lat": 13.08764,
                "lon": 77.49526
              }
            ]
          },
          {
            "Route": "401-KC UP",
            "RouteId": 15762,
            "RouteParentId": 8451,
            "Destination": "Yeshawanthapura Bus Station",
            "Via": "",
            "Area": "Kengeri Bus Station",
            "PlatformNumber": "1",
            "KannadaDestination": "ಯೆಶವಂತಪುರ ಬುಸ್ ಸ್ಟಟಿೊಂ",
            "KannadaArea": "ಘಟಕ-37 ಕೆಂಗೇರಿ",
            "KannadaVia": "",
            "FromStationId": 20925,
            "Stops": [
              {
                "name": "Kengeri Bus Station",
                "name_kn": "ಕೆಙೆರಿ ಬುಸ್ ಸ್ಟಟಿೊಂ",
                "stop_id": "20925",
                "lat": 12.91379,
                "lon": 77.4871
              },
              {
                "name": "Kengeri Police Station",
                "name_kn": "ಕೆಙೆರಿ ಪೊಲಿಕೆ ಸ್ಟಟಿೊಂ",
                "stop_id": "21094",
                "lat": 12.91007,
                "lon": 77.48146
              },
              {
                "name": "Kengeri Ganesha Temple",
                "name_kn": "ಕೆಙೆರಿ ಗನೆಶ ಟೆಂಪ್ಲೆ",
                "stop_id": "20782",
                "lat": 12.91126,
                "lon": 77.48029
              },
              {
                "name": "Kommaghatta Junction",
                "name_kn": "ಕೊಮ್ಮಘಟ ಜುಂಕ್ಟಿೊಂ",
                "stop_id": "20882",
                "lat": 12.91444,
                "lon": 77.48144
              },
              {
                "name": "Kengeri Post Office",
                "name_kn": "ಕೆಙೆರಿ ಪೊಸ್ಟ್ ೊೞ್ೞಿಕೆ",
                "stop_id": "22165",
                "lat": 12.91543,
                "lon": 77.48181
              },
              {
                "name": "Kengeri Railway Station",
                "name_kn": "ಕೆಙೆರಿ ರೈಲ್ವಯ್ ಸ್ಟಟಿೊಂ",
                "stop_id": "21110",
                "lat": 12.91686,
                "lon": 77.48234
              },
              {
                "name": "Kengeri Satellite Town",
                "name_kn": "ಕೆಙೆರಿ ಸಟೆಲ್ಲಿಟೆ ಟೌಂ",
                "stop_id": "22167",
                "lat": 12.92355,
                "lon": 77.48479
              },
              {
                "name": "Kengeri Church",
                "name_kn": "ಕೆಙೆರಿ ಚುರ್ಚ್",
                "stop_id": "20923",
                "lat": 12.92874,
                "lon": 77.48664
              },
              {
                "name": "Shirke KHB Quarters",
                "name_kn": "ಶಿರ್ಕೆ ಖ್ಬ್ qುರ್ಟೆರ್ಸ್",
                "stop_id": "22665",
                "lat": 12.93193,
                "lon": 77.48762
              },
              {
                "name": "Nagadevanahalli",
                "name_kn": "ನಗದೆವನಹಲ್ಲಿ",
                "stop_id": "22323",
                "lat": 12.93591,
                "lon": 77.4923
              },
              {
                "name": "Kenchanapura Cross",
                "name_kn": "ಕೆಂಚನಪುರ ಕ್ರೊಸ್ಸ್",
                "stop_id": "22162",
                "lat": 12.94157,
                "lon": 77.49344
              },
              {
                "name": "Mariyappanapalya",
                "name_kn": "ಮರಿಯಪ್ಪನಪಲೆ",
                "stop_id": "22265",
                "lat": 12.94526,
                "lon": 77.49539
              },
              {
                "name": "PVP School",
                "name_kn": "ಪ್ವ್ಪ್ ಸ್ಚೂಲ್",
                "stop_id": "22407",
                "lat": 12.94826,
                "lon": 77.49697
              },
              {
                "name": "Univesity Quarters",
                "name_kn": "ಉನಿವೆಸಿಟೆ qುರ್ಟೆರ್ಸ್",
                "stop_id": "21747",
                "lat": 12.9528,
                "lon": 77.50008
              },
              {
                "name": "Mallathahalli Cross",
                "name_kn": "ಮಲ್ಲತಹಲ್ಲಿ ಕ್ರೊಸ್ಸ್",
                "stop_id": "22245",
                "lat": 12.95782,
                "lon": 77.50321
              },
              {
                "name": "Kengunte Circle (IIPM)",
                "name_kn": "ಕೆಙುಂಟೆ ಕಿರ್ಕ್ಲೆ (ೀಪ್ಂ)",
                "stop_id": "22171",
                "lat": 12.96045,
                "lon": 77.50473
              },
              {
                "name": "Vinayaka Layout Nagarabhavi",
                "name_kn": "ವಿನಯಕ ಲಯೌಟ್ ನಗರಭವಿ",
                "stop_id": "22610",
                "lat": 12.96076,
                "lon": 77.50745
              },
              {
                "name": "NGEF Layout Nagarabhavi",
                "name_kn": "ಙೆೞ್ ಲಯೌಟ್ ನಗರಭವಿ",
                "stop_id": "22362",
                "lat": 12.96104,
                "lon": 77.50972
              },
              {
                "name": "12th Block Nagarabhavi",
                "name_kn": "12ತ್ ಬ್ಲೊಕ್ಕ್ ನಗರಭವಿ",
                "stop_id": "21630",
                "lat": 12.96076,
                "lon": 77.51351
              },
              {
                "name": "Manasa Nagara",
                "name_kn": "ಮನಸ ನಗರ",
                "stop_id": "22248",
                "lat": 12.95925,
                "lon": 77.51674
              },
              {
                "name": "Nagarabhavi Circle",
                "name_kn": "ನಗರಭವಿ ಕಿರ್ಕ್ಲೆ",
                "stop_id": "35385",
                "lat": 12.95967,
                "lon": 77.51985
              },
              {
                "name": "Ganesha Temple Chandra Layout",
                "name_kn": "ಗನೆಶ ಟೆಂಪ್ಲೆ ಚಂದ್ರ ಲಯೌಟ್",
                "stop_id": "20780",
                "lat": 12.95772,
                "lon": 77.52863
              },
              {
                "name": "Income Tax Layout",
                "name_kn": "ಇಂಕೊಮೆ ಟಕ್ಸ್ ಲಯೌಟ್",
                "stop_id": "20853",
                "lat": 12.96014,
                "lon": 77.53108
              },
              {
                "name": "Maruthi Mandira",
                "name_kn": "ಮರುತಿ ಮಂದಿರ",
                "stop_id": "21011",
                "lat": 12.96783,
                "lon": 77.53611
              },
              {
                "name": "Vijayanagara",
                "name_kn": "ವಿಜಯನಗರ",
                "stop_id": "21266",
                "lat": 12.97192,
                "lon": 77.53766
              },
              {
                "name": "Manuvana",
                "name_kn": "ಮನುವನ",
                "stop_id": "20997",
                "lat": 12.97431,
                "lon": 77.54454
              },
              {
                "name": "Magadi Road TollGate",
                "name_kn": "ಮಗದಿ ರೊದ್ ಟೊಲ್ಲ್ಗಟೆ",
                "stop_id": "22236",
                "lat": 12.97537,
                "lon": 77.54845
              },
              {
                "name": "Aralimara Industrial Area  Rajajinagara",
                "name_kn": "ಅರಲಿಮರ ಿಂದುಸ್ಟ್ರಿಲ್ ರೆ  ರಜಜಿನಗರ",
                "stop_id": "21655",
                "lat": 12.97857,
                "lon": 77.54871
              },
              {
                "name": "Industrial Area Rajajinagara",
                "name_kn": "ಇಂದುಸ್ಟ್ರಿಲ್ ರೆ ರಜಜಿನಗರ",
                "stop_id": "22079",
                "lat": 12.98206,
                "lon": 77.5487
              },
              {
                "name": "Dhobi Ghat Rajajinagara",
                "name_kn": "ಧೊಬಿ ಘಟ್ ರಜಜಿನಗರ",
                "stop_id": "21894",
                "lat": 12.98565,
                "lon": 77.54912
              },
              {
                "name": "ESI Hospital Rajajinagara",
                "name_kn": "ಎಸಿ ಹೊಸ್ಪಿಟಲ್ ರಜಜಿನಗರ",
                "stop_id": "21936",
                "lat": 12.99101,
                "lon": 77.55084
              },
              {
                "name": "Manjunatha Nagara",
                "name_kn": "ಮಞುನತ ನಗರ",
                "stop_id": "22257",
                "lat": 12.99548,
                "lon": 77.55068
              },
              {
                "name": "Rajajinagara Metro Station",
                "name_kn": "ರಜಜಿನಗರ ಮೆಟ್ರೊ ಸ್ಟಟಿೊಂ",
                "stop_id": "21050",
                "lat": 12.99967,
                "lon": 77.54976
              },
              {
                "name": "1st Block Rajajinagara",
                "name_kn": "1ಸ್ಟ್ ಬ್ಲೊಕ್ಕ್ ರಜಜಿನಗರ",
                "stop_id": "20576",
                "lat": 13.00515,
                "lon": 77.54887
              },
              {
                "name": "Mahalakshmi Layout Entrance",
                "name_kn": "ಮಹಲಕ್ಷ್ಮಿ ಲಯೌಟ್ ೆಂಟ್ರಂಕೆ",
                "stop_id": "20980",
                "lat": 13.00782,
                "lon": 77.54867
              },
              {
                "name": "Iskcon Temple",
                "name_kn": "ಇಸ್ಕ್ಕೊಂ ಟೆಂಪ್ಲೆ",
                "stop_id": "20860",
                "lat": 13.0116,
                "lon": 77.55103
              },
              {
                "name": "Govt Soap Factory",
                "name_kn": "ಗೊವ್ಟ್ ಸೊಪ್ ೞಕ್ಟೊರೆ",
                "stop_id": "20797",
                "lat": 13.01352,
                "lon": 77.55385
              },
              {
                "name": "Govardhan Talkies",
                "name_kn": "ಗೊವರ್ಧಂ ಟಲ್ಕಿೆಸ್",
                "stop_id": "20793",
                "lat": 13.01781,
                "lon": 77.55374
              },
              {
                "name": "Yeshawanthapura Bus Station",
                "name_kn": "ಯೆಶವಂತಪುರ ಬುಸ್ ಸ್ಟಟಿೊಂ",
                "stop_id": "24016",
                "lat": 13.01771,
                "lon": 77.55657
              }
            ]
          }
        ]
      }
    },
    {
      "type": "Feature",
      "geometry": {
        "type": "Point",
        "coordinates": [
          77.4872374534607,
          12.913745862029169
        ]
      },
      "properties": {
        "Platform": "2",
        "Color": "#000000",
        "Icon": "2",
        "OpenHour": 0,
        "CloseHour": 0,
        "ApiIds": [
          "20925"
        ],
        "Routes": [
          {
            "Route": "401-M UP",
            "RouteId": 1835,
            "RouteParentId": 1086,
            "Destination": "Yeshawanthapura Bus Station",
            "Via": "",
            "Area": "Kengeri Bus Station",
            "PlatformNumber": "2",
            "KannadaDestination": "ಯೆಶವಂತಪುರ ಬುಸ್ ಸ್ಟಟಿೊಂ",
            "KannadaArea": "ಘಟಕ-37 ಕೆಂಗೇರಿ",
            "KannadaVia": "",
            "FromStationId": 20925,
            "Stops": [
              {
                "name": "Kengeri Bus Station",
                "name_kn": "ಕೆಙೆರಿ ಬುಸ್ ಸ್ಟಟಿೊಂ",
                "stop_id": "20925",
                "lat": 12.91379,
                "lon": 77.4871
              },
              {
                "name": "Kengeri Police Station",
                "name_kn": "ಕೆಙೆರಿ ಪೊಲಿಕೆ ಸ್ಟಟಿೊಂ",
                "stop_id": "21094",
                "lat": 12.91007,
                "lon": 77.48146
              },
              {
                "name": "Kengeri Ganesha Temple",
                "name_kn": "ಕೆಙೆರಿ ಗನೆಶ ಟೆಂಪ್ಲೆ",
                "stop_id": "20782",
                "lat": 12.91126,
                "lon": 77.48029
              },
              {
                "name": "Kommaghatta Junction",
                "name_kn": "ಕೊಮ್ಮಘಟ ಜುಂಕ್ಟಿೊಂ",
                "stop_id": "20882",
                "lat": 12.91444,
                "lon": 77.48144
              },
              {
                "name": "Kengeri Post Office",
                "name_kn": "ಕೆಙೆರಿ ಪೊಸ್ಟ್ ೊೞ್ೞಿಕೆ",
                "stop_id": "22165",
                "lat": 12.91543,
                "lon": 77.48181
              },
              {
                "name": "Kengeri Railway Station",
                "name_kn": "ಕೆಙೆರಿ ರೈಲ್ವಯ್ ಸ್ಟಟಿೊಂ",
                "stop_id": "21110",
                "lat": 12.91686,
                "lon": 77.48234
              },
              {
                "name": "Kengeri Satellite Town",
                "name_kn": "ಕೆಙೆರಿ ಸಟೆಲ್ಲಿಟೆ ಟೌಂ",
                "stop_id": "22167",
                "lat": 12.92355,
                "lon": 77.48479
              },
              {
                "name": "Kengeri Church",
                "name_kn": "ಕೆಙೆರಿ ಚುರ್ಚ್",
                "stop_id": "20923",
                "lat": 12.92874,
                "lon": 77.48664
              },
              {
                "name": "Shirke KHB Quarters",
                "name_kn": "ಶಿರ್ಕೆ ಖ್ಬ್ qುರ್ಟೆರ್ಸ್",
                "stop_id": "22665",
                "lat": 12.93193,
                "lon": 77.48762
              },
              {
                "name": "Nagadevanahalli",
                "name_kn": "ನಗದೆವನಹಲ್ಲಿ",
                "stop_id": "22323",
                "lat": 12.93591,
                "lon": 77.4923
              },
              {
                "name": "Kenchanapura Cross",
                "name_kn": "ಕೆಂಚನಪುರ ಕ್ರೊಸ್ಸ್",
                "stop_id": "22162",
                "lat": 12.94157,
                "lon": 77.49344
              },
              {
                "name": "Mariyappanapalya",
                "name_kn": "ಮರಿಯಪ್ಪನಪಲೆ",
                "stop_id": "22265",
                "lat": 12.94526,
                "lon": 77.49539
              },
              {
                "name": "PVP School",
                "name_kn": "ಪ್ವ್ಪ್ ಸ್ಚೂಲ್",
                "stop_id": "22407",
                "lat": 12.94826,
                "lon": 77.49697
              },
              {
                "name": "Univesity Quarters",
                "name_kn": "ಉನಿವೆಸಿಟೆ qುರ್ಟೆರ್ಸ್",
                "stop_id": "21747",
                "lat": 12.9528,
                "lon": 77.50008
              },
              {
                "name": "Mallathahalli Cross",
                "name_kn": "ಮಲ್ಲತಹಲ್ಲಿ ಕ್ರೊಸ್ಸ್",
                "stop_id": "22245",
                "lat": 12.95782,
                "lon": 77.50321
              },
              {
                "name": "Kengunte Circle (IIPM)",
                "name_kn": "ಕೆಙುಂಟೆ ಕಿರ್ಕ್ಲೆ (ೀಪ್ಂ)",
                "stop_id": "22170",
                "lat": 12.96064,
                "lon": 77.50435
              },
              {
                "name": "Ambedkar Institute of Technology",
                "name_kn": "ಅಂಬೆದ್ಕರ್ ಿಂಸ್ಟಿಟುಟೆ ೊೞ್ ಟೆಚ್ನೊಲೊಗೆ",
                "stop_id": "21454",
                "lat": 12.96319,
                "lon": 77.50502
              },
              {
                "name": "Deepa Complex",
                "name_kn": "ದೀಪ ಕೊಂಪ್ಲೆಕ್ಸ್",
                "stop_id": "35400",
                "lat": 12.96667,
                "lon": 77.50506
              },
              {
                "name": "Papareddypalya",
                "name_kn": "ಪಪರೆದ್ಠೆಪಲೆ",
                "stop_id": "21584",
                "lat": 12.9721,
                "lon": 77.50772
              },
              {
                "name": "Aladamara Papareddypalya",
                "name_kn": "ಅಲದಮರ ಪಪರೆದ್ಠೆಪಲೆ",
                "stop_id": "21451",
                "lat": 12.97525,
                "lon": 77.50947
              },
              {
                "name": "BDA Complex Nagarabhavi",
                "name_kn": "ಬ್ದ ಕೊಂಪ್ಲೆಕ್ಸ್ ನಗರಭವಿ",
                "stop_id": "35397",
                "lat": 12.97958,
                "lon": 77.51064
              },
              {
                "name": "Vokkaliga School Kottigepalya",
                "name_kn": "ವೊಕ್ಕಲಿಗ ಸ್ಚೂಲ್ ಕೊಟಿಗೆಪಲೆ",
                "stop_id": "22615",
                "lat": 12.98604,
                "lon": 77.51153
              },
              {
                "name": "Kottigepalya",
                "name_kn": "ಕೊಟಿಗೆಪಲೆ",
                "stop_id": "20936",
                "lat": 12.98786,
                "lon": 77.51405
              },
              {
                "name": "Summanahalli",
                "name_kn": "ಸುಮ್ಮನಹಲ್ಲಿ",
                "stop_id": "35413",
                "lat": 12.98848,
                "lon": 77.51962
              },
              {
                "name": "Depot-31 Gate",
                "name_kn": "ದೆಪೊಟ್-31 ಗಟೆ",
                "stop_id": "35917",
                "lat": 12.99311,
                "lon": 77.5213
              },
              {
                "name": "Lurdubayi Samudaya Bhavana",
                "name_kn": "ಲುರ್ದುಬಯಿ ಸಮುದಯ ಭವನ",
                "stop_id": "33695",
                "lat": 12.99752,
                "lon": 77.52334
              },
              {
                "name": "Kempegowda Arch",
                "name_kn": "ಕೆಂಪೆಗೌದ ರ್ಚ್",
                "stop_id": "33443",
                "lat": 13.00171,
                "lon": 77.52538
              },
              {
                "name": "Laggere Bridge",
                "name_kn": "ಲಗ್ಗೆರೆ ಬ್ರಿದ್ಗೆ",
                "stop_id": "28439",
                "lat": 13.00843,
                "lon": 77.52664
              },
              {
                "name": "Nandini Layout Ring Road",
                "name_kn": "ನಂದಿನಿ ಲಯೌಟ್ ರಿಙ್ ರೊದ್",
                "stop_id": "27499",
                "lat": 13.0116,
                "lon": 77.52853
              },
              {
                "name": "Nandhini Layout",
                "name_kn": "ನಂಧಿನಿ ಲಯೌಟ್",
                "stop_id": "29289",
                "lat": 13.01473,
                "lon": 77.53052
              },
              {
                "name": "Rajkumar Punya Bhoomi",
                "name_kn": "ರಜ್ಕುಮರ್ ಪುನೆ ಭೂಮಿ",
                "stop_id": "34344",
                "lat": 13.01818,
                "lon": 77.53163
              },
              {
                "name": "Kanteerava Studio",
                "name_kn": "ಕಂಟೀರವ ಸ್ಟುದಿೊ",
                "stop_id": "35254",
                "lat": 13.02263,
                "lon": 77.5327
              },
              {
                "name": "Modern Food Goraguntepalya",
                "name_kn": "ಮೊದೆರ್ಂ ೞೂದ್ ಗೊರಗುಂಟೆಪಲೆ",
                "stop_id": "24014",
                "lat": 13.02482,
                "lon": 77.53395
              },
              {
                "name": "Reliance Petrol Bunk Goraguntepalya",
                "name_kn": "ರೆಲಿಂಕೆ ಪೆಟ್ರೊಲ್ ಬುಂಕ್ ಗೊರಗುಂಟೆಪಲೆ",
                "stop_id": "24015",
                "lat": 13.02861,
                "lon": 77.53612
              },
              {
                "name": "Goraguntepalya",
                "name_kn": "ಗೊರಗುಂಟೆಪಲೆ",
                "stop_id": "20789",
                "lat": 13.02835,
                "lon": 77.54123
              },
              {
                "name": "MEI Factory",
                "name_kn": "ಮೈ ೞಕ್ಟೊರೆ",
                "stop_id": "21017",
                "lat": 13.02652,
                "lon": 77.54439
              },
              {
                "name": "RMC Yard (Yeshawanthapura New Railway Station)",
                "name_kn": "ರ್ಂಕ್ ಯರ್ದ್ (ಯೆಶವಂತಪುರ ನೆವ್ ರೈಲ್ವಯ್ ಸ್ಟಟಿೊಂ)",
                "stop_id": "21132",
                "lat": 13.02462,
                "lon": 77.54776
              },
              {
                "name": "Govardhan Talkies",
                "name_kn": "ಗೊವರ್ಧಂ ಟಲ್ಕಿೆಸ್",
                "stop_id": "20792",
                "lat": 13.01853,
                "lon": 77.55339
              },
              {
                "name": "Yeshawanthapura Bus Station",
                "name_kn": "ಯೆಶವಂತಪುರ ಬುಸ್ ಸ್ಟಟಿೊಂ",
                "stop_id": "24016",
                "lat": 13.01771,
                "lon": 77.55657
              }
            ]
          },
          {
            "Route": "401-K UP",
            "RouteId": 2707,
            "RouteParentId": 1558,
            "Destination": "Yelahanka Old Town",
            "Via": "",
            "Area": "Kengeri Bus Station",
            "PlatformNumber": "2",
            "KannadaDestination": "ಯೆಲಹಂಕ ೊಲ್ದ್ ಟೌಂ",
            "KannadaArea": "ಘಟಕ-37 ಕೆಂಗೇರಿ",
            "KannadaVia": "",
            "FromStationId": 20925,
            "Stops": [
              {
                "name": "Kengeri Bus Station",
                "name_kn": "ಕೆಙೆರಿ ಬುಸ್ ಸ್ಟಟಿೊಂ",
                "stop_id": "20925",
                "lat": 12.91379,
                "lon": 77.4871
              },
              {
                "name": "Kengeri Police Station",
                "name_kn": "ಕೆಙೆರಿ ಪೊಲಿಕೆ ಸ್ಟಟಿೊಂ",
                "stop_id": "21094",
                "lat": 12.91007,
                "lon": 77.48146
              },
              {
                "name": "Kengeri Ganesha Temple",
                "name_kn": "ಕೆಙೆರಿ ಗನೆಶ ಟೆಂಪ್ಲೆ",
                "stop_id": "20782",
                "lat": 12.91126,
                "lon": 77.48029
              },
              {
                "name": "Kommaghatta Junction",
                "name_kn": "ಕೊಮ್ಮಘಟ ಜುಂಕ್ಟಿೊಂ",
                "stop_id": "20882",
                "lat": 12.91444,
                "lon": 77.48144
              },
              {
                "name": "Kengeri Post Office",
                "name_kn": "ಕೆಙೆರಿ ಪೊಸ್ಟ್ ೊೞ್ೞಿಕೆ",
                "stop_id": "22165",
                "lat": 12.91543,
                "lon": 77.48181
              },
              {
                "name": "Kengeri Railway Station",
                "name_kn": "ಕೆಙೆರಿ ರೈಲ್ವಯ್ ಸ್ಟಟಿೊಂ",
                "stop_id": "21110",
                "lat": 12.91686,
                "lon": 77.48234
              },
              {
                "name": "Kengeri Satellite Town",
                "name_kn": "ಕೆಙೆರಿ ಸಟೆಲ್ಲಿಟೆ ಟೌಂ",
                "stop_id": "22167",
                "lat": 12.92355,
                "lon": 77.48479
              },
              {
                "name": "Kengeri Church",
                "name_kn": "ಕೆಙೆರಿ ಚುರ್ಚ್",
                "stop_id": "20923",
                "lat": 12.92874,
                "lon": 77.48664
              },
              {
                "name": "Shirke KHB Quarters",
                "name_kn": "ಶಿರ್ಕೆ ಖ್ಬ್ qುರ್ಟೆರ್ಸ್",
                "stop_id": "22665",
                "lat": 12.93193,
                "lon": 77.48762
              },
              {
                "name": "Nagadevanahalli",
                "name_kn": "ನಗದೆವನಹಲ್ಲಿ",
                "stop_id": "22323",
                "lat": 12.93591,
                "lon": 77.4923
              },
              {
                "name": "Kenchanapura Cross",
                "name_kn": "ಕೆಂಚನಪುರ ಕ್ರೊಸ್ಸ್",
                "stop_id": "22162",
                "lat": 12.94157,
                "lon": 77.49344
              },
              {
                "name": "Mariyappanapalya",
                "name_kn": "ಮರಿಯಪ್ಪನಪಲೆ",
                "stop_id": "22265",
                "lat": 12.94526,
                "lon": 77.49539
              },
              {
                "name": "PVP School",
                "name_kn": "ಪ್ವ್ಪ್ ಸ್ಚೂಲ್",
                "stop_id": "22407",
                "lat": 12.94826,
                "lon": 77.49697
              },
              {
                "name": "Univesity Quarters",
                "name_kn": "ಉನಿವೆಸಿಟೆ qುರ್ಟೆರ್ಸ್",
                "stop_id": "21747",
                "lat": 12.9528,
                "lon": 77.50008
              },
              {
                "name": "Mallathahalli Cross",
                "name_kn": "ಮಲ್ಲತಹಲ್ಲಿ ಕ್ರೊಸ್ಸ್",
                "stop_id": "22245",
                "lat": 12.95782,
                "lon": 77.50321
              },
              {
                "name": "Kengunte Circle (IIPM)",
                "name_kn": "ಕೆಙುಂಟೆ ಕಿರ್ಕ್ಲೆ (ೀಪ್ಂ)",
                "stop_id": "22171",
                "lat": 12.96045,
                "lon": 77.50473
              },
              {
                "name": "Vinayaka Layout Nagarabhavi",
                "name_kn": "ವಿನಯಕ ಲಯೌಟ್ ನಗರಭವಿ",
                "stop_id": "22610",
                "lat": 12.96076,
                "lon": 77.50745
              },
              {
                "name": "NGEF Layout Nagarabhavi",
                "name_kn": "ಙೆೞ್ ಲಯೌಟ್ ನಗರಭವಿ",
                "stop_id": "22362",
                "lat": 12.96104,
                "lon": 77.50972
              },
              {
                "name": "12th Block Nagarabhavi",
                "name_kn": "12ತ್ ಬ್ಲೊಕ್ಕ್ ನಗರಭವಿ",
                "stop_id": "21630",
                "lat": 12.96076,
                "lon": 77.51351
              },
              {
                "name": "Manasa Nagara",
                "name_kn": "ಮನಸ ನಗರ",
                "stop_id": "22248",
                "lat": 12.95925,
                "lon": 77.51674
              },
              {
                "name": "Nagarabhavi Circle",
                "name_kn": "ನಗರಭವಿ ಕಿರ್ಕ್ಲೆ",
                "stop_id": "21577",
                "lat": 12.9601,
                "lon": 77.51982
              },
              {
                "name": "Maruthi Nagara",
                "name_kn": "ಮರುತಿ ನಗರ",
                "stop_id": "21569",
                "lat": 12.96178,
                "lon": 77.5217
              },
              {
                "name": "Byraveshwaranagara",
                "name_kn": "ಬೆರವೆಶ್ವರನಗರ",
                "stop_id": "21478",
                "lat": 12.96501,
                "lon": 77.52338
              },
              {
                "name": "Kalyananagara",
                "name_kn": "ಕಲೆನನಗರ",
                "stop_id": "21552",
                "lat": 12.96736,
                "lon": 77.52379
              },
              {
                "name": "Moodalapalya",
                "name_kn": "ಮೂದಲಪಲೆ",
                "stop_id": "21573",
                "lat": 12.97054,
                "lon": 77.5249
              },
              {
                "name": "Priyadarshini Layout",
                "name_kn": "ಪ್ರಿಯದರ್ಶಿನಿ ಲಯೌಟ್",
                "stop_id": "27756",
                "lat": 12.97112,
                "lon": 77.52676
              },
              {
                "name": "Saraswathi Nagara",
                "name_kn": "ಸರಸ್ವತಿ ನಗರ",
                "stop_id": "21597",
                "lat": 12.9738,
                "lon": 77.53041
              },
              {
                "name": "Prashanth Nagara",
                "name_kn": "ಪ್ರಶಂತ್ ನಗರ",
                "stop_id": "21587",
                "lat": 12.97551,
                "lon": 77.53118
              },
              {
                "name": "Govindarajanagara",
                "name_kn": "ಗೊವಿಂದರಜನಗರ",
                "stop_id": "21519",
                "lat": 12.97561,
                "lon": 77.53646
              },
              {
                "name": "Sarvajna College/Vijayanagara",
                "name_kn": "ಸರ್ವಜ್ನ ಕೊಲ್ಲೆಗೆ/ವಿಜಯನಗರ",
                "stop_id": "28170",
                "lat": 12.97572,
                "lon": 77.5391
              },
              {
                "name": "Agrahara Dasarahalli",
                "name_kn": "ಅಗ್ರಹರ ದಸರಹಲ್ಲಿ",
                "stop_id": "20599",
                "lat": 12.97853,
                "lon": 77.54293
              },
              {
                "name": "Magadi Road TollGate",
                "name_kn": "ಮಗದಿ ರೊದ್ ಟೊಲ್ಲ್ಗಟೆ",
                "stop_id": "22236",
                "lat": 12.97537,
                "lon": 77.54845
              },
              {
                "name": "Aralimara Industrial Area  Rajajinagara",
                "name_kn": "ಅರಲಿಮರ ಿಂದುಸ್ಟ್ರಿಲ್ ರೆ  ರಜಜಿನಗರ",
                "stop_id": "21655",
                "lat": 12.97857,
                "lon": 77.54871
              },
              {
                "name": "Industrial Area Rajajinagara",
                "name_kn": "ಇಂದುಸ್ಟ್ರಿಲ್ ರೆ ರಜಜಿನಗರ",
                "stop_id": "22079",
                "lat": 12.98206,
                "lon": 77.5487
              },
              {
                "name": "Dhobi Ghat Rajajinagara",
                "name_kn": "ಧೊಬಿ ಘಟ್ ರಜಜಿನಗರ",
                "stop_id": "21894",
                "lat": 12.98565,
                "lon": 77.54912
              },
              {
                "name": "ESI Hospital Rajajinagara",
                "name_kn": "ಎಸಿ ಹೊಸ್ಪಿಟಲ್ ರಜಜಿನಗರ",
                "stop_id": "21936",
                "lat": 12.99101,
                "lon": 77.55084
              },
              {
                "name": "Manjunatha Nagara",
                "name_kn": "ಮಞುನತ ನಗರ",
                "stop_id": "22257",
                "lat": 12.99548,
                "lon": 77.55068
              },
              {
                "name": "Rajajinagara Metro Station",
                "name_kn": "ರಜಜಿನಗರ ಮೆಟ್ರೊ ಸ್ಟಟಿೊಂ",
                "stop_id": "21050",
                "lat": 12.99967,
                "lon": 77.54976
              },
              {
                "name": "1st Block Rajajinagara",
                "name_kn": "1ಸ್ಟ್ ಬ್ಲೊಕ್ಕ್ ರಜಜಿನಗರ",
                "stop_id": "20576",
                "lat": 13.00515,
                "lon": 77.54887
              },
              {
                "name": "Mahalakshmi Layout Entrance",
                "name_kn": "ಮಹಲಕ್ಷ್ಮಿ ಲಯೌಟ್ ೆಂಟ್ರಂಕೆ",
                "stop_id": "20980",
                "lat": 13.00782,
                "lon": 77.54867
              },
              {
                "name": "Iskcon Temple",
                "name_kn": "ಇಸ್ಕ್ಕೊಂ ಟೆಂಪ್ಲೆ",
                "stop_id": "20860",
                "lat": 13.0116,
                "lon": 77.55103
              },
              {
                "name": "Govt Soap Factory",
                "name_kn": "ಗೊವ್ಟ್ ಸೊಪ್ ೞಕ್ಟೊರೆ",
                "stop_id": "20797",
                "lat": 13.01352,
                "lon": 77.55385
              },
              {
                "name": "Govardhan Talkies",
                "name_kn": "ಗೊವರ್ಧಂ ಟಲ್ಕಿೆಸ್",
                "stop_id": "20793",
                "lat": 13.01781,
                "lon": 77.55374
              },
              {
                "name": "Yeshawanthapura Bus Station",
                "name_kn": "ಯೆಶವಂತಪುರ ಬುಸ್ ಸ್ಟಟಿೊಂ",
                "stop_id": "24016",
                "lat": 13.01771,
                "lon": 77.55657
              },
              {
                "name": "Yeshawanthapura Tollgate",
                "name_kn": "ಯೆಶವಂತಪುರ ಟೊಲ್ಲ್ಗಟೆ",
                "stop_id": "22564",
                "lat": 13.01788,
                "lon": 77.56092
              },
              {
                "name": "Ayyappa Temple Yeshawanthapura",
                "name_kn": "ಅಯೆಪ್ಪ ಟೆಂಪ್ಲೆ ಯೆಶವಂತಪುರ",
                "stop_id": "21691",
                "lat": 13.02162,
                "lon": 77.56312
              },
              {
                "name": "Diwanarapalya",
                "name_kn": "ದಿವನರಪಲೆ",
                "stop_id": "21900",
                "lat": 13.02673,
                "lon": 77.56177
              },
              {
                "name": "MS Ramaiah College",
                "name_kn": "ಂಸ್ ರಮೈಹ್ ಕೊಲ್ಲೆಗೆ",
                "stop_id": "22307",
                "lat": 13.02857,
                "lon": 77.56162
              },
              {
                "name": "Mathikere",
                "name_kn": "ಮತಿಕೆರೆ",
                "stop_id": "22277",
                "lat": 13.03455,
                "lon": 77.55741
              },
              {
                "name": "Gokula",
                "name_kn": "ಗೊಕುಲ",
                "stop_id": "21969",
                "lat": 13.04151,
                "lon": 77.55722
              },
              {
                "name": "BEL Circle",
                "name_kn": "ಬೆಲ್ ಕಿರ್ಕ್ಲೆ",
                "stop_id": "21734",
                "lat": 13.04588,
                "lon": 77.55654
              },
              {
                "name": "BEL Hospital",
                "name_kn": "ಬೆಲ್ ಹೊಸ್ಪಿಟಲ್",
                "stop_id": "21737",
                "lat": 13.05019,
                "lon": 77.55747
              },
              {
                "name": "Nagaland Circle",
                "name_kn": "ನಗಲಂದ್ ಕಿರ್ಕ್ಲೆ",
                "stop_id": "22325",
                "lat": 13.056,
                "lon": 77.55734
              },
              {
                "name": "Dodda Bommasandra Arch",
                "name_kn": "ದೊದ್ದ ಬೊಮ್ಮಸಂದ್ರ ರ್ಚ್",
                "stop_id": "21904",
                "lat": 13.05877,
                "lon": 77.55921
              },
              {
                "name": "Dodda Bommasandra",
                "name_kn": "ದೊದ್ದ ಬೊಮ್ಮಸಂದ್ರ",
                "stop_id": "21902",
                "lat": 13.06016,
                "lon": 77.55878
              },
              {
                "name": "Chamundeshwari Layout",
                "name_kn": "ಚಮುಂದೆಶ್ವರಿ ಲಯೌಟ್",
                "stop_id": "21816",
                "lat": 13.06478,
                "lon": 77.55947
              },
              {
                "name": "Nanjappa Circle",
                "name_kn": "ನಞಪ್ಪ ಕಿರ್ಕ್ಲೆ",
                "stop_id": "22344",
                "lat": 13.06837,
                "lon": 77.56011
              },
              {
                "name": "1st Block Vidyaranyapura",
                "name_kn": "1ಸ್ಟ್ ಬ್ಲೊಕ್ಕ್ ವಿಠೆರನೆಪುರ",
                "stop_id": "21632",
                "lat": 13.07023,
                "lon": 77.55539
              },
              {
                "name": "Canara Bank Vidyaranyapura",
                "name_kn": "ಕನರ ಬಂಕ್ ವಿಠೆರನೆಪುರ",
                "stop_id": "21804",
                "lat": 13.07171,
                "lon": 77.55609
              },
              {
                "name": "3rd Block Vidyaranyapura",
                "name_kn": "3ರ್ದ್ ಬ್ಲೊಕ್ಕ್ ವಿಠೆರನೆಪುರ",
                "stop_id": "21634",
                "lat": 13.07226,
                "lon": 77.55635
              },
              {
                "name": "Lakshmi Venkateshwara Temple",
                "name_kn": "ಲಕ್ಷ್ಮಿ ವೆಂಕಟೆಶ್ವರ ಟೆಂಪ್ಲೆ",
                "stop_id": "22219",
                "lat": 13.07442,
                "lon": 77.5574
              },
              {
                "name": "Vidyaranyapura Post Office",
                "name_kn": "ವಿಠೆರನೆಪುರ ಪೊಸ್ಟ್ ೊೞ್ೞಿಕೆ",
                "stop_id": "22400",
                "lat": 13.07651,
                "lon": 77.55825
              },
              {
                "name": "Echalamara Vidyaranyapura",
                "name_kn": "ಎಚಲಮರ ವಿಠೆರನೆಪುರ",
                "stop_id": "21931",
                "lat": 13.08008,
                "lon": 77.55932
              },
              {
                "name": "Durga Parameshwari Temple",
                "name_kn": "ದುರ್ಗ ಪರಮೆಶ್ವರಿ ಟೆಂಪ್ಲೆ",
                "stop_id": "21928",
                "lat": 13.08182,
                "lon": 77.55975
              },
              {
                "name": "Vidyaranyapura",
                "name_kn": "ವಿಠೆರನೆಪುರ",
                "stop_id": "22603",
                "lat": 13.08391,
                "lon": 77.56024
              },
              {
                "name": "Jalli Machine",
                "name_kn": "ಜಲ್ಲಿ ಮಚಿನೆ",
                "stop_id": "22099",
                "lat": 13.086,
                "lon": 77.5556
              },
              {
                "name": "Chikka Bettahalli",
                "name_kn": "ಚಿಕ್ಕ ಬೆಟಹಲ್ಲಿ",
                "stop_id": "21833",
                "lat": 13.0895,
                "lon": 77.55623
              },
              {
                "name": "Bettahalli Layout",
                "name_kn": "ಬೆಟಹಲ್ಲಿ ಲಯೌಟ್",
                "stop_id": "21750",
                "lat": 13.09242,
                "lon": 77.55946
              },
              {
                "name": "Thirumala Dhaba",
                "name_kn": "ತಿರುಮಲ ಧಬ",
                "stop_id": "22552",
                "lat": 13.09774,
                "lon": 77.56304
              },
              {
                "name": "Atturu Layout",
                "name_kn": "ಅಟುರು ಲಯೌಟ್",
                "stop_id": "21676",
                "lat": 13.09792,
                "lon": 77.56753
              },
              {
                "name": "Mother Dairy Cross Yelahanka",
                "name_kn": "ಮೊತೆರ್ ದೈರೆ ಕ್ರೊಸ್ಸ್ ಯೆಲಹಂಕ",
                "stop_id": "22301",
                "lat": 13.09954,
                "lon": 77.57707
              },
              {
                "name": "Yelahanka Satellite Town",
                "name_kn": "ಯೆಲಹಂಕ ಸಟೆಲ್ಲಿಟೆ ಟೌಂ",
                "stop_id": "22821",
                "lat": 13.09596,
                "lon": 77.5791
              },
              {
                "name": "Chikka Bommasandra Cross",
                "name_kn": "ಚಿಕ್ಕ ಬೊಮ್ಮಸಂದ್ರ ಕ್ರೊಸ್ಸ್",
                "stop_id": "21835",
                "lat": 13.09354,
                "lon": 77.58248
              },
              {
                "name": "Sharavathi Hotel",
                "name_kn": "ಶರವತಿ ಹೊಟೆಲ್",
                "stop_id": "22476",
                "lat": 13.09794,
                "lon": 77.58437
              },
              {
                "name": "Sheshadripuram College",
                "name_kn": "ಶೆಶದ್ರಿಪುರಂ ಕೊಲ್ಲೆಗೆ",
                "stop_id": "22482",
                "lat": 13.09943,
                "lon": 77.58817
              },
              {
                "name": "NES Office",
                "name_kn": "ನೆಸ್ ೊೞ್ೞಿಕೆ",
                "stop_id": "22357",
                "lat": 13.09784,
                "lon": 77.59167
              },
              {
                "name": "Yelahanka Santhe Circle",
                "name_kn": "ಯೆಲಹಂಕ ಸಂತೆ ಕಿರ್ಕ್ಲೆ",
                "stop_id": "22644",
                "lat": 13.0992,
                "lon": 77.59712
              },
              {
                "name": "Yelahanka Old Town",
                "name_kn": "ಯೆಲಹಂಕ ೊಲ್ದ್ ಟೌಂ",
                "stop_id": "22641",
                "lat": 13.10063,
                "lon": 77.59453
              }
            ]
          },
          {
            "Route": "401-KB DOWN",
            "RouteId": 2898,
            "RouteParentId": 1652,
            "Destination": "Yeshawanthapura Bus Station",
            "Via": "",
            "Area": "Kengeri Bus Station",
            "PlatformNumber": "2",
            "KannadaDestination": "ಯೆಶವಂತಪುರ ಬುಸ್ ಸ್ಟಟಿೊಂ",
            "KannadaArea": "ಘಟಕ-37 ಕೆಂಗೇರಿ",
            "KannadaVia": "",
            "FromStationId": 20925,
            "Stops": [
              {
                "name": "Kengeri Bus Station",
                "name_kn": "ಕೆಙೆರಿ ಬುಸ್ ಸ್ಟಟಿೊಂ",
                "stop_id": "20925",
                "lat": 12.91379,
                "lon": 77.4871
              },
              {
                "name": "Kengeri Police Station",
                "name_kn": "ಕೆಙೆರಿ ಪೊಲಿಕೆ ಸ್ಟಟಿೊಂ",
                "stop_id": "21094",
                "lat": 12.91007,
                "lon": 77.48146
              },
              {
                "name": "Kengeri Ganesha Temple",
                "name_kn": "ಕೆಙೆರಿ ಗನೆಶ ಟೆಂಪ್ಲೆ",
                "stop_id": "20782",
                "lat": 12.91126,
                "lon": 77.48029
              },
              {
                "name": "Kommaghatta Junction",
                "name_kn": "ಕೊಮ್ಮಘಟ ಜುಂಕ್ಟಿೊಂ",
                "stop_id": "20882",
                "lat": 12.91444,
                "lon": 77.48144
              },
              {
                "name": "Kengeri Post Office",
                "name_kn": "ಕೆಙೆರಿ ಪೊಸ್ಟ್ ೊೞ್ೞಿಕೆ",
                "stop_id": "22165",
                "lat": 12.91543,
                "lon": 77.48181
              },
              {
                "name": "Kengeri Railway Station",
                "name_kn": "ಕೆಙೆರಿ ರೈಲ್ವಯ್ ಸ್ಟಟಿೊಂ",
                "stop_id": "21110",
                "lat": 12.91686,
                "lon": 77.48234
              },
              {
                "name": "Kengeri Satellite Town",
                "name_kn": "ಕೆಙೆರಿ ಸಟೆಲ್ಲಿಟೆ ಟೌಂ",
                "stop_id": "22167",
                "lat": 12.92355,
                "lon": 77.48479
              },
              {
                "name": "Kengeri Church",
                "name_kn": "ಕೆಙೆರಿ ಚುರ್ಚ್",
                "stop_id": "20923",
                "lat": 12.92874,
                "lon": 77.48664
              },
              {
                "name": "Shirke KHB Quarters",
                "name_kn": "ಶಿರ್ಕೆ ಖ್ಬ್ qುರ್ಟೆರ್ಸ್",
                "stop_id": "22665",
                "lat": 12.93193,
                "lon": 77.48762
              },
              {
                "name": "Nagadevanahalli",
                "name_kn": "ನಗದೆವನಹಲ್ಲಿ",
                "stop_id": "22323",
                "lat": 12.93591,
                "lon": 77.4923
              },
              {
                "name": "Kenchanapura Cross",
                "name_kn": "ಕೆಂಚನಪುರ ಕ್ರೊಸ್ಸ್",
                "stop_id": "22162",
                "lat": 12.94157,
                "lon": 77.49344
              },
              {
                "name": "Mariyappanapalya",
                "name_kn": "ಮರಿಯಪ್ಪನಪಲೆ",
                "stop_id": "22265",
                "lat": 12.94526,
                "lon": 77.49539
              },
              {
                "name": "PVP School",
                "name_kn": "ಪ್ವ್ಪ್ ಸ್ಚೂಲ್",
                "stop_id": "22407",
                "lat": 12.94826,
                "lon": 77.49697
              },
              {
                "name": "Univesity Quarters",
                "name_kn": "ಉನಿವೆಸಿಟೆ qುರ್ಟೆರ್ಸ್",
                "stop_id": "21747",
                "lat": 12.9528,
                "lon": 77.50008
              },
              {
                "name": "Mallathahalli Cross",
                "name_kn": "ಮಲ್ಲತಹಲ್ಲಿ ಕ್ರೊಸ್ಸ್",
                "stop_id": "22245",
                "lat": 12.95782,
                "lon": 77.50321
              },
              {
                "name": "Kengunte Circle (IIPM)",
                "name_kn": "ಕೆಙುಂಟೆ ಕಿರ್ಕ್ಲೆ (ೀಪ್ಂ)",
                "stop_id": "22171",
                "lat": 12.96045,
                "lon": 77.50473
              },
              {
                "name": "Vinayaka Layout Nagarabhavi",
                "name_kn": "ವಿನಯಕ ಲಯೌಟ್ ನಗರಭವಿ",
                "stop_id": "22610",
                "lat": 12.96076,
                "lon": 77.50745
              },
              {
                "name": "NGEF Layout Nagarabhavi",
                "name_kn": "ಙೆೞ್ ಲಯೌಟ್ ನಗರಭವಿ",
                "stop_id": "22362",
                "lat": 12.96104,
                "lon": 77.50972
              },
              {
                "name": "12th Block Nagarabhavi",
                "name_kn": "12ತ್ ಬ್ಲೊಕ್ಕ್ ನಗರಭವಿ",
                "stop_id": "21630",
                "lat": 12.96076,
                "lon": 77.51351
              },
              {
                "name": "Manasa Nagara",
                "name_kn": "ಮನಸ ನಗರ",
                "stop_id": "22248",
                "lat": 12.95925,
                "lon": 77.51674
              },
              {
                "name": "Nagarabhavi Circle",
                "name_kn": "ನಗರಭವಿ ಕಿರ್ಕ್ಲೆ",
                "stop_id": "21577",
                "lat": 12.9601,
                "lon": 77.51982
              },
              {
                "name": "Maruthi Nagara",
                "name_kn": "ಮರುತಿ ನಗರ",
                "stop_id": "21569",
                "lat": 12.96178,
                "lon": 77.5217
              },
              {
                "name": "Byraveshwaranagara",
                "name_kn": "ಬೆರವೆಶ್ವರನಗರ",
                "stop_id": "21478",
                "lat": 12.96501,
                "lon": 77.52338
              },
              {
                "name": "Kalyananagara",
                "name_kn": "ಕಲೆನನಗರ",
                "stop_id": "21552",
                "lat": 12.96736,
                "lon": 77.52379
              },
              {
                "name": "Moodalapalya",
                "name_kn": "ಮೂದಲಪಲೆ",
                "stop_id": "21573",
                "lat": 12.97054,
                "lon": 77.5249
              },
              {
                "name": "Priyadarshini Layout",
                "name_kn": "ಪ್ರಿಯದರ್ಶಿನಿ ಲಯೌಟ್",
                "stop_id": "27756",
                "lat": 12.97112,
                "lon": 77.52676
              },
              {
                "name": "Saraswathi Nagara",
                "name_kn": "ಸರಸ್ವತಿ ನಗರ",
                "stop_id": "21597",
                "lat": 12.9738,
                "lon": 77.53041
              },
              {
                "name": "Prashanth Nagara",
                "name_kn": "ಪ್ರಶಂತ್ ನಗರ",
                "stop_id": "21587",
                "lat": 12.97551,
                "lon": 77.53118
              },
              {
                "name": "Govindarajanagara",
                "name_kn": "ಗೊವಿಂದರಜನಗರ",
                "stop_id": "21519",
                "lat": 12.97561,
                "lon": 77.53646
              },
              {
                "name": "Sarvajna College/Vijayanagara",
                "name_kn": "ಸರ್ವಜ್ನ ಕೊಲ್ಲೆಗೆ/ವಿಜಯನಗರ",
                "stop_id": "28170",
                "lat": 12.97572,
                "lon": 77.5391
              },
              {
                "name": "Agrahara Dasarahalli",
                "name_kn": "ಅಗ್ರಹರ ದಸರಹಲ್ಲಿ",
                "stop_id": "20599",
                "lat": 12.97853,
                "lon": 77.54293
              },
              {
                "name": "Magadi Road TollGate",
                "name_kn": "ಮಗದಿ ರೊದ್ ಟೊಲ್ಲ್ಗಟೆ",
                "stop_id": "22236",
                "lat": 12.97537,
                "lon": 77.54845
              },
              {
                "name": "Aralimara Industrial Area  Rajajinagara",
                "name_kn": "ಅರಲಿಮರ ಿಂದುಸ್ಟ್ರಿಲ್ ರೆ  ರಜಜಿನಗರ",
                "stop_id": "21655",
                "lat": 12.97857,
                "lon": 77.54871
              },
              {
                "name": "Industrial Area Rajajinagara",
                "name_kn": "ಇಂದುಸ್ಟ್ರಿಲ್ ರೆ ರಜಜಿನಗರ",
                "stop_id": "22079",
                "lat": 12.98206,
                "lon": 77.5487
              },
              {
                "name": "Dhobi Ghat Rajajinagara",
                "name_kn": "ಧೊಬಿ ಘಟ್ ರಜಜಿನಗರ",
                "stop_id": "21894",
                "lat": 12.98565,
                "lon": 77.54912
              },
              {
                "name": "ESI Hospital Rajajinagara",
                "name_kn": "ಎಸಿ ಹೊಸ್ಪಿಟಲ್ ರಜಜಿನಗರ",
                "stop_id": "21936",
                "lat": 12.99101,
                "lon": 77.55084
              },
              {
                "name": "Manjunatha Nagara",
                "name_kn": "ಮಞುನತ ನಗರ",
                "stop_id": "22257",
                "lat": 12.99548,
                "lon": 77.55068
              },
              {
                "name": "Rajajinagara Metro Station",
                "name_kn": "ರಜಜಿನಗರ ಮೆಟ್ರೊ ಸ್ಟಟಿೊಂ",
                "stop_id": "21050",
                "lat": 12.99967,
                "lon": 77.54976
              },
              {
                "name": "1st Block Rajajinagara",
                "name_kn": "1ಸ್ಟ್ ಬ್ಲೊಕ್ಕ್ ರಜಜಿನಗರ",
                "stop_id": "20576",
                "lat": 13.00515,
                "lon": 77.54887
              },
              {
                "name": "Mahalakshmi Layout Entrance",
                "name_kn": "ಮಹಲಕ್ಷ್ಮಿ ಲಯೌಟ್ ೆಂಟ್ರಂಕೆ",
                "stop_id": "20980",
                "lat": 13.00782,
                "lon": 77.54867
              },
              {
                "name": "Iskcon Temple",
                "name_kn": "ಇಸ್ಕ್ಕೊಂ ಟೆಂಪ್ಲೆ",
                "stop_id": "20860",
                "lat": 13.0116,
                "lon": 77.55103
              },
              {
                "name": "Govt Soap Factory",
                "name_kn": "ಗೊವ್ಟ್ ಸೊಪ್ ೞಕ್ಟೊರೆ",
                "stop_id": "20797",
                "lat": 13.01352,
                "lon": 77.55385
              },
              {
                "name": "Govardhan Talkies",
                "name_kn": "ಗೊವರ್ಧಂ ಟಲ್ಕಿೆಸ್",
                "stop_id": "20793",
                "lat": 13.01781,
                "lon": 77.55374
              },
              {
                "name": "Yeshawanthapura Bus Station",
                "name_kn": "ಯೆಶವಂತಪುರ ಬುಸ್ ಸ್ಟಟಿೊಂ",
                "stop_id": "24016",
                "lat": 13.01771,
                "lon": 77.55657
              }
            ]
          },
          {
            "Route": "502-HA UP",
            "RouteId": 6265,
            "RouteParentId": 3386,
            "Destination": "Ganigarahalli",
            "Via": "",
            "Area": "Kengeri Bus Station",
            "PlatformNumber": "2",
            "KannadaDestination": "ಗನಿಗರಹಲ್ಲಿ",
            "KannadaArea": "ಘಟಕ-37 ಕೆಂಗೇರಿ",
            "KannadaVia": "",
            "FromStationId": 20925,
            "Stops": [
              {
                "name": "Kengeri Bus Station",
                "name_kn": "ಕೆಙೆರಿ ಬುಸ್ ಸ್ಟಟಿೊಂ",
                "stop_id": "20925",
                "lat": 12.91379,
                "lon": 77.4871
              },
              {
                "name": "Kengeri Police Station",
                "name_kn": "ಕೆಙೆರಿ ಪೊಲಿಕೆ ಸ್ಟಟಿೊಂ",
                "stop_id": "21094",
                "lat": 12.91007,
                "lon": 77.48146
              },
              {
                "name": "Kengeri Ganesha Temple",
                "name_kn": "ಕೆಙೆರಿ ಗನೆಶ ಟೆಂಪ್ಲೆ",
                "stop_id": "20782",
                "lat": 12.91126,
                "lon": 77.48029
              },
              {
                "name": "Kommaghatta Junction",
                "name_kn": "ಕೊಮ್ಮಘಟ ಜುಂಕ್ಟಿೊಂ",
                "stop_id": "20882",
                "lat": 12.91444,
                "lon": 77.48144
              },
              {
                "name": "Kengeri Post Office",
                "name_kn": "ಕೆಙೆರಿ ಪೊಸ್ಟ್ ೊೞ್ೞಿಕೆ",
                "stop_id": "22165",
                "lat": 12.91543,
                "lon": 77.48181
              },
              {
                "name": "Kengeri Railway Station",
                "name_kn": "ಕೆಙೆರಿ ರೈಲ್ವಯ್ ಸ್ಟಟಿೊಂ",
                "stop_id": "21110",
                "lat": 12.91686,
                "lon": 77.48234
              },
              {
                "name": "Kengeri Satellite Town",
                "name_kn": "ಕೆಙೆರಿ ಸಟೆಲ್ಲಿಟೆ ಟೌಂ",
                "stop_id": "22167",
                "lat": 12.92355,
                "lon": 77.48479
              },
              {
                "name": "Kengeri Church",
                "name_kn": "ಕೆಙೆರಿ ಚುರ್ಚ್",
                "stop_id": "20923",
                "lat": 12.92874,
                "lon": 77.48664
              },
              {
                "name": "Shirke KHB Quarters",
                "name_kn": "ಶಿರ್ಕೆ ಖ್ಬ್ qುರ್ಟೆರ್ಸ್",
                "stop_id": "22665",
                "lat": 12.93193,
                "lon": 77.48762
              },
              {
                "name": "Nagadevanahalli",
                "name_kn": "ನಗದೆವನಹಲ್ಲಿ",
                "stop_id": "22323",
                "lat": 12.93591,
                "lon": 77.4923
              },
              {
                "name": "Kenchanapura Cross",
                "name_kn": "ಕೆಂಚನಪುರ ಕ್ರೊಸ್ಸ್",
                "stop_id": "22162",
                "lat": 12.94157,
                "lon": 77.49344
              },
              {
                "name": "Mariyappanapalya",
                "name_kn": "ಮರಿಯಪ್ಪನಪಲೆ",
                "stop_id": "22265",
                "lat": 12.94526,
                "lon": 77.49539
              },
              {
                "name": "PVP School",
                "name_kn": "ಪ್ವ್ಪ್ ಸ್ಚೂಲ್",
                "stop_id": "22407",
                "lat": 12.94826,
                "lon": 77.49697
              },
              {
                "name": "Univesity Quarters",
                "name_kn": "ಉನಿವೆಸಿಟೆ qುರ್ಟೆರ್ಸ್",
                "stop_id": "21747",
                "lat": 12.9528,
                "lon": 77.50008
              },
              {
                "name": "Mallathahalli Cross",
                "name_kn": "ಮಲ್ಲತಹಲ್ಲಿ ಕ್ರೊಸ್ಸ್",
                "stop_id": "22245",
                "lat": 12.95782,
                "lon": 77.50321
              },
              {
                "name": "Kengunte Circle (IIPM)",
                "name_kn": "ಕೆಙುಂಟೆ ಕಿರ್ಕ್ಲೆ (ೀಪ್ಂ)",
                "stop_id": "22170",
                "lat": 12.96064,
                "lon": 77.50435
              },
              {
                "name": "Ambedkar Institute of Technology",
                "name_kn": "ಅಂಬೆದ್ಕರ್ ಿಂಸ್ಟಿಟುಟೆ ೊೞ್ ಟೆಚ್ನೊಲೊಗೆ",
                "stop_id": "21454",
                "lat": 12.96319,
                "lon": 77.50502
              },
              {
                "name": "Deepa Complex",
                "name_kn": "ದೀಪ ಕೊಂಪ್ಲೆಕ್ಸ್",
                "stop_id": "35400",
                "lat": 12.96667,
                "lon": 77.50506
              },
              {
                "name": "Papareddypalya",
                "name_kn": "ಪಪರೆದ್ಠೆಪಲೆ",
                "stop_id": "21584",
                "lat": 12.9721,
                "lon": 77.50772
              },
              {
                "name": "Aladamara Papareddypalya",
                "name_kn": "ಅಲದಮರ ಪಪರೆದ್ಠೆಪಲೆ",
                "stop_id": "21451",
                "lat": 12.97525,
                "lon": 77.50947
              },
              {
                "name": "BDA Complex Nagarabhavi",
                "name_kn": "ಬ್ದ ಕೊಂಪ್ಲೆಕ್ಸ್ ನಗರಭವಿ",
                "stop_id": "35397",
                "lat": 12.97958,
                "lon": 77.51064
              },
              {
                "name": "Annapoorneshwarinagara",
                "name_kn": "ಅಂನಪೂರ್ನೆಶ್ವರಿನಗರ",
                "stop_id": "22686",
                "lat": 12.98077,
                "lon": 77.50687
              },
              {
                "name": "Kebbahaala",
                "name_kn": "ಕೆಬ್ಬಹಾಲ",
                "stop_id": "22691",
                "lat": 12.9856,
                "lon": 77.50347
              },
              {
                "name": "Rajiv Gandhi",
                "name_kn": "ರಜಿವ್ ಗಂಧಿ",
                "stop_id": "22692",
                "lat": 12.98702,
                "lon": 77.50431
              },
              {
                "name": "Sunkadakatte",
                "name_kn": "ಸುಂಕದಕಟೆ",
                "stop_id": "21206",
                "lat": 12.99018,
                "lon": 77.5038
              },
              {
                "name": "Janapriya Apartment",
                "name_kn": "ಜನಪ್ರಿಯ ಪರ್ಟ್ಮೆಂಟ್",
                "stop_id": "26277",
                "lat": 12.9888,
                "lon": 77.49952
              },
              {
                "name": "Herohalli Cross",
                "name_kn": "ಹೆರೊಹಲ್ಲಿ ಕ್ರೊಸ್ಸ್",
                "stop_id": "32914",
                "lat": 12.98796,
                "lon": 77.49385
              },
              {
                "name": "Maruthi Nagara",
                "name_kn": "ಮರುತಿ ನಗರ",
                "stop_id": "33862",
                "lat": 12.98975,
                "lon": 77.49394
              },
              {
                "name": "Mahadeshwara Nagara",
                "name_kn": "ಮಹದೆಶ್ವರ ನಗರ",
                "stop_id": "33739",
                "lat": 12.99201,
                "lon": 77.49425
              },
              {
                "name": "Prasanna Layout",
                "name_kn": "ಪ್ರಸಂನ ಲಯೌಟ್",
                "stop_id": "38616",
                "lat": 12.99618,
                "lon": 77.49603
              },
              {
                "name": "Nagaraholenagara Cross",
                "name_kn": "ನಗರಹೊಲೆನಗರ ಕ್ರೊಸ್ಸ್",
                "stop_id": "38617",
                "lat": 12.99736,
                "lon": 77.49682
              },
              {
                "name": "Neelagiri Thopu",
                "name_kn": "ನೀಲಗಿರಿ ತೊಪು",
                "stop_id": "21055",
                "lat": 12.99577,
                "lon": 77.50249
              },
              {
                "name": "Hegganahalli Cross",
                "name_kn": "ಹೆಗ್ಗನಹಲ್ಲಿ ಕ್ರೊಸ್ಸ್",
                "stop_id": "20827",
                "lat": 12.99977,
                "lon": 77.50395
              },
              {
                "name": "Hegganahalli",
                "name_kn": "ಹೆಗ್ಗನಹಲ್ಲಿ",
                "stop_id": "20824",
                "lat": 13.00367,
                "lon": 77.50454
              },
              {
                "name": "Milk Dairy Hegganahalli",
                "name_kn": "ಮಿಲ್ಕ್ ದೈರೆ ಹೆಗ್ಗನಹಲ್ಲಿ",
                "stop_id": "21024",
                "lat": 13.0074,
                "lon": 77.50543
              },
              {
                "name": "Peenya 2nd Stage",
                "name_kn": "ಪೀನೆ 2ಂದ್ ಸ್ಟಗೆ",
                "stop_id": "21080",
                "lat": 13.01092,
                "lon": 77.50683
              },
              {
                "name": "Peenya 14th Cross",
                "name_kn": "ಪೀನೆ 14ತ್ ಕ್ರೊಸ್ಸ್",
                "stop_id": "20566",
                "lat": 13.01663,
                "lon": 77.50554
              },
              {
                "name": "Brundavana Peenya",
                "name_kn": "ಬ್ರುಂದವನ ಪೀನೆ",
                "stop_id": "20684",
                "lat": 13.02034,
                "lon": 77.50804
              },
              {
                "name": "NTTF Peenya",
                "name_kn": "ಂಟ್ೞ್ ಪೀನೆ",
                "stop_id": "21068",
                "lat": 13.02514,
                "lon": 77.51122
              },
              {
                "name": "Rolling Mill",
                "name_kn": "ರೊಲ್ಲಿಙ್ ಮಿಲ್ಲ್",
                "stop_id": "21136",
                "lat": 13.02655,
                "lon": 77.51468
              },
              {
                "name": "TVS Cross Peenya",
                "name_kn": "ಟ್ವ್ಸ್ ಕ್ರೊಸ್ಸ್ ಪೀನೆ",
                "stop_id": "21236",
                "lat": 13.02868,
                "lon": 77.51957
              },
              {
                "name": "Systems Peenya",
                "name_kn": "ಶೆಸ್ಟೆಂಸ್ ಪೀನೆ",
                "stop_id": "21209",
                "lat": 13.03497,
                "lon": 77.51794
              },
              {
                "name": "Jalahalli Cross",
                "name_kn": "ಜಲಹಲ್ಲಿ ಕ್ರೊಸ್ಸ್",
                "stop_id": "20867",
                "lat": 13.03976,
                "lon": 77.51853
              },
              {
                "name": "T Dasarahalli",
                "name_kn": "ಟ್ ದಸರಹಲ್ಲಿ",
                "stop_id": "21211",
                "lat": 13.04283,
                "lon": 77.51276
              },
              {
                "name": "8th Mile Dasarahalli",
                "name_kn": "8ತ್ ಮಿಲೆ ದಸರಹಲ್ಲಿ",
                "stop_id": "20593",
                "lat": 13.04622,
                "lon": 77.50755
              },
              {
                "name": "Widia School",
                "name_kn": "ವಿದಿ ಸ್ಚೂಲ್",
                "stop_id": "21278",
                "lat": 13.0511,
                "lon": 77.50773
              },
              {
                "name": "Bagalagunte",
                "name_kn": "ಬಗಲಗುಂಟೆ",
                "stop_id": "20620",
                "lat": 13.05657,
                "lon": 77.50728
              },
              {
                "name": "Bone Mill",
                "name_kn": "ಬೊನೆ ಮಿಲ್ಲ್",
                "stop_id": "20678",
                "lat": 13.06385,
                "lon": 77.50503
              },
              {
                "name": "Sapthagiri College",
                "name_kn": "ಸಪ್ತಗಿರಿ ಕೊಲ್ಲೆಗೆ",
                "stop_id": "21154",
                "lat": 13.06685,
                "lon": 77.50328
              },
              {
                "name": "Sapthagiri Hospital",
                "name_kn": "ಸಪ್ತಗಿರಿ ಹೊಸ್ಪಿಟಲ್",
                "stop_id": "21156",
                "lat": 13.07067,
                "lon": 77.50387
              },
              {
                "name": "Janapriya Apartment",
                "name_kn": "ಜನಪ್ರಿಯ ಪರ್ಟ್ಮೆಂಟ್",
                "stop_id": "20872",
                "lat": 13.07349,
                "lon": 77.50307
              },
              {
                "name": "Chikkabanavara Railway Station",
                "name_kn": "ಚಿಕ್ಕಬನವರ ರೈಲ್ವಯ್ ಸ್ಟಟಿೊಂ",
                "stop_id": "21108",
                "lat": 13.07543,
                "lon": 77.50464
              },
              {
                "name": "Chikka Banavara",
                "name_kn": "ಚಿಕ್ಕ ಬನವರ",
                "stop_id": "20718",
                "lat": 13.08046,
                "lon": 77.50248
              },
              {
                "name": "Nanjundegowda layout",
                "name_kn": "ನಞುಂದೆಗೌದ ಲಯೌಟ್",
                "stop_id": "39486",
                "lat": 13.08588,
                "lon": 77.50509
              },
              {
                "name": "Ganigarahalli",
                "name_kn": "ಗನಿಗರಹಲ್ಲಿ",
                "stop_id": "21949",
                "lat": 13.08919,
                "lon": 77.5106
              }
            ]
          }
        ]
      }
    },
    {
      "type": "Feature",
      "geometry": {
        "type": "Point",
        "coordinates": [
          77.48736083507539,
          12.9137223327023
        ]
      },
      "properties": {
        "Platform": "3",
        "Color": "#000000",
        "Icon": "3",
        "OpenHour": 0,
        "CloseHour": 0,
        "ApiIds": [
          "20925",
          "20926"
        ],
        "Routes": [
          {
            "Route": "222-A KWS-KBS",
            "RouteId": 1927,
            "RouteParentId": 1136,
            "Destination": "Kempegowda Bus Station",
            "Via": "",
            "Area": "Kempegowda Bus Station",
            "PlatformNumber": "3",
            "KannadaDestination": "ಕೆಂಪೆಗೌದ ಬುಸ್ ಸ್ಟಟಿೊಂ",
            "KannadaArea": "ಕೆಂಪೇಗೌಡ ಬಸ್ ನಿಲ್ದಾಣ",
            "KannadaVia": "",
            "FromStationId": 20925,
            "Stops": [
              {
                "name": "Kengeri Bus Station",
                "name_kn": "ಕೆಙೆರಿ ಬುಸ್ ಸ್ಟಟಿೊಂ",
                "stop_id": "20926",
                "lat": 12.91406,
                "lon": 77.48645
              },
              {
                "name": "Mylasandra Cross",
                "name_kn": "ಮೆಲಸಂದ್ರ ಕ್ರೊಸ್ಸ್",
                "stop_id": "21040",
                "lat": 12.91751,
                "lon": 77.49039
              },
              {
                "name": "Dubasipalya Cross",
                "name_kn": "ದುಬಸಿಪಲೆ ಕ್ರೊಸ್ಸ್",
                "stop_id": "20765",
                "lat": 12.9229,
                "lon": 77.49583
              },
              {
                "name": "RV College",
                "name_kn": "ರ್ವ್ ಕೊಲ್ಲೆಗೆ",
                "stop_id": "21146",
                "lat": 12.92529,
                "lon": 77.49918
              },
              {
                "name": "Jayaram Das Factory",
                "name_kn": "ಜಯರಂ ದಸ್ ೞಕ್ಟೊರೆ",
                "stop_id": "20879",
                "lat": 12.93011,
                "lon": 77.5056
              },
              {
                "name": "Bengaluru University Gate",
                "name_kn": "ಬೆಙಲುರು ುನಿವೆರ್ಸಿಟೆ ಗಟೆ",
                "stop_id": "20649",
                "lat": 12.93573,
                "lon": 77.51332
              },
              {
                "name": "Rajarajeshwari nagara Gate",
                "name_kn": "ರಜರಜೆಶ್ವರಿ ನಗರ ಗಟೆ",
                "stop_id": "21140",
                "lat": 12.93649,
                "lon": 77.51861
              },
              {
                "name": "BWSSB Quarters Nayandahalli",
                "name_kn": "ಬ್ವ್ಸ್ಸ್ಬ್ qುರ್ಟೆರ್ಸ್ ನಯಂದಹಲ್ಲಿ",
                "stop_id": "20691",
                "lat": 12.93987,
                "lon": 77.5236
              },
              {
                "name": "Nayandahalli",
                "name_kn": "ನಯಂದಹಲ್ಲಿ",
                "stop_id": "21053",
                "lat": 12.94288,
                "lon": 77.52576
              },
              {
                "name": "Mysore Road Metro Station",
                "name_kn": "ಮೆಸೊರೆ ರೊದ್ ಮೆಟ್ರೊ ಸ್ಟಟಿೊಂ",
                "stop_id": "21580",
                "lat": 12.94633,
                "lon": 77.52972
              },
              {
                "name": "BHEL",
                "name_kn": "ಭೆಲ್",
                "stop_id": "20661",
                "lat": 12.94874,
                "lon": 77.53559
              },
              {
                "name": "Bapujinagara",
                "name_kn": "ಬಪುಜಿನಗರ",
                "stop_id": "20626",
                "lat": 12.95321,
                "lon": 77.54182
              },
              {
                "name": "New Guddadahalli",
                "name_kn": "ನೆವ್ ಗುದ್ದದಹಲ್ಲಿ",
                "stop_id": "21056",
                "lat": 12.95587,
                "lon": 77.54596
              },
              {
                "name": "Mysore Road TollGate",
                "name_kn": "ಮೆಸೊರೆ ರೊದ್ ಟೊಲ್ಲ್ಗಟೆ",
                "stop_id": "21044",
                "lat": 12.95738,
                "lon": 77.55178
              },
              {
                "name": "Sirsi Circle",
                "name_kn": "ಸಿರ್ಸಿ ಕಿರ್ಕ್ಲೆ",
                "stop_id": "35393",
                "lat": 12.96036,
                "lon": 77.55687
              },
              {
                "name": "Binny MIll",
                "name_kn": "ಬಿಂನೆ ಮಿಲ್ಲ್",
                "stop_id": "20673",
                "lat": 12.9653,
                "lon": 77.56817
              },
              {
                "name": "Kempegowda Bus Station",
                "name_kn": "ಕೆಂಪೆಗೌದ ಬುಸ್ ಸ್ಟಟಿೊಂ",
                "stop_id": "20922",
                "lat": 12.97749,
                "lon": 77.57327
              }
            ]
          },
          {
            "Route": "220-D",
            "RouteId": 1947,
            "RouteParentId": 1147,
            "Destination": "Doddabele",
            "Via": "",
            "Area": "KR Market (Kalasipalya)",
            "PlatformNumber": "3",
            "KannadaDestination": "ದೊದ್ದಬೆಲೆ",
            "KannadaArea": "ಕೆಆರ್ ಮಾರುಕಟ್ಟೆ (ಕಲಾಸಿಪಾಳ್ಯ)",
            "KannadaVia": "",
            "FromStationId": 20925,
            "Stops": [
              {
                "name": "Kengeri Bus Station",
                "name_kn": "ಕೆಙೆರಿ ಬುಸ್ ಸ್ಟಟಿೊಂ",
                "stop_id": "20925",
                "lat": 12.91379,
                "lon": 77.4871
              },
              {
                "name": "Kengeri Police Station",
                "name_kn": "ಕೆಙೆರಿ ಪೊಲಿಕೆ ಸ್ಟಟಿೊಂ",
                "stop_id": "21094",
                "lat": 12.91007,
                "lon": 77.48146
              },
              {
                "name": "RWB Gate Kengeri (Kengeri Work shop)",
                "name_kn": "ರ್ವ್ಬ್ ಗಟೆ ಕೆಙೆರಿ (ಕೆಙೆರಿ ವೊರ್ಕ್ ಶೊಪ್)",
                "stop_id": "35377",
                "lat": 12.90405,
                "lon": 77.47574
              },
              {
                "name": "Doddabele",
                "name_kn": "ದೊದ್ದಬೆಲೆ",
                "stop_id": "32529",
                "lat": 12.88874,
                "lon": 77.47754
              }
            ]
          },
          {
            "Route": "228",
            "RouteId": 2416,
            "RouteParentId": 1396,
            "Destination": "Gonipura",
            "Via": "",
            "Area": "KR Market (Kalasipalya)",
            "PlatformNumber": "3",
            "KannadaDestination": "ಗೊನಿಪುರ",
            "KannadaArea": "ಕೆಆರ್ ಮಾರುಕಟ್ಟೆ (ಕಲಾಸಿಪಾಳ್ಯ)",
            "KannadaVia": "",
            "FromStationId": 20925,
            "Stops": [
              {
                "name": "Kengeri Bus Station",
                "name_kn": "ಕೆಙೆರಿ ಬುಸ್ ಸ್ಟಟಿೊಂ",
                "stop_id": "20925",
                "lat": 12.91379,
                "lon": 77.4871
              },
              {
                "name": "Kengeri Police Station",
                "name_kn": "ಕೆಙೆರಿ ಪೊಲಿಕೆ ಸ್ಟಟಿೊಂ",
                "stop_id": "21094",
                "lat": 12.91007,
                "lon": 77.48146
              },
              {
                "name": "Kengeri Metro Station",
                "name_kn": "ಕೆಙೆರಿ ಮೆಟ್ರೊ ಸ್ಟಟಿೊಂ",
                "stop_id": "38620",
                "lat": 12.90757,
                "lon": 77.47606
              },
              {
                "name": "Depot-12 Gate",
                "name_kn": "ದೆಪೊಟ್-12 ಗಟೆ",
                "stop_id": "35721",
                "lat": 12.90471,
                "lon": 77.47084
              },
              {
                "name": "NICE Road Kengeri Road Junction",
                "name_kn": "ನಿಕೆ ರೊದ್ ಕೆಙೆರಿ ರೊದ್ ಜುಂಕ್ಟಿೊಂ",
                "stop_id": "35386",
                "lat": 12.90224,
                "lon": 77.46926
              },
              {
                "name": "Vishwa Okkaligara Mata Basavanagara",
                "name_kn": "ವಿಶ್ವ ೊಕ್ಕಲಿಗರ ಮಟ ಬಸವನಗರ",
                "stop_id": "20627",
                "lat": 12.90099,
                "lon": 77.46746
              },
              {
                "name": "RR Medical College",
                "name_kn": "ರ್ರ್ ಮೆದಿಕಲ್ ಕೊಲ್ಲೆಗೆ",
                "stop_id": "35390",
                "lat": 12.89614,
                "lon": 77.46087
              },
              {
                "name": "Anchepalya",
                "name_kn": "ಅಂಚೆಪಲೆ",
                "stop_id": "20604",
                "lat": 12.89258,
                "lon": 77.45798
              },
              {
                "name": "Juggath Pharma",
                "name_kn": "ಜುಗ್ಗತ್ ಫರ್ಮ",
                "stop_id": "30476",
                "lat": 12.89081,
                "lon": 77.45532
              },
              {
                "name": "Ramohalli Cross",
                "name_kn": "ರಮೊಹಲ್ಲಿ ಕ್ರೊಸ್ಸ್",
                "stop_id": "35388",
                "lat": 12.88674,
                "lon": 77.45125
              },
              {
                "name": "Kumbalagodu",
                "name_kn": "ಕುಂಬಲಗೊದು",
                "stop_id": "35432",
                "lat": 12.87826,
                "lon": 77.4455
              },
              {
                "name": "YMCA Public School",
                "name_kn": "ಯ್ಂಕ ಪುಬ್ಲಿಕ್ ಸ್ಚೂಲ್",
                "stop_id": "22849",
                "lat": 12.87354,
                "lon": 77.44835
              },
              {
                "name": "Pinto Bore",
                "name_kn": "ಪಿಂಟೊ ಬೊರೆ",
                "stop_id": "34257",
                "lat": 12.8708,
                "lon": 77.45048
              },
              {
                "name": "Thagachaguppe",
                "name_kn": "ತಗಚಗುಪ್ಪೆ",
                "stop_id": "34775",
                "lat": 12.86647,
                "lon": 77.45507
              },
              {
                "name": "Devagere Cross",
                "name_kn": "ದೆವಗೆರೆ ಕ್ರೊಸ್ಸ್",
                "stop_id": "24904",
                "lat": 12.86431,
                "lon": 77.45713
              },
              {
                "name": "Ranga Jangama",
                "name_kn": "ರಙ ಜಙಮ",
                "stop_id": "34389",
                "lat": 12.85579,
                "lon": 77.45278
              },
              {
                "name": "Nalku Kamba",
                "name_kn": "ನಲ್ಕು ಕಂಬ",
                "stop_id": "34073",
                "lat": 12.85215,
                "lon": 77.45203
              },
              {
                "name": "Eradu Kamba",
                "name_kn": "ಎರದು ಕಂಬ",
                "stop_id": "32596",
                "lat": 12.849,
                "lon": 77.45135
              },
              {
                "name": "K Gollahalli",
                "name_kn": "ಕ್ ಗೊಲ್ಲಹಲ್ಲಿ",
                "stop_id": "33194",
                "lat": 12.8432,
                "lon": 77.4515
              },
              {
                "name": "GOVT Hospital K Gollahalli",
                "name_kn": "ಗೊವ್ಟ್ ಹೊಸ್ಪಿಟಲ್ ಕ್ ಗೊಲ್ಲಹಲ್ಲಿ",
                "stop_id": "32979",
                "lat": 12.83939,
                "lon": 77.45168
              },
              {
                "name": "Gonipura",
                "name_kn": "ಗೊನಿಪುರ",
                "stop_id": "32721",
                "lat": 12.83243,
                "lon": 77.45107
              }
            ]
          },
          {
            "Route": "228-A",
            "RouteId": 2418,
            "RouteParentId": 1397,
            "Destination": "Parasanapalya",
            "Via": "",
            "Area": "KR Market (Kalasipalya)",
            "PlatformNumber": "3",
            "KannadaDestination": "ಪರಸನಪಲೆ",
            "KannadaArea": "ಕೆಆರ್ ಮಾರುಕಟ್ಟೆ (ಕಲಾಸಿಪಾಳ್ಯ)",
            "KannadaVia": "",
            "FromStationId": 20925,
            "Stops": [
              {
                "name": "Kengeri Bus Station",
                "name_kn": "ಕೆಙೆರಿ ಬುಸ್ ಸ್ಟಟಿೊಂ",
                "stop_id": "20925",
                "lat": 12.91379,
                "lon": 77.4871
              },
              {
                "name": "Kengeri Police Station",
                "name_kn": "ಕೆಙೆರಿ ಪೊಲಿಕೆ ಸ್ಟಟಿೊಂ",
                "stop_id": "21094",
                "lat": 12.91007,
                "lon": 77.48146
              },
              {
                "name": "Kengeri Metro Station",
                "name_kn": "ಕೆಙೆರಿ ಮೆಟ್ರೊ ಸ್ಟಟಿೊಂ",
                "stop_id": "38620",
                "lat": 12.90757,
                "lon": 77.47606
              },
              {
                "name": "Depot-12 Gate",
                "name_kn": "ದೆಪೊಟ್-12 ಗಟೆ",
                "stop_id": "35721",
                "lat": 12.90471,
                "lon": 77.47084
              },
              {
                "name": "NICE Road Kengeri Road Junction",
                "name_kn": "ನಿಕೆ ರೊದ್ ಕೆಙೆರಿ ರೊದ್ ಜುಂಕ್ಟಿೊಂ",
                "stop_id": "35386",
                "lat": 12.90224,
                "lon": 77.46926
              },
              {
                "name": "Vishwa Okkaligara Mata Basavanagara",
                "name_kn": "ವಿಶ್ವ ೊಕ್ಕಲಿಗರ ಮಟ ಬಸವನಗರ",
                "stop_id": "20627",
                "lat": 12.90099,
                "lon": 77.46746
              },
              {
                "name": "RR Medical College",
                "name_kn": "ರ್ರ್ ಮೆದಿಕಲ್ ಕೊಲ್ಲೆಗೆ",
                "stop_id": "35390",
                "lat": 12.89614,
                "lon": 77.46087
              },
              {
                "name": "Anchepalya",
                "name_kn": "ಅಂಚೆಪಲೆ",
                "stop_id": "20604",
                "lat": 12.89258,
                "lon": 77.45798
              },
              {
                "name": "Juggath Pharma",
                "name_kn": "ಜುಗ್ಗತ್ ಫರ್ಮ",
                "stop_id": "30476",
                "lat": 12.89081,
                "lon": 77.45532
              },
              {
                "name": "Ramohalli Cross",
                "name_kn": "ರಮೊಹಲ್ಲಿ ಕ್ರೊಸ್ಸ್",
                "stop_id": "35388",
                "lat": 12.88674,
                "lon": 77.45125
              },
              {
                "name": "Kumbalagodu",
                "name_kn": "ಕುಂಬಲಗೊದು",
                "stop_id": "35432",
                "lat": 12.87826,
                "lon": 77.4455
              },
              {
                "name": "YMCA Public School",
                "name_kn": "ಯ್ಂಕ ಪುಬ್ಲಿಕ್ ಸ್ಚೂಲ್",
                "stop_id": "22849",
                "lat": 12.87354,
                "lon": 77.44835
              },
              {
                "name": "Pinto Bore",
                "name_kn": "ಪಿಂಟೊ ಬೊರೆ",
                "stop_id": "34257",
                "lat": 12.8708,
                "lon": 77.45048
              },
              {
                "name": "Thagachaguppe",
                "name_kn": "ತಗಚಗುಪ್ಪೆ",
                "stop_id": "34775",
                "lat": 12.86647,
                "lon": 77.45507
              },
              {
                "name": "Devagere Cross",
                "name_kn": "ದೆವಗೆರೆ ಕ್ರೊಸ್ಸ್",
                "stop_id": "24904",
                "lat": 12.86431,
                "lon": 77.45713
              },
              {
                "name": "Ranga Jangama",
                "name_kn": "ರಙ ಜಙಮ",
                "stop_id": "34389",
                "lat": 12.85579,
                "lon": 77.45278
              },
              {
                "name": "Nalku Kamba",
                "name_kn": "ನಲ್ಕು ಕಂಬ",
                "stop_id": "34073",
                "lat": 12.85215,
                "lon": 77.45203
              },
              {
                "name": "Eradu Kamba",
                "name_kn": "ಎರದು ಕಂಬ",
                "stop_id": "32596",
                "lat": 12.849,
                "lon": 77.45135
              },
              {
                "name": "K Gollahalli",
                "name_kn": "ಕ್ ಗೊಲ್ಲಹಲ್ಲಿ",
                "stop_id": "33194",
                "lat": 12.8432,
                "lon": 77.4515
              },
              {
                "name": "GOVT Hospital K Gollahalli",
                "name_kn": "ಗೊವ್ಟ್ ಹೊಸ್ಪಿಟಲ್ ಕ್ ಗೊಲ್ಲಹಲ್ಲಿ",
                "stop_id": "32979",
                "lat": 12.83939,
                "lon": 77.45168
              },
              {
                "name": "Gonipura",
                "name_kn": "ಗೊನಿಪುರ",
                "stop_id": "32721",
                "lat": 12.83243,
                "lon": 77.45107
              },
              {
                "name": "Seegehalli Cross",
                "name_kn": "ಸೀಗೆಹಲ್ಲಿ ಕ್ರೊಸ್ಸ್",
                "stop_id": "34494",
                "lat": 12.82536,
                "lon": 77.44934
              },
              {
                "name": "Lingapura",
                "name_kn": "ಲಿಙಪುರ",
                "stop_id": "33704",
                "lat": 12.82141,
                "lon": 77.44411
              },
              {
                "name": "Thippuru",
                "name_kn": "ತಿಪ್ಪುರು",
                "stop_id": "34995",
                "lat": 12.81505,
                "lon": 77.44129
              },
              {
                "name": "Bychohalli",
                "name_kn": "ಬೆಚೊಹಲ್ಲಿ",
                "stop_id": "30283",
                "lat": 12.80653,
                "lon": 77.43822
              },
              {
                "name": "Parasanapalya",
                "name_kn": "ಪರಸನಪಲೆ",
                "stop_id": "27619",
                "lat": 12.79938,
                "lon": 77.43741
              }
            ]
          },
          {
            "Route": "228-B",
            "RouteId": 2420,
            "RouteParentId": 1398,
            "Destination": "Thittahalli",
            "Via": "",
            "Area": "KR Market (Kalasipalya)",
            "PlatformNumber": "3",
            "KannadaDestination": "ತಿಟಹಲ್ಲಿ",
            "KannadaArea": "ಕೆಆರ್ ಮಾರುಕಟ್ಟೆ (ಕಲಾಸಿಪಾಳ್ಯ)",
            "KannadaVia": "",
            "FromStationId": 20925,
            "Stops": [
              {
                "name": "Kengeri Bus Station",
                "name_kn": "ಕೆಙೆರಿ ಬುಸ್ ಸ್ಟಟಿೊಂ",
                "stop_id": "20925",
                "lat": 12.91379,
                "lon": 77.4871
              },
              {
                "name": "Kengeri Police Station",
                "name_kn": "ಕೆಙೆರಿ ಪೊಲಿಕೆ ಸ್ಟಟಿೊಂ",
                "stop_id": "21094",
                "lat": 12.91007,
                "lon": 77.48146
              },
              {
                "name": "Kengeri Metro Station",
                "name_kn": "ಕೆಙೆರಿ ಮೆಟ್ರೊ ಸ್ಟಟಿೊಂ",
                "stop_id": "38620",
                "lat": 12.90757,
                "lon": 77.47606
              },
              {
                "name": "Depot-12 Gate",
                "name_kn": "ದೆಪೊಟ್-12 ಗಟೆ",
                "stop_id": "35721",
                "lat": 12.90471,
                "lon": 77.47084
              },
              {
                "name": "NICE Road Kengeri Road Junction",
                "name_kn": "ನಿಕೆ ರೊದ್ ಕೆಙೆರಿ ರೊದ್ ಜುಂಕ್ಟಿೊಂ",
                "stop_id": "35386",
                "lat": 12.90224,
                "lon": 77.46926
              },
              {
                "name": "Vishwa Okkaligara Mata Basavanagara",
                "name_kn": "ವಿಶ್ವ ೊಕ್ಕಲಿಗರ ಮಟ ಬಸವನಗರ",
                "stop_id": "20627",
                "lat": 12.90099,
                "lon": 77.46746
              },
              {
                "name": "RR Medical College",
                "name_kn": "ರ್ರ್ ಮೆದಿಕಲ್ ಕೊಲ್ಲೆಗೆ",
                "stop_id": "35390",
                "lat": 12.89614,
                "lon": 77.46087
              },
              {
                "name": "Anchepalya",
                "name_kn": "ಅಂಚೆಪಲೆ",
                "stop_id": "20604",
                "lat": 12.89258,
                "lon": 77.45798
              },
              {
                "name": "Juggath Pharma",
                "name_kn": "ಜುಗ್ಗತ್ ಫರ್ಮ",
                "stop_id": "30476",
                "lat": 12.89081,
                "lon": 77.45532
              },
              {
                "name": "Ramohalli Cross",
                "name_kn": "ರಮೊಹಲ್ಲಿ ಕ್ರೊಸ್ಸ್",
                "stop_id": "35388",
                "lat": 12.88674,
                "lon": 77.45125
              },
              {
                "name": "Kumbalagodu",
                "name_kn": "ಕುಂಬಲಗೊದು",
                "stop_id": "35432",
                "lat": 12.87826,
                "lon": 77.4455
              },
              {
                "name": "YMCA Public School",
                "name_kn": "ಯ್ಂಕ ಪುಬ್ಲಿಕ್ ಸ್ಚೂಲ್",
                "stop_id": "22849",
                "lat": 12.87354,
                "lon": 77.44835
              },
              {
                "name": "Pinto Bore",
                "name_kn": "ಪಿಂಟೊ ಬೊರೆ",
                "stop_id": "34257",
                "lat": 12.8708,
                "lon": 77.45048
              },
              {
                "name": "Thagachaguppe",
                "name_kn": "ತಗಚಗುಪ್ಪೆ",
                "stop_id": "34775",
                "lat": 12.86647,
                "lon": 77.45507
              },
              {
                "name": "Devagere Cross",
                "name_kn": "ದೆವಗೆರೆ ಕ್ರೊಸ್ಸ್",
                "stop_id": "24904",
                "lat": 12.86431,
                "lon": 77.45713
              },
              {
                "name": "Ranga Jangama",
                "name_kn": "ರಙ ಜಙಮ",
                "stop_id": "34389",
                "lat": 12.85579,
                "lon": 77.45278
              },
              {
                "name": "Nalku Kamba",
                "name_kn": "ನಲ್ಕು ಕಂಬ",
                "stop_id": "34073",
                "lat": 12.85215,
                "lon": 77.45203
              },
              {
                "name": "Eradu Kamba",
                "name_kn": "ಎರದು ಕಂಬ",
                "stop_id": "32596",
                "lat": 12.849,
                "lon": 77.45135
              },
              {
                "name": "K Gollahalli",
                "name_kn": "ಕ್ ಗೊಲ್ಲಹಲ್ಲಿ",
                "stop_id": "33194",
                "lat": 12.8432,
                "lon": 77.4515
              },
              {
                "name": "GOVT Hospital K Gollahalli",
                "name_kn": "ಗೊವ್ಟ್ ಹೊಸ್ಪಿಟಲ್ ಕ್ ಗೊಲ್ಲಹಲ್ಲಿ",
                "stop_id": "32979",
                "lat": 12.83939,
                "lon": 77.45168
              },
              {
                "name": "Gonipura",
                "name_kn": "ಗೊನಿಪುರ",
                "stop_id": "32721",
                "lat": 12.83243,
                "lon": 77.45107
              },
              {
                "name": "Chinnakurchi",
                "name_kn": "ಚಿಂನಕುರ್ಚಿ",
                "stop_id": "24623",
                "lat": 12.82745,
                "lon": 77.45962
              },
              {
                "name": "Thittahalli",
                "name_kn": "ತಿಟಹಲ್ಲಿ",
                "stop_id": "31472",
                "lat": 12.82179,
                "lon": 77.46053
              }
            ]
          },
          {
            "Route": "228-C",
            "RouteId": 2426,
            "RouteParentId": 1402,
            "Destination": "Doddakuntanahalli",
            "Via": "",
            "Area": "KR Market (Kalasipalya)",
            "PlatformNumber": "3",
            "KannadaDestination": "ದೊದ್ದಕುಂಟನಹಲ್ಲಿ",
            "KannadaArea": "ಕೆಆರ್ ಮಾರುಕಟ್ಟೆ (ಕಲಾಸಿಪಾಳ್ಯ)",
            "KannadaVia": "",
            "FromStationId": 20925,
            "Stops": [
              {
                "name": "Kengeri Bus Station",
                "name_kn": "ಕೆಙೆರಿ ಬುಸ್ ಸ್ಟಟಿೊಂ",
                "stop_id": "20925",
                "lat": 12.91379,
                "lon": 77.4871
              },
              {
                "name": "Kengeri Police Station",
                "name_kn": "ಕೆಙೆರಿ ಪೊಲಿಕೆ ಸ್ಟಟಿೊಂ",
                "stop_id": "21094",
                "lat": 12.91007,
                "lon": 77.48146
              },
              {
                "name": "Kengeri Metro Station",
                "name_kn": "ಕೆಙೆರಿ ಮೆಟ್ರೊ ಸ್ಟಟಿೊಂ",
                "stop_id": "38620",
                "lat": 12.90757,
                "lon": 77.47606
              },
              {
                "name": "Depot-12 Gate",
                "name_kn": "ದೆಪೊಟ್-12 ಗಟೆ",
                "stop_id": "35721",
                "lat": 12.90471,
                "lon": 77.47084
              },
              {
                "name": "NICE Road Kengeri Road Junction",
                "name_kn": "ನಿಕೆ ರೊದ್ ಕೆಙೆರಿ ರೊದ್ ಜುಂಕ್ಟಿೊಂ",
                "stop_id": "35386",
                "lat": 12.90224,
                "lon": 77.46926
              },
              {
                "name": "Vishwa Okkaligara Mata Basavanagara",
                "name_kn": "ವಿಶ್ವ ೊಕ್ಕಲಿಗರ ಮಟ ಬಸವನಗರ",
                "stop_id": "20627",
                "lat": 12.90099,
                "lon": 77.46746
              },
              {
                "name": "RR Medical College",
                "name_kn": "ರ್ರ್ ಮೆದಿಕಲ್ ಕೊಲ್ಲೆಗೆ",
                "stop_id": "35390",
                "lat": 12.89614,
                "lon": 77.46087
              },
              {
                "name": "Anchepalya",
                "name_kn": "ಅಂಚೆಪಲೆ",
                "stop_id": "20604",
                "lat": 12.89258,
                "lon": 77.45798
              },
              {
                "name": "Juggath Pharma",
                "name_kn": "ಜುಗ್ಗತ್ ಫರ್ಮ",
                "stop_id": "30476",
                "lat": 12.89081,
                "lon": 77.45532
              },
              {
                "name": "Ramohalli Cross",
                "name_kn": "ರಮೊಹಲ್ಲಿ ಕ್ರೊಸ್ಸ್",
                "stop_id": "35388",
                "lat": 12.88674,
                "lon": 77.45125
              },
              {
                "name": "Kumbalagodu",
                "name_kn": "ಕುಂಬಲಗೊದು",
                "stop_id": "35432",
                "lat": 12.87826,
                "lon": 77.4455
              },
              {
                "name": "YMCA Public School",
                "name_kn": "ಯ್ಂಕ ಪುಬ್ಲಿಕ್ ಸ್ಚೂಲ್",
                "stop_id": "22849",
                "lat": 12.87354,
                "lon": 77.44835
              },
              {
                "name": "Pinto Bore",
                "name_kn": "ಪಿಂಟೊ ಬೊರೆ",
                "stop_id": "34257",
                "lat": 12.8708,
                "lon": 77.45048
              },
              {
                "name": "Thagachaguppe",
                "name_kn": "ತಗಚಗುಪ್ಪೆ",
                "stop_id": "34775",
                "lat": 12.86647,
                "lon": 77.45507
              },
              {
                "name": "Devagere Cross",
                "name_kn": "ದೆವಗೆರೆ ಕ್ರೊಸ್ಸ್",
                "stop_id": "24904",
                "lat": 12.86431,
                "lon": 77.45713
              },
              {
                "name": "Ranga Jangama",
                "name_kn": "ರಙ ಜಙಮ",
                "stop_id": "34389",
                "lat": 12.85579,
                "lon": 77.45278
              },
              {
                "name": "Nalku Kamba",
                "name_kn": "ನಲ್ಕು ಕಂಬ",
                "stop_id": "34073",
                "lat": 12.85215,
                "lon": 77.45203
              },
              {
                "name": "Eradu Kamba",
                "name_kn": "ಎರದು ಕಂಬ",
                "stop_id": "32596",
                "lat": 12.849,
                "lon": 77.45135
              },
              {
                "name": "K Gollahalli",
                "name_kn": "ಕ್ ಗೊಲ್ಲಹಲ್ಲಿ",
                "stop_id": "33194",
                "lat": 12.8432,
                "lon": 77.4515
              },
              {
                "name": "GOVT Hospital K Gollahalli",
                "name_kn": "ಗೊವ್ಟ್ ಹೊಸ್ಪಿಟಲ್ ಕ್ ಗೊಲ್ಲಹಲ್ಲಿ",
                "stop_id": "32979",
                "lat": 12.83939,
                "lon": 77.45168
              },
              {
                "name": "Gonipura",
                "name_kn": "ಗೊನಿಪುರ",
                "stop_id": "32721",
                "lat": 12.83243,
                "lon": 77.45107
              },
              {
                "name": "Seegehalli",
                "name_kn": "ಸೀಗೆಹಲ್ಲಿ",
                "stop_id": "34490",
                "lat": 12.81845,
                "lon": 77.45252
              },
              {
                "name": "Doddakuntanahalli",
                "name_kn": "ದೊದ್ದಕುಂಟನಹಲ್ಲಿ",
                "stop_id": "32542",
                "lat": 12.81217,
                "lon": 77.44979
              }
            ]
          },
          {
            "Route": "228-E",
            "RouteId": 2428,
            "RouteParentId": 1403,
            "Destination": "Thippuru",
            "Via": "",
            "Area": "KR Market (Kalasipalya)",
            "PlatformNumber": "3",
            "KannadaDestination": "ತಿಪ್ಪುರು",
            "KannadaArea": "ಕೆಆರ್ ಮಾರುಕಟ್ಟೆ (ಕಲಾಸಿಪಾಳ್ಯ)",
            "KannadaVia": "",
            "FromStationId": 20925,
            "Stops": [
              {
                "name": "Kengeri Bus Station",
                "name_kn": "ಕೆಙೆರಿ ಬುಸ್ ಸ್ಟಟಿೊಂ",
                "stop_id": "20925",
                "lat": 12.91379,
                "lon": 77.4871
              },
              {
                "name": "Kengeri Police Station",
                "name_kn": "ಕೆಙೆರಿ ಪೊಲಿಕೆ ಸ್ಟಟಿೊಂ",
                "stop_id": "21094",
                "lat": 12.91007,
                "lon": 77.48146
              },
              {
                "name": "Kengeri Metro Station",
                "name_kn": "ಕೆಙೆರಿ ಮೆಟ್ರೊ ಸ್ಟಟಿೊಂ",
                "stop_id": "38620",
                "lat": 12.90757,
                "lon": 77.47606
              },
              {
                "name": "Depot-12 Gate",
                "name_kn": "ದೆಪೊಟ್-12 ಗಟೆ",
                "stop_id": "35721",
                "lat": 12.90471,
                "lon": 77.47084
              },
              {
                "name": "NICE Road Kengeri Road Junction",
                "name_kn": "ನಿಕೆ ರೊದ್ ಕೆಙೆರಿ ರೊದ್ ಜುಂಕ್ಟಿೊಂ",
                "stop_id": "35386",
                "lat": 12.90224,
                "lon": 77.46926
              },
              {
                "name": "Vishwa Okkaligara Mata Basavanagara",
                "name_kn": "ವಿಶ್ವ ೊಕ್ಕಲಿಗರ ಮಟ ಬಸವನಗರ",
                "stop_id": "20627",
                "lat": 12.90099,
                "lon": 77.46746
              },
              {
                "name": "RR Medical College",
                "name_kn": "ರ್ರ್ ಮೆದಿಕಲ್ ಕೊಲ್ಲೆಗೆ",
                "stop_id": "35390",
                "lat": 12.89614,
                "lon": 77.46087
              },
              {
                "name": "Anchepalya",
                "name_kn": "ಅಂಚೆಪಲೆ",
                "stop_id": "20604",
                "lat": 12.89258,
                "lon": 77.45798
              },
              {
                "name": "Juggath Pharma",
                "name_kn": "ಜುಗ್ಗತ್ ಫರ್ಮ",
                "stop_id": "30476",
                "lat": 12.89081,
                "lon": 77.45532
              },
              {
                "name": "Ramohalli Cross",
                "name_kn": "ರಮೊಹಲ್ಲಿ ಕ್ರೊಸ್ಸ್",
                "stop_id": "35388",
                "lat": 12.88674,
                "lon": 77.45125
              },
              {
                "name": "Kumbalagodu",
                "name_kn": "ಕುಂಬಲಗೊದು",
                "stop_id": "35432",
                "lat": 12.87826,
                "lon": 77.4455
              },
              {
                "name": "YMCA Public School",
                "name_kn": "ಯ್ಂಕ ಪುಬ್ಲಿಕ್ ಸ್ಚೂಲ್",
                "stop_id": "22849",
                "lat": 12.87354,
                "lon": 77.44835
              },
              {
                "name": "Pinto Bore",
                "name_kn": "ಪಿಂಟೊ ಬೊರೆ",
                "stop_id": "34257",
                "lat": 12.8708,
                "lon": 77.45048
              },
              {
                "name": "Thagachaguppe",
                "name_kn": "ತಗಚಗುಪ್ಪೆ",
                "stop_id": "34775",
                "lat": 12.86647,
                "lon": 77.45507
              },
              {
                "name": "Devagere Cross",
                "name_kn": "ದೆವಗೆರೆ ಕ್ರೊಸ್ಸ್",
                "stop_id": "24904",
                "lat": 12.86431,
                "lon": 77.45713
              },
              {
                "name": "Ranga Jangama",
                "name_kn": "ರಙ ಜಙಮ",
                "stop_id": "34389",
                "lat": 12.85579,
                "lon": 77.45278
              },
              {
                "name": "Nalku Kamba",
                "name_kn": "ನಲ್ಕು ಕಂಬ",
                "stop_id": "34073",
                "lat": 12.85215,
                "lon": 77.45203
              },
              {
                "name": "Eradu Kamba",
                "name_kn": "ಎರದು ಕಂಬ",
                "stop_id": "32596",
                "lat": 12.849,
                "lon": 77.45135
              },
              {
                "name": "K Gollahalli",
                "name_kn": "ಕ್ ಗೊಲ್ಲಹಲ್ಲಿ",
                "stop_id": "33194",
                "lat": 12.8432,
                "lon": 77.4515
              },
              {
                "name": "GOVT Hospital K Gollahalli",
                "name_kn": "ಗೊವ್ಟ್ ಹೊಸ್ಪಿಟಲ್ ಕ್ ಗೊಲ್ಲಹಲ್ಲಿ",
                "stop_id": "32979",
                "lat": 12.83939,
                "lon": 77.45168
              },
              {
                "name": "Gonipura",
                "name_kn": "ಗೊನಿಪುರ",
                "stop_id": "32721",
                "lat": 12.83243,
                "lon": 77.45107
              },
              {
                "name": "Seegehalli Cross",
                "name_kn": "ಸೀಗೆಹಲ್ಲಿ ಕ್ರೊಸ್ಸ್",
                "stop_id": "28204",
                "lat": 12.82536,
                "lon": 77.44927
              },
              {
                "name": "Lingapura",
                "name_kn": "ಲಿಙಪುರ",
                "stop_id": "33704",
                "lat": 12.82141,
                "lon": 77.44411
              },
              {
                "name": "Thippuru",
                "name_kn": "ತಿಪ್ಪುರು",
                "stop_id": "34995",
                "lat": 12.81505,
                "lon": 77.44129
              }
            ]
          },
          {
            "Route": "228-F",
            "RouteId": 2430,
            "RouteParentId": 1404,
            "Destination": "Chikka Kuntanahalli",
            "Via": "",
            "Area": "KR Market (Kalasipalya)",
            "PlatformNumber": "3",
            "KannadaDestination": "ಚಿಕ್ಕ ಕುಂಟನಹಲ್ಲಿ",
            "KannadaArea": "ಕೆಆರ್ ಮಾರುಕಟ್ಟೆ (ಕಲಾಸಿಪಾಳ್ಯ)",
            "KannadaVia": "",
            "FromStationId": 20925,
            "Stops": [
              {
                "name": "Kengeri Bus Station",
                "name_kn": "ಕೆಙೆರಿ ಬುಸ್ ಸ್ಟಟಿೊಂ",
                "stop_id": "20925",
                "lat": 12.91379,
                "lon": 77.4871
              },
              {
                "name": "Kengeri Police Station",
                "name_kn": "ಕೆಙೆರಿ ಪೊಲಿಕೆ ಸ್ಟಟಿೊಂ",
                "stop_id": "21094",
                "lat": 12.91007,
                "lon": 77.48146
              },
              {
                "name": "Kengeri Metro Station",
                "name_kn": "ಕೆಙೆರಿ ಮೆಟ್ರೊ ಸ್ಟಟಿೊಂ",
                "stop_id": "38620",
                "lat": 12.90757,
                "lon": 77.47606
              },
              {
                "name": "Depot-12 Gate",
                "name_kn": "ದೆಪೊಟ್-12 ಗಟೆ",
                "stop_id": "35721",
                "lat": 12.90471,
                "lon": 77.47084
              },
              {
                "name": "NICE Road Kengeri Road Junction",
                "name_kn": "ನಿಕೆ ರೊದ್ ಕೆಙೆರಿ ರೊದ್ ಜುಂಕ್ಟಿೊಂ",
                "stop_id": "35386",
                "lat": 12.90224,
                "lon": 77.46926
              },
              {
                "name": "Vishwa Okkaligara Mata Basavanagara",
                "name_kn": "ವಿಶ್ವ ೊಕ್ಕಲಿಗರ ಮಟ ಬಸವನಗರ",
                "stop_id": "20627",
                "lat": 12.90099,
                "lon": 77.46746
              },
              {
                "name": "RR Medical College",
                "name_kn": "ರ್ರ್ ಮೆದಿಕಲ್ ಕೊಲ್ಲೆಗೆ",
                "stop_id": "35390",
                "lat": 12.89614,
                "lon": 77.46087
              },
              {
                "name": "Anchepalya",
                "name_kn": "ಅಂಚೆಪಲೆ",
                "stop_id": "20604",
                "lat": 12.89258,
                "lon": 77.45798
              },
              {
                "name": "Juggath Pharma",
                "name_kn": "ಜುಗ್ಗತ್ ಫರ್ಮ",
                "stop_id": "30476",
                "lat": 12.89081,
                "lon": 77.45532
              },
              {
                "name": "Ramohalli Cross",
                "name_kn": "ರಮೊಹಲ್ಲಿ ಕ್ರೊಸ್ಸ್",
                "stop_id": "35388",
                "lat": 12.88674,
                "lon": 77.45125
              },
              {
                "name": "Kumbalagodu",
                "name_kn": "ಕುಂಬಲಗೊದು",
                "stop_id": "35432",
                "lat": 12.87826,
                "lon": 77.4455
              },
              {
                "name": "YMCA Public School",
                "name_kn": "ಯ್ಂಕ ಪುಬ್ಲಿಕ್ ಸ್ಚೂಲ್",
                "stop_id": "22849",
                "lat": 12.87354,
                "lon": 77.44835
              },
              {
                "name": "Pinto Bore",
                "name_kn": "ಪಿಂಟೊ ಬೊರೆ",
                "stop_id": "34257",
                "lat": 12.8708,
                "lon": 77.45048
              },
              {
                "name": "Thagachaguppe",
                "name_kn": "ತಗಚಗುಪ್ಪೆ",
                "stop_id": "34775",
                "lat": 12.86647,
                "lon": 77.45507
              },
              {
                "name": "Devagere Cross",
                "name_kn": "ದೆವಗೆರೆ ಕ್ರೊಸ್ಸ್",
                "stop_id": "24904",
                "lat": 12.86431,
                "lon": 77.45713
              },
              {
                "name": "Ranga Jangama",
                "name_kn": "ರಙ ಜಙಮ",
                "stop_id": "34389",
                "lat": 12.85579,
                "lon": 77.45278
              },
              {
                "name": "Nalku Kamba",
                "name_kn": "ನಲ್ಕು ಕಂಬ",
                "stop_id": "34073",
                "lat": 12.85215,
                "lon": 77.45203
              },
              {
                "name": "Eradu Kamba",
                "name_kn": "ಎರದು ಕಂಬ",
                "stop_id": "32596",
                "lat": 12.849,
                "lon": 77.45135
              },
              {
                "name": "K Gollahalli",
                "name_kn": "ಕ್ ಗೊಲ್ಲಹಲ್ಲಿ",
                "stop_id": "33194",
                "lat": 12.8432,
                "lon": 77.4515
              },
              {
                "name": "GOVT Hospital K Gollahalli",
                "name_kn": "ಗೊವ್ಟ್ ಹೊಸ್ಪಿಟಲ್ ಕ್ ಗೊಲ್ಲಹಲ್ಲಿ",
                "stop_id": "32979",
                "lat": 12.83939,
                "lon": 77.45168
              },
              {
                "name": "Gonipura",
                "name_kn": "ಗೊನಿಪುರ",
                "stop_id": "32721",
                "lat": 12.83243,
                "lon": 77.45107
              },
              {
                "name": "Seegehalli Cross",
                "name_kn": "ಸೀಗೆಹಲ್ಲಿ ಕ್ರೊಸ್ಸ್",
                "stop_id": "28204",
                "lat": 12.82536,
                "lon": 77.44927
              },
              {
                "name": "Lingapura",
                "name_kn": "ಲಿಙಪುರ",
                "stop_id": "33704",
                "lat": 12.82141,
                "lon": 77.44411
              },
              {
                "name": "Thippuru",
                "name_kn": "ತಿಪ್ಪುರು",
                "stop_id": "34995",
                "lat": 12.81505,
                "lon": 77.44129
              },
              {
                "name": "Bychohalli",
                "name_kn": "ಬೆಚೊಹಲ್ಲಿ",
                "stop_id": "30283",
                "lat": 12.80653,
                "lon": 77.43822
              },
              {
                "name": "Parasanapalya",
                "name_kn": "ಪರಸನಪಲೆ",
                "stop_id": "34223",
                "lat": 12.79936,
                "lon": 77.43749
              },
              {
                "name": "Doddy Chikkakuntanahalli",
                "name_kn": "ದೊದ್ಠೆ ಚಿಕ್ಕಕುಂಟನಹಲ್ಲಿ",
                "stop_id": "25125",
                "lat": 12.79695,
                "lon": 77.44132
              },
              {
                "name": "Chikka Kuntanahalli",
                "name_kn": "ಚಿಕ್ಕ ಕುಂಟನಹಲ್ಲಿ",
                "stop_id": "32279",
                "lat": 12.79357,
                "lon": 77.43843
              }
            ]
          },
          {
            "Route": "228-H",
            "RouteId": 2434,
            "RouteParentId": 1406,
            "Destination": "Thippuru",
            "Via": "",
            "Area": "Kempegowda Bus Station",
            "PlatformNumber": "3",
            "KannadaDestination": "ತಿಪ್ಪುರು",
            "KannadaArea": "ಕೆಂಪೇಗೌಡ ಬಸ್ ನಿಲ್ದಾಣ",
            "KannadaVia": "",
            "FromStationId": 20925,
            "Stops": [
              {
                "name": "Kengeri Bus Station",
                "name_kn": "ಕೆಙೆರಿ ಬುಸ್ ಸ್ಟಟಿೊಂ",
                "stop_id": "20925",
                "lat": 12.91379,
                "lon": 77.4871
              },
              {
                "name": "Kengeri Police Station",
                "name_kn": "ಕೆಙೆರಿ ಪೊಲಿಕೆ ಸ್ಟಟಿೊಂ",
                "stop_id": "21094",
                "lat": 12.91007,
                "lon": 77.48146
              },
              {
                "name": "Kengeri Metro Station",
                "name_kn": "ಕೆಙೆರಿ ಮೆಟ್ರೊ ಸ್ಟಟಿೊಂ",
                "stop_id": "38620",
                "lat": 12.90757,
                "lon": 77.47606
              },
              {
                "name": "Depot-12 Gate",
                "name_kn": "ದೆಪೊಟ್-12 ಗಟೆ",
                "stop_id": "35721",
                "lat": 12.90471,
                "lon": 77.47084
              },
              {
                "name": "NICE Road Kengeri Road Junction",
                "name_kn": "ನಿಕೆ ರೊದ್ ಕೆಙೆರಿ ರೊದ್ ಜುಂಕ್ಟಿೊಂ",
                "stop_id": "35386",
                "lat": 12.90224,
                "lon": 77.46926
              },
              {
                "name": "Vishwa Okkaligara Mata Basavanagara",
                "name_kn": "ವಿಶ್ವ ೊಕ್ಕಲಿಗರ ಮಟ ಬಸವನಗರ",
                "stop_id": "20627",
                "lat": 12.90099,
                "lon": 77.46746
              },
              {
                "name": "RR Medical College",
                "name_kn": "ರ್ರ್ ಮೆದಿಕಲ್ ಕೊಲ್ಲೆಗೆ",
                "stop_id": "35390",
                "lat": 12.89614,
                "lon": 77.46087
              },
              {
                "name": "Anchepalya",
                "name_kn": "ಅಂಚೆಪಲೆ",
                "stop_id": "20604",
                "lat": 12.89258,
                "lon": 77.45798
              },
              {
                "name": "Juggath Pharma",
                "name_kn": "ಜುಗ್ಗತ್ ಫರ್ಮ",
                "stop_id": "30476",
                "lat": 12.89081,
                "lon": 77.45532
              },
              {
                "name": "Ramohalli Cross",
                "name_kn": "ರಮೊಹಲ್ಲಿ ಕ್ರೊಸ್ಸ್",
                "stop_id": "35388",
                "lat": 12.88674,
                "lon": 77.45125
              },
              {
                "name": "Kumbalagodu",
                "name_kn": "ಕುಂಬಲಗೊದು",
                "stop_id": "35432",
                "lat": 12.87826,
                "lon": 77.4455
              },
              {
                "name": "YMCA Public School",
                "name_kn": "ಯ್ಂಕ ಪುಬ್ಲಿಕ್ ಸ್ಚೂಲ್",
                "stop_id": "22849",
                "lat": 12.87354,
                "lon": 77.44835
              },
              {
                "name": "Pinto Bore",
                "name_kn": "ಪಿಂಟೊ ಬೊರೆ",
                "stop_id": "34257",
                "lat": 12.8708,
                "lon": 77.45048
              },
              {
                "name": "Thagachaguppe",
                "name_kn": "ತಗಚಗುಪ್ಪೆ",
                "stop_id": "34775",
                "lat": 12.86647,
                "lon": 77.45507
              },
              {
                "name": "Devagere Cross",
                "name_kn": "ದೆವಗೆರೆ ಕ್ರೊಸ್ಸ್",
                "stop_id": "24904",
                "lat": 12.86431,
                "lon": 77.45713
              },
              {
                "name": "Ranga Jangama",
                "name_kn": "ರಙ ಜಙಮ",
                "stop_id": "34389",
                "lat": 12.85579,
                "lon": 77.45278
              },
              {
                "name": "Nalku Kamba",
                "name_kn": "ನಲ್ಕು ಕಂಬ",
                "stop_id": "34073",
                "lat": 12.85215,
                "lon": 77.45203
              },
              {
                "name": "Eradu Kamba",
                "name_kn": "ಎರದು ಕಂಬ",
                "stop_id": "32596",
                "lat": 12.849,
                "lon": 77.45135
              },
              {
                "name": "K Gollahalli",
                "name_kn": "ಕ್ ಗೊಲ್ಲಹಲ್ಲಿ",
                "stop_id": "33194",
                "lat": 12.8432,
                "lon": 77.4515
              },
              {
                "name": "GOVT Hospital K Gollahalli",
                "name_kn": "ಗೊವ್ಟ್ ಹೊಸ್ಪಿಟಲ್ ಕ್ ಗೊಲ್ಲಹಲ್ಲಿ",
                "stop_id": "32979",
                "lat": 12.83939,
                "lon": 77.45168
              },
              {
                "name": "Gonipura",
                "name_kn": "ಗೊನಿಪುರ",
                "stop_id": "32721",
                "lat": 12.83243,
                "lon": 77.45107
              },
              {
                "name": "Seegehalli Cross",
                "name_kn": "ಸೀಗೆಹಲ್ಲಿ ಕ್ರೊಸ್ಸ್",
                "stop_id": "28204",
                "lat": 12.82536,
                "lon": 77.44927
              },
              {
                "name": "Lingapura",
                "name_kn": "ಲಿಙಪುರ",
                "stop_id": "33704",
                "lat": 12.82141,
                "lon": 77.44411
              },
              {
                "name": "Thippuru",
                "name_kn": "ತಿಪ್ಪುರು",
                "stop_id": "34995",
                "lat": 12.81505,
                "lon": 77.44129
              }
            ]
          },
          {
            "Route": "228-J",
            "RouteId": 2436,
            "RouteParentId": 1407,
            "Destination": "Srinivasapura Kullegowdanapalya",
            "Via": "",
            "Area": "Kempegowda Bus Station",
            "PlatformNumber": "3",
            "KannadaDestination": "ಸ್ರಿನಿವಸಪುರ ಕುಲ್ಲೆಗೌದನಪಲೆ",
            "KannadaArea": "ಕೆಂಪೇಗೌಡ ಬಸ್ ನಿಲ್ದಾಣ",
            "KannadaVia": "",
            "FromStationId": 20925,
            "Stops": [
              {
                "name": "Kengeri Bus Station",
                "name_kn": "ಕೆಙೆರಿ ಬುಸ್ ಸ್ಟಟಿೊಂ",
                "stop_id": "20925",
                "lat": 12.91379,
                "lon": 77.4871
              },
              {
                "name": "Kengeri Police Station",
                "name_kn": "ಕೆಙೆರಿ ಪೊಲಿಕೆ ಸ್ಟಟಿೊಂ",
                "stop_id": "21094",
                "lat": 12.91007,
                "lon": 77.48146
              },
              {
                "name": "Kengeri Metro Station",
                "name_kn": "ಕೆಙೆರಿ ಮೆಟ್ರೊ ಸ್ಟಟಿೊಂ",
                "stop_id": "38620",
                "lat": 12.90757,
                "lon": 77.47606
              },
              {
                "name": "Depot-12 Gate",
                "name_kn": "ದೆಪೊಟ್-12 ಗಟೆ",
                "stop_id": "35721",
                "lat": 12.90471,
                "lon": 77.47084
              },
              {
                "name": "NICE Road Kengeri Road Junction",
                "name_kn": "ನಿಕೆ ರೊದ್ ಕೆಙೆರಿ ರೊದ್ ಜುಂಕ್ಟಿೊಂ",
                "stop_id": "35386",
                "lat": 12.90224,
                "lon": 77.46926
              },
              {
                "name": "Vishwa Okkaligara Mata Basavanagara",
                "name_kn": "ವಿಶ್ವ ೊಕ್ಕಲಿಗರ ಮಟ ಬಸವನಗರ",
                "stop_id": "20627",
                "lat": 12.90099,
                "lon": 77.46746
              },
              {
                "name": "RR Medical College",
                "name_kn": "ರ್ರ್ ಮೆದಿಕಲ್ ಕೊಲ್ಲೆಗೆ",
                "stop_id": "35390",
                "lat": 12.89614,
                "lon": 77.46087
              },
              {
                "name": "Anchepalya",
                "name_kn": "ಅಂಚೆಪಲೆ",
                "stop_id": "20604",
                "lat": 12.89258,
                "lon": 77.45798
              },
              {
                "name": "Juggath Pharma",
                "name_kn": "ಜುಗ್ಗತ್ ಫರ್ಮ",
                "stop_id": "30476",
                "lat": 12.89081,
                "lon": 77.45532
              },
              {
                "name": "Ramohalli Cross",
                "name_kn": "ರಮೊಹಲ್ಲಿ ಕ್ರೊಸ್ಸ್",
                "stop_id": "35388",
                "lat": 12.88674,
                "lon": 77.45125
              },
              {
                "name": "Kumbalagodu",
                "name_kn": "ಕುಂಬಲಗೊದು",
                "stop_id": "35432",
                "lat": 12.87826,
                "lon": 77.4455
              },
              {
                "name": "YMCA Public School",
                "name_kn": "ಯ್ಂಕ ಪುಬ್ಲಿಕ್ ಸ್ಚೂಲ್",
                "stop_id": "22849",
                "lat": 12.87354,
                "lon": 77.44835
              },
              {
                "name": "Pinto Bore",
                "name_kn": "ಪಿಂಟೊ ಬೊರೆ",
                "stop_id": "34257",
                "lat": 12.8708,
                "lon": 77.45048
              },
              {
                "name": "Thagachaguppe",
                "name_kn": "ತಗಚಗುಪ್ಪೆ",
                "stop_id": "34775",
                "lat": 12.86647,
                "lon": 77.45507
              },
              {
                "name": "Devagere Cross",
                "name_kn": "ದೆವಗೆರೆ ಕ್ರೊಸ್ಸ್",
                "stop_id": "24904",
                "lat": 12.86431,
                "lon": 77.45713
              },
              {
                "name": "Ranga Jangama",
                "name_kn": "ರಙ ಜಙಮ",
                "stop_id": "34389",
                "lat": 12.85579,
                "lon": 77.45278
              },
              {
                "name": "Nalku Kamba",
                "name_kn": "ನಲ್ಕು ಕಂಬ",
                "stop_id": "34073",
                "lat": 12.85215,
                "lon": 77.45203
              },
              {
                "name": "Eradu Kamba",
                "name_kn": "ಎರದು ಕಂಬ",
                "stop_id": "32596",
                "lat": 12.849,
                "lon": 77.45135
              },
              {
                "name": "K Gollahalli",
                "name_kn": "ಕ್ ಗೊಲ್ಲಹಲ್ಲಿ",
                "stop_id": "33194",
                "lat": 12.8432,
                "lon": 77.4515
              },
              {
                "name": "Kenchanapalya",
                "name_kn": "ಕೆಂಚನಪಲೆ",
                "stop_id": "33451",
                "lat": 12.84452,
                "lon": 77.44412
              },
              {
                "name": "Kullegowdanapalya",
                "name_kn": "ಕುಲ್ಲೆಗೌದನಪಲೆ",
                "stop_id": "31318",
                "lat": 12.84672,
                "lon": 77.44698
              },
              {
                "name": "Srinivasapura Kullegowdanapalya",
                "name_kn": "ಸ್ರಿನಿವಸಪುರ ಕುಲ್ಲೆಗೌದನಪಲೆ",
                "stop_id": "34687",
                "lat": 12.85125,
                "lon": 77.44323
              }
            ]
          },
          {
            "Route": "228-K",
            "RouteId": 2438,
            "RouteParentId": 1408,
            "Destination": "Bidadi",
            "Via": "",
            "Area": "Kempegowda Bus Station",
            "PlatformNumber": "3",
            "KannadaDestination": "ಬಿದದಿ",
            "KannadaArea": "ಕೆಂಪೇಗೌಡ ಬಸ್ ನಿಲ್ದಾಣ",
            "KannadaVia": "",
            "FromStationId": 20925,
            "Stops": [
              {
                "name": "Kengeri Bus Station",
                "name_kn": "ಕೆಙೆರಿ ಬುಸ್ ಸ್ಟಟಿೊಂ",
                "stop_id": "20925",
                "lat": 12.91379,
                "lon": 77.4871
              },
              {
                "name": "Kengeri Police Station",
                "name_kn": "ಕೆಙೆರಿ ಪೊಲಿಕೆ ಸ್ಟಟಿೊಂ",
                "stop_id": "21094",
                "lat": 12.91007,
                "lon": 77.48146
              },
              {
                "name": "Kengeri Metro Station",
                "name_kn": "ಕೆಙೆರಿ ಮೆಟ್ರೊ ಸ್ಟಟಿೊಂ",
                "stop_id": "38620",
                "lat": 12.90757,
                "lon": 77.47606
              },
              {
                "name": "Depot-12 Gate",
                "name_kn": "ದೆಪೊಟ್-12 ಗಟೆ",
                "stop_id": "35721",
                "lat": 12.90471,
                "lon": 77.47084
              },
              {
                "name": "NICE Road Kengeri Road Junction",
                "name_kn": "ನಿಕೆ ರೊದ್ ಕೆಙೆರಿ ರೊದ್ ಜುಂಕ್ಟಿೊಂ",
                "stop_id": "35386",
                "lat": 12.90224,
                "lon": 77.46926
              },
              {
                "name": "Vishwa Okkaligara Mata Basavanagara",
                "name_kn": "ವಿಶ್ವ ೊಕ್ಕಲಿಗರ ಮಟ ಬಸವನಗರ",
                "stop_id": "20627",
                "lat": 12.90099,
                "lon": 77.46746
              },
              {
                "name": "RR Medical College",
                "name_kn": "ರ್ರ್ ಮೆದಿಕಲ್ ಕೊಲ್ಲೆಗೆ",
                "stop_id": "35390",
                "lat": 12.89614,
                "lon": 77.46087
              },
              {
                "name": "Anchepalya",
                "name_kn": "ಅಂಚೆಪಲೆ",
                "stop_id": "20604",
                "lat": 12.89258,
                "lon": 77.45798
              },
              {
                "name": "Juggath Pharma",
                "name_kn": "ಜುಗ್ಗತ್ ಫರ್ಮ",
                "stop_id": "30476",
                "lat": 12.89081,
                "lon": 77.45532
              },
              {
                "name": "Ramohalli Cross",
                "name_kn": "ರಮೊಹಲ್ಲಿ ಕ್ರೊಸ್ಸ್",
                "stop_id": "35388",
                "lat": 12.88674,
                "lon": 77.45125
              },
              {
                "name": "Kumbalagodu",
                "name_kn": "ಕುಂಬಲಗೊದು",
                "stop_id": "35432",
                "lat": 12.87826,
                "lon": 77.4455
              },
              {
                "name": "YMCA Public School",
                "name_kn": "ಯ್ಂಕ ಪುಬ್ಲಿಕ್ ಸ್ಚೂಲ್",
                "stop_id": "22849",
                "lat": 12.87354,
                "lon": 77.44835
              },
              {
                "name": "Pinto Bore",
                "name_kn": "ಪಿಂಟೊ ಬೊರೆ",
                "stop_id": "34257",
                "lat": 12.8708,
                "lon": 77.45048
              },
              {
                "name": "Thagachaguppe",
                "name_kn": "ತಗಚಗುಪ್ಪೆ",
                "stop_id": "34775",
                "lat": 12.86647,
                "lon": 77.45507
              },
              {
                "name": "Devagere Cross",
                "name_kn": "ದೆವಗೆರೆ ಕ್ರೊಸ್ಸ್",
                "stop_id": "24904",
                "lat": 12.86431,
                "lon": 77.45713
              },
              {
                "name": "Ranga Jangama",
                "name_kn": "ರಙ ಜಙಮ",
                "stop_id": "34389",
                "lat": 12.85579,
                "lon": 77.45278
              },
              {
                "name": "Nalku Kamba",
                "name_kn": "ನಲ್ಕು ಕಂಬ",
                "stop_id": "34073",
                "lat": 12.85215,
                "lon": 77.45203
              },
              {
                "name": "Eradu Kamba",
                "name_kn": "ಎರದು ಕಂಬ",
                "stop_id": "32596",
                "lat": 12.849,
                "lon": 77.45135
              },
              {
                "name": "K Gollahalli",
                "name_kn": "ಕ್ ಗೊಲ್ಲಹಲ್ಲಿ",
                "stop_id": "33194",
                "lat": 12.8432,
                "lon": 77.4515
              },
              {
                "name": "GOVT Hospital K Gollahalli",
                "name_kn": "ಗೊವ್ಟ್ ಹೊಸ್ಪಿಟಲ್ ಕ್ ಗೊಲ್ಲಹಲ್ಲಿ",
                "stop_id": "32979",
                "lat": 12.83939,
                "lon": 77.45168
              },
              {
                "name": "Gonipura",
                "name_kn": "ಗೊನಿಪುರ",
                "stop_id": "32721",
                "lat": 12.83243,
                "lon": 77.45107
              },
              {
                "name": "Seegehalli Cross",
                "name_kn": "ಸೀಗೆಹಲ್ಲಿ ಕ್ರೊಸ್ಸ್",
                "stop_id": "28204",
                "lat": 12.82536,
                "lon": 77.44927
              },
              {
                "name": "Lingapura",
                "name_kn": "ಲಿಙಪುರ",
                "stop_id": "33704",
                "lat": 12.82141,
                "lon": 77.44411
              },
              {
                "name": "Thippuru",
                "name_kn": "ತಿಪ್ಪುರು",
                "stop_id": "34995",
                "lat": 12.81505,
                "lon": 77.44129
              },
              {
                "name": "Bychohalli",
                "name_kn": "ಬೆಚೊಹಲ್ಲಿ",
                "stop_id": "30283",
                "lat": 12.80653,
                "lon": 77.43822
              },
              {
                "name": "Parasanapalya",
                "name_kn": "ಪರಸನಪಲೆ",
                "stop_id": "34223",
                "lat": 12.79936,
                "lon": 77.43749
              },
              {
                "name": "Doddy Chikkakuntanahalli",
                "name_kn": "ದೊದ್ಠೆ ಚಿಕ್ಕಕುಂಟನಹಲ್ಲಿ",
                "stop_id": "25125",
                "lat": 12.79695,
                "lon": 77.44132
              },
              {
                "name": "Chikka Kuntanahalli",
                "name_kn": "ಚಿಕ್ಕ ಕುಂಟನಹಲ್ಲಿ",
                "stop_id": "32279",
                "lat": 12.79357,
                "lon": 77.43843
              },
              {
                "name": "Chikka Kuntanahalli Cross",
                "name_kn": "ಚಿಕ್ಕ ಕುಂಟನಹಲ್ಲಿ ಕ್ರೊಸ್ಸ್",
                "stop_id": "32280",
                "lat": 12.79216,
                "lon": 77.43871
              },
              {
                "name": "Shyanumangala",
                "name_kn": "ಶೆನುಮಙಲ",
                "stop_id": "26413",
                "lat": 12.79432,
                "lon": 77.43282
              },
              {
                "name": "Gollarapalya",
                "name_kn": "ಗೊಲ್ಲರಪಲೆ",
                "stop_id": "32718",
                "lat": 12.80143,
                "lon": 77.42531
              },
              {
                "name": "Pichaguntarapalya",
                "name_kn": "ಪಿಚಗುಂಟರಪಲೆ",
                "stop_id": "34248",
                "lat": 12.80468,
                "lon": 77.42245
              },
              {
                "name": "Motherson Automotive Cross",
                "name_kn": "ಮೊತೆರ್ಸೊಂ ೌಟೊಮೊಟಿವೆ ಕ್ರೊಸ್ಸ್",
                "stop_id": "33953",
                "lat": 12.80778,
                "lon": 77.4197
              },
              {
                "name": "Eagleton Resort",
                "name_kn": "ಎಗ್ಲೆಟೊಂ ರೆಸೊರ್ಟ್",
                "stop_id": "32583",
                "lat": 12.81054,
                "lon": 77.41626
              },
              {
                "name": "Kadumane Hotel1",
                "name_kn": "ಕದುಮನೆ ಹೊಟೆಲ್1",
                "stop_id": "35765",
                "lat": 12.81524,
                "lon": 77.40755
              },
              {
                "name": "Billa Kempanahalli Gate",
                "name_kn": "ಬಿಲ್ಲ ಕೆಂಪನಹಲ್ಲಿ ಗಟೆ",
                "stop_id": "21468",
                "lat": 12.81212,
                "lon": 77.40408
              },
              {
                "name": "Chikkabillakempanahalli (Padmashree Hospital)",
                "name_kn": "ಚಿಕ್ಕಬಿಲ್ಲಕೆಂಪನಹಲ್ಲಿ (ಪದ್ಮಶ್ರೀ ಹೊಸ್ಪಿಟಲ್)",
                "stop_id": "39911",
                "lat": 12.80747,
                "lon": 77.40077
              },
              {
                "name": "Byramangala Cross",
                "name_kn": "ಬೆರಮಙಲ ಕ್ರೊಸ್ಸ್",
                "stop_id": "35399",
                "lat": 12.80222,
                "lon": 77.39714
              },
              {
                "name": "Bidadi Railway Station",
                "name_kn": "ಬಿದದಿ ರೈಲ್ವಯ್ ಸ್ಟಟಿೊಂ",
                "stop_id": "21466",
                "lat": 12.79973,
                "lon": 77.39107
              },
              {
                "name": "Bidadi",
                "name_kn": "ಬಿದದಿ",
                "stop_id": "35913",
                "lat": 12.7969,
                "lon": 77.38458
              }
            ]
          },
          {
            "Route": "229",
            "RouteId": 2465,
            "RouteParentId": 1417,
            "Destination": "Gaviyanapalya",
            "Via": "",
            "Area": "KR Market (Kalasipalya)",
            "PlatformNumber": "3",
            "KannadaDestination": "ಗವಿಯನಪಲೆ",
            "KannadaArea": "ಕೆಆರ್ ಮಾರುಕಟ್ಟೆ (ಕಲಾಸಿಪಾಳ್ಯ)",
            "KannadaVia": "",
            "FromStationId": 20925,
            "Stops": [
              {
                "name": "Kengeri Bus Station",
                "name_kn": "ಕೆಙೆರಿ ಬುಸ್ ಸ್ಟಟಿೊಂ",
                "stop_id": "20925",
                "lat": 12.91379,
                "lon": 77.4871
              },
              {
                "name": "Kengeri Police Station",
                "name_kn": "ಕೆಙೆರಿ ಪೊಲಿಕೆ ಸ್ಟಟಿೊಂ",
                "stop_id": "21094",
                "lat": 12.91007,
                "lon": 77.48146
              },
              {
                "name": "Kengeri Metro Station",
                "name_kn": "ಕೆಙೆರಿ ಮೆಟ್ರೊ ಸ್ಟಟಿೊಂ",
                "stop_id": "38620",
                "lat": 12.90757,
                "lon": 77.47606
              },
              {
                "name": "Depot-12 Gate",
                "name_kn": "ದೆಪೊಟ್-12 ಗಟೆ",
                "stop_id": "35721",
                "lat": 12.90471,
                "lon": 77.47084
              },
              {
                "name": "NICE Road Kengeri Road Junction",
                "name_kn": "ನಿಕೆ ರೊದ್ ಕೆಙೆರಿ ರೊದ್ ಜುಂಕ್ಟಿೊಂ",
                "stop_id": "35386",
                "lat": 12.90224,
                "lon": 77.46926
              },
              {
                "name": "Vishwa Okkaligara Mata Basavanagara",
                "name_kn": "ವಿಶ್ವ ೊಕ್ಕಲಿಗರ ಮಟ ಬಸವನಗರ",
                "stop_id": "20627",
                "lat": 12.90099,
                "lon": 77.46746
              },
              {
                "name": "RR Medical College",
                "name_kn": "ರ್ರ್ ಮೆದಿಕಲ್ ಕೊಲ್ಲೆಗೆ",
                "stop_id": "35390",
                "lat": 12.89614,
                "lon": 77.46087
              },
              {
                "name": "Anchepalya",
                "name_kn": "ಅಂಚೆಪಲೆ",
                "stop_id": "20604",
                "lat": 12.89258,
                "lon": 77.45798
              },
              {
                "name": "Juggath Pharma",
                "name_kn": "ಜುಗ್ಗತ್ ಫರ್ಮ",
                "stop_id": "30476",
                "lat": 12.89081,
                "lon": 77.45532
              },
              {
                "name": "Ramohalli Cross",
                "name_kn": "ರಮೊಹಲ್ಲಿ ಕ್ರೊಸ್ಸ್",
                "stop_id": "35388",
                "lat": 12.88674,
                "lon": 77.45125
              },
              {
                "name": "Kumbalagodu",
                "name_kn": "ಕುಂಬಲಗೊದು",
                "stop_id": "35432",
                "lat": 12.87826,
                "lon": 77.4455
              },
              {
                "name": "YMCA Public School",
                "name_kn": "ಯ್ಂಕ ಪುಬ್ಲಿಕ್ ಸ್ಚೂಲ್",
                "stop_id": "22849",
                "lat": 12.87354,
                "lon": 77.44835
              },
              {
                "name": "Pinto Bore",
                "name_kn": "ಪಿಂಟೊ ಬೊರೆ",
                "stop_id": "34257",
                "lat": 12.8708,
                "lon": 77.45048
              },
              {
                "name": "Thagachaguppe",
                "name_kn": "ತಗಚಗುಪ್ಪೆ",
                "stop_id": "34775",
                "lat": 12.86647,
                "lon": 77.45507
              },
              {
                "name": "Devagere Cross",
                "name_kn": "ದೆವಗೆರೆ ಕ್ರೊಸ್ಸ್",
                "stop_id": "24904",
                "lat": 12.86431,
                "lon": 77.45713
              },
              {
                "name": "Devagere",
                "name_kn": "ದೆವಗೆರೆ",
                "stop_id": "32442",
                "lat": 12.85669,
                "lon": 77.46556
              },
              {
                "name": "BGS College Gate Devagere",
                "name_kn": "ಬ್ಗ್ಸ್ ಕೊಲ್ಲೆಗೆ ಗಟೆ ದೆವಗೆರೆ",
                "stop_id": "32007",
                "lat": 12.84762,
                "lon": 77.46871
              },
              {
                "name": "Gangasandra",
                "name_kn": "ಗಙಸಂದ್ರ",
                "stop_id": "25317",
                "lat": 12.84626,
                "lon": 77.47073
              },
              {
                "name": "Gaviyanapalya",
                "name_kn": "ಗವಿಯನಪಲೆ",
                "stop_id": "32656",
                "lat": 12.84097,
                "lon": 77.46995
              }
            ]
          },
          {
            "Route": "229-B",
            "RouteId": 2468,
            "RouteParentId": 1425,
            "Destination": "Devagere",
            "Via": "",
            "Area": "KR Market (Kalasipalya)",
            "PlatformNumber": "3",
            "KannadaDestination": "ದೆವಗೆರೆ",
            "KannadaArea": "ಕೆಆರ್ ಮಾರುಕಟ್ಟೆ (ಕಲಾಸಿಪಾಳ್ಯ)",
            "KannadaVia": "",
            "FromStationId": 20925,
            "Stops": [
              {
                "name": "Kengeri Bus Station",
                "name_kn": "ಕೆಙೆರಿ ಬುಸ್ ಸ್ಟಟಿೊಂ",
                "stop_id": "20925",
                "lat": 12.91379,
                "lon": 77.4871
              },
              {
                "name": "Kengeri Police Station",
                "name_kn": "ಕೆಙೆರಿ ಪೊಲಿಕೆ ಸ್ಟಟಿೊಂ",
                "stop_id": "21094",
                "lat": 12.91007,
                "lon": 77.48146
              },
              {
                "name": "Kengeri Metro Station",
                "name_kn": "ಕೆಙೆರಿ ಮೆಟ್ರೊ ಸ್ಟಟಿೊಂ",
                "stop_id": "38620",
                "lat": 12.90757,
                "lon": 77.47606
              },
              {
                "name": "Depot-12 Gate",
                "name_kn": "ದೆಪೊಟ್-12 ಗಟೆ",
                "stop_id": "35721",
                "lat": 12.90471,
                "lon": 77.47084
              },
              {
                "name": "NICE Road Kengeri Road Junction",
                "name_kn": "ನಿಕೆ ರೊದ್ ಕೆಙೆರಿ ರೊದ್ ಜುಂಕ್ಟಿೊಂ",
                "stop_id": "35386",
                "lat": 12.90224,
                "lon": 77.46926
              },
              {
                "name": "Vishwa Okkaligara Mata Basavanagara",
                "name_kn": "ವಿಶ್ವ ೊಕ್ಕಲಿಗರ ಮಟ ಬಸವನಗರ",
                "stop_id": "20627",
                "lat": 12.90099,
                "lon": 77.46746
              },
              {
                "name": "RR Medical College",
                "name_kn": "ರ್ರ್ ಮೆದಿಕಲ್ ಕೊಲ್ಲೆಗೆ",
                "stop_id": "35390",
                "lat": 12.89614,
                "lon": 77.46087
              },
              {
                "name": "Anchepalya",
                "name_kn": "ಅಂಚೆಪಲೆ",
                "stop_id": "20604",
                "lat": 12.89258,
                "lon": 77.45798
              },
              {
                "name": "Juggath Pharma",
                "name_kn": "ಜುಗ್ಗತ್ ಫರ್ಮ",
                "stop_id": "30476",
                "lat": 12.89081,
                "lon": 77.45532
              },
              {
                "name": "Ramohalli Cross",
                "name_kn": "ರಮೊಹಲ್ಲಿ ಕ್ರೊಸ್ಸ್",
                "stop_id": "35388",
                "lat": 12.88674,
                "lon": 77.45125
              },
              {
                "name": "Kumbalagodu",
                "name_kn": "ಕುಂಬಲಗೊದು",
                "stop_id": "35432",
                "lat": 12.87826,
                "lon": 77.4455
              },
              {
                "name": "YMCA Public School",
                "name_kn": "ಯ್ಂಕ ಪುಬ್ಲಿಕ್ ಸ್ಚೂಲ್",
                "stop_id": "22849",
                "lat": 12.87354,
                "lon": 77.44835
              },
              {
                "name": "Pinto Bore",
                "name_kn": "ಪಿಂಟೊ ಬೊರೆ",
                "stop_id": "34257",
                "lat": 12.8708,
                "lon": 77.45048
              },
              {
                "name": "Thagachaguppe",
                "name_kn": "ತಗಚಗುಪ್ಪೆ",
                "stop_id": "34775",
                "lat": 12.86647,
                "lon": 77.45507
              },
              {
                "name": "Devagere Cross",
                "name_kn": "ದೆವಗೆರೆ ಕ್ರೊಸ್ಸ್",
                "stop_id": "24904",
                "lat": 12.86431,
                "lon": 77.45713
              },
              {
                "name": "Devagere",
                "name_kn": "ದೆವಗೆರೆ",
                "stop_id": "32442",
                "lat": 12.85669,
                "lon": 77.46556
              }
            ]
          },
          {
            "Route": "229-B KBS-DVG",
            "RouteId": 2471,
            "RouteParentId": 1426,
            "Destination": "Devagere",
            "Via": "",
            "Area": "Kempegowda Bus Station",
            "PlatformNumber": "3",
            "KannadaDestination": "ದೆವಗೆರೆ",
            "KannadaArea": "ಕೆಂಪೇಗೌಡ ಬಸ್ ನಿಲ್ದಾಣ",
            "KannadaVia": "",
            "FromStationId": 20925,
            "Stops": [
              {
                "name": "Kengeri Bus Station",
                "name_kn": "ಕೆಙೆರಿ ಬುಸ್ ಸ್ಟಟಿೊಂ",
                "stop_id": "20925",
                "lat": 12.91379,
                "lon": 77.4871
              },
              {
                "name": "Kengeri Police Station",
                "name_kn": "ಕೆಙೆರಿ ಪೊಲಿಕೆ ಸ್ಟಟಿೊಂ",
                "stop_id": "21094",
                "lat": 12.91007,
                "lon": 77.48146
              },
              {
                "name": "Kengeri Metro Station",
                "name_kn": "ಕೆಙೆರಿ ಮೆಟ್ರೊ ಸ್ಟಟಿೊಂ",
                "stop_id": "38620",
                "lat": 12.90757,
                "lon": 77.47606
              },
              {
                "name": "Depot-12 Gate",
                "name_kn": "ದೆಪೊಟ್-12 ಗಟೆ",
                "stop_id": "35721",
                "lat": 12.90471,
                "lon": 77.47084
              },
              {
                "name": "NICE Road Kengeri Road Junction",
                "name_kn": "ನಿಕೆ ರೊದ್ ಕೆಙೆರಿ ರೊದ್ ಜುಂಕ್ಟಿೊಂ",
                "stop_id": "35386",
                "lat": 12.90224,
                "lon": 77.46926
              },
              {
                "name": "Vishwa Okkaligara Mata Basavanagara",
                "name_kn": "ವಿಶ್ವ ೊಕ್ಕಲಿಗರ ಮಟ ಬಸವನಗರ",
                "stop_id": "20627",
                "lat": 12.90099,
                "lon": 77.46746
              },
              {
                "name": "RR Medical College",
                "name_kn": "ರ್ರ್ ಮೆದಿಕಲ್ ಕೊಲ್ಲೆಗೆ",
                "stop_id": "35390",
                "lat": 12.89614,
                "lon": 77.46087
              },
              {
                "name": "Anchepalya",
                "name_kn": "ಅಂಚೆಪಲೆ",
                "stop_id": "20604",
                "lat": 12.89258,
                "lon": 77.45798
              },
              {
                "name": "Juggath Pharma",
                "name_kn": "ಜುಗ್ಗತ್ ಫರ್ಮ",
                "stop_id": "30476",
                "lat": 12.89081,
                "lon": 77.45532
              },
              {
                "name": "Ramohalli Cross",
                "name_kn": "ರಮೊಹಲ್ಲಿ ಕ್ರೊಸ್ಸ್",
                "stop_id": "35388",
                "lat": 12.88674,
                "lon": 77.45125
              },
              {
                "name": "Kumbalagodu",
                "name_kn": "ಕುಂಬಲಗೊದು",
                "stop_id": "35432",
                "lat": 12.87826,
                "lon": 77.4455
              },
              {
                "name": "YMCA Public School",
                "name_kn": "ಯ್ಂಕ ಪುಬ್ಲಿಕ್ ಸ್ಚೂಲ್",
                "stop_id": "22849",
                "lat": 12.87354,
                "lon": 77.44835
              },
              {
                "name": "Pinto Bore",
                "name_kn": "ಪಿಂಟೊ ಬೊರೆ",
                "stop_id": "34257",
                "lat": 12.8708,
                "lon": 77.45048
              },
              {
                "name": "Thagachaguppe",
                "name_kn": "ತಗಚಗುಪ್ಪೆ",
                "stop_id": "34775",
                "lat": 12.86647,
                "lon": 77.45507
              },
              {
                "name": "Devagere Cross",
                "name_kn": "ದೆವಗೆರೆ ಕ್ರೊಸ್ಸ್",
                "stop_id": "24904",
                "lat": 12.86431,
                "lon": 77.45713
              },
              {
                "name": "Devagere",
                "name_kn": "ದೆವಗೆರೆ",
                "stop_id": "32442",
                "lat": 12.85669,
                "lon": 77.46556
              }
            ]
          },
          {
            "Route": "228-K SBS-KMTFLY-BDD",
            "RouteId": 12097,
            "RouteParentId": 6444,
            "Destination": "Bidadi",
            "Via": "",
            "Area": "Shivajinagara Bus Station",
            "PlatformNumber": "3",
            "KannadaDestination": "ಬಿದದಿ",
            "KannadaArea": "ಶಿವಾಜಿನಗರ ಬಸ್ ನಿಲ್ದಾಣ",
            "KannadaVia": "",
            "FromStationId": 20925,
            "Stops": [
              {
                "name": "Kengeri Bus Station",
                "name_kn": "ಕೆಙೆರಿ ಬುಸ್ ಸ್ಟಟಿೊಂ",
                "stop_id": "20925",
                "lat": 12.91379,
                "lon": 77.4871
              },
              {
                "name": "Kengeri Police Station",
                "name_kn": "ಕೆಙೆರಿ ಪೊಲಿಕೆ ಸ್ಟಟಿೊಂ",
                "stop_id": "21094",
                "lat": 12.91007,
                "lon": 77.48146
              },
              {
                "name": "Kengeri Metro Station",
                "name_kn": "ಕೆಙೆರಿ ಮೆಟ್ರೊ ಸ್ಟಟಿೊಂ",
                "stop_id": "38620",
                "lat": 12.90757,
                "lon": 77.47606
              },
              {
                "name": "Depot-12 Gate",
                "name_kn": "ದೆಪೊಟ್-12 ಗಟೆ",
                "stop_id": "35721",
                "lat": 12.90471,
                "lon": 77.47084
              },
              {
                "name": "NICE Road Kengeri Road Junction",
                "name_kn": "ನಿಕೆ ರೊದ್ ಕೆಙೆರಿ ರೊದ್ ಜುಂಕ್ಟಿೊಂ",
                "stop_id": "35386",
                "lat": 12.90224,
                "lon": 77.46926
              },
              {
                "name": "Vishwa Okkaligara Mata Basavanagara",
                "name_kn": "ವಿಶ್ವ ೊಕ್ಕಲಿಗರ ಮಟ ಬಸವನಗರ",
                "stop_id": "20627",
                "lat": 12.90099,
                "lon": 77.46746
              },
              {
                "name": "RR Medical College",
                "name_kn": "ರ್ರ್ ಮೆದಿಕಲ್ ಕೊಲ್ಲೆಗೆ",
                "stop_id": "35390",
                "lat": 12.89614,
                "lon": 77.46087
              },
              {
                "name": "Anchepalya",
                "name_kn": "ಅಂಚೆಪಲೆ",
                "stop_id": "20604",
                "lat": 12.89258,
                "lon": 77.45798
              },
              {
                "name": "Ramohalli Cross",
                "name_kn": "ರಮೊಹಲ್ಲಿ ಕ್ರೊಸ್ಸ್",
                "stop_id": "35388",
                "lat": 12.88674,
                "lon": 77.45125
              },
              {
                "name": "Kumbalagodu",
                "name_kn": "ಕುಂಬಲಗೊದು",
                "stop_id": "35432",
                "lat": 12.87826,
                "lon": 77.4455
              },
              {
                "name": "YMCA Public School",
                "name_kn": "ಯ್ಂಕ ಪುಬ್ಲಿಕ್ ಸ್ಚೂಲ್",
                "stop_id": "22849",
                "lat": 12.87354,
                "lon": 77.44835
              },
              {
                "name": "Pinto Bore",
                "name_kn": "ಪಿಂಟೊ ಬೊರೆ",
                "stop_id": "34257",
                "lat": 12.8708,
                "lon": 77.45048
              },
              {
                "name": "Thagachaguppe",
                "name_kn": "ತಗಚಗುಪ್ಪೆ",
                "stop_id": "34775",
                "lat": 12.86647,
                "lon": 77.45507
              },
              {
                "name": "Devagere Cross",
                "name_kn": "ದೆವಗೆರೆ ಕ್ರೊಸ್ಸ್",
                "stop_id": "24904",
                "lat": 12.86431,
                "lon": 77.45713
              },
              {
                "name": "Ranga Jangama",
                "name_kn": "ರಙ ಜಙಮ",
                "stop_id": "34389",
                "lat": 12.85579,
                "lon": 77.45278
              },
              {
                "name": "Nalku Kamba",
                "name_kn": "ನಲ್ಕು ಕಂಬ",
                "stop_id": "34073",
                "lat": 12.85215,
                "lon": 77.45203
              },
              {
                "name": "Eradu Kamba",
                "name_kn": "ಎರದು ಕಂಬ",
                "stop_id": "32596",
                "lat": 12.849,
                "lon": 77.45135
              },
              {
                "name": "K Gollahalli",
                "name_kn": "ಕ್ ಗೊಲ್ಲಹಲ್ಲಿ",
                "stop_id": "33194",
                "lat": 12.8432,
                "lon": 77.4515
              },
              {
                "name": "GOVT Hospital K Gollahalli",
                "name_kn": "ಗೊವ್ಟ್ ಹೊಸ್ಪಿಟಲ್ ಕ್ ಗೊಲ್ಲಹಲ್ಲಿ",
                "stop_id": "32979",
                "lat": 12.83939,
                "lon": 77.45168
              },
              {
                "name": "Gonipura",
                "name_kn": "ಗೊನಿಪುರ",
                "stop_id": "32721",
                "lat": 12.83243,
                "lon": 77.45107
              },
              {
                "name": "Seegehalli Cross",
                "name_kn": "ಸೀಗೆಹಲ್ಲಿ ಕ್ರೊಸ್ಸ್",
                "stop_id": "28204",
                "lat": 12.82536,
                "lon": 77.44927
              },
              {
                "name": "Lingapura",
                "name_kn": "ಲಿಙಪುರ",
                "stop_id": "33704",
                "lat": 12.82141,
                "lon": 77.44411
              },
              {
                "name": "Thippuru",
                "name_kn": "ತಿಪ್ಪುರು",
                "stop_id": "34995",
                "lat": 12.81505,
                "lon": 77.44129
              },
              {
                "name": "Bychohalli",
                "name_kn": "ಬೆಚೊಹಲ್ಲಿ",
                "stop_id": "30283",
                "lat": 12.80653,
                "lon": 77.43822
              },
              {
                "name": "Parasanapalya",
                "name_kn": "ಪರಸನಪಲೆ",
                "stop_id": "34223",
                "lat": 12.79936,
                "lon": 77.43749
              },
              {
                "name": "Doddy Chikkakuntanahalli",
                "name_kn": "ದೊದ್ಠೆ ಚಿಕ್ಕಕುಂಟನಹಲ್ಲಿ",
                "stop_id": "25125",
                "lat": 12.79695,
                "lon": 77.44132
              },
              {
                "name": "Chikka Kuntanahalli",
                "name_kn": "ಚಿಕ್ಕ ಕುಂಟನಹಲ್ಲಿ",
                "stop_id": "32279",
                "lat": 12.79357,
                "lon": 77.43843
              },
              {
                "name": "Chikka Kuntanahalli Cross",
                "name_kn": "ಚಿಕ್ಕ ಕುಂಟನಹಲ್ಲಿ ಕ್ರೊಸ್ಸ್",
                "stop_id": "32280",
                "lat": 12.79216,
                "lon": 77.43871
              },
              {
                "name": "Shyanumangala",
                "name_kn": "ಶೆನುಮಙಲ",
                "stop_id": "26413",
                "lat": 12.79432,
                "lon": 77.43282
              },
              {
                "name": "Gollarapalya",
                "name_kn": "ಗೊಲ್ಲರಪಲೆ",
                "stop_id": "32718",
                "lat": 12.80143,
                "lon": 77.42531
              },
              {
                "name": "Pichaguntarapalya",
                "name_kn": "ಪಿಚಗುಂಟರಪಲೆ",
                "stop_id": "34248",
                "lat": 12.80468,
                "lon": 77.42245
              },
              {
                "name": "Motherson Automotive Cross",
                "name_kn": "ಮೊತೆರ್ಸೊಂ ೌಟೊಮೊಟಿವೆ ಕ್ರೊಸ್ಸ್",
                "stop_id": "33953",
                "lat": 12.80778,
                "lon": 77.4197
              },
              {
                "name": "Eagleton Resort",
                "name_kn": "ಎಗ್ಲೆಟೊಂ ರೆಸೊರ್ಟ್",
                "stop_id": "32583",
                "lat": 12.81054,
                "lon": 77.41626
              },
              {
                "name": "Kadumane Hotel1",
                "name_kn": "ಕದುಮನೆ ಹೊಟೆಲ್1",
                "stop_id": "35765",
                "lat": 12.81524,
                "lon": 77.40755
              },
              {
                "name": "Billa Kempanahalli Gate",
                "name_kn": "ಬಿಲ್ಲ ಕೆಂಪನಹಲ್ಲಿ ಗಟೆ",
                "stop_id": "21468",
                "lat": 12.81212,
                "lon": 77.40408
              },
              {
                "name": "Chikkabillakempanahalli (Padmashree Hospital)",
                "name_kn": "ಚಿಕ್ಕಬಿಲ್ಲಕೆಂಪನಹಲ್ಲಿ (ಪದ್ಮಶ್ರೀ ಹೊಸ್ಪಿಟಲ್)",
                "stop_id": "39911",
                "lat": 12.80747,
                "lon": 77.40077
              },
              {
                "name": "Byramangala Cross",
                "name_kn": "ಬೆರಮಙಲ ಕ್ರೊಸ್ಸ್",
                "stop_id": "35399",
                "lat": 12.80222,
                "lon": 77.39714
              },
              {
                "name": "Bidadi Railway Station",
                "name_kn": "ಬಿದದಿ ರೈಲ್ವಯ್ ಸ್ಟಟಿೊಂ",
                "stop_id": "21466",
                "lat": 12.79973,
                "lon": 77.39107
              },
              {
                "name": "Bidadi",
                "name_kn": "ಬಿದದಿ",
                "stop_id": "35913",
                "lat": 12.7969,
                "lon": 77.38458
              }
            ]
          },
          {
            "Route": "229-D KBS-KGP",
            "RouteId": 15716,
            "RouteParentId": 8428,
            "Destination": "Kaggalipura",
            "Via": "",
            "Area": "Kempegowda Bus Station",
            "PlatformNumber": "3",
            "KannadaDestination": "ಕಗ್ಗಲಿಪುರ",
            "KannadaArea": "ಕೆಂಪೇಗೌಡ ಬಸ್ ನಿಲ್ದಾಣ",
            "KannadaVia": "",
            "FromStationId": 20925,
            "Stops": [
              {
                "name": "Kengeri Bus Station",
                "name_kn": "ಕೆಙೆರಿ ಬುಸ್ ಸ್ಟಟಿೊಂ",
                "stop_id": "20925",
                "lat": 12.91379,
                "lon": 77.4871
              },
              {
                "name": "Kengeri Police Station",
                "name_kn": "ಕೆಙೆರಿ ಪೊಲಿಕೆ ಸ್ಟಟಿೊಂ",
                "stop_id": "21094",
                "lat": 12.91007,
                "lon": 77.48146
              },
              {
                "name": "Kengeri Metro Station",
                "name_kn": "ಕೆಙೆರಿ ಮೆಟ್ರೊ ಸ್ಟಟಿೊಂ",
                "stop_id": "38620",
                "lat": 12.90757,
                "lon": 77.47606
              },
              {
                "name": "Depot-12 Gate",
                "name_kn": "ದೆಪೊಟ್-12 ಗಟೆ",
                "stop_id": "35721",
                "lat": 12.90471,
                "lon": 77.47084
              },
              {
                "name": "NICE Road Kengeri Road Junction",
                "name_kn": "ನಿಕೆ ರೊದ್ ಕೆಙೆರಿ ರೊದ್ ಜುಂಕ್ಟಿೊಂ",
                "stop_id": "35386",
                "lat": 12.90224,
                "lon": 77.46926
              },
              {
                "name": "Vishwa Okkaligara Mata Basavanagara",
                "name_kn": "ವಿಶ್ವ ೊಕ್ಕಲಿಗರ ಮಟ ಬಸವನಗರ",
                "stop_id": "20627",
                "lat": 12.90099,
                "lon": 77.46746
              },
              {
                "name": "RR Medical College",
                "name_kn": "ರ್ರ್ ಮೆದಿಕಲ್ ಕೊಲ್ಲೆಗೆ",
                "stop_id": "35390",
                "lat": 12.89614,
                "lon": 77.46087
              },
              {
                "name": "Anchepalya",
                "name_kn": "ಅಂಚೆಪಲೆ",
                "stop_id": "20604",
                "lat": 12.89258,
                "lon": 77.45798
              },
              {
                "name": "Juggath Pharma",
                "name_kn": "ಜುಗ್ಗತ್ ಫರ್ಮ",
                "stop_id": "30476",
                "lat": 12.89081,
                "lon": 77.45532
              },
              {
                "name": "Ramohalli Cross",
                "name_kn": "ರಮೊಹಲ್ಲಿ ಕ್ರೊಸ್ಸ್",
                "stop_id": "35388",
                "lat": 12.88674,
                "lon": 77.45125
              },
              {
                "name": "Kumbalagodu",
                "name_kn": "ಕುಂಬಲಗೊದು",
                "stop_id": "35432",
                "lat": 12.87826,
                "lon": 77.4455
              },
              {
                "name": "YMCA Public School",
                "name_kn": "ಯ್ಂಕ ಪುಬ್ಲಿಕ್ ಸ್ಚೂಲ್",
                "stop_id": "22849",
                "lat": 12.87354,
                "lon": 77.44835
              },
              {
                "name": "Pinto Bore",
                "name_kn": "ಪಿಂಟೊ ಬೊರೆ",
                "stop_id": "34257",
                "lat": 12.8708,
                "lon": 77.45048
              },
              {
                "name": "Thagachaguppe",
                "name_kn": "ತಗಚಗುಪ್ಪೆ",
                "stop_id": "34775",
                "lat": 12.86647,
                "lon": 77.45507
              },
              {
                "name": "Devagere Cross",
                "name_kn": "ದೆವಗೆರೆ ಕ್ರೊಸ್ಸ್",
                "stop_id": "24904",
                "lat": 12.86431,
                "lon": 77.45713
              },
              {
                "name": "Devagere",
                "name_kn": "ದೆವಗೆರೆ",
                "stop_id": "32442",
                "lat": 12.85669,
                "lon": 77.46556
              },
              {
                "name": "BGS College Gate Devagere",
                "name_kn": "ಬ್ಗ್ಸ್ ಕೊಲ್ಲೆಗೆ ಗಟೆ ದೆವಗೆರೆ",
                "stop_id": "32007",
                "lat": 12.84762,
                "lon": 77.46871
              },
              {
                "name": "Gangasandra",
                "name_kn": "ಗಙಸಂದ್ರ",
                "stop_id": "25317",
                "lat": 12.84626,
                "lon": 77.47073
              },
              {
                "name": "Hosapalya Colony",
                "name_kn": "ಹೊಸಪಲೆ ಕೊಲೊನೆ",
                "stop_id": "25982",
                "lat": 12.84361,
                "lon": 77.47559
              },
              {
                "name": "Agara",
                "name_kn": "ಅಗರ",
                "stop_id": "23002",
                "lat": 12.8429,
                "lon": 77.4863
              },
              {
                "name": "Byrasandra",
                "name_kn": "ಬೆರಸಂದ್ರ",
                "stop_id": "32188",
                "lat": 12.83495,
                "lon": 77.48547
              },
              {
                "name": "Banjarapalya",
                "name_kn": "ಬಞರಪಲೆ",
                "stop_id": "29709",
                "lat": 12.8304,
                "lon": 77.48572
              },
              {
                "name": "Thimmegowdarapalya",
                "name_kn": "ತಿಮ್ಮೆಗೌದರಪಲೆ",
                "stop_id": "31443",
                "lat": 12.82437,
                "lon": 77.49
              },
              {
                "name": "Utthari",
                "name_kn": "ಉಟ್ಹರಿ",
                "stop_id": "34939",
                "lat": 12.81798,
                "lon": 77.49322
              },
              {
                "name": "Dinnepalya",
                "name_kn": "ದಿಂನೆಪಲೆ",
                "stop_id": "24990",
                "lat": 12.81122,
                "lon": 77.49245
              },
              {
                "name": "Kaggalipura Colony",
                "name_kn": "ಕಗ್ಗಲಿಪುರ ಕೊಲೊನೆ",
                "stop_id": "33245",
                "lat": 12.80645,
                "lon": 77.50319
              },
              {
                "name": "Kaggalipura",
                "name_kn": "ಕಗ್ಗಲಿಪುರ",
                "stop_id": "22137",
                "lat": 12.80032,
                "lon": 77.50849
              }
            ]
          },
          {
            "Route": "228-D",
            "RouteId": 16624,
            "RouteParentId": 8902,
            "Destination": "Nithyanandanagara",
            "Via": "",
            "Area": "KR Market (Kalasipalya)",
            "PlatformNumber": "3",
            "KannadaDestination": "ನಿತೆನಂದನಗರ",
            "KannadaArea": "ಕೆಆರ್ ಮಾರುಕಟ್ಟೆ (ಕಲಾಸಿಪಾಳ್ಯ)",
            "KannadaVia": "",
            "FromStationId": 20925,
            "Stops": [
              {
                "name": "Kengeri Bus Station",
                "name_kn": "ಕೆಙೆರಿ ಬುಸ್ ಸ್ಟಟಿೊಂ",
                "stop_id": "20925",
                "lat": 12.91379,
                "lon": 77.4871
              },
              {
                "name": "Kengeri Police Station",
                "name_kn": "ಕೆಙೆರಿ ಪೊಲಿಕೆ ಸ್ಟಟಿೊಂ",
                "stop_id": "21094",
                "lat": 12.91007,
                "lon": 77.48146
              },
              {
                "name": "Kengeri Metro Station",
                "name_kn": "ಕೆಙೆರಿ ಮೆಟ್ರೊ ಸ್ಟಟಿೊಂ",
                "stop_id": "38620",
                "lat": 12.90757,
                "lon": 77.47606
              },
              {
                "name": "Depot-12 Gate",
                "name_kn": "ದೆಪೊಟ್-12 ಗಟೆ",
                "stop_id": "35721",
                "lat": 12.90471,
                "lon": 77.47084
              },
              {
                "name": "NICE Road Kengeri Road Junction",
                "name_kn": "ನಿಕೆ ರೊದ್ ಕೆಙೆರಿ ರೊದ್ ಜುಂಕ್ಟಿೊಂ",
                "stop_id": "35386",
                "lat": 12.90224,
                "lon": 77.46926
              },
              {
                "name": "Vishwa Okkaligara Mata Basavanagara",
                "name_kn": "ವಿಶ್ವ ೊಕ್ಕಲಿಗರ ಮಟ ಬಸವನಗರ",
                "stop_id": "20627",
                "lat": 12.90099,
                "lon": 77.46746
              },
              {
                "name": "RR Medical College",
                "name_kn": "ರ್ರ್ ಮೆದಿಕಲ್ ಕೊಲ್ಲೆಗೆ",
                "stop_id": "35390",
                "lat": 12.89614,
                "lon": 77.46087
              },
              {
                "name": "Anchepalya",
                "name_kn": "ಅಂಚೆಪಲೆ",
                "stop_id": "20604",
                "lat": 12.89258,
                "lon": 77.45798
              },
              {
                "name": "Juggath Pharma",
                "name_kn": "ಜುಗ್ಗತ್ ಫರ್ಮ",
                "stop_id": "30476",
                "lat": 12.89081,
                "lon": 77.45532
              },
              {
                "name": "Ramohalli Cross",
                "name_kn": "ರಮೊಹಲ್ಲಿ ಕ್ರೊಸ್ಸ್",
                "stop_id": "35388",
                "lat": 12.88674,
                "lon": 77.45125
              },
              {
                "name": "Kumbalagodu",
                "name_kn": "ಕುಂಬಲಗೊದು",
                "stop_id": "35432",
                "lat": 12.87826,
                "lon": 77.4455
              },
              {
                "name": "YMCA Public School",
                "name_kn": "ಯ್ಂಕ ಪುಬ್ಲಿಕ್ ಸ್ಚೂಲ್",
                "stop_id": "22849",
                "lat": 12.87354,
                "lon": 77.44835
              },
              {
                "name": "Pinto Bore",
                "name_kn": "ಪಿಂಟೊ ಬೊರೆ",
                "stop_id": "34257",
                "lat": 12.8708,
                "lon": 77.45048
              },
              {
                "name": "Thagachaguppe",
                "name_kn": "ತಗಚಗುಪ್ಪೆ",
                "stop_id": "34775",
                "lat": 12.86647,
                "lon": 77.45507
              },
              {
                "name": "Devagere Cross",
                "name_kn": "ದೆವಗೆರೆ ಕ್ರೊಸ್ಸ್",
                "stop_id": "24904",
                "lat": 12.86431,
                "lon": 77.45713
              },
              {
                "name": "Nithyanandanagara",
                "name_kn": "ನಿತೆನಂದನಗರ",
                "stop_id": "39912",
                "lat": 12.8466,
                "lon": 77.46146
              }
            ]
          },
          {
            "Route": "224",
            "RouteId": 2055,
            "RouteParentId": 1204,
            "Destination": "Karabele",
            "Via": "",
            "Area": "KR Market (Kalasipalya)",
            "PlatformNumber": "3",
            "KannadaDestination": "ಕರಬೆಲೆ",
            "KannadaArea": "ಕೆಆರ್ ಮಾರುಕಟ್ಟೆ (ಕಲಾಸಿಪಾಳ್ಯ)",
            "KannadaVia": "",
            "FromStationId": 20925,
            "Stops": [
              {
                "name": "Kengeri Bus Station",
                "name_kn": "ಕೆಙೆರಿ ಬುಸ್ ಸ್ಟಟಿೊಂ",
                "stop_id": "20925",
                "lat": 12.91379,
                "lon": 77.4871
              },
              {
                "name": "Kodihalli Gate/Gollahallii Jn",
                "name_kn": "ಕೊದಿಹಲ್ಲಿ ಗಟೆ/ಗೊಲ್ಲಹಲ್ಲೀ ಜ್ಂ",
                "stop_id": "22112",
                "lat": 12.90772,
                "lon": 77.48889
              },
              {
                "name": "Kodipalya",
                "name_kn": "ಕೊದಿಪಲೆ",
                "stop_id": "33534",
                "lat": 12.90381,
                "lon": 77.48786
              },
              {
                "name": "Sridhara Gudda",
                "name_kn": "ಸ್ರಿಧರ ಗುದ್ದ",
                "stop_id": "34678",
                "lat": 12.89926,
                "lon": 77.48766
              },
              {
                "name": "Konasandra Cross",
                "name_kn": "ಕೊನಸಂದ್ರ ಕ್ರೊಸ್ಸ್",
                "stop_id": "33564",
                "lat": 12.8924,
                "lon": 77.48637
              },
              {
                "name": "Konasandra",
                "name_kn": "ಕೊನಸಂದ್ರ",
                "stop_id": "31213",
                "lat": 12.88955,
                "lon": 77.48572
              },
              {
                "name": "Hemmigepura",
                "name_kn": "ಹೆಮ್ಮಿಗೆಪುರ",
                "stop_id": "25848",
                "lat": 12.88173,
                "lon": 77.48484
              },
              {
                "name": "H Gollahalli Cross",
                "name_kn": "ಹ್ ಗೊಲ್ಲಹಲ್ಲಿ ಕ್ರೊಸ್ಸ್",
                "stop_id": "25650",
                "lat": 12.87793,
                "lon": 77.48162
              },
              {
                "name": "H Gollahalli",
                "name_kn": "ಹ್ ಗೊಲ್ಲಹಲ್ಲಿ",
                "stop_id": "25648",
                "lat": 12.87589,
                "lon": 77.48006
              },
              {
                "name": "Muneshwara Layout",
                "name_kn": "ಮುನೆಶ್ವರ ಲಯೌಟ್",
                "stop_id": "33973",
                "lat": 12.87256,
                "lon": 77.46762
              },
              {
                "name": "Karabele",
                "name_kn": "ಕರಬೆಲೆ",
                "stop_id": "30873",
                "lat": 12.87503,
                "lon": 77.46639
              }
            ]
          },
          {
            "Route": "224-A",
            "RouteId": 2057,
            "RouteParentId": 1205,
            "Destination": "Varahasandra",
            "Via": "",
            "Area": "KR Market (Kalasipalya)",
            "PlatformNumber": "3",
            "KannadaDestination": "ವರಹಸಂದ್ರ",
            "KannadaArea": "ಕೆಆರ್ ಮಾರುಕಟ್ಟೆ (ಕಲಾಸಿಪಾಳ್ಯ)",
            "KannadaVia": "",
            "FromStationId": 20925,
            "Stops": [
              {
                "name": "Kengeri Bus Station",
                "name_kn": "ಕೆಙೆರಿ ಬುಸ್ ಸ್ಟಟಿೊಂ",
                "stop_id": "20925",
                "lat": 12.91379,
                "lon": 77.4871
              },
              {
                "name": "Kodihalli Gate/Gollahallii Jn",
                "name_kn": "ಕೊದಿಹಲ್ಲಿ ಗಟೆ/ಗೊಲ್ಲಹಲ್ಲೀ ಜ್ಂ",
                "stop_id": "22112",
                "lat": 12.90772,
                "lon": 77.48889
              },
              {
                "name": "Kodipalya",
                "name_kn": "ಕೊದಿಪಲೆ",
                "stop_id": "33534",
                "lat": 12.90381,
                "lon": 77.48786
              },
              {
                "name": "Sridhara Gudda",
                "name_kn": "ಸ್ರಿಧರ ಗುದ್ದ",
                "stop_id": "34678",
                "lat": 12.89926,
                "lon": 77.48766
              },
              {
                "name": "Konasandra Cross",
                "name_kn": "ಕೊನಸಂದ್ರ ಕ್ರೊಸ್ಸ್",
                "stop_id": "33564",
                "lat": 12.8924,
                "lon": 77.48637
              },
              {
                "name": "Konasandra",
                "name_kn": "ಕೊನಸಂದ್ರ",
                "stop_id": "31213",
                "lat": 12.88955,
                "lon": 77.48572
              },
              {
                "name": "Hemmigepura",
                "name_kn": "ಹೆಮ್ಮಿಗೆಪುರ",
                "stop_id": "25848",
                "lat": 12.88173,
                "lon": 77.48484
              },
              {
                "name": "H Gollahalli Cross",
                "name_kn": "ಹ್ ಗೊಲ್ಲಹಲ್ಲಿ ಕ್ರೊಸ್ಸ್",
                "stop_id": "25650",
                "lat": 12.87793,
                "lon": 77.48162
              },
              {
                "name": "H Gollahalli",
                "name_kn": "ಹ್ ಗೊಲ್ಲಹಲ್ಲಿ",
                "stop_id": "25648",
                "lat": 12.87589,
                "lon": 77.48006
              },
              {
                "name": "Varahasandra",
                "name_kn": "ವರಹಸಂದ್ರ",
                "stop_id": "31560",
                "lat": 12.87403,
                "lon": 77.48672
              }
            ]
          },
          {
            "Route": "224-C",
            "RouteId": 2059,
            "RouteParentId": 1206,
            "Destination": "Karabele",
            "Via": "",
            "Area": "Kempegowda Bus Station",
            "PlatformNumber": "3",
            "KannadaDestination": "ಕರಬೆಲೆ",
            "KannadaArea": "ಕೆಂಪೇಗೌಡ ಬಸ್ ನಿಲ್ದಾಣ",
            "KannadaVia": "",
            "FromStationId": 20925,
            "Stops": [
              {
                "name": "Kengeri Bus Station",
                "name_kn": "ಕೆಙೆರಿ ಬುಸ್ ಸ್ಟಟಿೊಂ",
                "stop_id": "20925",
                "lat": 12.91379,
                "lon": 77.4871
              },
              {
                "name": "Kodihalli Gate/Gollahallii Jn",
                "name_kn": "ಕೊದಿಹಲ್ಲಿ ಗಟೆ/ಗೊಲ್ಲಹಲ್ಲೀ ಜ್ಂ",
                "stop_id": "22112",
                "lat": 12.90772,
                "lon": 77.48889
              },
              {
                "name": "Kodipalya",
                "name_kn": "ಕೊದಿಪಲೆ",
                "stop_id": "33534",
                "lat": 12.90381,
                "lon": 77.48786
              },
              {
                "name": "Sridhara Gudda",
                "name_kn": "ಸ್ರಿಧರ ಗುದ್ದ",
                "stop_id": "34678",
                "lat": 12.89926,
                "lon": 77.48766
              },
              {
                "name": "Konasandra Cross",
                "name_kn": "ಕೊನಸಂದ್ರ ಕ್ರೊಸ್ಸ್",
                "stop_id": "33564",
                "lat": 12.8924,
                "lon": 77.48637
              },
              {
                "name": "Konasandra",
                "name_kn": "ಕೊನಸಂದ್ರ",
                "stop_id": "31213",
                "lat": 12.88955,
                "lon": 77.48572
              },
              {
                "name": "Hemmigepura",
                "name_kn": "ಹೆಮ್ಮಿಗೆಪುರ",
                "stop_id": "25848",
                "lat": 12.88173,
                "lon": 77.48484
              },
              {
                "name": "H Gollahalli Cross",
                "name_kn": "ಹ್ ಗೊಲ್ಲಹಲ್ಲಿ ಕ್ರೊಸ್ಸ್",
                "stop_id": "25650",
                "lat": 12.87793,
                "lon": 77.48162
              },
              {
                "name": "H Gollahalli",
                "name_kn": "ಹ್ ಗೊಲ್ಲಹಲ್ಲಿ",
                "stop_id": "25648",
                "lat": 12.87589,
                "lon": 77.48006
              },
              {
                "name": "Muneshwara Layout",
                "name_kn": "ಮುನೆಶ್ವರ ಲಯೌಟ್",
                "stop_id": "33973",
                "lat": 12.87256,
                "lon": 77.46762
              },
              {
                "name": "Karabele",
                "name_kn": "ಕರಬೆಲೆ",
                "stop_id": "30873",
                "lat": 12.87503,
                "lon": 77.46639
              }
            ]
          },
          {
            "Route": "224-D",
            "RouteId": 2061,
            "RouteParentId": 1207,
            "Destination": "Doddypalya",
            "Via": "",
            "Area": "KR Market (Kalasipalya)",
            "PlatformNumber": "3",
            "KannadaDestination": "ದೊದ್ಠೆಪಲೆ",
            "KannadaArea": "ಕೆಆರ್ ಮಾರುಕಟ್ಟೆ (ಕಲಾಸಿಪಾಳ್ಯ)",
            "KannadaVia": "",
            "FromStationId": 20925,
            "Stops": [
              {
                "name": "Kengeri Bus Station",
                "name_kn": "ಕೆಙೆರಿ ಬುಸ್ ಸ್ಟಟಿೊಂ",
                "stop_id": "20925",
                "lat": 12.91379,
                "lon": 77.4871
              },
              {
                "name": "Kodihalli Gate/Gollahallii Jn",
                "name_kn": "ಕೊದಿಹಲ್ಲಿ ಗಟೆ/ಗೊಲ್ಲಹಲ್ಲೀ ಜ್ಂ",
                "stop_id": "22112",
                "lat": 12.90772,
                "lon": 77.48889
              },
              {
                "name": "Kodipalya",
                "name_kn": "ಕೊದಿಪಲೆ",
                "stop_id": "33534",
                "lat": 12.90381,
                "lon": 77.48786
              },
              {
                "name": "Sridhara Gudda",
                "name_kn": "ಸ್ರಿಧರ ಗುದ್ದ",
                "stop_id": "34678",
                "lat": 12.89926,
                "lon": 77.48766
              },
              {
                "name": "Konasandra Cross",
                "name_kn": "ಕೊನಸಂದ್ರ ಕ್ರೊಸ್ಸ್",
                "stop_id": "33564",
                "lat": 12.8924,
                "lon": 77.48637
              },
              {
                "name": "Konasandra",
                "name_kn": "ಕೊನಸಂದ್ರ",
                "stop_id": "31213",
                "lat": 12.88955,
                "lon": 77.48572
              },
              {
                "name": "Hemmigepura",
                "name_kn": "ಹೆಮ್ಮಿಗೆಪುರ",
                "stop_id": "25848",
                "lat": 12.88173,
                "lon": 77.48484
              },
              {
                "name": "H Gollahalli Cross",
                "name_kn": "ಹ್ ಗೊಲ್ಲಹಲ್ಲಿ ಕ್ರೊಸ್ಸ್",
                "stop_id": "25650",
                "lat": 12.87793,
                "lon": 77.48162
              },
              {
                "name": "H Gollahalli",
                "name_kn": "ಹ್ ಗೊಲ್ಲಹಲ್ಲಿ",
                "stop_id": "25648",
                "lat": 12.87589,
                "lon": 77.48006
              },
              {
                "name": "Kuvempunagara",
                "name_kn": "ಕುವೆಂಪುನಗರ",
                "stop_id": "35825",
                "lat": 12.86789,
                "lon": 77.47872
              },
              {
                "name": "Doddypalya",
                "name_kn": "ದೊದ್ಠೆಪಲೆ",
                "stop_id": "25127",
                "lat": 12.85787,
                "lon": 77.47216
              }
            ]
          },
          {
            "Route": "224-A KBS-VRS",
            "RouteId": 10615,
            "RouteParentId": 5657,
            "Destination": "Varahasandra",
            "Via": "",
            "Area": "Kempegowda Bus Station",
            "PlatformNumber": "3",
            "KannadaDestination": "ವರಹಸಂದ್ರ",
            "KannadaArea": "ಕೆಂಪೇಗೌಡ ಬಸ್ ನಿಲ್ದಾಣ",
            "KannadaVia": "",
            "FromStationId": 20925,
            "Stops": [
              {
                "name": "Kengeri Bus Station",
                "name_kn": "ಕೆಙೆರಿ ಬುಸ್ ಸ್ಟಟಿೊಂ",
                "stop_id": "20925",
                "lat": 12.91379,
                "lon": 77.4871
              },
              {
                "name": "Kodihalli Gate/Gollahallii Jn",
                "name_kn": "ಕೊದಿಹಲ್ಲಿ ಗಟೆ/ಗೊಲ್ಲಹಲ್ಲೀ ಜ್ಂ",
                "stop_id": "22112",
                "lat": 12.90772,
                "lon": 77.48889
              },
              {
                "name": "Kodipalya",
                "name_kn": "ಕೊದಿಪಲೆ",
                "stop_id": "33534",
                "lat": 12.90381,
                "lon": 77.48786
              },
              {
                "name": "Sridhara Gudda",
                "name_kn": "ಸ್ರಿಧರ ಗುದ್ದ",
                "stop_id": "34678",
                "lat": 12.89926,
                "lon": 77.48766
              },
              {
                "name": "Konasandra Cross",
                "name_kn": "ಕೊನಸಂದ್ರ ಕ್ರೊಸ್ಸ್",
                "stop_id": "33564",
                "lat": 12.8924,
                "lon": 77.48637
              },
              {
                "name": "Konasandra",
                "name_kn": "ಕೊನಸಂದ್ರ",
                "stop_id": "31213",
                "lat": 12.88955,
                "lon": 77.48572
              },
              {
                "name": "Hemmigepura",
                "name_kn": "ಹೆಮ್ಮಿಗೆಪುರ",
                "stop_id": "25848",
                "lat": 12.88173,
                "lon": 77.48484
              },
              {
                "name": "H Gollahalli Cross",
                "name_kn": "ಹ್ ಗೊಲ್ಲಹಲ್ಲಿ ಕ್ರೊಸ್ಸ್",
                "stop_id": "25650",
                "lat": 12.87793,
                "lon": 77.48162
              },
              {
                "name": "H Gollahalli",
                "name_kn": "ಹ್ ಗೊಲ್ಲಹಲ್ಲಿ",
                "stop_id": "25648",
                "lat": 12.87589,
                "lon": 77.48006
              },
              {
                "name": "Varahasandra",
                "name_kn": "ವರಹಸಂದ್ರ",
                "stop_id": "31560",
                "lat": 12.87403,
                "lon": 77.48672
              }
            ]
          },
          {
            "Route": "224 D12-KRBL",
            "RouteId": 10684,
            "RouteParentId": 5694,
            "Destination": "Karabele",
            "Via": "",
            "Area": "Depot-12 Gate",
            "PlatformNumber": "3",
            "KannadaDestination": "ಕರಬೆಲೆ",
            "KannadaArea": "ಘಟಕ-12 ಗೇಟ್",
            "KannadaVia": "",
            "FromStationId": 20925,
            "Stops": [
              {
                "name": "Kengeri Bus Station",
                "name_kn": "ಕೆಙೆರಿ ಬುಸ್ ಸ್ಟಟಿೊಂ",
                "stop_id": "20925",
                "lat": 12.91379,
                "lon": 77.4871
              },
              {
                "name": "Kodihalli Gate/Gollahallii Jn",
                "name_kn": "ಕೊದಿಹಲ್ಲಿ ಗಟೆ/ಗೊಲ್ಲಹಲ್ಲೀ ಜ್ಂ",
                "stop_id": "22112",
                "lat": 12.90772,
                "lon": 77.48889
              },
              {
                "name": "Kodipalya",
                "name_kn": "ಕೊದಿಪಲೆ",
                "stop_id": "33534",
                "lat": 12.90381,
                "lon": 77.48786
              },
              {
                "name": "Sridhara Gudda",
                "name_kn": "ಸ್ರಿಧರ ಗುದ್ದ",
                "stop_id": "34678",
                "lat": 12.89926,
                "lon": 77.48766
              },
              {
                "name": "Konasandra Cross",
                "name_kn": "ಕೊನಸಂದ್ರ ಕ್ರೊಸ್ಸ್",
                "stop_id": "33564",
                "lat": 12.8924,
                "lon": 77.48637
              },
              {
                "name": "Konasandra",
                "name_kn": "ಕೊನಸಂದ್ರ",
                "stop_id": "31213",
                "lat": 12.88955,
                "lon": 77.48572
              },
              {
                "name": "Hemmigepura",
                "name_kn": "ಹೆಮ್ಮಿಗೆಪುರ",
                "stop_id": "25848",
                "lat": 12.88173,
                "lon": 77.48484
              },
              {
                "name": "H Gollahalli Cross",
                "name_kn": "ಹ್ ಗೊಲ್ಲಹಲ್ಲಿ ಕ್ರೊಸ್ಸ್",
                "stop_id": "25650",
                "lat": 12.87793,
                "lon": 77.48162
              },
              {
                "name": "H Gollahalli",
                "name_kn": "ಹ್ ಗೊಲ್ಲಹಲ್ಲಿ",
                "stop_id": "25648",
                "lat": 12.87589,
                "lon": 77.48006
              },
              {
                "name": "Muneshwara Layout",
                "name_kn": "ಮುನೆಶ್ವರ ಲಯೌಟ್",
                "stop_id": "33973",
                "lat": 12.87256,
                "lon": 77.46762
              },
              {
                "name": "Karabele",
                "name_kn": "ಕರಬೆಲೆ",
                "stop_id": "30873",
                "lat": 12.87503,
                "lon": 77.46639
              }
            ]
          },
          {
            "Route": "224-DA",
            "RouteId": 16626,
            "RouteParentId": 8903,
            "Destination": "Devagere",
            "Via": "",
            "Area": "KR Market (Kalasipalya)",
            "PlatformNumber": "3",
            "KannadaDestination": "ದೆವಗೆರೆ",
            "KannadaArea": "ಕೆಆರ್ ಮಾರುಕಟ್ಟೆ (ಕಲಾಸಿಪಾಳ್ಯ)",
            "KannadaVia": "",
            "FromStationId": 20925,
            "Stops": [
              {
                "name": "Kengeri Bus Station",
                "name_kn": "ಕೆಙೆರಿ ಬುಸ್ ಸ್ಟಟಿೊಂ",
                "stop_id": "20925",
                "lat": 12.91379,
                "lon": 77.4871
              },
              {
                "name": "Kodihalli Gate/Gollahallii Jn",
                "name_kn": "ಕೊದಿಹಲ್ಲಿ ಗಟೆ/ಗೊಲ್ಲಹಲ್ಲೀ ಜ್ಂ",
                "stop_id": "22112",
                "lat": 12.90772,
                "lon": 77.48889
              },
              {
                "name": "Kodipalya",
                "name_kn": "ಕೊದಿಪಲೆ",
                "stop_id": "33534",
                "lat": 12.90381,
                "lon": 77.48786
              },
              {
                "name": "Sridhara Gudda",
                "name_kn": "ಸ್ರಿಧರ ಗುದ್ದ",
                "stop_id": "34678",
                "lat": 12.89926,
                "lon": 77.48766
              },
              {
                "name": "Konasandra Cross",
                "name_kn": "ಕೊನಸಂದ್ರ ಕ್ರೊಸ್ಸ್",
                "stop_id": "33564",
                "lat": 12.8924,
                "lon": 77.48637
              },
              {
                "name": "Konasandra",
                "name_kn": "ಕೊನಸಂದ್ರ",
                "stop_id": "31213",
                "lat": 12.88955,
                "lon": 77.48572
              },
              {
                "name": "Hemmigepura",
                "name_kn": "ಹೆಮ್ಮಿಗೆಪುರ",
                "stop_id": "25848",
                "lat": 12.88173,
                "lon": 77.48484
              },
              {
                "name": "H Gollahalli Cross",
                "name_kn": "ಹ್ ಗೊಲ್ಲಹಲ್ಲಿ ಕ್ರೊಸ್ಸ್",
                "stop_id": "25650",
                "lat": 12.87793,
                "lon": 77.48162
              },
              {
                "name": "H Gollahalli",
                "name_kn": "ಹ್ ಗೊಲ್ಲಹಲ್ಲಿ",
                "stop_id": "25648",
                "lat": 12.87589,
                "lon": 77.48006
              },
              {
                "name": "Kuvempunagara",
                "name_kn": "ಕುವೆಂಪುನಗರ",
                "stop_id": "35825",
                "lat": 12.86789,
                "lon": 77.47872
              },
              {
                "name": "Doddypalya",
                "name_kn": "ದೊದ್ಠೆಪಲೆ",
                "stop_id": "25127",
                "lat": 12.85787,
                "lon": 77.47216
              },
              {
                "name": "Devagere",
                "name_kn": "ದೆವಗೆರೆ",
                "stop_id": "32442",
                "lat": 12.85669,
                "lon": 77.46556
              }
            ]
          },
          {
            "Route": "228-J KBS-KMTFLY-ST BEN",
            "RouteId": 12026,
            "RouteParentId": 6408,
            "Destination": "St Bentic School",
            "Via": "",
            "Area": "Kempegowda Bus Station",
            "PlatformNumber": "3",
            "KannadaDestination": "ಸ್ಟ್ ಬೆಂಟಿಕ್ ಸ್ಚೂಲ್",
            "KannadaArea": "ಕೆಂಪೇಗೌಡ ಬಸ್ ನಿಲ್ದಾಣ",
            "KannadaVia": "",
            "FromStationId": 20925,
            "Stops": [
              {
                "name": "Kengeri Bus Station",
                "name_kn": "ಕೆಙೆರಿ ಬುಸ್ ಸ್ಟಟಿೊಂ",
                "stop_id": "20925",
                "lat": 12.91379,
                "lon": 77.4871
              },
              {
                "name": "Kengeri Police Station",
                "name_kn": "ಕೆಙೆರಿ ಪೊಲಿಕೆ ಸ್ಟಟಿೊಂ",
                "stop_id": "21094",
                "lat": 12.91007,
                "lon": 77.48146
              },
              {
                "name": "Kengeri Metro Station",
                "name_kn": "ಕೆಙೆರಿ ಮೆಟ್ರೊ ಸ್ಟಟಿೊಂ",
                "stop_id": "38620",
                "lat": 12.90757,
                "lon": 77.47606
              },
              {
                "name": "Depot-12 Gate",
                "name_kn": "ದೆಪೊಟ್-12 ಗಟೆ",
                "stop_id": "35721",
                "lat": 12.90471,
                "lon": 77.47084
              },
              {
                "name": "NICE Road Kengeri Road Junction",
                "name_kn": "ನಿಕೆ ರೊದ್ ಕೆಙೆರಿ ರೊದ್ ಜುಂಕ್ಟಿೊಂ",
                "stop_id": "35386",
                "lat": 12.90224,
                "lon": 77.46926
              },
              {
                "name": "Vishwa Okkaligara Mata Basavanagara",
                "name_kn": "ವಿಶ್ವ ೊಕ್ಕಲಿಗರ ಮಟ ಬಸವನಗರ",
                "stop_id": "20627",
                "lat": 12.90099,
                "lon": 77.46746
              },
              {
                "name": "RR Medical College",
                "name_kn": "ರ್ರ್ ಮೆದಿಕಲ್ ಕೊಲ್ಲೆಗೆ",
                "stop_id": "35390",
                "lat": 12.89614,
                "lon": 77.46087
              },
              {
                "name": "Anchepalya",
                "name_kn": "ಅಂಚೆಪಲೆ",
                "stop_id": "20604",
                "lat": 12.89258,
                "lon": 77.45798
              },
              {
                "name": "St Bentic School",
                "name_kn": "ಸ್ಟ್ ಬೆಂಟಿಕ್ ಸ್ಚೂಲ್",
                "stop_id": "34703",
                "lat": 12.88689,
                "lon": 77.45889
              }
            ]
          },
          {
            "Route": "218-A",
            "RouteId": 4089,
            "RouteParentId": 2266,
            "Destination": "Kambipura",
            "Via": "",
            "Area": "Kempegowda Bus Station",
            "PlatformNumber": "3",
            "KannadaDestination": "ಕಂಬಿಪುರ",
            "KannadaArea": "ಕೆಂಪೇಗೌಡ ಬಸ್ ನಿಲ್ದಾಣ",
            "KannadaVia": "",
            "FromStationId": 20925,
            "Stops": [
              {
                "name": "Kengeri Bus Station",
                "name_kn": "ಕೆಙೆರಿ ಬುಸ್ ಸ್ಟಟಿೊಂ",
                "stop_id": "20925",
                "lat": 12.91379,
                "lon": 77.4871
              },
              {
                "name": "Kengeri Police Station",
                "name_kn": "ಕೆಙೆರಿ ಪೊಲಿಕೆ ಸ್ಟಟಿೊಂ",
                "stop_id": "21094",
                "lat": 12.91007,
                "lon": 77.48146
              },
              {
                "name": "Kengeri Metro Station",
                "name_kn": "ಕೆಙೆರಿ ಮೆಟ್ರೊ ಸ್ಟಟಿೊಂ",
                "stop_id": "38620",
                "lat": 12.90757,
                "lon": 77.47606
              },
              {
                "name": "Depot-12 Gate",
                "name_kn": "ದೆಪೊಟ್-12 ಗಟೆ",
                "stop_id": "35721",
                "lat": 12.90471,
                "lon": 77.47084
              },
              {
                "name": "NICE Road Kengeri Road Junction",
                "name_kn": "ನಿಕೆ ರೊದ್ ಕೆಙೆರಿ ರೊದ್ ಜುಂಕ್ಟಿೊಂ",
                "stop_id": "35386",
                "lat": 12.90224,
                "lon": 77.46926
              },
              {
                "name": "Vishwa Okkaligara Mata Basavanagara",
                "name_kn": "ವಿಶ್ವ ೊಕ್ಕಲಿಗರ ಮಟ ಬಸವನಗರ",
                "stop_id": "20627",
                "lat": 12.90099,
                "lon": 77.46746
              },
              {
                "name": "RR Medical College",
                "name_kn": "ರ್ರ್ ಮೆದಿಕಲ್ ಕೊಲ್ಲೆಗೆ",
                "stop_id": "35390",
                "lat": 12.89614,
                "lon": 77.46087
              },
              {
                "name": "Anchepalya",
                "name_kn": "ಅಂಚೆಪಲೆ",
                "stop_id": "20604",
                "lat": 12.89258,
                "lon": 77.45798
              },
              {
                "name": "Juggath Pharma",
                "name_kn": "ಜುಗ್ಗತ್ ಫರ್ಮ",
                "stop_id": "30476",
                "lat": 12.89081,
                "lon": 77.45532
              },
              {
                "name": "Ramohalli Cross",
                "name_kn": "ರಮೊಹಲ್ಲಿ ಕ್ರೊಸ್ಸ್",
                "stop_id": "35388",
                "lat": 12.88674,
                "lon": 77.45125
              },
              {
                "name": "Madarasa School 1",
                "name_kn": "ಮದರಸ ಸ್ಚೂಲ್ 1",
                "stop_id": "31391",
                "lat": 12.88017,
                "lon": 77.45942
              },
              {
                "name": "Jandemara",
                "name_kn": "ಜಂದೆಮರ",
                "stop_id": "33109",
                "lat": 12.87479,
                "lon": 77.46123
              },
              {
                "name": "Kambipura",
                "name_kn": "ಕಂಬಿಪುರ",
                "stop_id": "30706",
                "lat": 12.87332,
                "lon": 77.4618
              }
            ]
          },
          {
            "Route": "221-H",
            "RouteId": 1967,
            "RouteParentId": 1157,
            "Destination": "Bettanapalya",
            "Via": "",
            "Area": "KR Market (Kalasipalya)",
            "PlatformNumber": "3",
            "KannadaDestination": "ಬೆಟನಪಲೆ",
            "KannadaArea": "ಕೆಆರ್ ಮಾರುಕಟ್ಟೆ (ಕಲಾಸಿಪಾಳ್ಯ)",
            "KannadaVia": "",
            "FromStationId": 20925,
            "Stops": [
              {
                "name": "Kengeri Bus Station",
                "name_kn": "ಕೆಙೆರಿ ಬುಸ್ ಸ್ಟಟಿೊಂ",
                "stop_id": "20925",
                "lat": 12.91379,
                "lon": 77.4871
              },
              {
                "name": "Kengeri Police Station",
                "name_kn": "ಕೆಙೆರಿ ಪೊಲಿಕೆ ಸ್ಟಟಿೊಂ",
                "stop_id": "21094",
                "lat": 12.91007,
                "lon": 77.48146
              },
              {
                "name": "Kengeri Ganesha Temple",
                "name_kn": "ಕೆಙೆರಿ ಗನೆಶ ಟೆಂಪ್ಲೆ",
                "stop_id": "20782",
                "lat": 12.91126,
                "lon": 77.48029
              },
              {
                "name": "Kommaghatta Junction",
                "name_kn": "ಕೊಮ್ಮಘಟ ಜುಂಕ್ಟಿೊಂ",
                "stop_id": "20882",
                "lat": 12.91444,
                "lon": 77.48144
              },
              {
                "name": "Robin Theatre",
                "name_kn": "ರೊಬಿಂ ತೆಟ್ರೆ",
                "stop_id": "28049",
                "lat": 12.91601,
                "lon": 77.4798
              },
              {
                "name": "Bande Mutt Gate Kengeri",
                "name_kn": "ಬಂದೆ ಮುಟ್ ಗಟೆ ಕೆಙೆರಿ",
                "stop_id": "31878",
                "lat": 12.91899,
                "lon": 77.47749
              },
              {
                "name": "Beedi Karmikara Colony Gate",
                "name_kn": "ಬೀದಿ ಕರ್ಮಿಕರ ಕೊಲೊನೆ ಗಟೆ",
                "stop_id": "31936",
                "lat": 12.92231,
                "lon": 77.47482
              },
              {
                "name": "Kengeri Club",
                "name_kn": "ಕೆಙೆರಿ ಕ್ಲುಬ್",
                "stop_id": "33458",
                "lat": 12.92351,
                "lon": 77.47287
              },
              {
                "name": "Beedi Karmikara Colony",
                "name_kn": "ಬೀದಿ ಕರ್ಮಿಕರ ಕೊಲೊನೆ",
                "stop_id": "31935",
                "lat": 12.92003,
                "lon": 77.47146
              },
              {
                "name": "Ittige Factory",
                "name_kn": "ಇಟಿಗೆ ೞಕ್ಟೊರೆ",
                "stop_id": "33073",
                "lat": 12.91999,
                "lon": 77.46129
              },
              {
                "name": "New Byrohalli",
                "name_kn": "ನೆವ್ ಬೆರೊಹಲ್ಲಿ",
                "stop_id": "27451",
                "lat": 12.91938,
                "lon": 77.45602
              },
              {
                "name": "Archakara Badavane",
                "name_kn": "ಅರ್ಚಕರ ಬದವನೆ",
                "stop_id": "29568",
                "lat": 12.91878,
                "lon": 77.45255
              },
              {
                "name": "Sri Shiradi Sai Temple",
                "name_kn": "ಸ್ರಿ ಶಿರದಿ ಸೈ ಟೆಂಪ್ಲೆ",
                "stop_id": "26622",
                "lat": 12.91364,
                "lon": 77.45057
              },
              {
                "name": "Hosapalya",
                "name_kn": "ಹೊಸಪಲೆ",
                "stop_id": "32963",
                "lat": 12.91078,
                "lon": 77.4502
              },
              {
                "name": "Bettanapalya",
                "name_kn": "ಬೆಟನಪಲೆ",
                "stop_id": "32005",
                "lat": 12.91199,
                "lon": 77.44322
              }
            ]
          },
          {
            "Route": "230",
            "RouteId": 2481,
            "RouteParentId": 1430,
            "Destination": "Byrohalli",
            "Via": "",
            "Area": "KR Market (Kalasipalya)",
            "PlatformNumber": "3",
            "KannadaDestination": "ಬೆರೊಹಲ್ಲಿ",
            "KannadaArea": "ಕೆಆರ್ ಮಾರುಕಟ್ಟೆ (ಕಲಾಸಿಪಾಳ್ಯ)",
            "KannadaVia": "",
            "FromStationId": 20925,
            "Stops": [
              {
                "name": "Kengeri Bus Station",
                "name_kn": "ಕೆಙೆರಿ ಬುಸ್ ಸ್ಟಟಿೊಂ",
                "stop_id": "20925",
                "lat": 12.91379,
                "lon": 77.4871
              },
              {
                "name": "Kengeri Police Station",
                "name_kn": "ಕೆಙೆರಿ ಪೊಲಿಕೆ ಸ್ಟಟಿೊಂ",
                "stop_id": "21094",
                "lat": 12.91007,
                "lon": 77.48146
              },
              {
                "name": "Kengeri Metro Station",
                "name_kn": "ಕೆಙೆರಿ ಮೆಟ್ರೊ ಸ್ಟಟಿೊಂ",
                "stop_id": "38620",
                "lat": 12.90757,
                "lon": 77.47606
              },
              {
                "name": "Depot-12 Gate",
                "name_kn": "ದೆಪೊಟ್-12 ಗಟೆ",
                "stop_id": "35721",
                "lat": 12.90471,
                "lon": 77.47084
              },
              {
                "name": "NICE Road Kengeri Road Junction",
                "name_kn": "ನಿಕೆ ರೊದ್ ಕೆಙೆರಿ ರೊದ್ ಜುಂಕ್ಟಿೊಂ",
                "stop_id": "35386",
                "lat": 12.90224,
                "lon": 77.46926
              },
              {
                "name": "Vishwa Okkaligara Mata Basavanagara",
                "name_kn": "ವಿಶ್ವ ೊಕ್ಕಲಿಗರ ಮಟ ಬಸವನಗರ",
                "stop_id": "20627",
                "lat": 12.90099,
                "lon": 77.46746
              },
              {
                "name": "RR Medical College",
                "name_kn": "ರ್ರ್ ಮೆದಿಕಲ್ ಕೊಲ್ಲೆಗೆ",
                "stop_id": "35390",
                "lat": 12.89614,
                "lon": 77.46087
              },
              {
                "name": "Anchepalya",
                "name_kn": "ಅಂಚೆಪಲೆ",
                "stop_id": "20604",
                "lat": 12.89258,
                "lon": 77.45798
              },
              {
                "name": "Juggath Pharma",
                "name_kn": "ಜುಗ್ಗತ್ ಫರ್ಮ",
                "stop_id": "30476",
                "lat": 12.89081,
                "lon": 77.45532
              },
              {
                "name": "Challeghatta",
                "name_kn": "ಚಲ್ಲೆಘಟ",
                "stop_id": "24396",
                "lat": 12.89663,
                "lon": 77.45333
              },
              {
                "name": "Hosapalya",
                "name_kn": "ಹೊಸಪಲೆ",
                "stop_id": "32964",
                "lat": 12.91064,
                "lon": 77.45016
              },
              {
                "name": "Sri Shiradi Sai Temple",
                "name_kn": "ಸ್ರಿ ಶಿರದಿ ಸೈ ಟೆಂಪ್ಲೆ",
                "stop_id": "34674",
                "lat": 12.91352,
                "lon": 77.45054
              },
              {
                "name": "Archakara Badavane",
                "name_kn": "ಅರ್ಚಕರ ಬದವನೆ",
                "stop_id": "35435",
                "lat": 12.91876,
                "lon": 77.45237
              },
              {
                "name": "Byrohalli",
                "name_kn": "ಬೆರೊಹಲ್ಲಿ",
                "stop_id": "30335",
                "lat": 12.92357,
                "lon": 77.44909
              }
            ]
          },
          {
            "Route": "230-A",
            "RouteId": 2486,
            "RouteParentId": 1432,
            "Destination": "Bettanapalya",
            "Via": "",
            "Area": "KR Market (Kalasipalya)",
            "PlatformNumber": "3",
            "KannadaDestination": "ಬೆಟನಪಲೆ",
            "KannadaArea": "ಕೆಆರ್ ಮಾರುಕಟ್ಟೆ (ಕಲಾಸಿಪಾಳ್ಯ)",
            "KannadaVia": "",
            "FromStationId": 20925,
            "Stops": [
              {
                "name": "Kengeri Bus Station",
                "name_kn": "ಕೆಙೆರಿ ಬುಸ್ ಸ್ಟಟಿೊಂ",
                "stop_id": "20925",
                "lat": 12.91379,
                "lon": 77.4871
              },
              {
                "name": "Kengeri Police Station",
                "name_kn": "ಕೆಙೆರಿ ಪೊಲಿಕೆ ಸ್ಟಟಿೊಂ",
                "stop_id": "21094",
                "lat": 12.91007,
                "lon": 77.48146
              },
              {
                "name": "Kengeri Metro Station",
                "name_kn": "ಕೆಙೆರಿ ಮೆಟ್ರೊ ಸ್ಟಟಿೊಂ",
                "stop_id": "38620",
                "lat": 12.90757,
                "lon": 77.47606
              },
              {
                "name": "Depot-12 Gate",
                "name_kn": "ದೆಪೊಟ್-12 ಗಟೆ",
                "stop_id": "35721",
                "lat": 12.90471,
                "lon": 77.47084
              },
              {
                "name": "NICE Road Kengeri Road Junction",
                "name_kn": "ನಿಕೆ ರೊದ್ ಕೆಙೆರಿ ರೊದ್ ಜುಂಕ್ಟಿೊಂ",
                "stop_id": "35386",
                "lat": 12.90224,
                "lon": 77.46926
              },
              {
                "name": "Vishwa Okkaligara Mata Basavanagara",
                "name_kn": "ವಿಶ್ವ ೊಕ್ಕಲಿಗರ ಮಟ ಬಸವನಗರ",
                "stop_id": "20627",
                "lat": 12.90099,
                "lon": 77.46746
              },
              {
                "name": "RR Medical College",
                "name_kn": "ರ್ರ್ ಮೆದಿಕಲ್ ಕೊಲ್ಲೆಗೆ",
                "stop_id": "35390",
                "lat": 12.89614,
                "lon": 77.46087
              },
              {
                "name": "Anchepalya",
                "name_kn": "ಅಂಚೆಪಲೆ",
                "stop_id": "20604",
                "lat": 12.89258,
                "lon": 77.45798
              },
              {
                "name": "Juggath Pharma",
                "name_kn": "ಜುಗ್ಗತ್ ಫರ್ಮ",
                "stop_id": "30476",
                "lat": 12.89081,
                "lon": 77.45532
              },
              {
                "name": "Challeghatta",
                "name_kn": "ಚಲ್ಲೆಘಟ",
                "stop_id": "24396",
                "lat": 12.89663,
                "lon": 77.45333
              },
              {
                "name": "Hosapalya",
                "name_kn": "ಹೊಸಪಲೆ",
                "stop_id": "32964",
                "lat": 12.91064,
                "lon": 77.45016
              },
              {
                "name": "Bettanapalya",
                "name_kn": "ಬೆಟನಪಲೆ",
                "stop_id": "32005",
                "lat": 12.91199,
                "lon": 77.44322
              }
            ]
          },
          {
            "Route": "230-B",
            "RouteId": 7559,
            "RouteParentId": 4064,
            "Destination": "Bettanapalya",
            "Via": "",
            "Area": "Kempegowda Bus Station",
            "PlatformNumber": "3",
            "KannadaDestination": "ಬೆಟನಪಲೆ",
            "KannadaArea": "ಕೆಂಪೇಗೌಡ ಬಸ್ ನಿಲ್ದಾಣ",
            "KannadaVia": "",
            "FromStationId": 20925,
            "Stops": [
              {
                "name": "Kengeri Bus Station",
                "name_kn": "ಕೆಙೆರಿ ಬುಸ್ ಸ್ಟಟಿೊಂ",
                "stop_id": "20925",
                "lat": 12.91379,
                "lon": 77.4871
              },
              {
                "name": "Kengeri Police Station",
                "name_kn": "ಕೆಙೆರಿ ಪೊಲಿಕೆ ಸ್ಟಟಿೊಂ",
                "stop_id": "21094",
                "lat": 12.91007,
                "lon": 77.48146
              },
              {
                "name": "Kengeri Metro Station",
                "name_kn": "ಕೆಙೆರಿ ಮೆಟ್ರೊ ಸ್ಟಟಿೊಂ",
                "stop_id": "38620",
                "lat": 12.90757,
                "lon": 77.47606
              },
              {
                "name": "Depot-12 Gate",
                "name_kn": "ದೆಪೊಟ್-12 ಗಟೆ",
                "stop_id": "35721",
                "lat": 12.90471,
                "lon": 77.47084
              },
              {
                "name": "NICE Road Kengeri Road Junction",
                "name_kn": "ನಿಕೆ ರೊದ್ ಕೆಙೆರಿ ರೊದ್ ಜುಂಕ್ಟಿೊಂ",
                "stop_id": "35386",
                "lat": 12.90224,
                "lon": 77.46926
              },
              {
                "name": "Vishwa Okkaligara Mata Basavanagara",
                "name_kn": "ವಿಶ್ವ ೊಕ್ಕಲಿಗರ ಮಟ ಬಸವನಗರ",
                "stop_id": "20627",
                "lat": 12.90099,
                "lon": 77.46746
              },
              {
                "name": "RR Medical College",
                "name_kn": "ರ್ರ್ ಮೆದಿಕಲ್ ಕೊಲ್ಲೆಗೆ",
                "stop_id": "35390",
                "lat": 12.89614,
                "lon": 77.46087
              },
              {
                "name": "Anchepalya",
                "name_kn": "ಅಂಚೆಪಲೆ",
                "stop_id": "20604",
                "lat": 12.89258,
                "lon": 77.45798
              },
              {
                "name": "Juggath Pharma",
                "name_kn": "ಜುಗ್ಗತ್ ಫರ್ಮ",
                "stop_id": "30476",
                "lat": 12.89081,
                "lon": 77.45532
              },
              {
                "name": "Challeghatta",
                "name_kn": "ಚಲ್ಲೆಘಟ",
                "stop_id": "24396",
                "lat": 12.89663,
                "lon": 77.45333
              },
              {
                "name": "Hosapalya",
                "name_kn": "ಹೊಸಪಲೆ",
                "stop_id": "32964",
                "lat": 12.91064,
                "lon": 77.45016
              },
              {
                "name": "Bettanapalya",
                "name_kn": "ಬೆಟನಪಲೆ",
                "stop_id": "32005",
                "lat": 12.91199,
                "lon": 77.44322
              }
            ]
          },
          {
            "Route": "230 KMT-ACP-SCS",
            "RouteId": 15550,
            "RouteParentId": 8338,
            "Destination": "St Clare School",
            "Via": "",
            "Area": "KR Market (Kalasipalya)",
            "PlatformNumber": "3",
            "KannadaDestination": "ಸ್ಟ್ ಕ್ಲರೆ ಸ್ಚೂಲ್",
            "KannadaArea": "ಕೆಆರ್ ಮಾರುಕಟ್ಟೆ (ಕಲಾಸಿಪಾಳ್ಯ)",
            "KannadaVia": "",
            "FromStationId": 20925,
            "Stops": [
              {
                "name": "Kengeri Bus Station",
                "name_kn": "ಕೆಙೆರಿ ಬುಸ್ ಸ್ಟಟಿೊಂ",
                "stop_id": "20925",
                "lat": 12.91379,
                "lon": 77.4871
              },
              {
                "name": "Kengeri Police Station",
                "name_kn": "ಕೆಙೆರಿ ಪೊಲಿಕೆ ಸ್ಟಟಿೊಂ",
                "stop_id": "21094",
                "lat": 12.91007,
                "lon": 77.48146
              },
              {
                "name": "Kengeri Metro Station",
                "name_kn": "ಕೆಙೆರಿ ಮೆಟ್ರೊ ಸ್ಟಟಿೊಂ",
                "stop_id": "38620",
                "lat": 12.90757,
                "lon": 77.47606
              },
              {
                "name": "Depot-12 Gate",
                "name_kn": "ದೆಪೊಟ್-12 ಗಟೆ",
                "stop_id": "35721",
                "lat": 12.90471,
                "lon": 77.47084
              },
              {
                "name": "NICE Road Kengeri Road Junction",
                "name_kn": "ನಿಕೆ ರೊದ್ ಕೆಙೆರಿ ರೊದ್ ಜುಂಕ್ಟಿೊಂ",
                "stop_id": "35386",
                "lat": 12.90224,
                "lon": 77.46926
              },
              {
                "name": "Vishwa Okkaligara Mata Basavanagara",
                "name_kn": "ವಿಶ್ವ ೊಕ್ಕಲಿಗರ ಮಟ ಬಸವನಗರ",
                "stop_id": "20627",
                "lat": 12.90099,
                "lon": 77.46746
              },
              {
                "name": "RR Medical College",
                "name_kn": "ರ್ರ್ ಮೆದಿಕಲ್ ಕೊಲ್ಲೆಗೆ",
                "stop_id": "35390",
                "lat": 12.89614,
                "lon": 77.46087
              },
              {
                "name": "Anchepalya",
                "name_kn": "ಅಂಚೆಪಲೆ",
                "stop_id": "20604",
                "lat": 12.89258,
                "lon": 77.45798
              },
              {
                "name": "Juggath Pharma",
                "name_kn": "ಜುಗ್ಗತ್ ಫರ್ಮ",
                "stop_id": "30476",
                "lat": 12.89081,
                "lon": 77.45532
              },
              {
                "name": "Challeghatta",
                "name_kn": "ಚಲ್ಲೆಘಟ",
                "stop_id": "24396",
                "lat": 12.89663,
                "lon": 77.45333
              },
              {
                "name": "Hosapalya",
                "name_kn": "ಹೊಸಪಲೆ",
                "stop_id": "32964",
                "lat": 12.91064,
                "lon": 77.45016
              },
              {
                "name": "Sri Shiradi Sai Temple",
                "name_kn": "ಸ್ರಿ ಶಿರದಿ ಸೈ ಟೆಂಪ್ಲೆ",
                "stop_id": "34674",
                "lat": 12.91352,
                "lon": 77.45054
              },
              {
                "name": "St Clare School",
                "name_kn": "ಸ್ಟ್ ಕ್ಲರೆ ಸ್ಚೂಲ್",
                "stop_id": "26688",
                "lat": 12.91462,
                "lon": 77.44773
              }
            ]
          },
          {
            "Route": "230-D",
            "RouteId": 16459,
            "RouteParentId": 8814,
            "Destination": "Sulivara",
            "Via": "",
            "Area": "KR Market (Kalasipalya)",
            "PlatformNumber": "3",
            "KannadaDestination": "ಸುಲಿವರ",
            "KannadaArea": "ಕೆಆರ್ ಮಾರುಕಟ್ಟೆ (ಕಲಾಸಿಪಾಳ್ಯ)",
            "KannadaVia": "",
            "FromStationId": 20925,
            "Stops": [
              {
                "name": "Kengeri Bus Station",
                "name_kn": "ಕೆಙೆರಿ ಬುಸ್ ಸ್ಟಟಿೊಂ",
                "stop_id": "20925",
                "lat": 12.91379,
                "lon": 77.4871
              },
              {
                "name": "Kengeri Police Station",
                "name_kn": "ಕೆಙೆರಿ ಪೊಲಿಕೆ ಸ್ಟಟಿೊಂ",
                "stop_id": "21094",
                "lat": 12.91007,
                "lon": 77.48146
              },
              {
                "name": "Kengeri Metro Station",
                "name_kn": "ಕೆಙೆರಿ ಮೆಟ್ರೊ ಸ್ಟಟಿೊಂ",
                "stop_id": "38620",
                "lat": 12.90757,
                "lon": 77.47606
              },
              {
                "name": "Depot-12 Gate",
                "name_kn": "ದೆಪೊಟ್-12 ಗಟೆ",
                "stop_id": "35721",
                "lat": 12.90471,
                "lon": 77.47084
              },
              {
                "name": "NICE Road Kengeri Road Junction",
                "name_kn": "ನಿಕೆ ರೊದ್ ಕೆಙೆರಿ ರೊದ್ ಜುಂಕ್ಟಿೊಂ",
                "stop_id": "35386",
                "lat": 12.90224,
                "lon": 77.46926
              },
              {
                "name": "Vishwa Okkaligara Mata Basavanagara",
                "name_kn": "ವಿಶ್ವ ೊಕ್ಕಲಿಗರ ಮಟ ಬಸವನಗರ",
                "stop_id": "20627",
                "lat": 12.90099,
                "lon": 77.46746
              },
              {
                "name": "RR Medical College",
                "name_kn": "ರ್ರ್ ಮೆದಿಕಲ್ ಕೊಲ್ಲೆಗೆ",
                "stop_id": "35390",
                "lat": 12.89614,
                "lon": 77.46087
              },
              {
                "name": "Anchepalya",
                "name_kn": "ಅಂಚೆಪಲೆ",
                "stop_id": "20604",
                "lat": 12.89258,
                "lon": 77.45798
              },
              {
                "name": "Juggath Pharma",
                "name_kn": "ಜುಗ್ಗತ್ ಫರ್ಮ",
                "stop_id": "30476",
                "lat": 12.89081,
                "lon": 77.45532
              },
              {
                "name": "Challeghatta",
                "name_kn": "ಚಲ್ಲೆಘಟ",
                "stop_id": "24396",
                "lat": 12.89663,
                "lon": 77.45333
              },
              {
                "name": "CWS-3 BMTC",
                "name_kn": "ಕ್ವ್ಸ್-3 ಬ್ಂಟ್ಕ್",
                "stop_id": "24745",
                "lat": 12.90378,
                "lon": 77.44984
              },
              {
                "name": "Hosapalya",
                "name_kn": "ಹೊಸಪಲೆ",
                "stop_id": "32964",
                "lat": 12.91064,
                "lon": 77.45016
              },
              {
                "name": "Bettanapalya",
                "name_kn": "ಬೆಟನಪಲೆ",
                "stop_id": "32005",
                "lat": 12.91199,
                "lon": 77.44322
              },
              {
                "name": "Bheemanakuppe Sri Krishna Mandira",
                "name_kn": "ಭೀಮನಕುಪ್ಪೆ ಸ್ರಿ ಕ್ರಿಶ್ನ ಮಂದಿರ",
                "stop_id": "39691",
                "lat": 12.91203,
                "lon": 77.43711
              },
              {
                "name": "Bheemanakuppe",
                "name_kn": "ಭೀಮನಕುಪ್ಪೆ",
                "stop_id": "30008",
                "lat": 12.90401,
                "lon": 77.43857
              },
              {
                "name": "Bheemanakuppe Cross",
                "name_kn": "ಭೀಮನಕುಪ್ಪೆ ಕ್ರೊಸ್ಸ್",
                "stop_id": "30010",
                "lat": 12.89482,
                "lon": 77.43661
              },
              {
                "name": "MGM School",
                "name_kn": "ಂಗ್ಂ ಸ್ಚೂಲ್",
                "stop_id": "33928",
                "lat": 12.8976,
                "lon": 77.43268
              },
              {
                "name": "Vinayakanagara Ramohalli",
                "name_kn": "ವಿನಯಕನಗರ ರಮೊಹಲ್ಲಿ",
                "stop_id": "31839",
                "lat": 12.90319,
                "lon": 77.43002
              },
              {
                "name": "Ashrama Ramohalli",
                "name_kn": "ಅಶ್ರಮ ರಮೊಹಲ್ಲಿ",
                "stop_id": "35671",
                "lat": 12.90627,
                "lon": 77.42882
              },
              {
                "name": "Ramohalli",
                "name_kn": "ರಮೊಹಲ್ಲಿ",
                "stop_id": "34377",
                "lat": 12.90731,
                "lon": 77.41816
              },
              {
                "name": "Kethohalli",
                "name_kn": "ಕೆತೊಹಲ್ಲಿ",
                "stop_id": "31052",
                "lat": 12.9073,
                "lon": 77.40336
              },
              {
                "name": "Dodda Aladamara",
                "name_kn": "ದೊದ್ದ ಲದಮರ",
                "stop_id": "32495",
                "lat": 12.9099,
                "lon": 77.39534
              },
              {
                "name": "Chunchanakuppe",
                "name_kn": "ಚುಂಚನಕುಪ್ಪೆ",
                "stop_id": "24696",
                "lat": 12.91038,
                "lon": 77.38631
              },
              {
                "name": "Tavarekatte",
                "name_kn": "ಟವರೆಕಟೆ",
                "stop_id": "26828",
                "lat": 12.91145,
                "lon": 77.38282
              },
              {
                "name": "Channappa Circle",
                "name_kn": "ಚಂನಪ್ಪ ಕಿರ್ಕ್ಲೆ",
                "stop_id": "24432",
                "lat": 12.91021,
                "lon": 77.37336
              },
              {
                "name": "Chandrappa Circle",
                "name_kn": "ಚಂದ್ರಪ್ಪ ಕಿರ್ಕ್ಲೆ",
                "stop_id": "24411",
                "lat": 12.91049,
                "lon": 77.36962
              },
              {
                "name": "Kurubarapalya Cross",
                "name_kn": "ಕುರುಬರಪಲೆ ಕ್ರೊಸ್ಸ್",
                "stop_id": "28421",
                "lat": 12.91392,
                "lon": 77.36736
              },
              {
                "name": "Kurubarapalya",
                "name_kn": "ಕುರುಬರಪಲೆ",
                "stop_id": "28419",
                "lat": 12.91143,
                "lon": 77.36276
              },
              {
                "name": "Sulivara",
                "name_kn": "ಸುಲಿವರ",
                "stop_id": "26744",
                "lat": 12.90299,
                "lon": 77.36218
              }
            ]
          },
          {
            "Route": "227-D",
            "RouteId": 2337,
            "RouteParentId": 1355,
            "Destination": "Uddandahalli",
            "Via": "",
            "Area": "KR Market (Kalasipalya)",
            "PlatformNumber": "3",
            "KannadaDestination": "ಉದ್ದಂದಹಲ್ಲಿ",
            "KannadaArea": "ಕೆಆರ್ ಮಾರುಕಟ್ಟೆ (ಕಲಾಸಿಪಾಳ್ಯ)",
            "KannadaVia": "",
            "FromStationId": 20925,
            "Stops": [
              {
                "name": "Kengeri Bus Station",
                "name_kn": "ಕೆಙೆರಿ ಬುಸ್ ಸ್ಟಟಿೊಂ",
                "stop_id": "20925",
                "lat": 12.91379,
                "lon": 77.4871
              },
              {
                "name": "Kengeri Police Station",
                "name_kn": "ಕೆಙೆರಿ ಪೊಲಿಕೆ ಸ್ಟಟಿೊಂ",
                "stop_id": "21094",
                "lat": 12.91007,
                "lon": 77.48146
              },
              {
                "name": "Kengeri Metro Station",
                "name_kn": "ಕೆಙೆರಿ ಮೆಟ್ರೊ ಸ್ಟಟಿೊಂ",
                "stop_id": "38620",
                "lat": 12.90757,
                "lon": 77.47606
              },
              {
                "name": "Depot-12 Gate",
                "name_kn": "ದೆಪೊಟ್-12 ಗಟೆ",
                "stop_id": "35721",
                "lat": 12.90471,
                "lon": 77.47084
              },
              {
                "name": "NICE Road Kengeri Road Junction",
                "name_kn": "ನಿಕೆ ರೊದ್ ಕೆಙೆರಿ ರೊದ್ ಜುಂಕ್ಟಿೊಂ",
                "stop_id": "35386",
                "lat": 12.90224,
                "lon": 77.46926
              },
              {
                "name": "Vishwa Okkaligara Mata Basavanagara",
                "name_kn": "ವಿಶ್ವ ೊಕ್ಕಲಿಗರ ಮಟ ಬಸವನಗರ",
                "stop_id": "20627",
                "lat": 12.90099,
                "lon": 77.46746
              },
              {
                "name": "RR Medical College",
                "name_kn": "ರ್ರ್ ಮೆದಿಕಲ್ ಕೊಲ್ಲೆಗೆ",
                "stop_id": "35390",
                "lat": 12.89614,
                "lon": 77.46087
              },
              {
                "name": "Anchepalya",
                "name_kn": "ಅಂಚೆಪಲೆ",
                "stop_id": "20604",
                "lat": 12.89258,
                "lon": 77.45798
              },
              {
                "name": "Juggath Pharma",
                "name_kn": "ಜುಗ್ಗತ್ ಫರ್ಮ",
                "stop_id": "30476",
                "lat": 12.89081,
                "lon": 77.45532
              },
              {
                "name": "Ramohalli Cross",
                "name_kn": "ರಮೊಹಲ್ಲಿ ಕ್ರೊಸ್ಸ್",
                "stop_id": "35388",
                "lat": 12.88674,
                "lon": 77.45125
              },
              {
                "name": "Gerupalya",
                "name_kn": "ಗೆರುಪಲೆ",
                "stop_id": "25386",
                "lat": 12.88767,
                "lon": 77.4443
              },
              {
                "name": "Subbarayappanapalya Cross",
                "name_kn": "ಸುಬ್ಬರಯಪ್ಪನಪಲೆ ಕ್ರೊಸ್ಸ್",
                "stop_id": "34710",
                "lat": 12.88923,
                "lon": 77.4377
              },
              {
                "name": "Chikkellur Cross",
                "name_kn": "ಚಿಕ್ಕೆಲ್ಲುರ್ ಕ್ರೊಸ್ಸ್",
                "stop_id": "32328",
                "lat": 12.89183,
                "lon": 77.42171
              },
              {
                "name": "Kundalapura",
                "name_kn": "ಕುಂದಲಪುರ",
                "stop_id": "28391",
                "lat": 12.8951,
                "lon": 77.41532
              },
              {
                "name": "Koluru",
                "name_kn": "ಕೊಲುರು",
                "stop_id": "31193",
                "lat": 12.89151,
                "lon": 77.41336
              },
              {
                "name": "Lakkaiahnapalya",
                "name_kn": "ಲಕ್ಕೈಹ್ನಪಲೆ",
                "stop_id": "33659",
                "lat": 12.88936,
                "lon": 77.40252
              },
              {
                "name": "Rampura",
                "name_kn": "ರಂಪುರ",
                "stop_id": "34381",
                "lat": 12.89027,
                "lon": 77.3988
              },
              {
                "name": "Lakshmipura",
                "name_kn": "ಲಕ್ಷ್ಮಿಪುರ",
                "stop_id": "33679",
                "lat": 12.89216,
                "lon": 77.39209
              },
              {
                "name": "Uddandahalli",
                "name_kn": "ಉದ್ದಂದಹಲ್ಲಿ",
                "stop_id": "31503",
                "lat": 12.88646,
                "lon": 77.3838
              }
            ]
          },
          {
            "Route": "222-N",
            "RouteId": 1943,
            "RouteParentId": 1145,
            "Destination": "Jnana Bharathi West Side Hospital",
            "Via": "",
            "Area": "Kempegowda Bus Station",
            "PlatformNumber": "3",
            "KannadaDestination": "ಜ್ನನ ಭರತಿ ವೆಸ್ಟ್ ಸಿದೆ ಹೊಸ್ಪಿಟಲ್",
            "KannadaArea": "ಕೆಂಪೇಗೌಡ ಬಸ್ ನಿಲ್ದಾಣ",
            "KannadaVia": "",
            "FromStationId": 20925,
            "Stops": [
              {
                "name": "Kengeri Bus Station",
                "name_kn": "ಕೆಙೆರಿ ಬುಸ್ ಸ್ಟಟಿೊಂ",
                "stop_id": "20925",
                "lat": 12.91379,
                "lon": 77.4871
              },
              {
                "name": "Kengeri Police Station",
                "name_kn": "ಕೆಙೆರಿ ಪೊಲಿಕೆ ಸ್ಟಟಿೊಂ",
                "stop_id": "21094",
                "lat": 12.91007,
                "lon": 77.48146
              },
              {
                "name": "Kengeri Ganesha Temple",
                "name_kn": "ಕೆಙೆರಿ ಗನೆಶ ಟೆಂಪ್ಲೆ",
                "stop_id": "20782",
                "lat": 12.91126,
                "lon": 77.48029
              },
              {
                "name": "Kommaghatta Junction",
                "name_kn": "ಕೊಮ್ಮಘಟ ಜುಂಕ್ಟಿೊಂ",
                "stop_id": "20882",
                "lat": 12.91444,
                "lon": 77.48144
              },
              {
                "name": "Kengeri Post Office",
                "name_kn": "ಕೆಙೆರಿ ಪೊಸ್ಟ್ ೊೞ್ೞಿಕೆ",
                "stop_id": "22165",
                "lat": 12.91543,
                "lon": 77.48181
              },
              {
                "name": "Kengeri Railway Station",
                "name_kn": "ಕೆಙೆರಿ ರೈಲ್ವಯ್ ಸ್ಟಟಿೊಂ",
                "stop_id": "21110",
                "lat": 12.91686,
                "lon": 77.48234
              },
              {
                "name": "Kengeri Satellite Town",
                "name_kn": "ಕೆಙೆರಿ ಸಟೆಲ್ಲಿಟೆ ಟೌಂ",
                "stop_id": "22167",
                "lat": 12.92355,
                "lon": 77.48479
              },
              {
                "name": "Police Quarters",
                "name_kn": "ಪೊಲಿಕೆ qುರ್ಟೆರ್ಸ್",
                "stop_id": "34263",
                "lat": 12.9232,
                "lon": 77.48882
              },
              {
                "name": "Shivanahalli",
                "name_kn": "ಶಿವನಹಲ್ಲಿ",
                "stop_id": "34557",
                "lat": 12.9283,
                "lon": 77.4906
              },
              {
                "name": "Jnana Bharathi West Side Hospital",
                "name_kn": "ಜ್ನನ ಭರತಿ ವೆಸ್ಟ್ ಸಿದೆ ಹೊಸ್ಪಿಟಲ್",
                "stop_id": "33161",
                "lat": 12.9313,
                "lon": 77.48993
              }
            ]
          },
          {
            "Route": "230-C KBS-BBC-KBDA",
            "RouteId": 16440,
            "RouteParentId": 8804,
            "Destination": "Kommaghatta BDA Apartment",
            "Via": "",
            "Area": "Kempegowda Bus Station",
            "PlatformNumber": "3",
            "KannadaDestination": "ಕೊಮ್ಮಘಟ ಬ್ದ ಪರ್ಟ್ಮೆಂಟ್",
            "KannadaArea": "ಕೆಂಪೇಗೌಡ ಬಸ್ ನಿಲ್ದಾಣ",
            "KannadaVia": "",
            "FromStationId": 20925,
            "Stops": [
              {
                "name": "Kengeri Bus Station",
                "name_kn": "ಕೆಙೆರಿ ಬುಸ್ ಸ್ಟಟಿೊಂ",
                "stop_id": "20925",
                "lat": 12.91379,
                "lon": 77.4871
              },
              {
                "name": "Kengeri Police Station",
                "name_kn": "ಕೆಙೆರಿ ಪೊಲಿಕೆ ಸ್ಟಟಿೊಂ",
                "stop_id": "21094",
                "lat": 12.91007,
                "lon": 77.48146
              },
              {
                "name": "Depot-12 Gate",
                "name_kn": "ದೆಪೊಟ್-12 ಗಟೆ",
                "stop_id": "35721",
                "lat": 12.90471,
                "lon": 77.47084
              },
              {
                "name": "NICE Road Kengeri Road Junction",
                "name_kn": "ನಿಕೆ ರೊದ್ ಕೆಙೆರಿ ರೊದ್ ಜುಂಕ್ಟಿೊಂ",
                "stop_id": "35386",
                "lat": 12.90224,
                "lon": 77.46926
              },
              {
                "name": "Vishwa Okkaligara Mata Basavanagara",
                "name_kn": "ವಿಶ್ವ ೊಕ್ಕಲಿಗರ ಮಟ ಬಸವನಗರ",
                "stop_id": "20627",
                "lat": 12.90099,
                "lon": 77.46746
              },
              {
                "name": "Babasahebarapalya",
                "name_kn": "ಬಬಸಹೆಬರಪಲೆ",
                "stop_id": "29619",
                "lat": 12.90132,
                "lon": 77.46264
              },
              {
                "name": "Railway Bridge Babasabarapalya 1",
                "name_kn": "ರೈಲ್ವಯ್ ಬ್ರಿದ್ಗೆ ಬಬಸಬರಪಲೆ 1",
                "stop_id": "31403",
                "lat": 12.90275,
                "lon": 77.46229
              },
              {
                "name": "Basaveshwaranagara 2nd Phase",
                "name_kn": "ಬಸವೆಶ್ವರನಗರ 2ಂದ್ ಫಸೆ",
                "stop_id": "29776",
                "lat": 12.90829,
                "lon": 77.461
              },
              {
                "name": "Sri Bayalu Basaveshwara Circle",
                "name_kn": "ಸ್ರಿ ಬಯಲು ಬಸವೆಶ್ವರ ಕಿರ್ಕ್ಲೆ",
                "stop_id": "39837",
                "lat": 12.90831,
                "lon": 77.46289
              },
              {
                "name": "Kommaghatta BDA Apartment",
                "name_kn": "ಕೊಮ್ಮಘಟ ಬ್ದ ಪರ್ಟ್ಮೆಂಟ್",
                "stop_id": "39414",
                "lat": 12.91497,
                "lon": 77.46214
              }
            ]
          },
          {
            "Route": "221-F",
            "RouteId": 1963,
            "RouteParentId": 1155,
            "Destination": "Hunasemaradapalya",
            "Via": "",
            "Area": "Kempegowda Bus Station",
            "PlatformNumber": "3",
            "KannadaDestination": "ಹುನಸೆಮರದಪಲೆ",
            "KannadaArea": "ಕೆಂಪೇಗೌಡ ಬಸ್ ನಿಲ್ದಾಣ",
            "KannadaVia": "",
            "FromStationId": 20925,
            "Stops": [
              {
                "name": "Kengeri Bus Station",
                "name_kn": "ಕೆಙೆರಿ ಬುಸ್ ಸ್ಟಟಿೊಂ",
                "stop_id": "20925",
                "lat": 12.91379,
                "lon": 77.4871
              },
              {
                "name": "Kengeri Police Station",
                "name_kn": "ಕೆಙೆರಿ ಪೊಲಿಕೆ ಸ್ಟಟಿೊಂ",
                "stop_id": "21094",
                "lat": 12.91007,
                "lon": 77.48146
              },
              {
                "name": "Kengeri Ganesha Temple",
                "name_kn": "ಕೆಙೆರಿ ಗನೆಶ ಟೆಂಪ್ಲೆ",
                "stop_id": "20782",
                "lat": 12.91126,
                "lon": 77.48029
              },
              {
                "name": "Kommaghatta Junction",
                "name_kn": "ಕೊಮ್ಮಘಟ ಜುಂಕ್ಟಿೊಂ",
                "stop_id": "20882",
                "lat": 12.91444,
                "lon": 77.48144
              },
              {
                "name": "Robin Theatre",
                "name_kn": "ರೊಬಿಂ ತೆಟ್ರೆ",
                "stop_id": "28049",
                "lat": 12.91601,
                "lon": 77.4798
              },
              {
                "name": "Bande Mutt Gate Kengeri",
                "name_kn": "ಬಂದೆ ಮುಟ್ ಗಟೆ ಕೆಙೆರಿ",
                "stop_id": "31878",
                "lat": 12.91899,
                "lon": 77.47749
              },
              {
                "name": "Beedi Karmikara Colony Gate",
                "name_kn": "ಬೀದಿ ಕರ್ಮಿಕರ ಕೊಲೊನೆ ಗಟೆ",
                "stop_id": "31936",
                "lat": 12.92231,
                "lon": 77.47482
              },
              {
                "name": "Kengeri Club",
                "name_kn": "ಕೆಙೆರಿ ಕ್ಲುಬ್",
                "stop_id": "33458",
                "lat": 12.92351,
                "lon": 77.47287
              },
              {
                "name": "Beedi Karmikara Colony",
                "name_kn": "ಬೀದಿ ಕರ್ಮಿಕರ ಕೊಲೊನೆ",
                "stop_id": "31935",
                "lat": 12.92003,
                "lon": 77.47146
              },
              {
                "name": "Ittige Factory",
                "name_kn": "ಇಟಿಗೆ ೞಕ್ಟೊರೆ",
                "stop_id": "33073",
                "lat": 12.91999,
                "lon": 77.46129
              },
              {
                "name": "New Byrohalli",
                "name_kn": "ನೆವ್ ಬೆರೊಹಲ್ಲಿ",
                "stop_id": "27451",
                "lat": 12.91938,
                "lon": 77.45602
              },
              {
                "name": "Archakara Badavane",
                "name_kn": "ಅರ್ಚಕರ ಬದವನೆ",
                "stop_id": "29568",
                "lat": 12.91878,
                "lon": 77.45255
              },
              {
                "name": "Sri Shiradi Sai Temple",
                "name_kn": "ಸ್ರಿ ಶಿರದಿ ಸೈ ಟೆಂಪ್ಲೆ",
                "stop_id": "26622",
                "lat": 12.91364,
                "lon": 77.45057
              },
              {
                "name": "St Clare School",
                "name_kn": "ಸ್ಟ್ ಕ್ಲರೆ ಸ್ಚೂಲ್",
                "stop_id": "26688",
                "lat": 12.91462,
                "lon": 77.44773
              },
              {
                "name": "Hunasemaradapalya",
                "name_kn": "ಹುನಸೆಮರದಪಲೆ",
                "stop_id": "33004",
                "lat": 12.91521,
                "lon": 77.44486
              }
            ]
          },
          {
            "Route": "221-F KMT-SCS",
            "RouteId": 7515,
            "RouteParentId": 4040,
            "Destination": "Hunasemaradapalya",
            "Via": "",
            "Area": "KR Market (Kalasipalya)",
            "PlatformNumber": "3",
            "KannadaDestination": "ಹುನಸೆಮರದಪಲೆ",
            "KannadaArea": "ಕೆಆರ್ ಮಾರುಕಟ್ಟೆ (ಕಲಾಸಿಪಾಳ್ಯ)",
            "KannadaVia": "",
            "FromStationId": 20925,
            "Stops": [
              {
                "name": "Kengeri Bus Station",
                "name_kn": "ಕೆಙೆರಿ ಬುಸ್ ಸ್ಟಟಿೊಂ",
                "stop_id": "20925",
                "lat": 12.91379,
                "lon": 77.4871
              },
              {
                "name": "Kengeri Police Station",
                "name_kn": "ಕೆಙೆರಿ ಪೊಲಿಕೆ ಸ್ಟಟಿೊಂ",
                "stop_id": "21094",
                "lat": 12.91007,
                "lon": 77.48146
              },
              {
                "name": "Kengeri Ganesha Temple",
                "name_kn": "ಕೆಙೆರಿ ಗನೆಶ ಟೆಂಪ್ಲೆ",
                "stop_id": "20782",
                "lat": 12.91126,
                "lon": 77.48029
              },
              {
                "name": "Kommaghatta Junction",
                "name_kn": "ಕೊಮ್ಮಘಟ ಜುಂಕ್ಟಿೊಂ",
                "stop_id": "20882",
                "lat": 12.91444,
                "lon": 77.48144
              },
              {
                "name": "Robin Theatre",
                "name_kn": "ರೊಬಿಂ ತೆಟ್ರೆ",
                "stop_id": "28049",
                "lat": 12.91601,
                "lon": 77.4798
              },
              {
                "name": "Bande Mutt Gate Kengeri",
                "name_kn": "ಬಂದೆ ಮುಟ್ ಗಟೆ ಕೆಙೆರಿ",
                "stop_id": "31878",
                "lat": 12.91899,
                "lon": 77.47749
              },
              {
                "name": "Beedi Karmikara Colony Gate",
                "name_kn": "ಬೀದಿ ಕರ್ಮಿಕರ ಕೊಲೊನೆ ಗಟೆ",
                "stop_id": "31936",
                "lat": 12.92231,
                "lon": 77.47482
              },
              {
                "name": "Kengeri Club",
                "name_kn": "ಕೆಙೆರಿ ಕ್ಲುಬ್",
                "stop_id": "33458",
                "lat": 12.92351,
                "lon": 77.47287
              },
              {
                "name": "Beedi Karmikara Colony",
                "name_kn": "ಬೀದಿ ಕರ್ಮಿಕರ ಕೊಲೊನೆ",
                "stop_id": "31935",
                "lat": 12.92003,
                "lon": 77.47146
              },
              {
                "name": "Ittige Factory",
                "name_kn": "ಇಟಿಗೆ ೞಕ್ಟೊರೆ",
                "stop_id": "33073",
                "lat": 12.91999,
                "lon": 77.46129
              },
              {
                "name": "New Byrohalli",
                "name_kn": "ನೆವ್ ಬೆರೊಹಲ್ಲಿ",
                "stop_id": "27451",
                "lat": 12.91938,
                "lon": 77.45602
              },
              {
                "name": "Archakara Badavane",
                "name_kn": "ಅರ್ಚಕರ ಬದವನೆ",
                "stop_id": "29568",
                "lat": 12.91878,
                "lon": 77.45255
              },
              {
                "name": "Sri Shiradi Sai Temple",
                "name_kn": "ಸ್ರಿ ಶಿರದಿ ಸೈ ಟೆಂಪ್ಲೆ",
                "stop_id": "26622",
                "lat": 12.91364,
                "lon": 77.45057
              },
              {
                "name": "St Clare School",
                "name_kn": "ಸ್ಟ್ ಕ್ಲರೆ ಸ್ಚೂಲ್",
                "stop_id": "26688",
                "lat": 12.91462,
                "lon": 77.44773
              },
              {
                "name": "Hunasemaradapalya",
                "name_kn": "ಹುನಸೆಮರದಪಲೆ",
                "stop_id": "33004",
                "lat": 12.91521,
                "lon": 77.44486
              }
            ]
          },
          {
            "Route": "230-C",
            "RouteId": 15153,
            "RouteParentId": 8119,
            "Destination": "Kommaghatta BDA Apartment",
            "Via": "",
            "Area": "Kempegowda Bus Station",
            "PlatformNumber": "3",
            "KannadaDestination": "ಕೊಮ್ಮಘಟ ಬ್ದ ಪರ್ಟ್ಮೆಂಟ್",
            "KannadaArea": "ಕೆಂಪೇಗೌಡ ಬಸ್ ನಿಲ್ದಾಣ",
            "KannadaVia": "",
            "FromStationId": 20925,
            "Stops": [
              {
                "name": "Kengeri Bus Station",
                "name_kn": "ಕೆಙೆರಿ ಬುಸ್ ಸ್ಟಟಿೊಂ",
                "stop_id": "20925",
                "lat": 12.91379,
                "lon": 77.4871
              },
              {
                "name": "Kengeri Police Station",
                "name_kn": "ಕೆಙೆರಿ ಪೊಲಿಕೆ ಸ್ಟಟಿೊಂ",
                "stop_id": "21094",
                "lat": 12.91007,
                "lon": 77.48146
              },
              {
                "name": "Depot-12 Gate",
                "name_kn": "ದೆಪೊಟ್-12 ಗಟೆ",
                "stop_id": "35721",
                "lat": 12.90471,
                "lon": 77.47084
              },
              {
                "name": "NICE Road Kengeri Road Junction",
                "name_kn": "ನಿಕೆ ರೊದ್ ಕೆಙೆರಿ ರೊದ್ ಜುಂಕ್ಟಿೊಂ",
                "stop_id": "35386",
                "lat": 12.90224,
                "lon": 77.46926
              },
              {
                "name": "Vishwa Okkaligara Mata Basavanagara",
                "name_kn": "ವಿಶ್ವ ೊಕ್ಕಲಿಗರ ಮಟ ಬಸವನಗರ",
                "stop_id": "20627",
                "lat": 12.90099,
                "lon": 77.46746
              },
              {
                "name": "Babasahebarapalya",
                "name_kn": "ಬಬಸಹೆಬರಪಲೆ",
                "stop_id": "29619",
                "lat": 12.90132,
                "lon": 77.46264
              },
              {
                "name": "Railway Bridge Babasabarapalya 1",
                "name_kn": "ರೈಲ್ವಯ್ ಬ್ರಿದ್ಗೆ ಬಬಸಬರಪಲೆ 1",
                "stop_id": "31403",
                "lat": 12.90275,
                "lon": 77.46229
              },
              {
                "name": "Basaveshwaranagara 2nd Phase",
                "name_kn": "ಬಸವೆಶ್ವರನಗರ 2ಂದ್ ಫಸೆ",
                "stop_id": "29776",
                "lat": 12.90829,
                "lon": 77.461
              },
              {
                "name": "Kommaghatta BDA Apartment",
                "name_kn": "ಕೊಮ್ಮಘಟ ಬ್ದ ಪರ್ಟ್ಮೆಂಟ್",
                "stop_id": "39414",
                "lat": 12.91497,
                "lon": 77.46214
              }
            ]
          },
          {
            "Route": "222-H",
            "RouteId": 1939,
            "RouteParentId": 1143,
            "Destination": "Sonnenahalli",
            "Via": "",
            "Area": "Kempegowda Bus Station",
            "PlatformNumber": "3",
            "KannadaDestination": "ಸೊಂನೆನಹಲ್ಲಿ",
            "KannadaArea": "ಕೆಂಪೇಗೌಡ ಬಸ್ ನಿಲ್ದಾಣ",
            "KannadaVia": "",
            "FromStationId": 20925,
            "Stops": [
              {
                "name": "Kengeri Bus Station",
                "name_kn": "ಕೆಙೆರಿ ಬುಸ್ ಸ್ಟಟಿೊಂ",
                "stop_id": "20925",
                "lat": 12.91379,
                "lon": 77.4871
              },
              {
                "name": "Kengeri Police Station",
                "name_kn": "ಕೆಙೆರಿ ಪೊಲಿಕೆ ಸ್ಟಟಿೊಂ",
                "stop_id": "21094",
                "lat": 12.91007,
                "lon": 77.48146
              },
              {
                "name": "Kengeri Ganesha Temple",
                "name_kn": "ಕೆಙೆರಿ ಗನೆಶ ಟೆಂಪ್ಲೆ",
                "stop_id": "20782",
                "lat": 12.91126,
                "lon": 77.48029
              },
              {
                "name": "Kommaghatta Junction",
                "name_kn": "ಕೊಮ್ಮಘಟ ಜುಂಕ್ಟಿೊಂ",
                "stop_id": "20882",
                "lat": 12.91444,
                "lon": 77.48144
              },
              {
                "name": "Kengeri Post Office",
                "name_kn": "ಕೆಙೆರಿ ಪೊಸ್ಟ್ ೊೞ್ೞಿಕೆ",
                "stop_id": "22165",
                "lat": 12.91543,
                "lon": 77.48181
              },
              {
                "name": "Kengeri Railway Station",
                "name_kn": "ಕೆಙೆರಿ ರೈಲ್ವಯ್ ಸ್ಟಟಿೊಂ",
                "stop_id": "21110",
                "lat": 12.91686,
                "lon": 77.48234
              },
              {
                "name": "Kengeri Satellite Town",
                "name_kn": "ಕೆಙೆರಿ ಸಟೆಲ್ಲಿಟೆ ಟೌಂ",
                "stop_id": "22167",
                "lat": 12.92355,
                "lon": 77.48479
              },
              {
                "name": "Kengeri Church",
                "name_kn": "ಕೆಙೆರಿ ಚುರ್ಚ್",
                "stop_id": "20923",
                "lat": 12.92874,
                "lon": 77.48664
              },
              {
                "name": "Shirke KHB Quarters",
                "name_kn": "ಶಿರ್ಕೆ ಖ್ಬ್ qುರ್ಟೆರ್ಸ್",
                "stop_id": "22665",
                "lat": 12.93193,
                "lon": 77.48762
              },
              {
                "name": "1st Block Vishweshwaraiah Layout",
                "name_kn": "1ಸ್ಟ್ ಬ್ಲೊಕ್ಕ್ ವಿಶ್ವೆಶ್ವರೈಹ್ ಲಯೌಟ್",
                "stop_id": "29392",
                "lat": 12.93746,
                "lon": 77.47873
              },
              {
                "name": "Maruthi Nagara",
                "name_kn": "ಮರುತಿ ನಗರ",
                "stop_id": "33864",
                "lat": 12.93983,
                "lon": 77.47944
              },
              {
                "name": "Sonnenahalli",
                "name_kn": "ಸೊಂನೆನಹಲ್ಲಿ",
                "stop_id": "34658",
                "lat": 12.94205,
                "lon": 77.4791
              }
            ]
          },
          {
            "Route": "221-J",
            "RouteId": 1969,
            "RouteParentId": 1158,
            "Destination": "Tavarekere",
            "Via": "",
            "Area": "KR Market (Kalasipalya)",
            "PlatformNumber": "3",
            "KannadaDestination": "ಟವರೆಕೆರೆ",
            "KannadaArea": "ಕೆಆರ್ ಮಾರುಕಟ್ಟೆ (ಕಲಾಸಿಪಾಳ್ಯ)",
            "KannadaVia": "",
            "FromStationId": 20925,
            "Stops": [
              {
                "name": "Kengeri Bus Station",
                "name_kn": "ಕೆಙೆರಿ ಬುಸ್ ಸ್ಟಟಿೊಂ",
                "stop_id": "20925",
                "lat": 12.91379,
                "lon": 77.4871
              },
              {
                "name": "Kengeri Police Station",
                "name_kn": "ಕೆಙೆರಿ ಪೊಲಿಕೆ ಸ್ಟಟಿೊಂ",
                "stop_id": "21094",
                "lat": 12.91007,
                "lon": 77.48146
              },
              {
                "name": "Kengeri Ganesha Temple",
                "name_kn": "ಕೆಙೆರಿ ಗನೆಶ ಟೆಂಪ್ಲೆ",
                "stop_id": "20782",
                "lat": 12.91126,
                "lon": 77.48029
              },
              {
                "name": "Kommaghatta Junction",
                "name_kn": "ಕೊಮ್ಮಘಟ ಜುಂಕ್ಟಿೊಂ",
                "stop_id": "20882",
                "lat": 12.91444,
                "lon": 77.48144
              },
              {
                "name": "Robin Theatre",
                "name_kn": "ರೊಬಿಂ ತೆಟ್ರೆ",
                "stop_id": "28049",
                "lat": 12.91601,
                "lon": 77.4798
              },
              {
                "name": "Bande Mutt Gate Kengeri",
                "name_kn": "ಬಂದೆ ಮುಟ್ ಗಟೆ ಕೆಙೆರಿ",
                "stop_id": "31878",
                "lat": 12.91899,
                "lon": 77.47749
              },
              {
                "name": "Beedi Karmikara Colony Gate",
                "name_kn": "ಬೀದಿ ಕರ್ಮಿಕರ ಕೊಲೊನೆ ಗಟೆ",
                "stop_id": "31936",
                "lat": 12.92231,
                "lon": 77.47482
              },
              {
                "name": "Kengeri Club",
                "name_kn": "ಕೆಙೆರಿ ಕ್ಲುಬ್",
                "stop_id": "33458",
                "lat": 12.92351,
                "lon": 77.47287
              },
              {
                "name": "Kommaghatta",
                "name_kn": "ಕೊಮ್ಮಘಟ",
                "stop_id": "31197",
                "lat": 12.92994,
                "lon": 77.46513
              },
              {
                "name": "Ramasandra Cross",
                "name_kn": "ರಮಸಂದ್ರ ಕ್ರೊಸ್ಸ್",
                "stop_id": "27946",
                "lat": 12.93257,
                "lon": 77.46169
              },
              {
                "name": "Banglow Sulikere",
                "name_kn": "ಬಙ್ಲೌ ಸುಲಿಕೆರೆ",
                "stop_id": "29705",
                "lat": 12.93298,
                "lon": 77.45186
              },
              {
                "name": "Byrohalli Gate",
                "name_kn": "ಬೆರೊಹಲ್ಲಿ ಗಟೆ",
                "stop_id": "30337",
                "lat": 12.93433,
                "lon": 77.44829
              },
              {
                "name": "Sulikere Cross",
                "name_kn": "ಸುಲಿಕೆರೆ ಕ್ರೊಸ್ಸ್",
                "stop_id": "34723",
                "lat": 12.93479,
                "lon": 77.44652
              },
              {
                "name": "Balaji Badavane Sulikere",
                "name_kn": "ಬಲಜಿ ಬದವನೆ ಸುಲಿಕೆರೆ",
                "stop_id": "38389",
                "lat": 12.93564,
                "lon": 77.44327
              },
              {
                "name": "Nursery Maragondanahalli",
                "name_kn": "ನುರ್ಸೆರೆ ಮರಗೊಂದನಹಲ್ಲಿ",
                "stop_id": "27519",
                "lat": 12.93631,
                "lon": 77.43851
              },
              {
                "name": "Maragondanahalli Cross",
                "name_kn": "ಮರಗೊಂದನಹಲ್ಲಿ ಕ್ರೊಸ್ಸ್",
                "stop_id": "33824",
                "lat": 12.93485,
                "lon": 77.4314
              },
              {
                "name": "Krishnasagara",
                "name_kn": "ಕ್ರಿಶ್ನಸಗರ",
                "stop_id": "31273",
                "lat": 12.93605,
                "lon": 77.42872
              },
              {
                "name": "Gulaganjahalli Cross",
                "name_kn": "ಗುಲಗಞಹಲ್ಲಿ ಕ್ರೊಸ್ಸ್",
                "stop_id": "25599",
                "lat": 12.94142,
                "lon": 77.42528
              },
              {
                "name": "Gulaganjahalli",
                "name_kn": "ಗುಲಗಞಹಲ್ಲಿ",
                "stop_id": "25597",
                "lat": 12.93732,
                "lon": 77.41876
              },
              {
                "name": "Halubhavipalya",
                "name_kn": "ಹಲುಭವಿಪಲೆ",
                "stop_id": "35706",
                "lat": 12.94201,
                "lon": 77.41604
              },
              {
                "name": "Eshwara Temple Puttayyanapalya",
                "name_kn": "ಎಶ್ವರ ಟೆಂಪ್ಲೆ ಪುಟಯೆನಪಲೆ",
                "stop_id": "25229",
                "lat": 12.95339,
                "lon": 77.41171
              },
              {
                "name": "Puttaiahnapalya",
                "name_kn": "ಪುಟೈಹ್ನಪಲೆ",
                "stop_id": "34297",
                "lat": 12.95665,
                "lon": 77.41061
              },
              {
                "name": "Puttaiahnapalya Cross",
                "name_kn": "ಪುಟೈಹ್ನಪಲೆ ಕ್ರೊಸ್ಸ್",
                "stop_id": "27786",
                "lat": 12.95984,
                "lon": 77.40676
              },
              {
                "name": "Dodda Aladamara Cross",
                "name_kn": "ದೊದ್ದ ಲದಮರ ಕ್ರೊಸ್ಸ್",
                "stop_id": "25007",
                "lat": 12.96386,
                "lon": 77.40744
              },
              {
                "name": "Manjunatha Nagara",
                "name_kn": "ಮಞುನತ ನಗರ",
                "stop_id": "28764",
                "lat": 12.96433,
                "lon": 77.40378
              },
              {
                "name": "Tavarekere",
                "name_kn": "ಟವರೆಕೆರೆ",
                "stop_id": "34765",
                "lat": 12.96567,
                "lon": 77.4001
              }
            ]
          },
          {
            "Route": "221-J KBS-GGH",
            "RouteId": 8966,
            "RouteParentId": 4811,
            "Destination": "Gulaganjahalli",
            "Via": "",
            "Area": "Kempegowda Bus Station",
            "PlatformNumber": "3",
            "KannadaDestination": "ಗುಲಗಞಹಲ್ಲಿ",
            "KannadaArea": "ಕೆಂಪೇಗೌಡ ಬಸ್ ನಿಲ್ದಾಣ",
            "KannadaVia": "",
            "FromStationId": 20925,
            "Stops": [
              {
                "name": "Kengeri Bus Station",
                "name_kn": "ಕೆಙೆರಿ ಬುಸ್ ಸ್ಟಟಿೊಂ",
                "stop_id": "20925",
                "lat": 12.91379,
                "lon": 77.4871
              },
              {
                "name": "Kengeri Police Station",
                "name_kn": "ಕೆಙೆರಿ ಪೊಲಿಕೆ ಸ್ಟಟಿೊಂ",
                "stop_id": "21094",
                "lat": 12.91007,
                "lon": 77.48146
              },
              {
                "name": "Kengeri Ganesha Temple",
                "name_kn": "ಕೆಙೆರಿ ಗನೆಶ ಟೆಂಪ್ಲೆ",
                "stop_id": "20782",
                "lat": 12.91126,
                "lon": 77.48029
              },
              {
                "name": "Kommaghatta Junction",
                "name_kn": "ಕೊಮ್ಮಘಟ ಜುಂಕ್ಟಿೊಂ",
                "stop_id": "20882",
                "lat": 12.91444,
                "lon": 77.48144
              },
              {
                "name": "Robin Theatre",
                "name_kn": "ರೊಬಿಂ ತೆಟ್ರೆ",
                "stop_id": "28049",
                "lat": 12.91601,
                "lon": 77.4798
              },
              {
                "name": "Bande Mutt Gate Kengeri",
                "name_kn": "ಬಂದೆ ಮುಟ್ ಗಟೆ ಕೆಙೆರಿ",
                "stop_id": "31878",
                "lat": 12.91899,
                "lon": 77.47749
              },
              {
                "name": "Beedi Karmikara Colony Gate",
                "name_kn": "ಬೀದಿ ಕರ್ಮಿಕರ ಕೊಲೊನೆ ಗಟೆ",
                "stop_id": "31936",
                "lat": 12.92231,
                "lon": 77.47482
              },
              {
                "name": "Kengeri Club",
                "name_kn": "ಕೆಙೆರಿ ಕ್ಲುಬ್",
                "stop_id": "33458",
                "lat": 12.92351,
                "lon": 77.47287
              },
              {
                "name": "Kommaghatta",
                "name_kn": "ಕೊಮ್ಮಘಟ",
                "stop_id": "31197",
                "lat": 12.92994,
                "lon": 77.46513
              },
              {
                "name": "Ramasandra Cross",
                "name_kn": "ರಮಸಂದ್ರ ಕ್ರೊಸ್ಸ್",
                "stop_id": "27946",
                "lat": 12.93257,
                "lon": 77.46169
              },
              {
                "name": "Banglow Sulikere",
                "name_kn": "ಬಙ್ಲೌ ಸುಲಿಕೆರೆ",
                "stop_id": "29705",
                "lat": 12.93298,
                "lon": 77.45186
              },
              {
                "name": "Byrohalli Gate",
                "name_kn": "ಬೆರೊಹಲ್ಲಿ ಗಟೆ",
                "stop_id": "30337",
                "lat": 12.93433,
                "lon": 77.44829
              },
              {
                "name": "Sulikere Cross",
                "name_kn": "ಸುಲಿಕೆರೆ ಕ್ರೊಸ್ಸ್",
                "stop_id": "34723",
                "lat": 12.93479,
                "lon": 77.44652
              },
              {
                "name": "Balaji Badavane Sulikere",
                "name_kn": "ಬಲಜಿ ಬದವನೆ ಸುಲಿಕೆರೆ",
                "stop_id": "38389",
                "lat": 12.93564,
                "lon": 77.44327
              },
              {
                "name": "Nursery Maragondanahalli",
                "name_kn": "ನುರ್ಸೆರೆ ಮರಗೊಂದನಹಲ್ಲಿ",
                "stop_id": "27519",
                "lat": 12.93631,
                "lon": 77.43851
              },
              {
                "name": "Maragondanahalli Cross",
                "name_kn": "ಮರಗೊಂದನಹಲ್ಲಿ ಕ್ರೊಸ್ಸ್",
                "stop_id": "33824",
                "lat": 12.93485,
                "lon": 77.4314
              },
              {
                "name": "Krishnasagara",
                "name_kn": "ಕ್ರಿಶ್ನಸಗರ",
                "stop_id": "31273",
                "lat": 12.93605,
                "lon": 77.42872
              },
              {
                "name": "Gulaganjahalli Cross",
                "name_kn": "ಗುಲಗಞಹಲ್ಲಿ ಕ್ರೊಸ್ಸ್",
                "stop_id": "25599",
                "lat": 12.94142,
                "lon": 77.42528
              },
              {
                "name": "Gulaganjahalli",
                "name_kn": "ಗುಲಗಞಹಲ್ಲಿ",
                "stop_id": "25597",
                "lat": 12.93732,
                "lon": 77.41876
              }
            ]
          },
          {
            "Route": "221-J TVK-KMT-KBS",
            "RouteId": 13228,
            "RouteParentId": 7014,
            "Destination": "Kempegowda Bus Station",
            "Via": "",
            "Area": "Kempegowda Bus Station",
            "PlatformNumber": "3",
            "KannadaDestination": "ಕೆಂಪೆಗೌದ ಬುಸ್ ಸ್ಟಟಿೊಂ",
            "KannadaArea": "ಕೆಂಪೇಗೌಡ ಬಸ್ ನಿಲ್ದಾಣ",
            "KannadaVia": "",
            "FromStationId": 20925,
            "Stops": [
              {
                "name": "Kengeri Bus Station",
                "name_kn": "ಕೆಙೆರಿ ಬುಸ್ ಸ್ಟಟಿೊಂ",
                "stop_id": "20926",
                "lat": 12.91406,
                "lon": 77.48645
              },
              {
                "name": "Mylasandra Cross",
                "name_kn": "ಮೆಲಸಂದ್ರ ಕ್ರೊಸ್ಸ್",
                "stop_id": "21040",
                "lat": 12.91751,
                "lon": 77.49039
              },
              {
                "name": "Dubasipalya Cross",
                "name_kn": "ದುಬಸಿಪಲೆ ಕ್ರೊಸ್ಸ್",
                "stop_id": "20765",
                "lat": 12.9229,
                "lon": 77.49583
              },
              {
                "name": "RV College",
                "name_kn": "ರ್ವ್ ಕೊಲ್ಲೆಗೆ",
                "stop_id": "21146",
                "lat": 12.92529,
                "lon": 77.49918
              },
              {
                "name": "Jayaram Das Factory",
                "name_kn": "ಜಯರಂ ದಸ್ ೞಕ್ಟೊರೆ",
                "stop_id": "20879",
                "lat": 12.93011,
                "lon": 77.5056
              },
              {
                "name": "Bengaluru University Gate",
                "name_kn": "ಬೆಙಲುರು ುನಿವೆರ್ಸಿಟೆ ಗಟೆ",
                "stop_id": "20649",
                "lat": 12.93573,
                "lon": 77.51332
              },
              {
                "name": "Rajarajeshwari nagara Gate",
                "name_kn": "ರಜರಜೆಶ್ವರಿ ನಗರ ಗಟೆ",
                "stop_id": "21140",
                "lat": 12.93649,
                "lon": 77.51861
              },
              {
                "name": "BWSSB Quarters Nayandahalli",
                "name_kn": "ಬ್ವ್ಸ್ಸ್ಬ್ qುರ್ಟೆರ್ಸ್ ನಯಂದಹಲ್ಲಿ",
                "stop_id": "20691",
                "lat": 12.93987,
                "lon": 77.5236
              },
              {
                "name": "Nayandahalli",
                "name_kn": "ನಯಂದಹಲ್ಲಿ",
                "stop_id": "21053",
                "lat": 12.94288,
                "lon": 77.52576
              },
              {
                "name": "Mysore Road Metro Station",
                "name_kn": "ಮೆಸೊರೆ ರೊದ್ ಮೆಟ್ರೊ ಸ್ಟಟಿೊಂ",
                "stop_id": "21580",
                "lat": 12.94633,
                "lon": 77.52972
              },
              {
                "name": "BHEL",
                "name_kn": "ಭೆಲ್",
                "stop_id": "20661",
                "lat": 12.94874,
                "lon": 77.53559
              },
              {
                "name": "Bapujinagara",
                "name_kn": "ಬಪುಜಿನಗರ",
                "stop_id": "20626",
                "lat": 12.95321,
                "lon": 77.54182
              },
              {
                "name": "New Guddadahalli",
                "name_kn": "ನೆವ್ ಗುದ್ದದಹಲ್ಲಿ",
                "stop_id": "21056",
                "lat": 12.95587,
                "lon": 77.54596
              },
              {
                "name": "Mysore Road TollGate",
                "name_kn": "ಮೆಸೊರೆ ರೊದ್ ಟೊಲ್ಲ್ಗಟೆ",
                "stop_id": "21044",
                "lat": 12.95738,
                "lon": 77.55178
              },
              {
                "name": "Sirsi Circle",
                "name_kn": "ಸಿರ್ಸಿ ಕಿರ್ಕ್ಲೆ",
                "stop_id": "35393",
                "lat": 12.96036,
                "lon": 77.55687
              },
              {
                "name": "KR Market Flyover",
                "name_kn": "ಕ್ರ್ ಮರ್ಕೆಟ್ ೞ್ಲೆೊವೆರ್",
                "stop_id": "31256",
                "lat": 12.96474,
                "lon": 77.57508
              },
              {
                "name": "Town Hall",
                "name_kn": "ಟೌಂ ಹಲ್ಲ್",
                "stop_id": "21231",
                "lat": 12.96384,
                "lon": 77.58434
              },
              {
                "name": "Corporation",
                "name_kn": "ಕೊರ್ಪೊರಟಿೊಂ",
                "stop_id": "20725",
                "lat": 12.96839,
                "lon": 77.58675
              },
              {
                "name": "Mysore Bank",
                "name_kn": "ಮೆಸೊರೆ ಬಂಕ್",
                "stop_id": "35383",
                "lat": 12.97253,
                "lon": 77.58199
              },
              {
                "name": "Kempegowda Bus Station",
                "name_kn": "ಕೆಂಪೆಗೌದ ಬುಸ್ ಸ್ಟಟಿೊಂ",
                "stop_id": "20922",
                "lat": 12.97749,
                "lon": 77.57327
              }
            ]
          },
          {
            "Route": "221-J KGR-UDBVS",
            "RouteId": 14596,
            "RouteParentId": 7821,
            "Destination": "Udhbhava School",
            "Via": "",
            "Area": "Kengeri Bus Station",
            "PlatformNumber": "3",
            "KannadaDestination": "ಉಧ್ಭವ ಸ್ಚೂಲ್",
            "KannadaArea": "ಘಟಕ-37 ಕೆಂಗೇರಿ",
            "KannadaVia": "",
            "FromStationId": 20925,
            "Stops": [
              {
                "name": "Kengeri Bus Station",
                "name_kn": "ಕೆಙೆರಿ ಬುಸ್ ಸ್ಟಟಿೊಂ",
                "stop_id": "20925",
                "lat": 12.91379,
                "lon": 77.4871
              },
              {
                "name": "Kengeri Police Station",
                "name_kn": "ಕೆಙೆರಿ ಪೊಲಿಕೆ ಸ್ಟಟಿೊಂ",
                "stop_id": "21094",
                "lat": 12.91007,
                "lon": 77.48146
              },
              {
                "name": "Kengeri Ganesha Temple",
                "name_kn": "ಕೆಙೆರಿ ಗನೆಶ ಟೆಂಪ್ಲೆ",
                "stop_id": "20782",
                "lat": 12.91126,
                "lon": 77.48029
              },
              {
                "name": "Kommaghatta Junction",
                "name_kn": "ಕೊಮ್ಮಘಟ ಜುಂಕ್ಟಿೊಂ",
                "stop_id": "20882",
                "lat": 12.91444,
                "lon": 77.48144
              },
              {
                "name": "Robin Theatre",
                "name_kn": "ರೊಬಿಂ ತೆಟ್ರೆ",
                "stop_id": "28049",
                "lat": 12.91601,
                "lon": 77.4798
              },
              {
                "name": "Bande Mutt Gate Kengeri",
                "name_kn": "ಬಂದೆ ಮುಟ್ ಗಟೆ ಕೆಙೆರಿ",
                "stop_id": "31878",
                "lat": 12.91899,
                "lon": 77.47749
              },
              {
                "name": "Beedi Karmikara Colony Gate",
                "name_kn": "ಬೀದಿ ಕರ್ಮಿಕರ ಕೊಲೊನೆ ಗಟೆ",
                "stop_id": "31936",
                "lat": 12.92231,
                "lon": 77.47482
              },
              {
                "name": "Kengeri Club",
                "name_kn": "ಕೆಙೆರಿ ಕ್ಲುಬ್",
                "stop_id": "33458",
                "lat": 12.92351,
                "lon": 77.47287
              },
              {
                "name": "Kommaghatta",
                "name_kn": "ಕೊಮ್ಮಘಟ",
                "stop_id": "31197",
                "lat": 12.92994,
                "lon": 77.46513
              },
              {
                "name": "Ramasandra Cross",
                "name_kn": "ರಮಸಂದ್ರ ಕ್ರೊಸ್ಸ್",
                "stop_id": "27946",
                "lat": 12.93257,
                "lon": 77.46169
              },
              {
                "name": "Banglow Sulikere",
                "name_kn": "ಬಙ್ಲೌ ಸುಲಿಕೆರೆ",
                "stop_id": "29705",
                "lat": 12.93298,
                "lon": 77.45186
              },
              {
                "name": "Byrohalli Gate",
                "name_kn": "ಬೆರೊಹಲ್ಲಿ ಗಟೆ",
                "stop_id": "30337",
                "lat": 12.93433,
                "lon": 77.44829
              },
              {
                "name": "Sulikere Cross",
                "name_kn": "ಸುಲಿಕೆರೆ ಕ್ರೊಸ್ಸ್",
                "stop_id": "34723",
                "lat": 12.93479,
                "lon": 77.44652
              },
              {
                "name": "Balaji Badavane Sulikere",
                "name_kn": "ಬಲಜಿ ಬದವನೆ ಸುಲಿಕೆರೆ",
                "stop_id": "38389",
                "lat": 12.93564,
                "lon": 77.44327
              },
              {
                "name": "Nursery Maragondanahalli",
                "name_kn": "ನುರ್ಸೆರೆ ಮರಗೊಂದನಹಲ್ಲಿ",
                "stop_id": "27519",
                "lat": 12.93631,
                "lon": 77.43851
              },
              {
                "name": "Maragondanahalli Cross",
                "name_kn": "ಮರಗೊಂದನಹಲ್ಲಿ ಕ್ರೊಸ್ಸ್",
                "stop_id": "33824",
                "lat": 12.93485,
                "lon": 77.4314
              },
              {
                "name": "Krishnasagara",
                "name_kn": "ಕ್ರಿಶ್ನಸಗರ",
                "stop_id": "31273",
                "lat": 12.93605,
                "lon": 77.42872
              },
              {
                "name": "Gulaganjahalli Cross",
                "name_kn": "ಗುಲಗಞಹಲ್ಲಿ ಕ್ರೊಸ್ಸ್",
                "stop_id": "25599",
                "lat": 12.94142,
                "lon": 77.42528
              },
              {
                "name": "Muddayyanapalya",
                "name_kn": "ಮುದ್ದಯೆನಪಲೆ",
                "stop_id": "29065",
                "lat": 12.93193,
                "lon": 77.41726
              },
              {
                "name": "Udhbhava School",
                "name_kn": "ಉಧ್ಭವ ಸ್ಚೂಲ್",
                "stop_id": "38152",
                "lat": 12.92668,
                "lon": 77.41741
              }
            ]
          },
          {
            "Route": "222-C",
            "RouteId": 1935,
            "RouteParentId": 1141,
            "Destination": "Upadhyaya Badavane",
            "Via": "",
            "Area": "Kempegowda Bus Station",
            "PlatformNumber": "3",
            "KannadaDestination": "ಉಪಥೆಯ ಬದವನೆ",
            "KannadaArea": "ಕೆಂಪೇಗೌಡ ಬಸ್ ನಿಲ್ದಾಣ",
            "KannadaVia": "",
            "FromStationId": 20925,
            "Stops": [
              {
                "name": "Kengeri Bus Station",
                "name_kn": "ಕೆಙೆರಿ ಬುಸ್ ಸ್ಟಟಿೊಂ",
                "stop_id": "20925",
                "lat": 12.91379,
                "lon": 77.4871
              },
              {
                "name": "Kengeri Police Station",
                "name_kn": "ಕೆಙೆರಿ ಪೊಲಿಕೆ ಸ್ಟಟಿೊಂ",
                "stop_id": "21094",
                "lat": 12.91007,
                "lon": 77.48146
              },
              {
                "name": "Kengeri Ganesha Temple",
                "name_kn": "ಕೆಙೆರಿ ಗನೆಶ ಟೆಂಪ್ಲೆ",
                "stop_id": "20782",
                "lat": 12.91126,
                "lon": 77.48029
              },
              {
                "name": "Kommaghatta Junction",
                "name_kn": "ಕೊಮ್ಮಘಟ ಜುಂಕ್ಟಿೊಂ",
                "stop_id": "20882",
                "lat": 12.91444,
                "lon": 77.48144
              },
              {
                "name": "Kengeri Post Office",
                "name_kn": "ಕೆಙೆರಿ ಪೊಸ್ಟ್ ೊೞ್ೞಿಕೆ",
                "stop_id": "22165",
                "lat": 12.91543,
                "lon": 77.48181
              },
              {
                "name": "Kengeri Railway Station",
                "name_kn": "ಕೆಙೆರಿ ರೈಲ್ವಯ್ ಸ್ಟಟಿೊಂ",
                "stop_id": "21110",
                "lat": 12.91686,
                "lon": 77.48234
              },
              {
                "name": "Kengeri Satellite Town",
                "name_kn": "ಕೆಙೆರಿ ಸಟೆಲ್ಲಿಟೆ ಟೌಂ",
                "stop_id": "22167",
                "lat": 12.92355,
                "lon": 77.48479
              },
              {
                "name": "Kengeri Church",
                "name_kn": "ಕೆಙೆರಿ ಚುರ್ಚ್",
                "stop_id": "20923",
                "lat": 12.92874,
                "lon": 77.48664
              },
              {
                "name": "Shirke KHB Quarters",
                "name_kn": "ಶಿರ್ಕೆ ಖ್ಬ್ qುರ್ಟೆರ್ಸ್",
                "stop_id": "22665",
                "lat": 12.93193,
                "lon": 77.48762
              },
              {
                "name": "Upadhyaya Badavane",
                "name_kn": "ಉಪಥೆಯ ಬದವನೆ",
                "stop_id": "31513",
                "lat": 12.9353,
                "lon": 77.49909
              }
            ]
          },
          {
            "Route": "221-E",
            "RouteId": 1961,
            "RouteParentId": 1154,
            "Destination": "Ramasandra",
            "Via": "",
            "Area": "KR Market (Kalasipalya)",
            "PlatformNumber": "3",
            "KannadaDestination": "ರಮಸಂದ್ರ",
            "KannadaArea": "ಕೆಆರ್ ಮಾರುಕಟ್ಟೆ (ಕಲಾಸಿಪಾಳ್ಯ)",
            "KannadaVia": "",
            "FromStationId": 20925,
            "Stops": [
              {
                "name": "Kengeri Bus Station",
                "name_kn": "ಕೆಙೆರಿ ಬುಸ್ ಸ್ಟಟಿೊಂ",
                "stop_id": "20925",
                "lat": 12.91379,
                "lon": 77.4871
              },
              {
                "name": "Kengeri Police Station",
                "name_kn": "ಕೆಙೆರಿ ಪೊಲಿಕೆ ಸ್ಟಟಿೊಂ",
                "stop_id": "21094",
                "lat": 12.91007,
                "lon": 77.48146
              },
              {
                "name": "Kengeri Ganesha Temple",
                "name_kn": "ಕೆಙೆರಿ ಗನೆಶ ಟೆಂಪ್ಲೆ",
                "stop_id": "20782",
                "lat": 12.91126,
                "lon": 77.48029
              },
              {
                "name": "Kommaghatta Junction",
                "name_kn": "ಕೊಮ್ಮಘಟ ಜುಂಕ್ಟಿೊಂ",
                "stop_id": "20882",
                "lat": 12.91444,
                "lon": 77.48144
              },
              {
                "name": "Robin Theatre",
                "name_kn": "ರೊಬಿಂ ತೆಟ್ರೆ",
                "stop_id": "28049",
                "lat": 12.91601,
                "lon": 77.4798
              },
              {
                "name": "Bande Mutt Gate Kengeri",
                "name_kn": "ಬಂದೆ ಮುಟ್ ಗಟೆ ಕೆಙೆರಿ",
                "stop_id": "31878",
                "lat": 12.91899,
                "lon": 77.47749
              },
              {
                "name": "Beedi Karmikara Colony Gate",
                "name_kn": "ಬೀದಿ ಕರ್ಮಿಕರ ಕೊಲೊನೆ ಗಟೆ",
                "stop_id": "31936",
                "lat": 12.92231,
                "lon": 77.47482
              },
              {
                "name": "Kengeri Club",
                "name_kn": "ಕೆಙೆರಿ ಕ್ಲುಬ್",
                "stop_id": "33458",
                "lat": 12.92351,
                "lon": 77.47287
              },
              {
                "name": "Chikkanahalli",
                "name_kn": "ಚಿಕ್ಕನಹಲ್ಲಿ",
                "stop_id": "32315",
                "lat": 12.93444,
                "lon": 77.47249
              },
              {
                "name": "Dodda Basti",
                "name_kn": "ದೊದ್ದ ಬಸ್ಟಿ",
                "stop_id": "25008",
                "lat": 12.93956,
                "lon": 77.47289
              },
              {
                "name": "Ramasandra",
                "name_kn": "ರಮಸಂದ್ರ",
                "stop_id": "34372",
                "lat": 12.9455,
                "lon": 77.46797
              }
            ]
          },
          {
            "Route": "221-G",
            "RouteId": 1965,
            "RouteParentId": 1156,
            "Destination": "Bande Mutt Badavane Radiant Enclave",
            "Via": "",
            "Area": "Kempegowda Bus Station",
            "PlatformNumber": "3",
            "KannadaDestination": "ಬಂದೆ ಮುಟ್ ಬದವನೆ ರದಿಂಟ್ ೆಂಕ್ಲವೆ",
            "KannadaArea": "ಕೆಂಪೇಗೌಡ ಬಸ್ ನಿಲ್ದಾಣ",
            "KannadaVia": "",
            "FromStationId": 20925,
            "Stops": [
              {
                "name": "Kengeri Bus Station",
                "name_kn": "ಕೆಙೆರಿ ಬುಸ್ ಸ್ಟಟಿೊಂ",
                "stop_id": "20925",
                "lat": 12.91379,
                "lon": 77.4871
              },
              {
                "name": "Kengeri Police Station",
                "name_kn": "ಕೆಙೆರಿ ಪೊಲಿಕೆ ಸ್ಟಟಿೊಂ",
                "stop_id": "21094",
                "lat": 12.91007,
                "lon": 77.48146
              },
              {
                "name": "Kengeri Ganesha Temple",
                "name_kn": "ಕೆಙೆರಿ ಗನೆಶ ಟೆಂಪ್ಲೆ",
                "stop_id": "20782",
                "lat": 12.91126,
                "lon": 77.48029
              },
              {
                "name": "Kommaghatta Junction",
                "name_kn": "ಕೊಮ್ಮಘಟ ಜುಂಕ್ಟಿೊಂ",
                "stop_id": "20882",
                "lat": 12.91444,
                "lon": 77.48144
              },
              {
                "name": "Robin Theatre",
                "name_kn": "ರೊಬಿಂ ತೆಟ್ರೆ",
                "stop_id": "28049",
                "lat": 12.91601,
                "lon": 77.4798
              },
              {
                "name": "Bande Mutt Gate Kengeri",
                "name_kn": "ಬಂದೆ ಮುಟ್ ಗಟೆ ಕೆಙೆರಿ",
                "stop_id": "31878",
                "lat": 12.91899,
                "lon": 77.47749
              },
              {
                "name": "Beedi Karmikara Colony Gate",
                "name_kn": "ಬೀದಿ ಕರ್ಮಿಕರ ಕೊಲೊನೆ ಗಟೆ",
                "stop_id": "31936",
                "lat": 12.92231,
                "lon": 77.47482
              },
              {
                "name": "Kengeri Club",
                "name_kn": "ಕೆಙೆರಿ ಕ್ಲುಬ್",
                "stop_id": "33458",
                "lat": 12.92351,
                "lon": 77.47287
              },
              {
                "name": "Beedi Karmikara Colony",
                "name_kn": "ಬೀದಿ ಕರ್ಮಿಕರ ಕೊಲೊನೆ",
                "stop_id": "31935",
                "lat": 12.92003,
                "lon": 77.47146
              },
              {
                "name": "Bande Mutt Badavane Radiant Enclave",
                "name_kn": "ಬಂದೆ ಮುಟ್ ಬದವನೆ ರದಿಂಟ್ ೆಂಕ್ಲವೆ",
                "stop_id": "31877",
                "lat": 12.91277,
                "lon": 77.47358
              }
            ]
          },
          {
            "Route": "227-G",
            "RouteId": 2343,
            "RouteParentId": 1358,
            "Destination": "Subbarayappanapalya",
            "Via": "",
            "Area": "KR Market (Kalasipalya)",
            "PlatformNumber": "3",
            "KannadaDestination": "ಸುಬ್ಬರಯಪ್ಪನಪಲೆ",
            "KannadaArea": "ಕೆಆರ್ ಮಾರುಕಟ್ಟೆ (ಕಲಾಸಿಪಾಳ್ಯ)",
            "KannadaVia": "",
            "FromStationId": 20925,
            "Stops": [
              {
                "name": "Kengeri Bus Station",
                "name_kn": "ಕೆಙೆರಿ ಬುಸ್ ಸ್ಟಟಿೊಂ",
                "stop_id": "20925",
                "lat": 12.91379,
                "lon": 77.4871
              },
              {
                "name": "Kengeri Police Station",
                "name_kn": "ಕೆಙೆರಿ ಪೊಲಿಕೆ ಸ್ಟಟಿೊಂ",
                "stop_id": "21094",
                "lat": 12.91007,
                "lon": 77.48146
              },
              {
                "name": "Kengeri Metro Station",
                "name_kn": "ಕೆಙೆರಿ ಮೆಟ್ರೊ ಸ್ಟಟಿೊಂ",
                "stop_id": "38620",
                "lat": 12.90757,
                "lon": 77.47606
              },
              {
                "name": "Depot-12 Gate",
                "name_kn": "ದೆಪೊಟ್-12 ಗಟೆ",
                "stop_id": "35721",
                "lat": 12.90471,
                "lon": 77.47084
              },
              {
                "name": "NICE Road Kengeri Road Junction",
                "name_kn": "ನಿಕೆ ರೊದ್ ಕೆಙೆರಿ ರೊದ್ ಜುಂಕ್ಟಿೊಂ",
                "stop_id": "35386",
                "lat": 12.90224,
                "lon": 77.46926
              },
              {
                "name": "Vishwa Okkaligara Mata Basavanagara",
                "name_kn": "ವಿಶ್ವ ೊಕ್ಕಲಿಗರ ಮಟ ಬಸವನಗರ",
                "stop_id": "20627",
                "lat": 12.90099,
                "lon": 77.46746
              },
              {
                "name": "RR Medical College",
                "name_kn": "ರ್ರ್ ಮೆದಿಕಲ್ ಕೊಲ್ಲೆಗೆ",
                "stop_id": "35390",
                "lat": 12.89614,
                "lon": 77.46087
              },
              {
                "name": "Anchepalya",
                "name_kn": "ಅಂಚೆಪಲೆ",
                "stop_id": "20604",
                "lat": 12.89258,
                "lon": 77.45798
              },
              {
                "name": "Juggath Pharma",
                "name_kn": "ಜುಗ್ಗತ್ ಫರ್ಮ",
                "stop_id": "30476",
                "lat": 12.89081,
                "lon": 77.45532
              },
              {
                "name": "Ramohalli Cross",
                "name_kn": "ರಮೊಹಲ್ಲಿ ಕ್ರೊಸ್ಸ್",
                "stop_id": "35388",
                "lat": 12.88674,
                "lon": 77.45125
              },
              {
                "name": "CWS-3 BMTC",
                "name_kn": "ಕ್ವ್ಸ್-3 ಬ್ಂಟ್ಕ್",
                "stop_id": "24745",
                "lat": 12.90378,
                "lon": 77.44984
              },
              {
                "name": "Bheemanakuppe",
                "name_kn": "ಭೀಮನಕುಪ್ಪೆ",
                "stop_id": "30008",
                "lat": 12.90401,
                "lon": 77.43857
              },
              {
                "name": "Bheemanakuppe Cross",
                "name_kn": "ಭೀಮನಕುಪ್ಪೆ ಕ್ರೊಸ್ಸ್",
                "stop_id": "32035",
                "lat": 12.8949,
                "lon": 77.43669
              },
              {
                "name": "Subbarayappanapalya Cross",
                "name_kn": "ಸುಬ್ಬರಯಪ್ಪನಪಲೆ ಕ್ರೊಸ್ಸ್",
                "stop_id": "26712",
                "lat": 12.88927,
                "lon": 77.43773
              },
              {
                "name": "Chikkellur Cross",
                "name_kn": "ಚಿಕ್ಕೆಲ್ಲುರ್ ಕ್ರೊಸ್ಸ್",
                "stop_id": "32328",
                "lat": 12.89183,
                "lon": 77.42171
              },
              {
                "name": "Sheshagiripura",
                "name_kn": "ಶೆಶಗಿರಿಪುರ",
                "stop_id": "28299",
                "lat": 12.88088,
                "lon": 77.41809
              },
              {
                "name": "Subbarayappanapalya",
                "name_kn": "ಸುಬ್ಬರಯಪ್ಪನಪಲೆ",
                "stop_id": "26710",
                "lat": 12.87866,
                "lon": 77.42027
              }
            ]
          },
          {
            "Route": "227-R",
            "RouteId": 2370,
            "RouteParentId": 1371,
            "Destination": "Janatha Colony Byalalu",
            "Via": "",
            "Area": "KR Market (Kalasipalya)",
            "PlatformNumber": "3",
            "KannadaDestination": "ಜನತ ಕೊಲೊನೆ ಬೆಲಲು",
            "KannadaArea": "ಕೆಆರ್ ಮಾರುಕಟ್ಟೆ (ಕಲಾಸಿಪಾಳ್ಯ)",
            "KannadaVia": "",
            "FromStationId": 20925,
            "Stops": [
              {
                "name": "Kengeri Bus Station",
                "name_kn": "ಕೆಙೆರಿ ಬುಸ್ ಸ್ಟಟಿೊಂ",
                "stop_id": "20925",
                "lat": 12.91379,
                "lon": 77.4871
              },
              {
                "name": "Kengeri Police Station",
                "name_kn": "ಕೆಙೆರಿ ಪೊಲಿಕೆ ಸ್ಟಟಿೊಂ",
                "stop_id": "21094",
                "lat": 12.91007,
                "lon": 77.48146
              },
              {
                "name": "Kengeri Metro Station",
                "name_kn": "ಕೆಙೆರಿ ಮೆಟ್ರೊ ಸ್ಟಟಿೊಂ",
                "stop_id": "38620",
                "lat": 12.90757,
                "lon": 77.47606
              },
              {
                "name": "Depot-12 Gate",
                "name_kn": "ದೆಪೊಟ್-12 ಗಟೆ",
                "stop_id": "35721",
                "lat": 12.90471,
                "lon": 77.47084
              },
              {
                "name": "NICE Road Kengeri Road Junction",
                "name_kn": "ನಿಕೆ ರೊದ್ ಕೆಙೆರಿ ರೊದ್ ಜುಂಕ್ಟಿೊಂ",
                "stop_id": "35386",
                "lat": 12.90224,
                "lon": 77.46926
              },
              {
                "name": "Vishwa Okkaligara Mata Basavanagara",
                "name_kn": "ವಿಶ್ವ ೊಕ್ಕಲಿಗರ ಮಟ ಬಸವನಗರ",
                "stop_id": "20627",
                "lat": 12.90099,
                "lon": 77.46746
              },
              {
                "name": "RR Medical College",
                "name_kn": "ರ್ರ್ ಮೆದಿಕಲ್ ಕೊಲ್ಲೆಗೆ",
                "stop_id": "35390",
                "lat": 12.89614,
                "lon": 77.46087
              },
              {
                "name": "Anchepalya",
                "name_kn": "ಅಂಚೆಪಲೆ",
                "stop_id": "20604",
                "lat": 12.89258,
                "lon": 77.45798
              },
              {
                "name": "Ramohalli Cross",
                "name_kn": "ರಮೊಹಲ್ಲಿ ಕ್ರೊಸ್ಸ್",
                "stop_id": "35388",
                "lat": 12.88674,
                "lon": 77.45125
              },
              {
                "name": "CWS-3 BMTC",
                "name_kn": "ಕ್ವ್ಸ್-3 ಬ್ಂಟ್ಕ್",
                "stop_id": "24745",
                "lat": 12.90378,
                "lon": 77.44984
              },
              {
                "name": "Bheemanakuppe",
                "name_kn": "ಭೀಮನಕುಪ್ಪೆ",
                "stop_id": "32034",
                "lat": 12.904,
                "lon": 77.43843
              },
              {
                "name": "Bheemanakuppe Cross",
                "name_kn": "ಭೀಮನಕುಪ್ಪೆ ಕ್ರೊಸ್ಸ್",
                "stop_id": "32035",
                "lat": 12.8949,
                "lon": 77.43669
              },
              {
                "name": "Subbarayappanapalya Cross",
                "name_kn": "ಸುಬ್ಬರಯಪ್ಪನಪಲೆ ಕ್ರೊಸ್ಸ್",
                "stop_id": "26712",
                "lat": 12.88927,
                "lon": 77.43773
              },
              {
                "name": "Chikkellur Cross",
                "name_kn": "ಚಿಕ್ಕೆಲ್ಲುರ್ ಕ್ರೊಸ್ಸ್",
                "stop_id": "32328",
                "lat": 12.89183,
                "lon": 77.42171
              },
              {
                "name": "Kundalapura",
                "name_kn": "ಕುಂದಲಪುರ",
                "stop_id": "28391",
                "lat": 12.8951,
                "lon": 77.41532
              },
              {
                "name": "Koluru",
                "name_kn": "ಕೊಲುರು",
                "stop_id": "31193",
                "lat": 12.89151,
                "lon": 77.41336
              },
              {
                "name": "Lakkaiahnapalya",
                "name_kn": "ಲಕ್ಕೈಹ್ನಪಲೆ",
                "stop_id": "33659",
                "lat": 12.88936,
                "lon": 77.40252
              },
              {
                "name": "Rampura",
                "name_kn": "ರಂಪುರ",
                "stop_id": "34381",
                "lat": 12.89027,
                "lon": 77.3988
              },
              {
                "name": "Lakshmipura",
                "name_kn": "ಲಕ್ಷ್ಮಿಪುರ",
                "stop_id": "33679",
                "lat": 12.89216,
                "lon": 77.39209
              },
              {
                "name": "Uddandahalli",
                "name_kn": "ಉದ್ದಂದಹಲ್ಲಿ",
                "stop_id": "31503",
                "lat": 12.88646,
                "lon": 77.3838
              },
              {
                "name": "Uddandahalli Cross",
                "name_kn": "ಉದ್ದಂದಹಲ್ಲಿ ಕ್ರೊಸ್ಸ್",
                "stop_id": "31504",
                "lat": 12.88717,
                "lon": 77.37655
              },
              {
                "name": "Byalalu",
                "name_kn": "ಬೆಲಲು",
                "stop_id": "32161",
                "lat": 12.89185,
                "lon": 77.3763
              },
              {
                "name": "Janatha Colony Byalalu",
                "name_kn": "ಜನತ ಕೊಲೊನೆ ಬೆಲಲು",
                "stop_id": "33108",
                "lat": 12.89425,
                "lon": 77.37797
              }
            ]
          },
          {
            "Route": "227-T",
            "RouteId": 2378,
            "RouteParentId": 1375,
            "Destination": "CK Thandya",
            "Via": "",
            "Area": "KR Market (Kalasipalya)",
            "PlatformNumber": "3",
            "KannadaDestination": "ಕ್ಕ್ ತಂಠೆ",
            "KannadaArea": "ಕೆಆರ್ ಮಾರುಕಟ್ಟೆ (ಕಲಾಸಿಪಾಳ್ಯ)",
            "KannadaVia": "",
            "FromStationId": 20925,
            "Stops": [
              {
                "name": "Kengeri Bus Station",
                "name_kn": "ಕೆಙೆರಿ ಬುಸ್ ಸ್ಟಟಿೊಂ",
                "stop_id": "20925",
                "lat": 12.91379,
                "lon": 77.4871
              },
              {
                "name": "Kengeri Police Station",
                "name_kn": "ಕೆಙೆರಿ ಪೊಲಿಕೆ ಸ್ಟಟಿೊಂ",
                "stop_id": "21094",
                "lat": 12.91007,
                "lon": 77.48146
              },
              {
                "name": "Kengeri Metro Station",
                "name_kn": "ಕೆಙೆರಿ ಮೆಟ್ರೊ ಸ್ಟಟಿೊಂ",
                "stop_id": "38620",
                "lat": 12.90757,
                "lon": 77.47606
              },
              {
                "name": "Depot-12 Gate",
                "name_kn": "ದೆಪೊಟ್-12 ಗಟೆ",
                "stop_id": "35721",
                "lat": 12.90471,
                "lon": 77.47084
              },
              {
                "name": "NICE Road Kengeri Road Junction",
                "name_kn": "ನಿಕೆ ರೊದ್ ಕೆಙೆರಿ ರೊದ್ ಜುಂಕ್ಟಿೊಂ",
                "stop_id": "35386",
                "lat": 12.90224,
                "lon": 77.46926
              },
              {
                "name": "Vishwa Okkaligara Mata Basavanagara",
                "name_kn": "ವಿಶ್ವ ೊಕ್ಕಲಿಗರ ಮಟ ಬಸವನಗರ",
                "stop_id": "20627",
                "lat": 12.90099,
                "lon": 77.46746
              },
              {
                "name": "RR Medical College",
                "name_kn": "ರ್ರ್ ಮೆದಿಕಲ್ ಕೊಲ್ಲೆಗೆ",
                "stop_id": "35390",
                "lat": 12.89614,
                "lon": 77.46087
              },
              {
                "name": "Anchepalya",
                "name_kn": "ಅಂಚೆಪಲೆ",
                "stop_id": "20604",
                "lat": 12.89258,
                "lon": 77.45798
              },
              {
                "name": "Juggath Pharma",
                "name_kn": "ಜುಗ್ಗತ್ ಫರ್ಮ",
                "stop_id": "30476",
                "lat": 12.89081,
                "lon": 77.45532
              },
              {
                "name": "Ramohalli Cross",
                "name_kn": "ರಮೊಹಲ್ಲಿ ಕ್ರೊಸ್ಸ್",
                "stop_id": "35388",
                "lat": 12.88674,
                "lon": 77.45125
              },
              {
                "name": "CWS-3 BMTC",
                "name_kn": "ಕ್ವ್ಸ್-3 ಬ್ಂಟ್ಕ್",
                "stop_id": "24745",
                "lat": 12.90378,
                "lon": 77.44984
              },
              {
                "name": "Bheemanakuppe",
                "name_kn": "ಭೀಮನಕುಪ್ಪೆ",
                "stop_id": "30008",
                "lat": 12.90401,
                "lon": 77.43857
              },
              {
                "name": "Bheemanakuppe Cross",
                "name_kn": "ಭೀಮನಕುಪ್ಪೆ ಕ್ರೊಸ್ಸ್",
                "stop_id": "32035",
                "lat": 12.8949,
                "lon": 77.43669
              },
              {
                "name": "Subbarayappanapalya Cross",
                "name_kn": "ಸುಬ್ಬರಯಪ್ಪನಪಲೆ ಕ್ರೊಸ್ಸ್",
                "stop_id": "26712",
                "lat": 12.88927,
                "lon": 77.43773
              },
              {
                "name": "Chikkellur Cross",
                "name_kn": "ಚಿಕ್ಕೆಲ್ಲುರ್ ಕ್ರೊಸ್ಸ್",
                "stop_id": "32328",
                "lat": 12.89183,
                "lon": 77.42171
              },
              {
                "name": "Sheshagiripura",
                "name_kn": "ಶೆಶಗಿರಿಪುರ",
                "stop_id": "28299",
                "lat": 12.88088,
                "lon": 77.41809
              },
              {
                "name": "Gopalapura",
                "name_kn": "ಗೊಪಲಪುರ",
                "stop_id": "32725",
                "lat": 12.87689,
                "lon": 77.41658
              },
              {
                "name": "CK Thandya Junction",
                "name_kn": "ಕ್ಕ್ ತಂಠೆ ಜುಂಕ್ಟಿೊಂ",
                "stop_id": "30367",
                "lat": 12.87609,
                "lon": 77.40103
              },
              {
                "name": "CK Thandya",
                "name_kn": "ಕ್ಕ್ ತಂಠೆ",
                "stop_id": "24703",
                "lat": 12.87023,
                "lon": 77.39753
              }
            ]
          },
          {
            "Route": "227-V",
            "RouteId": 2389,
            "RouteParentId": 1380,
            "Destination": "Hagalahalli",
            "Via": "",
            "Area": "KR Market (Kalasipalya)",
            "PlatformNumber": "3",
            "KannadaDestination": "ಹಗಲಹಲ್ಲಿ",
            "KannadaArea": "ಕೆಆರ್ ಮಾರುಕಟ್ಟೆ (ಕಲಾಸಿಪಾಳ್ಯ)",
            "KannadaVia": "",
            "FromStationId": 20925,
            "Stops": [
              {
                "name": "Kengeri Bus Station",
                "name_kn": "ಕೆಙೆರಿ ಬುಸ್ ಸ್ಟಟಿೊಂ",
                "stop_id": "20925",
                "lat": 12.91379,
                "lon": 77.4871
              },
              {
                "name": "Kengeri Police Station",
                "name_kn": "ಕೆಙೆರಿ ಪೊಲಿಕೆ ಸ್ಟಟಿೊಂ",
                "stop_id": "21094",
                "lat": 12.91007,
                "lon": 77.48146
              },
              {
                "name": "Kengeri Metro Station",
                "name_kn": "ಕೆಙೆರಿ ಮೆಟ್ರೊ ಸ್ಟಟಿೊಂ",
                "stop_id": "38620",
                "lat": 12.90757,
                "lon": 77.47606
              },
              {
                "name": "Depot-12 Gate",
                "name_kn": "ದೆಪೊಟ್-12 ಗಟೆ",
                "stop_id": "35721",
                "lat": 12.90471,
                "lon": 77.47084
              },
              {
                "name": "NICE Road Kengeri Road Junction",
                "name_kn": "ನಿಕೆ ರೊದ್ ಕೆಙೆರಿ ರೊದ್ ಜುಂಕ್ಟಿೊಂ",
                "stop_id": "35386",
                "lat": 12.90224,
                "lon": 77.46926
              },
              {
                "name": "Vishwa Okkaligara Mata Basavanagara",
                "name_kn": "ವಿಶ್ವ ೊಕ್ಕಲಿಗರ ಮಟ ಬಸವನಗರ",
                "stop_id": "20627",
                "lat": 12.90099,
                "lon": 77.46746
              },
              {
                "name": "RR Medical College",
                "name_kn": "ರ್ರ್ ಮೆದಿಕಲ್ ಕೊಲ್ಲೆಗೆ",
                "stop_id": "35390",
                "lat": 12.89614,
                "lon": 77.46087
              },
              {
                "name": "Anchepalya",
                "name_kn": "ಅಂಚೆಪಲೆ",
                "stop_id": "20604",
                "lat": 12.89258,
                "lon": 77.45798
              },
              {
                "name": "Juggath Pharma",
                "name_kn": "ಜುಗ್ಗತ್ ಫರ್ಮ",
                "stop_id": "30476",
                "lat": 12.89081,
                "lon": 77.45532
              },
              {
                "name": "Ramohalli Cross",
                "name_kn": "ರಮೊಹಲ್ಲಿ ಕ್ರೊಸ್ಸ್",
                "stop_id": "35388",
                "lat": 12.88674,
                "lon": 77.45125
              },
              {
                "name": "Challeghatta",
                "name_kn": "ಚಲ್ಲೆಘಟ",
                "stop_id": "24396",
                "lat": 12.89663,
                "lon": 77.45333
              },
              {
                "name": "CWS-3 BMTC",
                "name_kn": "ಕ್ವ್ಸ್-3 ಬ್ಂಟ್ಕ್",
                "stop_id": "24745",
                "lat": 12.90378,
                "lon": 77.44984
              },
              {
                "name": "Bheemanakuppe",
                "name_kn": "ಭೀಮನಕುಪ್ಪೆ",
                "stop_id": "30008",
                "lat": 12.90401,
                "lon": 77.43857
              },
              {
                "name": "Bheemanakuppe Cross",
                "name_kn": "ಭೀಮನಕುಪ್ಪೆ ಕ್ರೊಸ್ಸ್",
                "stop_id": "32035",
                "lat": 12.8949,
                "lon": 77.43669
              },
              {
                "name": "Subbarayappanapalya Cross",
                "name_kn": "ಸುಬ್ಬರಯಪ್ಪನಪಲೆ ಕ್ರೊಸ್ಸ್",
                "stop_id": "26712",
                "lat": 12.88927,
                "lon": 77.43773
              },
              {
                "name": "Chikkellur Cross",
                "name_kn": "ಚಿಕ್ಕೆಲ್ಲುರ್ ಕ್ರೊಸ್ಸ್",
                "stop_id": "32328",
                "lat": 12.89183,
                "lon": 77.42171
              },
              {
                "name": "Kundalapura",
                "name_kn": "ಕುಂದಲಪುರ",
                "stop_id": "28391",
                "lat": 12.8951,
                "lon": 77.41532
              },
              {
                "name": "Koluru",
                "name_kn": "ಕೊಲುರು",
                "stop_id": "31193",
                "lat": 12.89151,
                "lon": 77.41336
              },
              {
                "name": "Lakkaiahnapalya",
                "name_kn": "ಲಕ್ಕೈಹ್ನಪಲೆ",
                "stop_id": "33659",
                "lat": 12.88936,
                "lon": 77.40252
              },
              {
                "name": "Rampura",
                "name_kn": "ರಂಪುರ",
                "stop_id": "34381",
                "lat": 12.89027,
                "lon": 77.3988
              },
              {
                "name": "Lakshmipura",
                "name_kn": "ಲಕ್ಷ್ಮಿಪುರ",
                "stop_id": "33679",
                "lat": 12.89216,
                "lon": 77.39209
              },
              {
                "name": "Uddandahalli",
                "name_kn": "ಉದ್ದಂದಹಲ್ಲಿ",
                "stop_id": "31503",
                "lat": 12.88646,
                "lon": 77.3838
              },
              {
                "name": "Uddandahalli Cross",
                "name_kn": "ಉದ್ದಂದಹಲ್ಲಿ ಕ್ರೊಸ್ಸ್",
                "stop_id": "31504",
                "lat": 12.88717,
                "lon": 77.37655
              },
              {
                "name": "Donnenahalli",
                "name_kn": "ದೊಂನೆನಹಲ್ಲಿ",
                "stop_id": "32563",
                "lat": 12.88424,
                "lon": 77.37517
              },
              {
                "name": "Pachepalya",
                "name_kn": "ಪಚೆಪಲೆ",
                "stop_id": "34199",
                "lat": 12.88406,
                "lon": 77.36081
              },
              {
                "name": "Pachepalya Cross",
                "name_kn": "ಪಚೆಪಲೆ ಕ್ರೊಸ್ಸ್",
                "stop_id": "27570",
                "lat": 12.88539,
                "lon": 77.35834
              },
              {
                "name": "Chikkanahalli",
                "name_kn": "ಚಿಕ್ಕನಹಲ್ಲಿ",
                "stop_id": "32319",
                "lat": 12.88186,
                "lon": 77.35537
              },
              {
                "name": "Shanthinagara Manchanabele",
                "name_kn": "ಶಂತಿನಗರ ಮಂಚನಬೆಲೆ",
                "stop_id": "28272",
                "lat": 12.87952,
                "lon": 77.34728
              },
              {
                "name": "Vahale Gate",
                "name_kn": "ವಹಲೆ ಗಟೆ",
                "stop_id": "34929",
                "lat": 12.87692,
                "lon": 77.34209
              },
              {
                "name": "Manchanabele Dam Cross",
                "name_kn": "ಮಂಚನಬೆಲೆ ದಂ ಕ್ರೊಸ್ಸ್",
                "stop_id": "28731",
                "lat": 12.87149,
                "lon": 77.3397
              },
              {
                "name": "Manchanabele School",
                "name_kn": "ಮಂಚನಬೆಲೆ ಸ್ಚೂಲ್",
                "stop_id": "28732",
                "lat": 12.87008,
                "lon": 77.33715
              },
              {
                "name": "Manchanabele",
                "name_kn": "ಮಂಚನಬೆಲೆ",
                "stop_id": "33798",
                "lat": 12.86711,
                "lon": 77.33455
              },
              {
                "name": "Aane Kempegowdana Doddy",
                "name_kn": "ಁೆ ಕೆಂಪೆಗೌದನ ದೊದ್ಠೆ",
                "stop_id": "35856",
                "lat": 12.86152,
                "lon": 77.33503
              },
              {
                "name": "Ningegowdana Doddy",
                "name_kn": "ನಿಙೆಗೌದನ ದೊದ್ಠೆ",
                "stop_id": "35857",
                "lat": 12.8566,
                "lon": 77.33393
              },
              {
                "name": "Hagalahalli",
                "name_kn": "ಹಗಲಹಲ್ಲಿ",
                "stop_id": "35858",
                "lat": 12.84916,
                "lon": 77.33052
              }
            ]
          },
          {
            "Route": "227-G KMT-JMP",
            "RouteId": 7376,
            "RouteParentId": 3966,
            "Destination": "Jangamayyanapalya",
            "Via": "",
            "Area": "KR Market (Kalasipalya)",
            "PlatformNumber": "3",
            "KannadaDestination": "ಜಙಮಯೆನಪಲೆ",
            "KannadaArea": "ಕೆಆರ್ ಮಾರುಕಟ್ಟೆ (ಕಲಾಸಿಪಾಳ್ಯ)",
            "KannadaVia": "",
            "FromStationId": 20925,
            "Stops": [
              {
                "name": "Kengeri Bus Station",
                "name_kn": "ಕೆಙೆರಿ ಬುಸ್ ಸ್ಟಟಿೊಂ",
                "stop_id": "20925",
                "lat": 12.91379,
                "lon": 77.4871
              },
              {
                "name": "Kengeri Police Station",
                "name_kn": "ಕೆಙೆರಿ ಪೊಲಿಕೆ ಸ್ಟಟಿೊಂ",
                "stop_id": "21094",
                "lat": 12.91007,
                "lon": 77.48146
              },
              {
                "name": "Kengeri Metro Station",
                "name_kn": "ಕೆಙೆರಿ ಮೆಟ್ರೊ ಸ್ಟಟಿೊಂ",
                "stop_id": "38620",
                "lat": 12.90757,
                "lon": 77.47606
              },
              {
                "name": "Depot-12 Gate",
                "name_kn": "ದೆಪೊಟ್-12 ಗಟೆ",
                "stop_id": "35721",
                "lat": 12.90471,
                "lon": 77.47084
              },
              {
                "name": "NICE Road Kengeri Road Junction",
                "name_kn": "ನಿಕೆ ರೊದ್ ಕೆಙೆರಿ ರೊದ್ ಜುಂಕ್ಟಿೊಂ",
                "stop_id": "35386",
                "lat": 12.90224,
                "lon": 77.46926
              },
              {
                "name": "Vishwa Okkaligara Mata Basavanagara",
                "name_kn": "ವಿಶ್ವ ೊಕ್ಕಲಿಗರ ಮಟ ಬಸವನಗರ",
                "stop_id": "20627",
                "lat": 12.90099,
                "lon": 77.46746
              },
              {
                "name": "RR Medical College",
                "name_kn": "ರ್ರ್ ಮೆದಿಕಲ್ ಕೊಲ್ಲೆಗೆ",
                "stop_id": "35390",
                "lat": 12.89614,
                "lon": 77.46087
              },
              {
                "name": "Anchepalya",
                "name_kn": "ಅಂಚೆಪಲೆ",
                "stop_id": "20604",
                "lat": 12.89258,
                "lon": 77.45798
              },
              {
                "name": "Juggath Pharma",
                "name_kn": "ಜುಗ್ಗತ್ ಫರ್ಮ",
                "stop_id": "30476",
                "lat": 12.89081,
                "lon": 77.45532
              },
              {
                "name": "Challeghatta",
                "name_kn": "ಚಲ್ಲೆಘಟ",
                "stop_id": "24396",
                "lat": 12.89663,
                "lon": 77.45333
              },
              {
                "name": "CWS-3 BMTC",
                "name_kn": "ಕ್ವ್ಸ್-3 ಬ್ಂಟ್ಕ್",
                "stop_id": "24745",
                "lat": 12.90378,
                "lon": 77.44984
              },
              {
                "name": "Bheemanakuppe",
                "name_kn": "ಭೀಮನಕುಪ್ಪೆ",
                "stop_id": "30008",
                "lat": 12.90401,
                "lon": 77.43857
              },
              {
                "name": "Bheemanakuppe Cross",
                "name_kn": "ಭೀಮನಕುಪ್ಪೆ ಕ್ರೊಸ್ಸ್",
                "stop_id": "32035",
                "lat": 12.8949,
                "lon": 77.43669
              },
              {
                "name": "Subbarayappanapalya Cross",
                "name_kn": "ಸುಬ್ಬರಯಪ್ಪನಪಲೆ ಕ್ರೊಸ್ಸ್",
                "stop_id": "34710",
                "lat": 12.88923,
                "lon": 77.4377
              },
              {
                "name": "Chikkellur Cross",
                "name_kn": "ಚಿಕ್ಕೆಲ್ಲುರ್ ಕ್ರೊಸ್ಸ್",
                "stop_id": "32328",
                "lat": 12.89183,
                "lon": 77.42171
              },
              {
                "name": "Sheshagiripura",
                "name_kn": "ಶೆಶಗಿರಿಪುರ",
                "stop_id": "28299",
                "lat": 12.88088,
                "lon": 77.41809
              },
              {
                "name": "Subbarayappanapalya",
                "name_kn": "ಸುಬ್ಬರಯಪ್ಪನಪಲೆ",
                "stop_id": "26710",
                "lat": 12.87866,
                "lon": 77.42027
              },
              {
                "name": "Jangamayyanapalya",
                "name_kn": "ಜಙಮಯೆನಪಲೆ",
                "stop_id": "26293",
                "lat": 12.87469,
                "lon": 77.42284
              }
            ]
          },
          {
            "Route": "227-VA",
            "RouteId": 12989,
            "RouteParentId": 6885,
            "Destination": "Chikkanahalli",
            "Via": "",
            "Area": "Kengeri Bus Station",
            "PlatformNumber": "3",
            "KannadaDestination": "ಚಿಕ್ಕನಹಲ್ಲಿ",
            "KannadaArea": "ಘಟಕ-37 ಕೆಂಗೇರಿ",
            "KannadaVia": "",
            "FromStationId": 20925,
            "Stops": [
              {
                "name": "Kengeri Bus Station",
                "name_kn": "ಕೆಙೆರಿ ಬುಸ್ ಸ್ಟಟಿೊಂ",
                "stop_id": "20925",
                "lat": 12.91379,
                "lon": 77.4871
              },
              {
                "name": "Kengeri Police Station",
                "name_kn": "ಕೆಙೆರಿ ಪೊಲಿಕೆ ಸ್ಟಟಿೊಂ",
                "stop_id": "21094",
                "lat": 12.91007,
                "lon": 77.48146
              },
              {
                "name": "Kengeri Metro Station",
                "name_kn": "ಕೆಙೆರಿ ಮೆಟ್ರೊ ಸ್ಟಟಿೊಂ",
                "stop_id": "38620",
                "lat": 12.90757,
                "lon": 77.47606
              },
              {
                "name": "Depot-12 Gate",
                "name_kn": "ದೆಪೊಟ್-12 ಗಟೆ",
                "stop_id": "35721",
                "lat": 12.90471,
                "lon": 77.47084
              },
              {
                "name": "NICE Road Kengeri Road Junction",
                "name_kn": "ನಿಕೆ ರೊದ್ ಕೆಙೆರಿ ರೊದ್ ಜುಂಕ್ಟಿೊಂ",
                "stop_id": "35386",
                "lat": 12.90224,
                "lon": 77.46926
              },
              {
                "name": "Vishwa Okkaligara Mata Basavanagara",
                "name_kn": "ವಿಶ್ವ ೊಕ್ಕಲಿಗರ ಮಟ ಬಸವನಗರ",
                "stop_id": "20627",
                "lat": 12.90099,
                "lon": 77.46746
              },
              {
                "name": "RR Medical College",
                "name_kn": "ರ್ರ್ ಮೆದಿಕಲ್ ಕೊಲ್ಲೆಗೆ",
                "stop_id": "35390",
                "lat": 12.89614,
                "lon": 77.46087
              },
              {
                "name": "Anchepalya",
                "name_kn": "ಅಂಚೆಪಲೆ",
                "stop_id": "20604",
                "lat": 12.89258,
                "lon": 77.45798
              },
              {
                "name": "Juggath Pharma",
                "name_kn": "ಜುಗ್ಗತ್ ಫರ್ಮ",
                "stop_id": "30476",
                "lat": 12.89081,
                "lon": 77.45532
              },
              {
                "name": "Ramohalli Cross",
                "name_kn": "ರಮೊಹಲ್ಲಿ ಕ್ರೊಸ್ಸ್",
                "stop_id": "35388",
                "lat": 12.88674,
                "lon": 77.45125
              },
              {
                "name": "CWS-3 BMTC",
                "name_kn": "ಕ್ವ್ಸ್-3 ಬ್ಂಟ್ಕ್",
                "stop_id": "24745",
                "lat": 12.90378,
                "lon": 77.44984
              },
              {
                "name": "Bheemanakuppe",
                "name_kn": "ಭೀಮನಕುಪ್ಪೆ",
                "stop_id": "30008",
                "lat": 12.90401,
                "lon": 77.43857
              },
              {
                "name": "Bheemanakuppe Cross",
                "name_kn": "ಭೀಮನಕುಪ್ಪೆ ಕ್ರೊಸ್ಸ್",
                "stop_id": "32035",
                "lat": 12.8949,
                "lon": 77.43669
              },
              {
                "name": "Subbarayappanapalya Cross",
                "name_kn": "ಸುಬ್ಬರಯಪ್ಪನಪಲೆ ಕ್ರೊಸ್ಸ್",
                "stop_id": "26712",
                "lat": 12.88927,
                "lon": 77.43773
              },
              {
                "name": "Chikkellur Cross",
                "name_kn": "ಚಿಕ್ಕೆಲ್ಲುರ್ ಕ್ರೊಸ್ಸ್",
                "stop_id": "32328",
                "lat": 12.89183,
                "lon": 77.42171
              },
              {
                "name": "Kundalapura",
                "name_kn": "ಕುಂದಲಪುರ",
                "stop_id": "28391",
                "lat": 12.8951,
                "lon": 77.41532
              },
              {
                "name": "Koluru",
                "name_kn": "ಕೊಲುರು",
                "stop_id": "31193",
                "lat": 12.89151,
                "lon": 77.41336
              },
              {
                "name": "Lakkaiahnapalya",
                "name_kn": "ಲಕ್ಕೈಹ್ನಪಲೆ",
                "stop_id": "33659",
                "lat": 12.88936,
                "lon": 77.40252
              },
              {
                "name": "Rampura",
                "name_kn": "ರಂಪುರ",
                "stop_id": "34381",
                "lat": 12.89027,
                "lon": 77.3988
              },
              {
                "name": "Lakshmipura",
                "name_kn": "ಲಕ್ಷ್ಮಿಪುರ",
                "stop_id": "33679",
                "lat": 12.89216,
                "lon": 77.39209
              },
              {
                "name": "Uddandahalli",
                "name_kn": "ಉದ್ದಂದಹಲ್ಲಿ",
                "stop_id": "31503",
                "lat": 12.88646,
                "lon": 77.3838
              },
              {
                "name": "Uddandahalli Cross",
                "name_kn": "ಉದ್ದಂದಹಲ್ಲಿ ಕ್ರೊಸ್ಸ್",
                "stop_id": "31504",
                "lat": 12.88717,
                "lon": 77.37655
              },
              {
                "name": "Donnenahalli",
                "name_kn": "ದೊಂನೆನಹಲ್ಲಿ",
                "stop_id": "32563",
                "lat": 12.88424,
                "lon": 77.37517
              },
              {
                "name": "Pachepalya",
                "name_kn": "ಪಚೆಪಲೆ",
                "stop_id": "34199",
                "lat": 12.88406,
                "lon": 77.36081
              },
              {
                "name": "Pachepalya Cross",
                "name_kn": "ಪಚೆಪಲೆ ಕ್ರೊಸ್ಸ್",
                "stop_id": "27570",
                "lat": 12.88539,
                "lon": 77.35834
              },
              {
                "name": "Chikkanahalli",
                "name_kn": "ಚಿಕ್ಕನಹಲ್ಲಿ",
                "stop_id": "32319",
                "lat": 12.88186,
                "lon": 77.35537
              }
            ]
          },
          {
            "Route": "227-ZA KMT-KLR-TMP",
            "RouteId": 13382,
            "RouteParentId": 7106,
            "Destination": "Thirumalapura",
            "Via": "",
            "Area": "KR Market (Kalasipalya)",
            "PlatformNumber": "3",
            "KannadaDestination": "ತಿರುಮಲಪುರ",
            "KannadaArea": "ಕೆಆರ್ ಮಾರುಕಟ್ಟೆ (ಕಲಾಸಿಪಾಳ್ಯ)",
            "KannadaVia": "",
            "FromStationId": 20925,
            "Stops": [
              {
                "name": "Kengeri Bus Station",
                "name_kn": "ಕೆಙೆರಿ ಬುಸ್ ಸ್ಟಟಿೊಂ",
                "stop_id": "20925",
                "lat": 12.91379,
                "lon": 77.4871
              },
              {
                "name": "Kengeri Police Station",
                "name_kn": "ಕೆಙೆರಿ ಪೊಲಿಕೆ ಸ್ಟಟಿೊಂ",
                "stop_id": "21094",
                "lat": 12.91007,
                "lon": 77.48146
              },
              {
                "name": "Kengeri Metro Station",
                "name_kn": "ಕೆಙೆರಿ ಮೆಟ್ರೊ ಸ್ಟಟಿೊಂ",
                "stop_id": "38620",
                "lat": 12.90757,
                "lon": 77.47606
              },
              {
                "name": "Depot-12 Gate",
                "name_kn": "ದೆಪೊಟ್-12 ಗಟೆ",
                "stop_id": "35721",
                "lat": 12.90471,
                "lon": 77.47084
              },
              {
                "name": "NICE Road Kengeri Road Junction",
                "name_kn": "ನಿಕೆ ರೊದ್ ಕೆಙೆರಿ ರೊದ್ ಜುಂಕ್ಟಿೊಂ",
                "stop_id": "35386",
                "lat": 12.90224,
                "lon": 77.46926
              },
              {
                "name": "Vishwa Okkaligara Mata Basavanagara",
                "name_kn": "ವಿಶ್ವ ೊಕ್ಕಲಿಗರ ಮಟ ಬಸವನಗರ",
                "stop_id": "20627",
                "lat": 12.90099,
                "lon": 77.46746
              },
              {
                "name": "RR Medical College",
                "name_kn": "ರ್ರ್ ಮೆದಿಕಲ್ ಕೊಲ್ಲೆಗೆ",
                "stop_id": "35390",
                "lat": 12.89614,
                "lon": 77.46087
              },
              {
                "name": "Anchepalya",
                "name_kn": "ಅಂಚೆಪಲೆ",
                "stop_id": "20604",
                "lat": 12.89258,
                "lon": 77.45798
              },
              {
                "name": "Juggath Pharma",
                "name_kn": "ಜುಗ್ಗತ್ ಫರ್ಮ",
                "stop_id": "30476",
                "lat": 12.89081,
                "lon": 77.45532
              },
              {
                "name": "Ramohalli Cross",
                "name_kn": "ರಮೊಹಲ್ಲಿ ಕ್ರೊಸ್ಸ್",
                "stop_id": "35388",
                "lat": 12.88674,
                "lon": 77.45125
              },
              {
                "name": "CWS-3 BMTC",
                "name_kn": "ಕ್ವ್ಸ್-3 ಬ್ಂಟ್ಕ್",
                "stop_id": "24745",
                "lat": 12.90378,
                "lon": 77.44984
              },
              {
                "name": "Bheemanakuppe",
                "name_kn": "ಭೀಮನಕುಪ್ಪೆ",
                "stop_id": "30008",
                "lat": 12.90401,
                "lon": 77.43857
              },
              {
                "name": "Bheemanakuppe Cross",
                "name_kn": "ಭೀಮನಕುಪ್ಪೆ ಕ್ರೊಸ್ಸ್",
                "stop_id": "32035",
                "lat": 12.8949,
                "lon": 77.43669
              },
              {
                "name": "Subbarayappanapalya Cross",
                "name_kn": "ಸುಬ್ಬರಯಪ್ಪನಪಲೆ ಕ್ರೊಸ್ಸ್",
                "stop_id": "34710",
                "lat": 12.88923,
                "lon": 77.4377
              },
              {
                "name": "Chikkellur Cross",
                "name_kn": "ಚಿಕ್ಕೆಲ್ಲುರ್ ಕ್ರೊಸ್ಸ್",
                "stop_id": "32328",
                "lat": 12.89183,
                "lon": 77.42171
              },
              {
                "name": "Kundalapura",
                "name_kn": "ಕುಂದಲಪುರ",
                "stop_id": "28391",
                "lat": 12.8951,
                "lon": 77.41532
              },
              {
                "name": "Koluru",
                "name_kn": "ಕೊಲುರು",
                "stop_id": "31193",
                "lat": 12.89151,
                "lon": 77.41336
              },
              {
                "name": "Lakkaiahnapalya",
                "name_kn": "ಲಕ್ಕೈಹ್ನಪಲೆ",
                "stop_id": "33659",
                "lat": 12.88936,
                "lon": 77.40252
              },
              {
                "name": "Rampura",
                "name_kn": "ರಂಪುರ",
                "stop_id": "34381",
                "lat": 12.89027,
                "lon": 77.3988
              },
              {
                "name": "Lakshmipura",
                "name_kn": "ಲಕ್ಷ್ಮಿಪುರ",
                "stop_id": "33679",
                "lat": 12.89216,
                "lon": 77.39209
              },
              {
                "name": "Uddandahalli",
                "name_kn": "ಉದ್ದಂದಹಲ್ಲಿ",
                "stop_id": "31503",
                "lat": 12.88646,
                "lon": 77.3838
              },
              {
                "name": "Uddandahalli Cross",
                "name_kn": "ಉದ್ದಂದಹಲ್ಲಿ ಕ್ರೊಸ್ಸ್",
                "stop_id": "31504",
                "lat": 12.88717,
                "lon": 77.37655
              },
              {
                "name": "Donnenahalli",
                "name_kn": "ದೊಂನೆನಹಲ್ಲಿ",
                "stop_id": "32563",
                "lat": 12.88424,
                "lon": 77.37517
              },
              {
                "name": "Pachepalya",
                "name_kn": "ಪಚೆಪಲೆ",
                "stop_id": "34199",
                "lat": 12.88406,
                "lon": 77.36081
              },
              {
                "name": "Pachepalya Cross",
                "name_kn": "ಪಚೆಪಲೆ ಕ್ರೊಸ್ಸ್",
                "stop_id": "27570",
                "lat": 12.88539,
                "lon": 77.35834
              },
              {
                "name": "Chikkanahalli",
                "name_kn": "ಚಿಕ್ಕನಹಲ್ಲಿ",
                "stop_id": "32319",
                "lat": 12.88186,
                "lon": 77.35537
              },
              {
                "name": "Basammanahalli Cross",
                "name_kn": "ಬಸಮ್ಮನಹಲ್ಲಿ ಕ್ರೊಸ್ಸ್",
                "stop_id": "29735",
                "lat": 12.87518,
                "lon": 77.3544
              },
              {
                "name": "Kempadyapanahalli",
                "name_kn": "ಕೆಂಪಠೆಪನಹಲ್ಲಿ",
                "stop_id": "30942",
                "lat": 12.86697,
                "lon": 77.35426
              },
              {
                "name": "Ganakal",
                "name_kn": "ಗನಕಲ್",
                "stop_id": "32618",
                "lat": 12.85247,
                "lon": 77.3573
              },
              {
                "name": "Borehalli",
                "name_kn": "ಬೊರೆಹಲ್ಲಿ",
                "stop_id": "30185",
                "lat": 12.84351,
                "lon": 77.3581
              },
              {
                "name": "Kakaramanahalli Cross",
                "name_kn": "ಕಕರಮನಹಲ್ಲಿ ಕ್ರೊಸ್ಸ್",
                "stop_id": "38729",
                "lat": 12.83174,
                "lon": 77.36071
              },
              {
                "name": "Guddadahalli Dinne",
                "name_kn": "ಗುದ್ದದಹಲ್ಲಿ ದಿಂನೆ",
                "stop_id": "25572",
                "lat": 12.83337,
                "lon": 77.34547
              },
              {
                "name": "Rampura",
                "name_kn": "ರಂಪುರ",
                "stop_id": "34383",
                "lat": 12.84127,
                "lon": 77.32765
              },
              {
                "name": "Kaggalahalli",
                "name_kn": "ಕಗ್ಗಲಹಲ್ಲಿ",
                "stop_id": "30598",
                "lat": 12.83025,
                "lon": 77.32473
              },
              {
                "name": "Katamana Doddy",
                "name_kn": "ಕಟಮನ ದೊದ್ಠೆ",
                "stop_id": "30885",
                "lat": 12.82109,
                "lon": 77.32231
              },
              {
                "name": "Thirumalapura",
                "name_kn": "ತಿರುಮಲಪುರ",
                "stop_id": "35700",
                "lat": 12.82674,
                "lon": 77.31201
              }
            ]
          },
          {
            "Route": "227-T BEML5-RRG-CKT",
            "RouteId": 15694,
            "RouteParentId": 8415,
            "Destination": "CK Thandya",
            "Via": "",
            "Area": "BEML Layout 5th stage",
            "PlatformNumber": "3",
            "KannadaDestination": "ಕ್ಕ್ ತಂಠೆ",
            "KannadaArea": "ಬಿಇಎಂಎಲ್ ಲೇಔಟ್ 5ನೇ ಹಂತ",
            "KannadaVia": "",
            "FromStationId": 20925,
            "Stops": [
              {
                "name": "Kengeri Bus Station",
                "name_kn": "ಕೆಙೆರಿ ಬುಸ್ ಸ್ಟಟಿೊಂ",
                "stop_id": "20925",
                "lat": 12.91379,
                "lon": 77.4871
              },
              {
                "name": "Kengeri Police Station",
                "name_kn": "ಕೆಙೆರಿ ಪೊಲಿಕೆ ಸ್ಟಟಿೊಂ",
                "stop_id": "21094",
                "lat": 12.91007,
                "lon": 77.48146
              },
              {
                "name": "Kengeri Metro Station",
                "name_kn": "ಕೆಙೆರಿ ಮೆಟ್ರೊ ಸ್ಟಟಿೊಂ",
                "stop_id": "38620",
                "lat": 12.90757,
                "lon": 77.47606
              },
              {
                "name": "Depot-12 Gate",
                "name_kn": "ದೆಪೊಟ್-12 ಗಟೆ",
                "stop_id": "35721",
                "lat": 12.90471,
                "lon": 77.47084
              },
              {
                "name": "NICE Road Kengeri Road Junction",
                "name_kn": "ನಿಕೆ ರೊದ್ ಕೆಙೆರಿ ರೊದ್ ಜುಂಕ್ಟಿೊಂ",
                "stop_id": "35386",
                "lat": 12.90224,
                "lon": 77.46926
              },
              {
                "name": "Vishwa Okkaligara Mata Basavanagara",
                "name_kn": "ವಿಶ್ವ ೊಕ್ಕಲಿಗರ ಮಟ ಬಸವನಗರ",
                "stop_id": "20627",
                "lat": 12.90099,
                "lon": 77.46746
              },
              {
                "name": "RR Medical College",
                "name_kn": "ರ್ರ್ ಮೆದಿಕಲ್ ಕೊಲ್ಲೆಗೆ",
                "stop_id": "35390",
                "lat": 12.89614,
                "lon": 77.46087
              },
              {
                "name": "Anchepalya",
                "name_kn": "ಅಂಚೆಪಲೆ",
                "stop_id": "20604",
                "lat": 12.89258,
                "lon": 77.45798
              },
              {
                "name": "Juggath Pharma",
                "name_kn": "ಜುಗ್ಗತ್ ಫರ್ಮ",
                "stop_id": "30476",
                "lat": 12.89081,
                "lon": 77.45532
              },
              {
                "name": "Ramohalli Cross",
                "name_kn": "ರಮೊಹಲ್ಲಿ ಕ್ರೊಸ್ಸ್",
                "stop_id": "35388",
                "lat": 12.88674,
                "lon": 77.45125
              },
              {
                "name": "CWS-3 BMTC",
                "name_kn": "ಕ್ವ್ಸ್-3 ಬ್ಂಟ್ಕ್",
                "stop_id": "24745",
                "lat": 12.90378,
                "lon": 77.44984
              },
              {
                "name": "Bheemanakuppe",
                "name_kn": "ಭೀಮನಕುಪ್ಪೆ",
                "stop_id": "30008",
                "lat": 12.90401,
                "lon": 77.43857
              },
              {
                "name": "Bheemanakuppe Cross",
                "name_kn": "ಭೀಮನಕುಪ್ಪೆ ಕ್ರೊಸ್ಸ್",
                "stop_id": "32035",
                "lat": 12.8949,
                "lon": 77.43669
              },
              {
                "name": "Subbarayappanapalya Cross",
                "name_kn": "ಸುಬ್ಬರಯಪ್ಪನಪಲೆ ಕ್ರೊಸ್ಸ್",
                "stop_id": "34710",
                "lat": 12.88923,
                "lon": 77.4377
              },
              {
                "name": "Chikkellur Cross",
                "name_kn": "ಚಿಕ್ಕೆಲ್ಲುರ್ ಕ್ರೊಸ್ಸ್",
                "stop_id": "32328",
                "lat": 12.89183,
                "lon": 77.42171
              },
              {
                "name": "Sheshagiripura",
                "name_kn": "ಶೆಶಗಿರಿಪುರ",
                "stop_id": "28299",
                "lat": 12.88088,
                "lon": 77.41809
              },
              {
                "name": "Gopalapura",
                "name_kn": "ಗೊಪಲಪುರ",
                "stop_id": "32725",
                "lat": 12.87689,
                "lon": 77.41658
              },
              {
                "name": "CK Thandya Junction",
                "name_kn": "ಕ್ಕ್ ತಂಠೆ ಜುಂಕ್ಟಿೊಂ",
                "stop_id": "30367",
                "lat": 12.87609,
                "lon": 77.40103
              },
              {
                "name": "CK Thandya",
                "name_kn": "ಕ್ಕ್ ತಂಠೆ",
                "stop_id": "32370",
                "lat": 12.8703,
                "lon": 77.39759
              }
            ]
          },
          {
            "Route": "227-J",
            "RouteId": 2351,
            "RouteParentId": 1363,
            "Destination": "Maligondanahalli",
            "Via": "",
            "Area": "KR Market (Kalasipalya)",
            "PlatformNumber": "3",
            "KannadaDestination": "ಮಲಿಗೊಂದನಹಲ್ಲಿ",
            "KannadaArea": "ಕೆಆರ್ ಮಾರುಕಟ್ಟೆ (ಕಲಾಸಿಪಾಳ್ಯ)",
            "KannadaVia": "",
            "FromStationId": 20925,
            "Stops": [
              {
                "name": "Kengeri Bus Station",
                "name_kn": "ಕೆಙೆರಿ ಬುಸ್ ಸ್ಟಟಿೊಂ",
                "stop_id": "20925",
                "lat": 12.91379,
                "lon": 77.4871
              },
              {
                "name": "Kengeri Police Station",
                "name_kn": "ಕೆಙೆರಿ ಪೊಲಿಕೆ ಸ್ಟಟಿೊಂ",
                "stop_id": "21094",
                "lat": 12.91007,
                "lon": 77.48146
              },
              {
                "name": "Kengeri Metro Station",
                "name_kn": "ಕೆಙೆರಿ ಮೆಟ್ರೊ ಸ್ಟಟಿೊಂ",
                "stop_id": "38620",
                "lat": 12.90757,
                "lon": 77.47606
              },
              {
                "name": "Depot-12 Gate",
                "name_kn": "ದೆಪೊಟ್-12 ಗಟೆ",
                "stop_id": "35721",
                "lat": 12.90471,
                "lon": 77.47084
              },
              {
                "name": "NICE Road Kengeri Road Junction",
                "name_kn": "ನಿಕೆ ರೊದ್ ಕೆಙೆರಿ ರೊದ್ ಜುಂಕ್ಟಿೊಂ",
                "stop_id": "35386",
                "lat": 12.90224,
                "lon": 77.46926
              },
              {
                "name": "Vishwa Okkaligara Mata Basavanagara",
                "name_kn": "ವಿಶ್ವ ೊಕ್ಕಲಿಗರ ಮಟ ಬಸವನಗರ",
                "stop_id": "20627",
                "lat": 12.90099,
                "lon": 77.46746
              },
              {
                "name": "RR Medical College",
                "name_kn": "ರ್ರ್ ಮೆದಿಕಲ್ ಕೊಲ್ಲೆಗೆ",
                "stop_id": "35390",
                "lat": 12.89614,
                "lon": 77.46087
              },
              {
                "name": "Anchepalya",
                "name_kn": "ಅಂಚೆಪಲೆ",
                "stop_id": "20604",
                "lat": 12.89258,
                "lon": 77.45798
              },
              {
                "name": "Juggath Pharma",
                "name_kn": "ಜುಗ್ಗತ್ ಫರ್ಮ",
                "stop_id": "30476",
                "lat": 12.89081,
                "lon": 77.45532
              },
              {
                "name": "Ramohalli Cross",
                "name_kn": "ರಮೊಹಲ್ಲಿ ಕ್ರೊಸ್ಸ್",
                "stop_id": "35388",
                "lat": 12.88674,
                "lon": 77.45125
              },
              {
                "name": "CWS-3 BMTC",
                "name_kn": "ಕ್ವ್ಸ್-3 ಬ್ಂಟ್ಕ್",
                "stop_id": "24745",
                "lat": 12.90378,
                "lon": 77.44984
              },
              {
                "name": "Bheemanakuppe",
                "name_kn": "ಭೀಮನಕುಪ್ಪೆ",
                "stop_id": "30008",
                "lat": 12.90401,
                "lon": 77.43857
              },
              {
                "name": "Bheemanakuppe Cross",
                "name_kn": "ಭೀಮನಕುಪ್ಪೆ ಕ್ರೊಸ್ಸ್",
                "stop_id": "30010",
                "lat": 12.89482,
                "lon": 77.43661
              },
              {
                "name": "MGM School",
                "name_kn": "ಂಗ್ಂ ಸ್ಚೂಲ್",
                "stop_id": "33928",
                "lat": 12.8976,
                "lon": 77.43268
              },
              {
                "name": "Vinayakanagara Ramohalli",
                "name_kn": "ವಿನಯಕನಗರ ರಮೊಹಲ್ಲಿ",
                "stop_id": "31839",
                "lat": 12.90319,
                "lon": 77.43002
              },
              {
                "name": "Ashrama Ramohalli",
                "name_kn": "ಅಶ್ರಮ ರಮೊಹಲ್ಲಿ",
                "stop_id": "35671",
                "lat": 12.90627,
                "lon": 77.42882
              },
              {
                "name": "Ramohalli",
                "name_kn": "ರಮೊಹಲ್ಲಿ",
                "stop_id": "34377",
                "lat": 12.90731,
                "lon": 77.41816
              },
              {
                "name": "Maligondanahalli",
                "name_kn": "ಮಲಿಗೊಂದನಹಲ್ಲಿ",
                "stop_id": "33764",
                "lat": 12.91595,
                "lon": 77.41528
              }
            ]
          },
          {
            "Route": "227-RB",
            "RouteId": 2372,
            "RouteParentId": 1372,
            "Destination": "Giriyappanapalya",
            "Via": "",
            "Area": "KR Market (Kalasipalya)",
            "PlatformNumber": "3",
            "KannadaDestination": "ಗಿರಿಯಪ್ಪನಪಲೆ",
            "KannadaArea": "ಕೆಆರ್ ಮಾರುಕಟ್ಟೆ (ಕಲಾಸಿಪಾಳ್ಯ)",
            "KannadaVia": "",
            "FromStationId": 20925,
            "Stops": [
              {
                "name": "Kengeri Bus Station",
                "name_kn": "ಕೆಙೆರಿ ಬುಸ್ ಸ್ಟಟಿೊಂ",
                "stop_id": "20925",
                "lat": 12.91379,
                "lon": 77.4871
              },
              {
                "name": "Kengeri Police Station",
                "name_kn": "ಕೆಙೆರಿ ಪೊಲಿಕೆ ಸ್ಟಟಿೊಂ",
                "stop_id": "21094",
                "lat": 12.91007,
                "lon": 77.48146
              },
              {
                "name": "Kengeri Metro Station",
                "name_kn": "ಕೆಙೆರಿ ಮೆಟ್ರೊ ಸ್ಟಟಿೊಂ",
                "stop_id": "38620",
                "lat": 12.90757,
                "lon": 77.47606
              },
              {
                "name": "Depot-12 Gate",
                "name_kn": "ದೆಪೊಟ್-12 ಗಟೆ",
                "stop_id": "35721",
                "lat": 12.90471,
                "lon": 77.47084
              },
              {
                "name": "NICE Road Kengeri Road Junction",
                "name_kn": "ನಿಕೆ ರೊದ್ ಕೆಙೆರಿ ರೊದ್ ಜುಂಕ್ಟಿೊಂ",
                "stop_id": "35386",
                "lat": 12.90224,
                "lon": 77.46926
              },
              {
                "name": "Vishwa Okkaligara Mata Basavanagara",
                "name_kn": "ವಿಶ್ವ ೊಕ್ಕಲಿಗರ ಮಟ ಬಸವನಗರ",
                "stop_id": "20627",
                "lat": 12.90099,
                "lon": 77.46746
              },
              {
                "name": "RR Medical College",
                "name_kn": "ರ್ರ್ ಮೆದಿಕಲ್ ಕೊಲ್ಲೆಗೆ",
                "stop_id": "35390",
                "lat": 12.89614,
                "lon": 77.46087
              },
              {
                "name": "Anchepalya",
                "name_kn": "ಅಂಚೆಪಲೆ",
                "stop_id": "20604",
                "lat": 12.89258,
                "lon": 77.45798
              },
              {
                "name": "Juggath Pharma",
                "name_kn": "ಜುಗ್ಗತ್ ಫರ್ಮ",
                "stop_id": "30476",
                "lat": 12.89081,
                "lon": 77.45532
              },
              {
                "name": "Ramohalli Cross",
                "name_kn": "ರಮೊಹಲ್ಲಿ ಕ್ರೊಸ್ಸ್",
                "stop_id": "35388",
                "lat": 12.88674,
                "lon": 77.45125
              },
              {
                "name": "CWS-3 BMTC",
                "name_kn": "ಕ್ವ್ಸ್-3 ಬ್ಂಟ್ಕ್",
                "stop_id": "24745",
                "lat": 12.90378,
                "lon": 77.44984
              },
              {
                "name": "Bheemanakuppe",
                "name_kn": "ಭೀಮನಕುಪ್ಪೆ",
                "stop_id": "30008",
                "lat": 12.90401,
                "lon": 77.43857
              },
              {
                "name": "Bheemanakuppe Cross",
                "name_kn": "ಭೀಮನಕುಪ್ಪೆ ಕ್ರೊಸ್ಸ್",
                "stop_id": "30010",
                "lat": 12.89482,
                "lon": 77.43661
              },
              {
                "name": "MGM School",
                "name_kn": "ಂಗ್ಂ ಸ್ಚೂಲ್",
                "stop_id": "33928",
                "lat": 12.8976,
                "lon": 77.43268
              },
              {
                "name": "Vinayakanagara Ramohalli",
                "name_kn": "ವಿನಯಕನಗರ ರಮೊಹಲ್ಲಿ",
                "stop_id": "31839",
                "lat": 12.90319,
                "lon": 77.43002
              },
              {
                "name": "Ashrama Ramohalli",
                "name_kn": "ಅಶ್ರಮ ರಮೊಹಲ್ಲಿ",
                "stop_id": "35671",
                "lat": 12.90627,
                "lon": 77.42882
              },
              {
                "name": "Ramohalli",
                "name_kn": "ರಮೊಹಲ್ಲಿ",
                "stop_id": "34377",
                "lat": 12.90731,
                "lon": 77.41816
              },
              {
                "name": "Kundalapura",
                "name_kn": "ಕುಂದಲಪುರ",
                "stop_id": "28391",
                "lat": 12.8951,
                "lon": 77.41532
              },
              {
                "name": "Koluru",
                "name_kn": "ಕೊಲುರು",
                "stop_id": "31193",
                "lat": 12.89151,
                "lon": 77.41336
              },
              {
                "name": "Lakkaiahnapalya",
                "name_kn": "ಲಕ್ಕೈಹ್ನಪಲೆ",
                "stop_id": "33659",
                "lat": 12.88936,
                "lon": 77.40252
              },
              {
                "name": "Lakkaiahanapalya",
                "name_kn": "ಲಕ್ಕೈಹನಪಲೆ",
                "stop_id": "28456",
                "lat": 12.88757,
                "lon": 77.40469
              },
              {
                "name": "Giriyappanapalya Cross",
                "name_kn": "ಗಿರಿಯಪ್ಪನಪಲೆ ಕ್ರೊಸ್ಸ್",
                "stop_id": "25424",
                "lat": 12.88007,
                "lon": 77.40384
              },
              {
                "name": "Giriyappanapalya",
                "name_kn": "ಗಿರಿಯಪ್ಪನಪಲೆ",
                "stop_id": "25422",
                "lat": 12.88091,
                "lon": 77.40082
              }
            ]
          },
          {
            "Route": "227-RC",
            "RouteId": 2374,
            "RouteParentId": 1373,
            "Destination": "Chandrappa Circle",
            "Via": "",
            "Area": "KR Market (Kalasipalya)",
            "PlatformNumber": "3",
            "KannadaDestination": "ಚಂದ್ರಪ್ಪ ಕಿರ್ಕ್ಲೆ",
            "KannadaArea": "ಕೆಆರ್ ಮಾರುಕಟ್ಟೆ (ಕಲಾಸಿಪಾಳ್ಯ)",
            "KannadaVia": "",
            "FromStationId": 20925,
            "Stops": [
              {
                "name": "Kengeri Bus Station",
                "name_kn": "ಕೆಙೆರಿ ಬುಸ್ ಸ್ಟಟಿೊಂ",
                "stop_id": "20925",
                "lat": 12.91379,
                "lon": 77.4871
              },
              {
                "name": "Kengeri Police Station",
                "name_kn": "ಕೆಙೆರಿ ಪೊಲಿಕೆ ಸ್ಟಟಿೊಂ",
                "stop_id": "21094",
                "lat": 12.91007,
                "lon": 77.48146
              },
              {
                "name": "Kengeri Metro Station",
                "name_kn": "ಕೆಙೆರಿ ಮೆಟ್ರೊ ಸ್ಟಟಿೊಂ",
                "stop_id": "38620",
                "lat": 12.90757,
                "lon": 77.47606
              },
              {
                "name": "Depot-12 Gate",
                "name_kn": "ದೆಪೊಟ್-12 ಗಟೆ",
                "stop_id": "35721",
                "lat": 12.90471,
                "lon": 77.47084
              },
              {
                "name": "NICE Road Kengeri Road Junction",
                "name_kn": "ನಿಕೆ ರೊದ್ ಕೆಙೆರಿ ರೊದ್ ಜುಂಕ್ಟಿೊಂ",
                "stop_id": "35386",
                "lat": 12.90224,
                "lon": 77.46926
              },
              {
                "name": "Vishwa Okkaligara Mata Basavanagara",
                "name_kn": "ವಿಶ್ವ ೊಕ್ಕಲಿಗರ ಮಟ ಬಸವನಗರ",
                "stop_id": "20627",
                "lat": 12.90099,
                "lon": 77.46746
              },
              {
                "name": "RR Medical College",
                "name_kn": "ರ್ರ್ ಮೆದಿಕಲ್ ಕೊಲ್ಲೆಗೆ",
                "stop_id": "35390",
                "lat": 12.89614,
                "lon": 77.46087
              },
              {
                "name": "Anchepalya",
                "name_kn": "ಅಂಚೆಪಲೆ",
                "stop_id": "20604",
                "lat": 12.89258,
                "lon": 77.45798
              },
              {
                "name": "Juggath Pharma",
                "name_kn": "ಜುಗ್ಗತ್ ಫರ್ಮ",
                "stop_id": "30476",
                "lat": 12.89081,
                "lon": 77.45532
              },
              {
                "name": "Ramohalli Cross",
                "name_kn": "ರಮೊಹಲ್ಲಿ ಕ್ರೊಸ್ಸ್",
                "stop_id": "35388",
                "lat": 12.88674,
                "lon": 77.45125
              },
              {
                "name": "CWS-3 BMTC",
                "name_kn": "ಕ್ವ್ಸ್-3 ಬ್ಂಟ್ಕ್",
                "stop_id": "24745",
                "lat": 12.90378,
                "lon": 77.44984
              },
              {
                "name": "Bheemanakuppe",
                "name_kn": "ಭೀಮನಕುಪ್ಪೆ",
                "stop_id": "30008",
                "lat": 12.90401,
                "lon": 77.43857
              },
              {
                "name": "Bheemanakuppe Cross",
                "name_kn": "ಭೀಮನಕುಪ್ಪೆ ಕ್ರೊಸ್ಸ್",
                "stop_id": "30010",
                "lat": 12.89482,
                "lon": 77.43661
              },
              {
                "name": "MGM School",
                "name_kn": "ಂಗ್ಂ ಸ್ಚೂಲ್",
                "stop_id": "33928",
                "lat": 12.8976,
                "lon": 77.43268
              },
              {
                "name": "Vinayakanagara Ramohalli",
                "name_kn": "ವಿನಯಕನಗರ ರಮೊಹಲ್ಲಿ",
                "stop_id": "31839",
                "lat": 12.90319,
                "lon": 77.43002
              },
              {
                "name": "Ashrama Ramohalli",
                "name_kn": "ಅಶ್ರಮ ರಮೊಹಲ್ಲಿ",
                "stop_id": "35671",
                "lat": 12.90627,
                "lon": 77.42882
              },
              {
                "name": "Ramohalli",
                "name_kn": "ರಮೊಹಲ್ಲಿ",
                "stop_id": "34377",
                "lat": 12.90731,
                "lon": 77.41816
              },
              {
                "name": "Kundalapura",
                "name_kn": "ಕುಂದಲಪುರ",
                "stop_id": "28391",
                "lat": 12.8951,
                "lon": 77.41532
              },
              {
                "name": "Koluru",
                "name_kn": "ಕೊಲುರು",
                "stop_id": "31193",
                "lat": 12.89151,
                "lon": 77.41336
              },
              {
                "name": "Lakkaiahnapalya",
                "name_kn": "ಲಕ್ಕೈಹ್ನಪಲೆ",
                "stop_id": "33659",
                "lat": 12.88936,
                "lon": 77.40252
              },
              {
                "name": "Rampura",
                "name_kn": "ರಂಪುರ",
                "stop_id": "34381",
                "lat": 12.89027,
                "lon": 77.3988
              },
              {
                "name": "Lakshmipura",
                "name_kn": "ಲಕ್ಷ್ಮಿಪುರ",
                "stop_id": "33679",
                "lat": 12.89216,
                "lon": 77.39209
              },
              {
                "name": "Uddandahalli",
                "name_kn": "ಉದ್ದಂದಹಲ್ಲಿ",
                "stop_id": "31503",
                "lat": 12.88646,
                "lon": 77.3838
              },
              {
                "name": "Uddandahalli Cross",
                "name_kn": "ಉದ್ದಂದಹಲ್ಲಿ ಕ್ರೊಸ್ಸ್",
                "stop_id": "31504",
                "lat": 12.88717,
                "lon": 77.37655
              },
              {
                "name": "Byalalu",
                "name_kn": "ಬೆಲಲು",
                "stop_id": "32161",
                "lat": 12.89185,
                "lon": 77.3763
              },
              {
                "name": "Sulivara Cross",
                "name_kn": "ಸುಲಿವರ ಕ್ರೊಸ್ಸ್",
                "stop_id": "34727",
                "lat": 12.90253,
                "lon": 77.36752
              },
              {
                "name": "Chandrappa Circle",
                "name_kn": "ಚಂದ್ರಪ್ಪ ಕಿರ್ಕ್ಲೆ",
                "stop_id": "24411",
                "lat": 12.91049,
                "lon": 77.36962
              }
            ]
          },
          {
            "Route": "230-C KBS-KMT-BBC-KBDA",
            "RouteId": 16437,
            "RouteParentId": 8802,
            "Destination": "Kommaghatta BDA Apartment",
            "Via": "",
            "Area": "Kommaghatta BDA Apartment",
            "PlatformNumber": "3",
            "KannadaDestination": "ಕೊಮ್ಮಘಟ ಬ್ದ ಪರ್ಟ್ಮೆಂಟ್",
            "KannadaArea": "ಕೊಮ್ಮಘಟ್ಟ ಬಿಡಿಎ ಅಪಾರ್ಟ್ಮೆಂಟ್",
            "KannadaVia": "",
            "FromStationId": 20926,
            "Stops": [
              {
                "name": "Kengeri Bus Station",
                "name_kn": "ಕೆಙೆರಿ ಬುಸ್ ಸ್ಟಟಿೊಂ",
                "stop_id": "20925",
                "lat": 12.91379,
                "lon": 77.4871
              },
              {
                "name": "Kengeri Police Station",
                "name_kn": "ಕೆಙೆರಿ ಪೊಲಿಕೆ ಸ್ಟಟಿೊಂ",
                "stop_id": "21094",
                "lat": 12.91007,
                "lon": 77.48146
              },
              {
                "name": "Depot-12 Gate",
                "name_kn": "ದೆಪೊಟ್-12 ಗಟೆ",
                "stop_id": "35721",
                "lat": 12.90471,
                "lon": 77.47084
              },
              {
                "name": "NICE Road Kengeri Road Junction",
                "name_kn": "ನಿಕೆ ರೊದ್ ಕೆಙೆರಿ ರೊದ್ ಜುಂಕ್ಟಿೊಂ",
                "stop_id": "35386",
                "lat": 12.90224,
                "lon": 77.46926
              },
              {
                "name": "Vishwa Okkaligara Mata Basavanagara",
                "name_kn": "ವಿಶ್ವ ೊಕ್ಕಲಿಗರ ಮಟ ಬಸವನಗರ",
                "stop_id": "20627",
                "lat": 12.90099,
                "lon": 77.46746
              },
              {
                "name": "Babasahebarapalya",
                "name_kn": "ಬಬಸಹೆಬರಪಲೆ",
                "stop_id": "29619",
                "lat": 12.90132,
                "lon": 77.46264
              },
              {
                "name": "Railway Bridge Babasabarapalya 1",
                "name_kn": "ರೈಲ್ವಯ್ ಬ್ರಿದ್ಗೆ ಬಬಸಬರಪಲೆ 1",
                "stop_id": "31403",
                "lat": 12.90275,
                "lon": 77.46229
              },
              {
                "name": "Basaveshwaranagara 2nd Phase",
                "name_kn": "ಬಸವೆಶ್ವರನಗರ 2ಂದ್ ಫಸೆ",
                "stop_id": "29776",
                "lat": 12.90829,
                "lon": 77.461
              },
              {
                "name": "Sri Bayalu Basaveshwara Circle",
                "name_kn": "ಸ್ರಿ ಬಯಲು ಬಸವೆಶ್ವರ ಕಿರ್ಕ್ಲೆ",
                "stop_id": "39837",
                "lat": 12.90831,
                "lon": 77.46289
              },
              {
                "name": "Kommaghatta BDA Apartment",
                "name_kn": "ಕೊಮ್ಮಘಟ ಬ್ದ ಪರ್ಟ್ಮೆಂಟ್",
                "stop_id": "39414",
                "lat": 12.91497,
                "lon": 77.46214
              }
            ]
          },
          {
            "Route": "230-C KBS-KMT-KBDA",
            "RouteId": 16439,
            "RouteParentId": 8803,
            "Destination": "Kommaghatta BDA Apartment",
            "Via": "",
            "Area": "Kommaghatta BDA Apartment",
            "PlatformNumber": "3",
            "KannadaDestination": "ಕೊಮ್ಮಘಟ ಬ್ದ ಪರ್ಟ್ಮೆಂಟ್",
            "KannadaArea": "ಕೊಮ್ಮಘಟ್ಟ ಬಿಡಿಎ ಅಪಾರ್ಟ್ಮೆಂಟ್",
            "KannadaVia": "",
            "FromStationId": 20926,
            "Stops": [
              {
                "name": "Kengeri Bus Station",
                "name_kn": "ಕೆಙೆರಿ ಬುಸ್ ಸ್ಟಟಿೊಂ",
                "stop_id": "20925",
                "lat": 12.91379,
                "lon": 77.4871
              },
              {
                "name": "Kengeri Police Station",
                "name_kn": "ಕೆಙೆರಿ ಪೊಲಿಕೆ ಸ್ಟಟಿೊಂ",
                "stop_id": "21094",
                "lat": 12.91007,
                "lon": 77.48146
              },
              {
                "name": "Depot-12 Gate",
                "name_kn": "ದೆಪೊಟ್-12 ಗಟೆ",
                "stop_id": "35721",
                "lat": 12.90471,
                "lon": 77.47084
              },
              {
                "name": "NICE Road Kengeri Road Junction",
                "name_kn": "ನಿಕೆ ರೊದ್ ಕೆಙೆರಿ ರೊದ್ ಜುಂಕ್ಟಿೊಂ",
                "stop_id": "35386",
                "lat": 12.90224,
                "lon": 77.46926
              },
              {
                "name": "Vishwa Okkaligara Mata Basavanagara",
                "name_kn": "ವಿಶ್ವ ೊಕ್ಕಲಿಗರ ಮಟ ಬಸವನಗರ",
                "stop_id": "20627",
                "lat": 12.90099,
                "lon": 77.46746
              },
              {
                "name": "Babasahebarapalya",
                "name_kn": "ಬಬಸಹೆಬರಪಲೆ",
                "stop_id": "29619",
                "lat": 12.90132,
                "lon": 77.46264
              },
              {
                "name": "Railway Bridge Babasabarapalya 1",
                "name_kn": "ರೈಲ್ವಯ್ ಬ್ರಿದ್ಗೆ ಬಬಸಬರಪಲೆ 1",
                "stop_id": "31403",
                "lat": 12.90275,
                "lon": 77.46229
              },
              {
                "name": "Basaveshwaranagara 2nd Phase",
                "name_kn": "ಬಸವೆಶ್ವರನಗರ 2ಂದ್ ಫಸೆ",
                "stop_id": "29776",
                "lat": 12.90829,
                "lon": 77.461
              },
              {
                "name": "Kommaghatta BDA Apartment",
                "name_kn": "ಕೊಮ್ಮಘಟ ಬ್ದ ಪರ್ಟ್ಮೆಂಟ್",
                "stop_id": "39414",
                "lat": 12.91497,
                "lon": 77.46214
              }
            ]
          },
          {
            "Route": "227-BA",
            "RouteId": 2331,
            "RouteParentId": 1352,
            "Destination": "Tavarekere",
            "Via": "",
            "Area": "Kempegowda Bus Station",
            "PlatformNumber": "3",
            "KannadaDestination": "ಟವರೆಕೆರೆ",
            "KannadaArea": "ಕೆಂಪೇಗೌಡ ಬಸ್ ನಿಲ್ದಾಣ",
            "KannadaVia": "",
            "FromStationId": 20925,
            "Stops": [
              {
                "name": "Kengeri Bus Station",
                "name_kn": "ಕೆಙೆರಿ ಬುಸ್ ಸ್ಟಟಿೊಂ",
                "stop_id": "20925",
                "lat": 12.91379,
                "lon": 77.4871
              },
              {
                "name": "Kengeri Police Station",
                "name_kn": "ಕೆಙೆರಿ ಪೊಲಿಕೆ ಸ್ಟಟಿೊಂ",
                "stop_id": "21094",
                "lat": 12.91007,
                "lon": 77.48146
              },
              {
                "name": "Kengeri Metro Station",
                "name_kn": "ಕೆಙೆರಿ ಮೆಟ್ರೊ ಸ್ಟಟಿೊಂ",
                "stop_id": "38620",
                "lat": 12.90757,
                "lon": 77.47606
              },
              {
                "name": "Depot-12 Gate",
                "name_kn": "ದೆಪೊಟ್-12 ಗಟೆ",
                "stop_id": "35721",
                "lat": 12.90471,
                "lon": 77.47084
              },
              {
                "name": "NICE Road Kengeri Road Junction",
                "name_kn": "ನಿಕೆ ರೊದ್ ಕೆಙೆರಿ ರೊದ್ ಜುಂಕ್ಟಿೊಂ",
                "stop_id": "35386",
                "lat": 12.90224,
                "lon": 77.46926
              },
              {
                "name": "Vishwa Okkaligara Mata Basavanagara",
                "name_kn": "ವಿಶ್ವ ೊಕ್ಕಲಿಗರ ಮಟ ಬಸವನಗರ",
                "stop_id": "20627",
                "lat": 12.90099,
                "lon": 77.46746
              },
              {
                "name": "RR Medical College",
                "name_kn": "ರ್ರ್ ಮೆದಿಕಲ್ ಕೊಲ್ಲೆಗೆ",
                "stop_id": "35390",
                "lat": 12.89614,
                "lon": 77.46087
              },
              {
                "name": "Anchepalya",
                "name_kn": "ಅಂಚೆಪಲೆ",
                "stop_id": "20604",
                "lat": 12.89258,
                "lon": 77.45798
              },
              {
                "name": "Juggath Pharma",
                "name_kn": "ಜುಗ್ಗತ್ ಫರ್ಮ",
                "stop_id": "30476",
                "lat": 12.89081,
                "lon": 77.45532
              },
              {
                "name": "Ramohalli Cross",
                "name_kn": "ರಮೊಹಲ್ಲಿ ಕ್ರೊಸ್ಸ್",
                "stop_id": "35388",
                "lat": 12.88674,
                "lon": 77.45125
              },
              {
                "name": "Challeghatta",
                "name_kn": "ಚಲ್ಲೆಘಟ",
                "stop_id": "24396",
                "lat": 12.89663,
                "lon": 77.45333
              },
              {
                "name": "CWS-3 BMTC",
                "name_kn": "ಕ್ವ್ಸ್-3 ಬ್ಂಟ್ಕ್",
                "stop_id": "24745",
                "lat": 12.90378,
                "lon": 77.44984
              },
              {
                "name": "Bheemanakuppe",
                "name_kn": "ಭೀಮನಕುಪ್ಪೆ",
                "stop_id": "30008",
                "lat": 12.90401,
                "lon": 77.43857
              },
              {
                "name": "Bheemanakuppe Cross",
                "name_kn": "ಭೀಮನಕುಪ್ಪೆ ಕ್ರೊಸ್ಸ್",
                "stop_id": "30010",
                "lat": 12.89482,
                "lon": 77.43661
              },
              {
                "name": "MGM School",
                "name_kn": "ಂಗ್ಂ ಸ್ಚೂಲ್",
                "stop_id": "33928",
                "lat": 12.8976,
                "lon": 77.43268
              },
              {
                "name": "Vinayakanagara Ramohalli",
                "name_kn": "ವಿನಯಕನಗರ ರಮೊಹಲ್ಲಿ",
                "stop_id": "31839",
                "lat": 12.90319,
                "lon": 77.43002
              },
              {
                "name": "Ashrama Ramohalli",
                "name_kn": "ಅಶ್ರಮ ರಮೊಹಲ್ಲಿ",
                "stop_id": "35671",
                "lat": 12.90627,
                "lon": 77.42882
              },
              {
                "name": "Ramohalli",
                "name_kn": "ರಮೊಹಲ್ಲಿ",
                "stop_id": "34377",
                "lat": 12.90731,
                "lon": 77.41816
              },
              {
                "name": "Kethohalli",
                "name_kn": "ಕೆತೊಹಲ್ಲಿ",
                "stop_id": "31052",
                "lat": 12.9073,
                "lon": 77.40336
              },
              {
                "name": "Dodda Aladamara",
                "name_kn": "ದೊದ್ದ ಲದಮರ",
                "stop_id": "25005",
                "lat": 12.90991,
                "lon": 77.39529
              },
              {
                "name": "KHB Colony Dodda Aladamara",
                "name_kn": "ಖ್ಬ್ ಕೊಲೊನೆ ದೊದ್ದ ಲದಮರ",
                "stop_id": "31069",
                "lat": 12.91355,
                "lon": 77.39428
              },
              {
                "name": "Ganapathihalli",
                "name_kn": "ಗನಪತಿಹಲ್ಲಿ",
                "stop_id": "32623",
                "lat": 12.91776,
                "lon": 77.39524
              },
              {
                "name": "Hosapalya",
                "name_kn": "ಹೊಸಪಲೆ",
                "stop_id": "25980",
                "lat": 12.92463,
                "lon": 77.39699
              },
              {
                "name": "Punugumaranahalli Cross",
                "name_kn": "ಪುನುಗುಮರನಹಲ್ಲಿ ಕ್ರೊಸ್ಸ್",
                "stop_id": "27768",
                "lat": 12.92897,
                "lon": 77.39995
              },
              {
                "name": "Basavanapalya",
                "name_kn": "ಬಸವನಪಲೆ",
                "stop_id": "31903",
                "lat": 12.93214,
                "lon": 77.40003
              },
              {
                "name": "Muneshwara Temple",
                "name_kn": "ಮುನೆಶ್ವರ ಟೆಂಪ್ಲೆ",
                "stop_id": "29092",
                "lat": 12.93368,
                "lon": 77.4003
              },
              {
                "name": "Chikka Mariyappanapalya",
                "name_kn": "ಚಿಕ್ಕ ಮರಿಯಪ್ಪನಪಲೆ",
                "stop_id": "24525",
                "lat": 12.93985,
                "lon": 77.40043
              },
              {
                "name": "Chikka Veeraiahnapalya",
                "name_kn": "ಚಿಕ್ಕ ವೀರೈಹ್ನಪಲೆ",
                "stop_id": "32299",
                "lat": 12.94541,
                "lon": 77.40046
              },
              {
                "name": "Estate Tavarekere",
                "name_kn": "ಎಸ್ಟಟೆ ಟವರೆಕೆರೆ",
                "stop_id": "32601",
                "lat": 12.95444,
                "lon": 77.40397
              },
              {
                "name": "Puttaiahnapalya Cross",
                "name_kn": "ಪುಟೈಹ್ನಪಲೆ ಕ್ರೊಸ್ಸ್",
                "stop_id": "27786",
                "lat": 12.95984,
                "lon": 77.40676
              },
              {
                "name": "Dodda Aladamara Cross",
                "name_kn": "ದೊದ್ದ ಲದಮರ ಕ್ರೊಸ್ಸ್",
                "stop_id": "25007",
                "lat": 12.96386,
                "lon": 77.40744
              },
              {
                "name": "Manjunatha Nagara",
                "name_kn": "ಮಞುನತ ನಗರ",
                "stop_id": "28764",
                "lat": 12.96433,
                "lon": 77.40378
              },
              {
                "name": "Tavarekere",
                "name_kn": "ಟವರೆಕೆರೆ",
                "stop_id": "34765",
                "lat": 12.96567,
                "lon": 77.4001
              }
            ]
          },
          {
            "Route": "227-H",
            "RouteId": 2347,
            "RouteParentId": 1361,
            "Destination": "Kurubarapalya",
            "Via": "",
            "Area": "KR Market (Kalasipalya)",
            "PlatformNumber": "3",
            "KannadaDestination": "ಕುರುಬರಪಲೆ",
            "KannadaArea": "ಕೆಆರ್ ಮಾರುಕಟ್ಟೆ (ಕಲಾಸಿಪಾಳ್ಯ)",
            "KannadaVia": "",
            "FromStationId": 20925,
            "Stops": [
              {
                "name": "Kengeri Bus Station",
                "name_kn": "ಕೆಙೆರಿ ಬುಸ್ ಸ್ಟಟಿೊಂ",
                "stop_id": "20925",
                "lat": 12.91379,
                "lon": 77.4871
              },
              {
                "name": "Kengeri Police Station",
                "name_kn": "ಕೆಙೆರಿ ಪೊಲಿಕೆ ಸ್ಟಟಿೊಂ",
                "stop_id": "21094",
                "lat": 12.91007,
                "lon": 77.48146
              },
              {
                "name": "Kengeri Metro Station",
                "name_kn": "ಕೆಙೆರಿ ಮೆಟ್ರೊ ಸ್ಟಟಿೊಂ",
                "stop_id": "38620",
                "lat": 12.90757,
                "lon": 77.47606
              },
              {
                "name": "Depot-12 Gate",
                "name_kn": "ದೆಪೊಟ್-12 ಗಟೆ",
                "stop_id": "35721",
                "lat": 12.90471,
                "lon": 77.47084
              },
              {
                "name": "NICE Road Kengeri Road Junction",
                "name_kn": "ನಿಕೆ ರೊದ್ ಕೆಙೆರಿ ರೊದ್ ಜುಂಕ್ಟಿೊಂ",
                "stop_id": "35386",
                "lat": 12.90224,
                "lon": 77.46926
              },
              {
                "name": "Vishwa Okkaligara Mata Basavanagara",
                "name_kn": "ವಿಶ್ವ ೊಕ್ಕಲಿಗರ ಮಟ ಬಸವನಗರ",
                "stop_id": "20627",
                "lat": 12.90099,
                "lon": 77.46746
              },
              {
                "name": "RR Medical College",
                "name_kn": "ರ್ರ್ ಮೆದಿಕಲ್ ಕೊಲ್ಲೆಗೆ",
                "stop_id": "35390",
                "lat": 12.89614,
                "lon": 77.46087
              },
              {
                "name": "Anchepalya",
                "name_kn": "ಅಂಚೆಪಲೆ",
                "stop_id": "20604",
                "lat": 12.89258,
                "lon": 77.45798
              },
              {
                "name": "Juggath Pharma",
                "name_kn": "ಜುಗ್ಗತ್ ಫರ್ಮ",
                "stop_id": "30476",
                "lat": 12.89081,
                "lon": 77.45532
              },
              {
                "name": "Challeghatta",
                "name_kn": "ಚಲ್ಲೆಘಟ",
                "stop_id": "24396",
                "lat": 12.89663,
                "lon": 77.45333
              },
              {
                "name": "CWS-3 BMTC",
                "name_kn": "ಕ್ವ್ಸ್-3 ಬ್ಂಟ್ಕ್",
                "stop_id": "24745",
                "lat": 12.90378,
                "lon": 77.44984
              },
              {
                "name": "Bheemanakuppe",
                "name_kn": "ಭೀಮನಕುಪ್ಪೆ",
                "stop_id": "30008",
                "lat": 12.90401,
                "lon": 77.43857
              },
              {
                "name": "Bheemanakuppe Cross",
                "name_kn": "ಭೀಮನಕುಪ್ಪೆ ಕ್ರೊಸ್ಸ್",
                "stop_id": "30010",
                "lat": 12.89482,
                "lon": 77.43661
              },
              {
                "name": "MGM School",
                "name_kn": "ಂಗ್ಂ ಸ್ಚೂಲ್",
                "stop_id": "33928",
                "lat": 12.8976,
                "lon": 77.43268
              },
              {
                "name": "Vinayakanagara Ramohalli",
                "name_kn": "ವಿನಯಕನಗರ ರಮೊಹಲ್ಲಿ",
                "stop_id": "31839",
                "lat": 12.90319,
                "lon": 77.43002
              },
              {
                "name": "Ashrama Ramohalli",
                "name_kn": "ಅಶ್ರಮ ರಮೊಹಲ್ಲಿ",
                "stop_id": "35671",
                "lat": 12.90627,
                "lon": 77.42882
              },
              {
                "name": "Ramohalli",
                "name_kn": "ರಮೊಹಲ್ಲಿ",
                "stop_id": "34377",
                "lat": 12.90731,
                "lon": 77.41816
              },
              {
                "name": "Kethohalli",
                "name_kn": "ಕೆತೊಹಲ್ಲಿ",
                "stop_id": "31052",
                "lat": 12.9073,
                "lon": 77.40336
              },
              {
                "name": "Dodda Aladamara",
                "name_kn": "ದೊದ್ದ ಲದಮರ",
                "stop_id": "32495",
                "lat": 12.9099,
                "lon": 77.39534
              },
              {
                "name": "Chunchanakuppe",
                "name_kn": "ಚುಂಚನಕುಪ್ಪೆ",
                "stop_id": "24696",
                "lat": 12.91038,
                "lon": 77.38631
              },
              {
                "name": "Tavarekatte",
                "name_kn": "ಟವರೆಕಟೆ",
                "stop_id": "26828",
                "lat": 12.91145,
                "lon": 77.38282
              },
              {
                "name": "Channappa Circle",
                "name_kn": "ಚಂನಪ್ಪ ಕಿರ್ಕ್ಲೆ",
                "stop_id": "24432",
                "lat": 12.91021,
                "lon": 77.37336
              },
              {
                "name": "Chandrappa Circle",
                "name_kn": "ಚಂದ್ರಪ್ಪ ಕಿರ್ಕ್ಲೆ",
                "stop_id": "24411",
                "lat": 12.91049,
                "lon": 77.36962
              },
              {
                "name": "Sulivara Cross",
                "name_kn": "ಸುಲಿವರ ಕ್ರೊಸ್ಸ್",
                "stop_id": "26746",
                "lat": 12.90252,
                "lon": 77.36757
              },
              {
                "name": "Sulivara",
                "name_kn": "ಸುಲಿವರ",
                "stop_id": "34726",
                "lat": 12.90297,
                "lon": 77.36215
              },
              {
                "name": "Kurubarapalya",
                "name_kn": "ಕುರುಬರಪಲೆ",
                "stop_id": "28419",
                "lat": 12.91143,
                "lon": 77.36276
              }
            ]
          },
          {
            "Route": "227-M",
            "RouteId": 11296,
            "RouteParentId": 6028,
            "Destination": "Veeregowdana doddy",
            "Via": "",
            "Area": "Kengeri Bus Station",
            "PlatformNumber": "3",
            "KannadaDestination": "ವೀರೆಗೌದನ ದೊದ್ಠೆ",
            "KannadaArea": "ಘಟಕ-37 ಕೆಂಗೇರಿ",
            "KannadaVia": "",
            "FromStationId": 20925,
            "Stops": [
              {
                "name": "Kengeri Bus Station",
                "name_kn": "ಕೆಙೆರಿ ಬುಸ್ ಸ್ಟಟಿೊಂ",
                "stop_id": "20925",
                "lat": 12.91379,
                "lon": 77.4871
              },
              {
                "name": "Kengeri Police Station",
                "name_kn": "ಕೆಙೆರಿ ಪೊಲಿಕೆ ಸ್ಟಟಿೊಂ",
                "stop_id": "21094",
                "lat": 12.91007,
                "lon": 77.48146
              },
              {
                "name": "Kengeri Metro Station",
                "name_kn": "ಕೆಙೆರಿ ಮೆಟ್ರೊ ಸ್ಟಟಿೊಂ",
                "stop_id": "38620",
                "lat": 12.90757,
                "lon": 77.47606
              },
              {
                "name": "Depot-12 Gate",
                "name_kn": "ದೆಪೊಟ್-12 ಗಟೆ",
                "stop_id": "35721",
                "lat": 12.90471,
                "lon": 77.47084
              },
              {
                "name": "NICE Road Kengeri Road Junction",
                "name_kn": "ನಿಕೆ ರೊದ್ ಕೆಙೆರಿ ರೊದ್ ಜುಂಕ್ಟಿೊಂ",
                "stop_id": "35386",
                "lat": 12.90224,
                "lon": 77.46926
              },
              {
                "name": "Vishwa Okkaligara Mata Basavanagara",
                "name_kn": "ವಿಶ್ವ ೊಕ್ಕಲಿಗರ ಮಟ ಬಸವನಗರ",
                "stop_id": "20627",
                "lat": 12.90099,
                "lon": 77.46746
              },
              {
                "name": "RR Medical College",
                "name_kn": "ರ್ರ್ ಮೆದಿಕಲ್ ಕೊಲ್ಲೆಗೆ",
                "stop_id": "35390",
                "lat": 12.89614,
                "lon": 77.46087
              },
              {
                "name": "Anchepalya",
                "name_kn": "ಅಂಚೆಪಲೆ",
                "stop_id": "20604",
                "lat": 12.89258,
                "lon": 77.45798
              },
              {
                "name": "Juggath Pharma",
                "name_kn": "ಜುಗ್ಗತ್ ಫರ್ಮ",
                "stop_id": "30476",
                "lat": 12.89081,
                "lon": 77.45532
              },
              {
                "name": "Ramohalli Cross",
                "name_kn": "ರಮೊಹಲ್ಲಿ ಕ್ರೊಸ್ಸ್",
                "stop_id": "35388",
                "lat": 12.88674,
                "lon": 77.45125
              },
              {
                "name": "Challeghatta",
                "name_kn": "ಚಲ್ಲೆಘಟ",
                "stop_id": "24396",
                "lat": 12.89663,
                "lon": 77.45333
              },
              {
                "name": "CWS-3 BMTC",
                "name_kn": "ಕ್ವ್ಸ್-3 ಬ್ಂಟ್ಕ್",
                "stop_id": "24745",
                "lat": 12.90378,
                "lon": 77.44984
              },
              {
                "name": "Bheemanakuppe",
                "name_kn": "ಭೀಮನಕುಪ್ಪೆ",
                "stop_id": "30008",
                "lat": 12.90401,
                "lon": 77.43857
              },
              {
                "name": "Bheemanakuppe Cross",
                "name_kn": "ಭೀಮನಕುಪ್ಪೆ ಕ್ರೊಸ್ಸ್",
                "stop_id": "30010",
                "lat": 12.89482,
                "lon": 77.43661
              },
              {
                "name": "MGM School",
                "name_kn": "ಂಗ್ಂ ಸ್ಚೂಲ್",
                "stop_id": "33928",
                "lat": 12.8976,
                "lon": 77.43268
              },
              {
                "name": "Vinayakanagara Ramohalli",
                "name_kn": "ವಿನಯಕನಗರ ರಮೊಹಲ್ಲಿ",
                "stop_id": "31839",
                "lat": 12.90319,
                "lon": 77.43002
              },
              {
                "name": "Ashrama Ramohalli",
                "name_kn": "ಅಶ್ರಮ ರಮೊಹಲ್ಲಿ",
                "stop_id": "35671",
                "lat": 12.90627,
                "lon": 77.42882
              },
              {
                "name": "Ramohalli",
                "name_kn": "ರಮೊಹಲ್ಲಿ",
                "stop_id": "34377",
                "lat": 12.90731,
                "lon": 77.41816
              },
              {
                "name": "Kethohalli",
                "name_kn": "ಕೆತೊಹಲ್ಲಿ",
                "stop_id": "31052",
                "lat": 12.9073,
                "lon": 77.40336
              },
              {
                "name": "Dodda Aladamara",
                "name_kn": "ದೊದ್ದ ಲದಮರ",
                "stop_id": "32495",
                "lat": 12.9099,
                "lon": 77.39534
              },
              {
                "name": "Chunchanakuppe",
                "name_kn": "ಚುಂಚನಕುಪ್ಪೆ",
                "stop_id": "24696",
                "lat": 12.91038,
                "lon": 77.38631
              },
              {
                "name": "Tavarekatte",
                "name_kn": "ಟವರೆಕಟೆ",
                "stop_id": "26828",
                "lat": 12.91145,
                "lon": 77.38282
              },
              {
                "name": "Channappa Circle",
                "name_kn": "ಚಂನಪ್ಪ ಕಿರ್ಕ್ಲೆ",
                "stop_id": "24432",
                "lat": 12.91021,
                "lon": 77.37336
              },
              {
                "name": "Chandrappa Circle",
                "name_kn": "ಚಂದ್ರಪ್ಪ ಕಿರ್ಕ್ಲೆ",
                "stop_id": "24411",
                "lat": 12.91049,
                "lon": 77.36962
              },
              {
                "name": "Sulivara Cross",
                "name_kn": "ಸುಲಿವರ ಕ್ರೊಸ್ಸ್",
                "stop_id": "26746",
                "lat": 12.90252,
                "lon": 77.36757
              },
              {
                "name": "S Gollahalli",
                "name_kn": "ಸ್ ಗೊಲ್ಲಹಲ್ಲಿ",
                "stop_id": "34441",
                "lat": 12.89375,
                "lon": 77.36146
              },
              {
                "name": "Pachepalya Cross",
                "name_kn": "ಪಚೆಪಲೆ ಕ್ರೊಸ್ಸ್",
                "stop_id": "27570",
                "lat": 12.88539,
                "lon": 77.35834
              },
              {
                "name": "Chikkanahalli",
                "name_kn": "ಚಿಕ್ಕನಹಲ್ಲಿ",
                "stop_id": "32316",
                "lat": 12.8816,
                "lon": 77.35521
              },
              {
                "name": "Basammanahalli Cross",
                "name_kn": "ಬಸಮ್ಮನಹಲ್ಲಿ ಕ್ರೊಸ್ಸ್",
                "stop_id": "29735",
                "lat": 12.87518,
                "lon": 77.3544
              },
              {
                "name": "Kempadyapanahalli",
                "name_kn": "ಕೆಂಪಠೆಪನಹಲ್ಲಿ",
                "stop_id": "30942",
                "lat": 12.86697,
                "lon": 77.35426
              },
              {
                "name": "Ganakal",
                "name_kn": "ಗನಕಲ್",
                "stop_id": "32618",
                "lat": 12.85247,
                "lon": 77.3573
              },
              {
                "name": "Borehalli",
                "name_kn": "ಬೊರೆಹಲ್ಲಿ",
                "stop_id": "30185",
                "lat": 12.84351,
                "lon": 77.3581
              },
              {
                "name": "Kakaramanahalli Cross",
                "name_kn": "ಕಕರಮನಹಲ್ಲಿ ಕ್ರೊಸ್ಸ್",
                "stop_id": "38729",
                "lat": 12.83174,
                "lon": 77.36071
              },
              {
                "name": "Guddadahalli Dinne",
                "name_kn": "ಗುದ್ದದಹಲ್ಲಿ ದಿಂನೆ",
                "stop_id": "25572",
                "lat": 12.83337,
                "lon": 77.34547
              },
              {
                "name": "Rampura",
                "name_kn": "ರಂಪುರ",
                "stop_id": "34383",
                "lat": 12.84127,
                "lon": 77.32765
              },
              {
                "name": "Hagalahalli",
                "name_kn": "ಹಗಲಹಲ್ಲಿ",
                "stop_id": "32812",
                "lat": 12.84908,
                "lon": 77.33047
              },
              {
                "name": "Ningegowdana Doddy",
                "name_kn": "ನಿಙೆಗೌದನ ದೊದ್ಠೆ",
                "stop_id": "34165",
                "lat": 12.85664,
                "lon": 77.33391
              },
              {
                "name": "Aane Kempegowdana Doddy",
                "name_kn": "ಁೆ ಕೆಂಪೆಗೌದನ ದೊದ್ಠೆ",
                "stop_id": "29426",
                "lat": 12.86158,
                "lon": 77.33503
              },
              {
                "name": "Manchanabele",
                "name_kn": "ಮಂಚನಬೆಲೆ",
                "stop_id": "28729",
                "lat": 12.86706,
                "lon": 77.33449
              },
              {
                "name": "Dabbaguli Gate",
                "name_kn": "ದಬ್ಬಗುಲಿ ಗಟೆ",
                "stop_id": "24765",
                "lat": 12.87,
                "lon": 77.32808
              },
              {
                "name": "Dabbaguli",
                "name_kn": "ದಬ್ಬಗುಲಿ",
                "stop_id": "24763",
                "lat": 12.89092,
                "lon": 77.32275
              },
              {
                "name": "Dabbaguli Gate-2",
                "name_kn": "ದಬ್ಬಗುಲಿ ಗಟೆ-2",
                "stop_id": "24768",
                "lat": 12.87945,
                "lon": 77.31628
              },
              {
                "name": "Matta Gate",
                "name_kn": "ಮಟ ಗಟೆ",
                "stop_id": "33874",
                "lat": 12.8888,
                "lon": 77.29369
              },
              {
                "name": "Matta Village",
                "name_kn": "ಮಟ ವಿಲ್ಲಗೆ",
                "stop_id": "33875",
                "lat": 12.88111,
                "lon": 77.29203
              },
              {
                "name": "Athimagere Gate",
                "name_kn": "ಅತಿಮಗೆರೆ ಗಟೆ",
                "stop_id": "23201",
                "lat": 12.87458,
                "lon": 77.28357
              },
              {
                "name": "Maregowdana Doddy",
                "name_kn": "ಮರೆಗೌದನ ದೊದ್ಠೆ",
                "stop_id": "28824",
                "lat": 12.8878,
                "lon": 77.28027
              },
              {
                "name": "Veeregowdana doddy",
                "name_kn": "ವೀರೆಗೌದನ ದೊದ್ಠೆ",
                "stop_id": "35847",
                "lat": 12.89442,
                "lon": 77.27842
              }
            ]
          },
          {
            "Route": "227-M KBS-VGD",
            "RouteId": 16752,
            "RouteParentId": 8971,
            "Destination": "Veeregowdana doddy",
            "Via": "",
            "Area": "Kempegowda Bus Station",
            "PlatformNumber": "3",
            "KannadaDestination": "ವೀರೆಗೌದನ ದೊದ್ಠೆ",
            "KannadaArea": "ಕೆಂಪೇಗೌಡ ಬಸ್ ನಿಲ್ದಾಣ",
            "KannadaVia": "",
            "FromStationId": 20925,
            "Stops": [
              {
                "name": "Kengeri Bus Station",
                "name_kn": "ಕೆಙೆರಿ ಬುಸ್ ಸ್ಟಟಿೊಂ",
                "stop_id": "20925",
                "lat": 12.91379,
                "lon": 77.4871
              },
              {
                "name": "Kengeri Police Station",
                "name_kn": "ಕೆಙೆರಿ ಪೊಲಿಕೆ ಸ್ಟಟಿೊಂ",
                "stop_id": "21094",
                "lat": 12.91007,
                "lon": 77.48146
              },
              {
                "name": "Kengeri Metro Station",
                "name_kn": "ಕೆಙೆರಿ ಮೆಟ್ರೊ ಸ್ಟಟಿೊಂ",
                "stop_id": "38620",
                "lat": 12.90757,
                "lon": 77.47606
              },
              {
                "name": "Depot-12 Gate",
                "name_kn": "ದೆಪೊಟ್-12 ಗಟೆ",
                "stop_id": "35721",
                "lat": 12.90471,
                "lon": 77.47084
              },
              {
                "name": "NICE Road Kengeri Road Junction",
                "name_kn": "ನಿಕೆ ರೊದ್ ಕೆಙೆರಿ ರೊದ್ ಜುಂಕ್ಟಿೊಂ",
                "stop_id": "35386",
                "lat": 12.90224,
                "lon": 77.46926
              },
              {
                "name": "Vishwa Okkaligara Mata Basavanagara",
                "name_kn": "ವಿಶ್ವ ೊಕ್ಕಲಿಗರ ಮಟ ಬಸವನಗರ",
                "stop_id": "20627",
                "lat": 12.90099,
                "lon": 77.46746
              },
              {
                "name": "RR Medical College",
                "name_kn": "ರ್ರ್ ಮೆದಿಕಲ್ ಕೊಲ್ಲೆಗೆ",
                "stop_id": "35390",
                "lat": 12.89614,
                "lon": 77.46087
              },
              {
                "name": "Anchepalya",
                "name_kn": "ಅಂಚೆಪಲೆ",
                "stop_id": "20604",
                "lat": 12.89258,
                "lon": 77.45798
              },
              {
                "name": "Juggath Pharma",
                "name_kn": "ಜುಗ್ಗತ್ ಫರ್ಮ",
                "stop_id": "30476",
                "lat": 12.89081,
                "lon": 77.45532
              },
              {
                "name": "Ramohalli Cross",
                "name_kn": "ರಮೊಹಲ್ಲಿ ಕ್ರೊಸ್ಸ್",
                "stop_id": "35388",
                "lat": 12.88674,
                "lon": 77.45125
              },
              {
                "name": "Challeghatta",
                "name_kn": "ಚಲ್ಲೆಘಟ",
                "stop_id": "24396",
                "lat": 12.89663,
                "lon": 77.45333
              },
              {
                "name": "CWS-3 BMTC",
                "name_kn": "ಕ್ವ್ಸ್-3 ಬ್ಂಟ್ಕ್",
                "stop_id": "24745",
                "lat": 12.90378,
                "lon": 77.44984
              },
              {
                "name": "Bheemanakuppe",
                "name_kn": "ಭೀಮನಕುಪ್ಪೆ",
                "stop_id": "30008",
                "lat": 12.90401,
                "lon": 77.43857
              },
              {
                "name": "Bheemanakuppe Cross",
                "name_kn": "ಭೀಮನಕುಪ್ಪೆ ಕ್ರೊಸ್ಸ್",
                "stop_id": "30010",
                "lat": 12.89482,
                "lon": 77.43661
              },
              {
                "name": "MGM School",
                "name_kn": "ಂಗ್ಂ ಸ್ಚೂಲ್",
                "stop_id": "33928",
                "lat": 12.8976,
                "lon": 77.43268
              },
              {
                "name": "Vinayakanagara Ramohalli",
                "name_kn": "ವಿನಯಕನಗರ ರಮೊಹಲ್ಲಿ",
                "stop_id": "31839",
                "lat": 12.90319,
                "lon": 77.43002
              },
              {
                "name": "Ashrama Ramohalli",
                "name_kn": "ಅಶ್ರಮ ರಮೊಹಲ್ಲಿ",
                "stop_id": "35671",
                "lat": 12.90627,
                "lon": 77.42882
              },
              {
                "name": "Ramohalli",
                "name_kn": "ರಮೊಹಲ್ಲಿ",
                "stop_id": "34377",
                "lat": 12.90731,
                "lon": 77.41816
              },
              {
                "name": "Kethohalli",
                "name_kn": "ಕೆತೊಹಲ್ಲಿ",
                "stop_id": "31052",
                "lat": 12.9073,
                "lon": 77.40336
              },
              {
                "name": "Dodda Aladamara",
                "name_kn": "ದೊದ್ದ ಲದಮರ",
                "stop_id": "32495",
                "lat": 12.9099,
                "lon": 77.39534
              },
              {
                "name": "Chunchanakuppe",
                "name_kn": "ಚುಂಚನಕುಪ್ಪೆ",
                "stop_id": "24696",
                "lat": 12.91038,
                "lon": 77.38631
              },
              {
                "name": "Tavarekatte",
                "name_kn": "ಟವರೆಕಟೆ",
                "stop_id": "26828",
                "lat": 12.91145,
                "lon": 77.38282
              },
              {
                "name": "Channappa Circle",
                "name_kn": "ಚಂನಪ್ಪ ಕಿರ್ಕ್ಲೆ",
                "stop_id": "24432",
                "lat": 12.91021,
                "lon": 77.37336
              },
              {
                "name": "Chandrappa Circle",
                "name_kn": "ಚಂದ್ರಪ್ಪ ಕಿರ್ಕ್ಲೆ",
                "stop_id": "24411",
                "lat": 12.91049,
                "lon": 77.36962
              },
              {
                "name": "Sulivara Cross",
                "name_kn": "ಸುಲಿವರ ಕ್ರೊಸ್ಸ್",
                "stop_id": "26746",
                "lat": 12.90252,
                "lon": 77.36757
              },
              {
                "name": "S Gollahalli",
                "name_kn": "ಸ್ ಗೊಲ್ಲಹಲ್ಲಿ",
                "stop_id": "34441",
                "lat": 12.89375,
                "lon": 77.36146
              },
              {
                "name": "Pachepalya Cross",
                "name_kn": "ಪಚೆಪಲೆ ಕ್ರೊಸ್ಸ್",
                "stop_id": "27570",
                "lat": 12.88539,
                "lon": 77.35834
              },
              {
                "name": "Chikkanahalli",
                "name_kn": "ಚಿಕ್ಕನಹಲ್ಲಿ",
                "stop_id": "32316",
                "lat": 12.8816,
                "lon": 77.35521
              },
              {
                "name": "Basammanahalli Cross",
                "name_kn": "ಬಸಮ್ಮನಹಲ್ಲಿ ಕ್ರೊಸ್ಸ್",
                "stop_id": "29735",
                "lat": 12.87518,
                "lon": 77.3544
              },
              {
                "name": "Kempadyapanahalli",
                "name_kn": "ಕೆಂಪಠೆಪನಹಲ್ಲಿ",
                "stop_id": "30942",
                "lat": 12.86697,
                "lon": 77.35426
              },
              {
                "name": "Ganakal",
                "name_kn": "ಗನಕಲ್",
                "stop_id": "32618",
                "lat": 12.85247,
                "lon": 77.3573
              },
              {
                "name": "Borehalli",
                "name_kn": "ಬೊರೆಹಲ್ಲಿ",
                "stop_id": "30185",
                "lat": 12.84351,
                "lon": 77.3581
              },
              {
                "name": "Kakaramanahalli Cross",
                "name_kn": "ಕಕರಮನಹಲ್ಲಿ ಕ್ರೊಸ್ಸ್",
                "stop_id": "38729",
                "lat": 12.83174,
                "lon": 77.36071
              },
              {
                "name": "Guddadahalli Dinne",
                "name_kn": "ಗುದ್ದದಹಲ್ಲಿ ದಿಂನೆ",
                "stop_id": "25572",
                "lat": 12.83337,
                "lon": 77.34547
              },
              {
                "name": "Rampura",
                "name_kn": "ರಂಪುರ",
                "stop_id": "34383",
                "lat": 12.84127,
                "lon": 77.32765
              },
              {
                "name": "Hagalahalli",
                "name_kn": "ಹಗಲಹಲ್ಲಿ",
                "stop_id": "32812",
                "lat": 12.84908,
                "lon": 77.33047
              },
              {
                "name": "Ningegowdana Doddy",
                "name_kn": "ನಿಙೆಗೌದನ ದೊದ್ಠೆ",
                "stop_id": "34165",
                "lat": 12.85664,
                "lon": 77.33391
              },
              {
                "name": "Aane Kempegowdana Doddy",
                "name_kn": "ಁೆ ಕೆಂಪೆಗೌದನ ದೊದ್ಠೆ",
                "stop_id": "29426",
                "lat": 12.86158,
                "lon": 77.33503
              },
              {
                "name": "Manchanabele",
                "name_kn": "ಮಂಚನಬೆಲೆ",
                "stop_id": "28729",
                "lat": 12.86706,
                "lon": 77.33449
              },
              {
                "name": "Dabbaguli Gate",
                "name_kn": "ದಬ್ಬಗುಲಿ ಗಟೆ",
                "stop_id": "24765",
                "lat": 12.87,
                "lon": 77.32808
              },
              {
                "name": "Dabbaguli",
                "name_kn": "ದಬ್ಬಗುಲಿ",
                "stop_id": "24763",
                "lat": 12.89092,
                "lon": 77.32275
              },
              {
                "name": "Dabbaguli Gate-2",
                "name_kn": "ದಬ್ಬಗುಲಿ ಗಟೆ-2",
                "stop_id": "24768",
                "lat": 12.87945,
                "lon": 77.31628
              },
              {
                "name": "Matta Gate",
                "name_kn": "ಮಟ ಗಟೆ",
                "stop_id": "33874",
                "lat": 12.8888,
                "lon": 77.29369
              },
              {
                "name": "Matta Village",
                "name_kn": "ಮಟ ವಿಲ್ಲಗೆ",
                "stop_id": "33875",
                "lat": 12.88111,
                "lon": 77.29203
              },
              {
                "name": "Athimagere Gate",
                "name_kn": "ಅತಿಮಗೆರೆ ಗಟೆ",
                "stop_id": "23201",
                "lat": 12.87458,
                "lon": 77.28357
              },
              {
                "name": "Maregowdana Doddy",
                "name_kn": "ಮರೆಗೌದನ ದೊದ್ಠೆ",
                "stop_id": "28824",
                "lat": 12.8878,
                "lon": 77.28027
              },
              {
                "name": "Veeregowdana doddy",
                "name_kn": "ವೀರೆಗೌದನ ದೊದ್ಠೆ",
                "stop_id": "35847",
                "lat": 12.89442,
                "lon": 77.27842
              }
            ]
          },
          {
            "Route": "227-VC UP",
            "RouteId": 13184,
            "RouteParentId": 6990,
            "Destination": "Dabbaguli",
            "Via": "",
            "Area": "Kengeri Bus Station",
            "PlatformNumber": "3",
            "KannadaDestination": "ದಬ್ಬಗುಲಿ",
            "KannadaArea": "ಘಟಕ-37 ಕೆಂಗೇರಿ",
            "KannadaVia": "",
            "FromStationId": 20925,
            "Stops": [
              {
                "name": "Kengeri Bus Station",
                "name_kn": "ಕೆಙೆರಿ ಬುಸ್ ಸ್ಟಟಿೊಂ",
                "stop_id": "20925",
                "lat": 12.91379,
                "lon": 77.4871
              },
              {
                "name": "Kengeri Police Station",
                "name_kn": "ಕೆಙೆರಿ ಪೊಲಿಕೆ ಸ್ಟಟಿೊಂ",
                "stop_id": "21094",
                "lat": 12.91007,
                "lon": 77.48146
              },
              {
                "name": "Kengeri Metro Station",
                "name_kn": "ಕೆಙೆರಿ ಮೆಟ್ರೊ ಸ್ಟಟಿೊಂ",
                "stop_id": "38620",
                "lat": 12.90757,
                "lon": 77.47606
              },
              {
                "name": "Depot-12 Gate",
                "name_kn": "ದೆಪೊಟ್-12 ಗಟೆ",
                "stop_id": "35721",
                "lat": 12.90471,
                "lon": 77.47084
              },
              {
                "name": "NICE Road Kengeri Road Junction",
                "name_kn": "ನಿಕೆ ರೊದ್ ಕೆಙೆರಿ ರೊದ್ ಜುಂಕ್ಟಿೊಂ",
                "stop_id": "35386",
                "lat": 12.90224,
                "lon": 77.46926
              },
              {
                "name": "Vishwa Okkaligara Mata Basavanagara",
                "name_kn": "ವಿಶ್ವ ೊಕ್ಕಲಿಗರ ಮಟ ಬಸವನಗರ",
                "stop_id": "20627",
                "lat": 12.90099,
                "lon": 77.46746
              },
              {
                "name": "RR Medical College",
                "name_kn": "ರ್ರ್ ಮೆದಿಕಲ್ ಕೊಲ್ಲೆಗೆ",
                "stop_id": "35390",
                "lat": 12.89614,
                "lon": 77.46087
              },
              {
                "name": "Anchepalya",
                "name_kn": "ಅಂಚೆಪಲೆ",
                "stop_id": "20604",
                "lat": 12.89258,
                "lon": 77.45798
              },
              {
                "name": "Juggath Pharma",
                "name_kn": "ಜುಗ್ಗತ್ ಫರ್ಮ",
                "stop_id": "30476",
                "lat": 12.89081,
                "lon": 77.45532
              },
              {
                "name": "Ramohalli Cross",
                "name_kn": "ರಮೊಹಲ್ಲಿ ಕ್ರೊಸ್ಸ್",
                "stop_id": "35388",
                "lat": 12.88674,
                "lon": 77.45125
              },
              {
                "name": "CWS-3 BMTC",
                "name_kn": "ಕ್ವ್ಸ್-3 ಬ್ಂಟ್ಕ್",
                "stop_id": "24745",
                "lat": 12.90378,
                "lon": 77.44984
              },
              {
                "name": "Bheemanakuppe",
                "name_kn": "ಭೀಮನಕುಪ್ಪೆ",
                "stop_id": "30008",
                "lat": 12.90401,
                "lon": 77.43857
              },
              {
                "name": "Bheemanakuppe Cross",
                "name_kn": "ಭೀಮನಕುಪ್ಪೆ ಕ್ರೊಸ್ಸ್",
                "stop_id": "30010",
                "lat": 12.89482,
                "lon": 77.43661
              },
              {
                "name": "MGM School",
                "name_kn": "ಂಗ್ಂ ಸ್ಚೂಲ್",
                "stop_id": "33928",
                "lat": 12.8976,
                "lon": 77.43268
              },
              {
                "name": "Vinayakanagara Ramohalli",
                "name_kn": "ವಿನಯಕನಗರ ರಮೊಹಲ್ಲಿ",
                "stop_id": "31839",
                "lat": 12.90319,
                "lon": 77.43002
              },
              {
                "name": "Ashrama Ramohalli",
                "name_kn": "ಅಶ್ರಮ ರಮೊಹಲ್ಲಿ",
                "stop_id": "35671",
                "lat": 12.90627,
                "lon": 77.42882
              },
              {
                "name": "Ramohalli",
                "name_kn": "ರಮೊಹಲ್ಲಿ",
                "stop_id": "34377",
                "lat": 12.90731,
                "lon": 77.41816
              },
              {
                "name": "Kethohalli",
                "name_kn": "ಕೆತೊಹಲ್ಲಿ",
                "stop_id": "31052",
                "lat": 12.9073,
                "lon": 77.40336
              },
              {
                "name": "Dodda Aladamara",
                "name_kn": "ದೊದ್ದ ಲದಮರ",
                "stop_id": "32495",
                "lat": 12.9099,
                "lon": 77.39534
              },
              {
                "name": "Chunchanakuppe",
                "name_kn": "ಚುಂಚನಕುಪ್ಪೆ",
                "stop_id": "24696",
                "lat": 12.91038,
                "lon": 77.38631
              },
              {
                "name": "Tavarekatte",
                "name_kn": "ಟವರೆಕಟೆ",
                "stop_id": "26828",
                "lat": 12.91145,
                "lon": 77.38282
              },
              {
                "name": "Channappa Circle",
                "name_kn": "ಚಂನಪ್ಪ ಕಿರ್ಕ್ಲೆ",
                "stop_id": "24432",
                "lat": 12.91021,
                "lon": 77.37336
              },
              {
                "name": "Chandrappa Circle",
                "name_kn": "ಚಂದ್ರಪ್ಪ ಕಿರ್ಕ್ಲೆ",
                "stop_id": "24411",
                "lat": 12.91049,
                "lon": 77.36962
              },
              {
                "name": "Kurubarapalya Cross",
                "name_kn": "ಕುರುಬರಪಲೆ ಕ್ರೊಸ್ಸ್",
                "stop_id": "33641",
                "lat": 12.91395,
                "lon": 77.36738
              },
              {
                "name": "Kurubarapalya",
                "name_kn": "ಕುರುಬರಪಲೆ",
                "stop_id": "28419",
                "lat": 12.91143,
                "lon": 77.36276
              },
              {
                "name": "Sulivara",
                "name_kn": "ಸುಲಿವರ",
                "stop_id": "34726",
                "lat": 12.90297,
                "lon": 77.36215
              },
              {
                "name": "S Gollahalli",
                "name_kn": "ಸ್ ಗೊಲ್ಲಹಲ್ಲಿ",
                "stop_id": "34441",
                "lat": 12.89375,
                "lon": 77.36146
              },
              {
                "name": "Pachepalya Cross",
                "name_kn": "ಪಚೆಪಲೆ ಕ್ರೊಸ್ಸ್",
                "stop_id": "27570",
                "lat": 12.88539,
                "lon": 77.35834
              },
              {
                "name": "Chikkanahalli",
                "name_kn": "ಚಿಕ್ಕನಹಲ್ಲಿ",
                "stop_id": "32319",
                "lat": 12.88186,
                "lon": 77.35537
              },
              {
                "name": "Basammanahalli Cross",
                "name_kn": "ಬಸಮ್ಮನಹಲ್ಲಿ ಕ್ರೊಸ್ಸ್",
                "stop_id": "29735",
                "lat": 12.87518,
                "lon": 77.3544
              },
              {
                "name": "Kempadyapanahalli",
                "name_kn": "ಕೆಂಪಠೆಪನಹಲ್ಲಿ",
                "stop_id": "30942",
                "lat": 12.86697,
                "lon": 77.35426
              },
              {
                "name": "Ganakal",
                "name_kn": "ಗನಕಲ್",
                "stop_id": "32618",
                "lat": 12.85247,
                "lon": 77.3573
              },
              {
                "name": "Borehalli",
                "name_kn": "ಬೊರೆಹಲ್ಲಿ",
                "stop_id": "30185",
                "lat": 12.84351,
                "lon": 77.3581
              },
              {
                "name": "Kakaramanahalli Cross",
                "name_kn": "ಕಕರಮನಹಲ್ಲಿ ಕ್ರೊಸ್ಸ್",
                "stop_id": "38729",
                "lat": 12.83174,
                "lon": 77.36071
              },
              {
                "name": "Guddadahalli Dinne",
                "name_kn": "ಗುದ್ದದಹಲ್ಲಿ ದಿಂನೆ",
                "stop_id": "25572",
                "lat": 12.83337,
                "lon": 77.34547
              },
              {
                "name": "Rampura",
                "name_kn": "ರಂಪುರ",
                "stop_id": "34383",
                "lat": 12.84127,
                "lon": 77.32765
              },
              {
                "name": "Hagalahalli",
                "name_kn": "ಹಗಲಹಲ್ಲಿ",
                "stop_id": "32812",
                "lat": 12.84908,
                "lon": 77.33047
              },
              {
                "name": "Ningegowdana Doddy",
                "name_kn": "ನಿಙೆಗೌದನ ದೊದ್ಠೆ",
                "stop_id": "34165",
                "lat": 12.85664,
                "lon": 77.33391
              },
              {
                "name": "Aane Kempegowdana Doddy",
                "name_kn": "ಁೆ ಕೆಂಪೆಗೌದನ ದೊದ್ಠೆ",
                "stop_id": "29426",
                "lat": 12.86158,
                "lon": 77.33503
              },
              {
                "name": "Manchanabele",
                "name_kn": "ಮಂಚನಬೆಲೆ",
                "stop_id": "28729",
                "lat": 12.86706,
                "lon": 77.33449
              },
              {
                "name": "Dabbaguli Gate",
                "name_kn": "ದಬ್ಬಗುಲಿ ಗಟೆ",
                "stop_id": "24765",
                "lat": 12.87,
                "lon": 77.32808
              },
              {
                "name": "Dabbaguli",
                "name_kn": "ದಬ್ಬಗುಲಿ",
                "stop_id": "24763",
                "lat": 12.89092,
                "lon": 77.32275
              }
            ]
          },
          {
            "Route": "221-KM UP",
            "RouteId": 15812,
            "RouteParentId": 8478,
            "Destination": "Magadi Bus Stand",
            "Via": "",
            "Area": "Kengeri Bus Station",
            "PlatformNumber": "3",
            "KannadaDestination": "ಮಗದಿ ಬುಸ್ ಸ್ಟಂದ್",
            "KannadaArea": "ಘಟಕ-37 ಕೆಂಗೇರಿ",
            "KannadaVia": "",
            "FromStationId": 20925,
            "Stops": [
              {
                "name": "Kengeri Bus Station",
                "name_kn": "ಕೆಙೆರಿ ಬುಸ್ ಸ್ಟಟಿೊಂ",
                "stop_id": "20925",
                "lat": 12.91379,
                "lon": 77.4871
              },
              {
                "name": "Kengeri Police Station",
                "name_kn": "ಕೆಙೆರಿ ಪೊಲಿಕೆ ಸ್ಟಟಿೊಂ",
                "stop_id": "21094",
                "lat": 12.91007,
                "lon": 77.48146
              },
              {
                "name": "Kengeri Ganesha Temple",
                "name_kn": "ಕೆಙೆರಿ ಗನೆಶ ಟೆಂಪ್ಲೆ",
                "stop_id": "20782",
                "lat": 12.91126,
                "lon": 77.48029
              },
              {
                "name": "Kommaghatta Junction",
                "name_kn": "ಕೊಮ್ಮಘಟ ಜುಂಕ್ಟಿೊಂ",
                "stop_id": "20882",
                "lat": 12.91444,
                "lon": 77.48144
              },
              {
                "name": "Robin Theatre",
                "name_kn": "ರೊಬಿಂ ತೆಟ್ರೆ",
                "stop_id": "28049",
                "lat": 12.91601,
                "lon": 77.4798
              },
              {
                "name": "Bande Mutt Gate Kengeri",
                "name_kn": "ಬಂದೆ ಮುಟ್ ಗಟೆ ಕೆಙೆರಿ",
                "stop_id": "31878",
                "lat": 12.91899,
                "lon": 77.47749
              },
              {
                "name": "Beedi Karmikara Colony Gate",
                "name_kn": "ಬೀದಿ ಕರ್ಮಿಕರ ಕೊಲೊನೆ ಗಟೆ",
                "stop_id": "31936",
                "lat": 12.92231,
                "lon": 77.47482
              },
              {
                "name": "Kengeri Club",
                "name_kn": "ಕೆಙೆರಿ ಕ್ಲುಬ್",
                "stop_id": "33458",
                "lat": 12.92351,
                "lon": 77.47287
              },
              {
                "name": "Kommaghatta",
                "name_kn": "ಕೊಮ್ಮಘಟ",
                "stop_id": "31197",
                "lat": 12.92994,
                "lon": 77.46513
              },
              {
                "name": "Ramasandra Cross",
                "name_kn": "ರಮಸಂದ್ರ ಕ್ರೊಸ್ಸ್",
                "stop_id": "27946",
                "lat": 12.93257,
                "lon": 77.46169
              },
              {
                "name": "Banglow Sulikere",
                "name_kn": "ಬಙ್ಲೌ ಸುಲಿಕೆರೆ",
                "stop_id": "29705",
                "lat": 12.93298,
                "lon": 77.45186
              },
              {
                "name": "Byrohalli Gate",
                "name_kn": "ಬೆರೊಹಲ್ಲಿ ಗಟೆ",
                "stop_id": "30337",
                "lat": 12.93433,
                "lon": 77.44829
              },
              {
                "name": "Sulikere Cross",
                "name_kn": "ಸುಲಿಕೆರೆ ಕ್ರೊಸ್ಸ್",
                "stop_id": "34723",
                "lat": 12.93479,
                "lon": 77.44652
              },
              {
                "name": "Balaji Badavane Sulikere",
                "name_kn": "ಬಲಜಿ ಬದವನೆ ಸುಲಿಕೆರೆ",
                "stop_id": "38389",
                "lat": 12.93564,
                "lon": 77.44327
              },
              {
                "name": "Nursery Maragondanahalli",
                "name_kn": "ನುರ್ಸೆರೆ ಮರಗೊಂದನಹಲ್ಲಿ",
                "stop_id": "27519",
                "lat": 12.93631,
                "lon": 77.43851
              },
              {
                "name": "Maragondanahalli Cross",
                "name_kn": "ಮರಗೊಂದನಹಲ್ಲಿ ಕ್ರೊಸ್ಸ್",
                "stop_id": "33824",
                "lat": 12.93485,
                "lon": 77.4314
              },
              {
                "name": "Krishnasagara",
                "name_kn": "ಕ್ರಿಶ್ನಸಗರ",
                "stop_id": "31273",
                "lat": 12.93605,
                "lon": 77.42872
              },
              {
                "name": "Gulaganjahalli Cross",
                "name_kn": "ಗುಲಗಞಹಲ್ಲಿ ಕ್ರೊಸ್ಸ್",
                "stop_id": "25599",
                "lat": 12.94142,
                "lon": 77.42528
              },
              {
                "name": "Chikkammanapalya",
                "name_kn": "ಚಿಕ್ಕಮ್ಮನಪಲೆ",
                "stop_id": "24584",
                "lat": 12.95033,
                "lon": 77.423
              },
              {
                "name": "Yalachaguppe",
                "name_kn": "ಯಲಚಗುಪ್ಪೆ",
                "stop_id": "35021",
                "lat": 12.95926,
                "lon": 77.42103
              },
              {
                "name": "Dodda Aladamara Cross",
                "name_kn": "ದೊದ್ದ ಲದಮರ ಕ್ರೊಸ್ಸ್",
                "stop_id": "25007",
                "lat": 12.96386,
                "lon": 77.40744
              },
              {
                "name": "Ganesha Temple Tavarekere",
                "name_kn": "ಗನೆಶ ಟೆಂಪ್ಲೆ ಟವರೆಕೆರೆ",
                "stop_id": "21512",
                "lat": 12.9671,
                "lon": 77.40341
              },
              {
                "name": "Tavarekere",
                "name_kn": "ಟವರೆಕೆರೆ",
                "stop_id": "39650",
                "lat": 12.96566,
                "lon": 77.39987
              },
              {
                "name": "Peddanapalya Cross",
                "name_kn": "ಪೆದ್ದನಪಲೆ ಕ್ರೊಸ್ಸ್",
                "stop_id": "21586",
                "lat": 12.96761,
                "lon": 77.38892
              },
              {
                "name": "Deva Machohalli Cross",
                "name_kn": "ದೆವ ಮಚೊಹಲ್ಲಿ ಕ್ರೊಸ್ಸ್",
                "stop_id": "21505",
                "lat": 12.96536,
                "lon": 77.38112
              },
              {
                "name": "Karekal Cross",
                "name_kn": "ಕರೆಕಲ್ ಕ್ರೊಸ್ಸ್",
                "stop_id": "21554",
                "lat": 12.9736,
                "lon": 77.37402
              },
              {
                "name": "RINAC Factory Marenahalli",
                "name_kn": "ರಿನಕ್ ೞಕ್ಟೊರೆ ಮರೆನಹಲ್ಲಿ",
                "stop_id": "21596",
                "lat": 12.97476,
                "lon": 77.36603
              },
              {
                "name": "Marenahalli",
                "name_kn": "ಮರೆನಹಲ್ಲಿ",
                "stop_id": "21568",
                "lat": 12.97365,
                "lon": 77.36327
              },
              {
                "name": "Cholanayakanahalli",
                "name_kn": "ಚೊಲನಯಕನಹಲ್ಲಿ",
                "stop_id": "21490",
                "lat": 12.9605,
                "lon": 77.35961
              },
              {
                "name": "Gangappanahalli",
                "name_kn": "ಗಙಪ್ಪನಹಲ್ಲಿ",
                "stop_id": "21514",
                "lat": 12.95841,
                "lon": 77.35137
              },
              {
                "name": "TP Gate Thippagondanahalli",
                "name_kn": "ಟ್ಪ್ ಗಟೆ ತಿಪ್ಪಗೊಂದನಹಲ್ಲಿ",
                "stop_id": "21618",
                "lat": 12.96238,
                "lon": 77.34318
              },
              {
                "name": "TG Halli Quarters",
                "name_kn": "ಟ್ಗ್ ಹಲ್ಲಿ qುರ್ಟೆರ್ಸ್",
                "stop_id": "21613",
                "lat": 12.95256,
                "lon": 77.33555
              },
              {
                "name": "Shanubhoganahalli",
                "name_kn": "ಶನುಭೊಗನಹಲ್ಲಿ",
                "stop_id": "21601",
                "lat": 12.96149,
                "lon": 77.32508
              },
              {
                "name": "Varadenahalli Handpost",
                "name_kn": "ವರದೆನಹಲ್ಲಿ ಹಂದ್ಪೊಸ್ಟ್",
                "stop_id": "21620",
                "lat": 12.95535,
                "lon": 77.31193
              },
              {
                "name": "Adakamaranahalli Cross (Magadi Road)",
                "name_kn": "ಅದಕಮರನಹಲ್ಲಿ ಕ್ರೊಸ್ಸ್ (ಮಗದಿ ರೊದ್)",
                "stop_id": "35554",
                "lat": 12.9544,
                "lon": 77.30926
              },
              {
                "name": "Bachenahatti",
                "name_kn": "ಬಚೆನಹಟಿ",
                "stop_id": "35636",
                "lat": 12.95476,
                "lon": 77.30405
              },
              {
                "name": "Dudapanahalli",
                "name_kn": "ದುದಪನಹಲ್ಲಿ",
                "stop_id": "32571",
                "lat": 12.96017,
                "lon": 77.29634
              },
              {
                "name": "Thagachaguppe",
                "name_kn": "ತಗಚಗುಪ್ಪೆ",
                "stop_id": "26861",
                "lat": 12.96006,
                "lon": 77.28965
              },
              {
                "name": "Chikka Thogurupalya",
                "name_kn": "ಚಿಕ್ಕ ತೊಗುರುಪಲೆ",
                "stop_id": "32294",
                "lat": 12.95628,
                "lon": 77.28314
              },
              {
                "name": "Maralugondla Cross",
                "name_kn": "ಮರಲುಗೊಂದ್ಲ ಕ್ರೊಸ್ಸ್",
                "stop_id": "28795",
                "lat": 12.9474,
                "lon": 77.27138
              },
              {
                "name": "Thandya",
                "name_kn": "ತಂಠೆ",
                "stop_id": "34788",
                "lat": 12.94578,
                "lon": 77.26601
              },
              {
                "name": "Jyothipura",
                "name_kn": "ಜೆೊತಿಪುರ",
                "stop_id": "33188",
                "lat": 12.94377,
                "lon": 77.25166
              },
              {
                "name": "Ranganathpura",
                "name_kn": "ರಙನತ್ಪುರ",
                "stop_id": "34391",
                "lat": 12.9504,
                "lon": 77.24167
              },
              {
                "name": "Thirumala Gate",
                "name_kn": "ತಿರುಮಲ ಗಟೆ",
                "stop_id": "31456",
                "lat": 12.95104,
                "lon": 77.24054
              },
              {
                "name": "Hosapete Gate",
                "name_kn": "ಹೊಸಪೆಟೆ ಗಟೆ",
                "stop_id": "32972",
                "lat": 12.95116,
                "lon": 77.23723
              },
              {
                "name": "Hombalamma Kere",
                "name_kn": "ಹೊಂಬಲಮ್ಮ ಕೆರೆ",
                "stop_id": "34809",
                "lat": 12.95205,
                "lon": 77.22752
              },
              {
                "name": "Magadi Bus Stand",
                "name_kn": "ಮಗದಿ ಬುಸ್ ಸ್ಟಂದ್",
                "stop_id": "28611",
                "lat": 12.9551,
                "lon": 77.2271
              }
            ]
          }
        ]
      }
    }
  ]
}