{
  "type": "FeatureCollection",
  "features": [
    {
      "type": "Feature",
      "geometry": {
        "type": "Point",
        "coordinates": [
          77.59479974310435,
          13.101021288622059
        ]
      },
      "properties": {
        "Platform": "1",
        "Color": "#000000",
        "Icon": "1",
        "OpenHour": 0,
        "CloseHour": 0,
        "ApiIds": [
          "22640",
          "22641",
          "22642",
          "22645",
          "27854"
        ],
        "Routes": [
          {
            "Route": "YHKOT-GKVK",
            "RouteId": 2717,
            "RouteParentId": 1563,
            "Destination": "GKVK",
            "Via": "",
            "Area": "Yelahanka Old Town",
            "PlatformNumber": "1",
            "KannadaDestination": "ಗ್ಕ್ವ್ಕ್",
            "KannadaArea": "ಯಲಹಂಕ ಓಲ್ಡ್ ಟೌನ್",
            "KannadaVia": "",
            "FromStationId": 22645,
            "Stops": [
              {
                "name": "Yelahanka Old Town",
                "name_kn": "ಯೆಲಹಂಕ ೊಲ್ದ್ ಟೌಂ",
                "stop_id": "22640",
                "lat": 13.10091,
                "lon": 77.59436
              },
              {
                "name": "Yelahanka Santhe Circle",
                "name_kn": "ಯೆಲಹಂಕ ಸಂತೆ ಕಿರ್ಕ್ಲೆ",
                "stop_id": "22645",
                "lat": 13.09852,
                "lon": 77.59698
              },
              {
                "name": "Yelahanka Police Station",
                "name_kn": "ಯೆಲಹಂಕ ಪೊಲಿಕೆ ಸ್ಟಟಿೊಂ",
                "stop_id": "22845",
                "lat": 13.09478,
                "lon": 77.59442
              },
              {
                "name": "Allalasandra Gate",
                "name_kn": "ಅಲ್ಲಲಸಂದ್ರ ಗಟೆ",
                "stop_id": "35608",
                "lat": 13.08686,
                "lon": 77.59386
              },
              {
                "name": "Jakkur Aerodrum",
                "name_kn": "ಜಕ್ಕುರ್ ೆರೊದ್ರುಂ",
                "stop_id": "35376",
                "lat": 13.07701,
                "lon": 77.59301
              },
              {
                "name": "GKVK GATE",
                "name_kn": "ಗ್ಕ್ವ್ಕ್ ಗಟೆ",
                "stop_id": "35685",
                "lat": 13.07276,
                "lon": 77.59292
              },
              {
                "name": "GKVK",
                "name_kn": "ಗ್ಕ್ವ್ಕ್",
                "stop_id": "25427",
                "lat": 13.07792,
                "lon": 77.58007
              }
            ]
          },
          {
            "Route": "KMT-YHK-NITTE",
            "RouteId": 8407,
            "RouteParentId": 4511,
            "Destination": "KR Market",
            "Via": "",
            "Area": "NITTE Meenakshi College",
            "PlatformNumber": "1",
            "KannadaDestination": "ಕ್ರ್ ಮರ್ಕೆಟ್",
            "KannadaArea": "ನಿಟ್ಟೆ ಮೀನಾಕ್ಷಿ ಕಾಲೇಜ್",
            "KannadaVia": "",
            "FromStationId": 22645,
            "Stops": [
              {
                "name": "Yelahanka Santhe Circle",
                "name_kn": "ಯೆಲಹಂಕ ಸಂತೆ ಕಿರ್ಕ್ಲೆ",
                "stop_id": "22645",
                "lat": 13.09852,
                "lon": 77.59698
              },
              {
                "name": "Yelahanka Police Station",
                "name_kn": "ಯೆಲಹಂಕ ಪೊಲಿಕೆ ಸ್ಟಟಿೊಂ",
                "stop_id": "22845",
                "lat": 13.09478,
                "lon": 77.59442
              },
              {
                "name": "Allalasandra Gate",
                "name_kn": "ಅಲ್ಲಲಸಂದ್ರ ಗಟೆ",
                "stop_id": "35608",
                "lat": 13.08686,
                "lon": 77.59386
              },
              {
                "name": "Jakkur Aerodrum",
                "name_kn": "ಜಕ್ಕುರ್ ೆರೊದ್ರುಂ",
                "stop_id": "35376",
                "lat": 13.07701,
                "lon": 77.59301
              },
              {
                "name": "GKVK GATE",
                "name_kn": "ಗ್ಕ್ವ್ಕ್ ಗಟೆ",
                "stop_id": "35685",
                "lat": 13.07276,
                "lon": 77.59292
              },
              {
                "name": "Byatarayanapura",
                "name_kn": "ಬೆಟರಯನಪುರ",
                "stop_id": "35273",
                "lat": 13.06693,
                "lon": 77.59337
              },
              {
                "name": "Kodigehalli Gate",
                "name_kn": "ಕೊದಿಗೆಹಲ್ಲಿ ಗಟೆ",
                "stop_id": "35129",
                "lat": 13.05732,
                "lon": 77.59368
              },
              {
                "name": "Military Dairy Farm (Esteem Mall)",
                "name_kn": "ಮಿಲಿಟರೆ ದೈರೆ ೞರ್ಂ (ೆಸ್ಟೀಂ ಮಲ್ಲ್)",
                "stop_id": "28995",
                "lat": 13.04974,
                "lon": 77.59303
              },
              {
                "name": "Hebbala Bridge",
                "name_kn": "ಹೆಬ್ಬಲ ಬ್ರಿದ್ಗೆ",
                "stop_id": "37944",
                "lat": 13.04294,
                "lon": 77.59145
              },
              {
                "name": "Hebbala",
                "name_kn": "ಹೆಬ್ಬಲ",
                "stop_id": "25816",
                "lat": 13.03917,
                "lon": 77.58951
              },
              {
                "name": "Canara Bank Hebbala",
                "name_kn": "ಕನರ ಬಂಕ್ ಹೆಬ್ಬಲ",
                "stop_id": "20694",
                "lat": 13.03573,
                "lon": 77.58905
              },
              {
                "name": "Veterinary Hospital",
                "name_kn": "ವೆಟೆರಿನರೆ ಹೊಸ್ಪಿಟಲ್",
                "stop_id": "21253",
                "lat": 13.03018,
                "lon": 77.58697
              },
              {
                "name": "CBI",
                "name_kn": "ಕ್ಬಿ",
                "stop_id": "20699",
                "lat": 13.02653,
                "lon": 77.58565
              },
              {
                "name": "Mekhri Circle",
                "name_kn": "ಮೆಖ್ರಿ ಕಿರ್ಕ್ಲೆ",
                "stop_id": "21018",
                "lat": 13.01759,
                "lon": 77.58401
              },
              {
                "name": "Palace Ground",
                "name_kn": "ಪಲಕೆ ಗ್ರೌಂದ್",
                "stop_id": "21075",
                "lat": 13.01061,
                "lon": 77.58399
              },
              {
                "name": "RM Guttahalli",
                "name_kn": "ರ್ಂ ಗುಟಹಲ್ಲಿ",
                "stop_id": "21129",
                "lat": 13.00009,
                "lon": 77.58425
              },
              {
                "name": "Shivananda Store",
                "name_kn": "ಶಿವನಂದ ಸ್ಟೊರೆ",
                "stop_id": "23354",
                "lat": 12.98755,
                "lon": 77.58039
              },
              {
                "name": "Ananda Rao Circle",
                "name_kn": "ಅನಂದ ರೊ ಕಿರ್ಕ್ಲೆ",
                "stop_id": "35375",
                "lat": 12.98117,
                "lon": 77.57694
              },
              {
                "name": "Maharani College",
                "name_kn": "ಮಹರನಿ ಕೊಲ್ಲೆಗೆ",
                "stop_id": "20981",
                "lat": 12.97703,
                "lon": 77.5858
              },
              {
                "name": "KR Circle",
                "name_kn": "ಕ್ರ್ ಕಿರ್ಕ್ಲೆ",
                "stop_id": "20939",
                "lat": 12.97386,
                "lon": 77.58661
              },
              {
                "name": "St Marthas Hospital",
                "name_kn": "ಸ್ಟ್ ಮರ್ತಸ್ ಹೊಸ್ಪಿಟಲ್",
                "stop_id": "21195",
                "lat": 12.96945,
                "lon": 77.58716
              },
              {
                "name": "Corporation",
                "name_kn": "ಕೊರ್ಪೊರಟಿೊಂ",
                "stop_id": "20727",
                "lat": 12.96701,
                "lon": 77.58822
              },
              {
                "name": "Town Hall",
                "name_kn": "ಟೌಂ ಹಲ್ಲ್",
                "stop_id": "21232",
                "lat": 12.96355,
                "lon": 77.58375
              },
              {
                "name": "KR Market",
                "name_kn": "ಕ್ರ್ ಮರ್ಕೆಟ್",
                "stop_id": "22199",
                "lat": 12.96437,
                "lon": 77.57736
              }
            ]
          },
          {
            "Route": "283-D PTML-KDGC",
            "RouteId": 7574,
            "RouteParentId": 4071,
            "Destination": "Patalamma Temple",
            "Via": "",
            "Area": "Kuduregere Colony",
            "PlatformNumber": "1",
            "KannadaDestination": "ಪಟಲಮ್ಮ ಟೆಂಪ್ಲೆ",
            "KannadaArea": "ಕುದುರೆಗೆರೆ ಕಾಲೋನಿ",
            "KannadaVia": "",
            "FromStationId": 22645,
            "Stops": [
              {
                "name": "Yelahanka Santhe Circle",
                "name_kn": "ಯೆಲಹಂಕ ಸಂತೆ ಕಿರ್ಕ್ಲೆ",
                "stop_id": "22645",
                "lat": 13.09852,
                "lon": 77.59698
              },
              {
                "name": "NES Office",
                "name_kn": "ನೆಸ್ ೊೞ್ೞಿಕೆ",
                "stop_id": "22356",
                "lat": 13.09766,
                "lon": 77.59166
              },
              {
                "name": "Escorts",
                "name_kn": "ಎಸ್ಕೊರ್ಟ್ಸ್",
                "stop_id": "32598",
                "lat": 13.10271,
                "lon": 77.58558
              },
              {
                "name": "Wheel And Axle Plant",
                "name_kn": "ವ್ಹೀಲ್ ಂದ್ ಕ್ಸ್ಲೆ ಪ್ಲಂಟ್",
                "stop_id": "31633",
                "lat": 13.10572,
                "lon": 77.58241
              },
              {
                "name": "Puttenahalli",
                "name_kn": "ಪುಟೆನಹಲ್ಲಿ",
                "stop_id": "34299",
                "lat": 13.10995,
                "lon": 77.58022
              },
              {
                "name": "Ananthapura Gate",
                "name_kn": "ಅನಂತಪುರ ಗಟೆ",
                "stop_id": "23081",
                "lat": 13.1146,
                "lon": 77.57901
              },
              {
                "name": "C R P F Yelahanka",
                "name_kn": "ಕ್ ರ್ ಪ್ ೞ್ ಯೆಲಹಂಕ",
                "stop_id": "32384",
                "lat": 13.12278,
                "lon": 77.57552
              },
              {
                "name": "Nagenahalli Gate",
                "name_kn": "ನಗೆನಹಲ್ಲಿ ಗಟೆ",
                "stop_id": "34069",
                "lat": 13.13001,
                "lon": 77.57132
              },
              {
                "name": "Avalahalli",
                "name_kn": "ಅವಲಹಲ್ಲಿ",
                "stop_id": "23217",
                "lat": 13.1353,
                "lon": 77.5691
              },
              {
                "name": "Singanayakanahalli Gate",
                "name_kn": "ಸಿಙನಯಕನಹಲ್ಲಿ ಗಟೆ",
                "stop_id": "26477",
                "lat": 13.1476,
                "lon": 77.56967
              },
              {
                "name": "Honnenahalli",
                "name_kn": "ಹೊಂನೆನಹಲ್ಲಿ",
                "stop_id": "25933",
                "lat": 13.15971,
                "lon": 77.5666
              },
              {
                "name": "Rajanukunte",
                "name_kn": "ರಜನುಕುಂಟೆ",
                "stop_id": "34338",
                "lat": 13.17307,
                "lon": 77.56432
              },
              {
                "name": "Parvathipura",
                "name_kn": "ಪರ್ವತಿಪುರ",
                "stop_id": "34228",
                "lat": 13.17279,
                "lon": 77.56631
              },
              {
                "name": "Addiganahalli",
                "name_kn": "ಅದ್ದಿಗನಹಲ್ಲಿ",
                "stop_id": "29445",
                "lat": 13.17297,
                "lon": 77.56958
              },
              {
                "name": "Patalamma Temple",
                "name_kn": "ಪಟಲಮ್ಮ ಟೆಂಪ್ಲೆ",
                "stop_id": "34229",
                "lat": 13.18344,
                "lon": 77.56988
              }
            ]
          },
          {
            "Route": "290-E SBS-PTLM",
            "RouteId": 13560,
            "RouteParentId": 7210,
            "Destination": "Patalamma Temple",
            "Via": "",
            "Area": "Shivajinagara Bus Station",
            "PlatformNumber": "1",
            "KannadaDestination": "ಪಟಲಮ್ಮ ಟೆಂಪ್ಲೆ",
            "KannadaArea": "ಶಿವಾಜಿನಗರ ಬಸ್ ನಿಲ್ದಾಣ",
            "KannadaVia": "",
            "FromStationId": 22645,
            "Stops": [
              {
                "name": "Yelahanka Santhe Circle",
                "name_kn": "ಯೆಲಹಂಕ ಸಂತೆ ಕಿರ್ಕ್ಲೆ",
                "stop_id": "22645",
                "lat": 13.09852,
                "lon": 77.59698
              },
              {
                "name": "NES Office",
                "name_kn": "ನೆಸ್ ೊೞ್ೞಿಕೆ",
                "stop_id": "22356",
                "lat": 13.09766,
                "lon": 77.59166
              },
              {
                "name": "Sheshadripuram College",
                "name_kn": "ಶೆಶದ್ರಿಪುರಂ ಕೊಲ್ಲೆಗೆ",
                "stop_id": "34534",
                "lat": 13.10022,
                "lon": 77.58866
              },
              {
                "name": "Escorts",
                "name_kn": "ಎಸ್ಕೊರ್ಟ್ಸ್",
                "stop_id": "32598",
                "lat": 13.10271,
                "lon": 77.58558
              },
              {
                "name": "Wheel And Axle Plant",
                "name_kn": "ವ್ಹೀಲ್ ಂದ್ ಕ್ಸ್ಲೆ ಪ್ಲಂಟ್",
                "stop_id": "31633",
                "lat": 13.10572,
                "lon": 77.58241
              },
              {
                "name": "Puttenahalli",
                "name_kn": "ಪುಟೆನಹಲ್ಲಿ",
                "stop_id": "34299",
                "lat": 13.10995,
                "lon": 77.58022
              },
              {
                "name": "Ananthapura Gate",
                "name_kn": "ಅನಂತಪುರ ಗಟೆ",
                "stop_id": "23081",
                "lat": 13.1146,
                "lon": 77.57901
              },
              {
                "name": "C R P F Yelahanka",
                "name_kn": "ಕ್ ರ್ ಪ್ ೞ್ ಯೆಲಹಂಕ",
                "stop_id": "32384",
                "lat": 13.12278,
                "lon": 77.57552
              },
              {
                "name": "Nagenahalli Gate",
                "name_kn": "ನಗೆನಹಲ್ಲಿ ಗಟೆ",
                "stop_id": "34069",
                "lat": 13.13001,
                "lon": 77.57132
              },
              {
                "name": "Avalahalli",
                "name_kn": "ಅವಲಹಲ್ಲಿ",
                "stop_id": "23217",
                "lat": 13.1353,
                "lon": 77.5691
              },
              {
                "name": "Singanayakanahalli Gate",
                "name_kn": "ಸಿಙನಯಕನಹಲ್ಲಿ ಗಟೆ",
                "stop_id": "26477",
                "lat": 13.1476,
                "lon": 77.56967
              },
              {
                "name": "Honnenahalli",
                "name_kn": "ಹೊಂನೆನಹಲ್ಲಿ",
                "stop_id": "25933",
                "lat": 13.15971,
                "lon": 77.5666
              },
              {
                "name": "Rajanukunte",
                "name_kn": "ರಜನುಕುಂಟೆ",
                "stop_id": "38912",
                "lat": 13.17498,
                "lon": 77.56439
              },
              {
                "name": "Parvathipura",
                "name_kn": "ಪರ್ವತಿಪುರ",
                "stop_id": "34228",
                "lat": 13.17279,
                "lon": 77.56631
              },
              {
                "name": "Addiganahalli",
                "name_kn": "ಅದ್ದಿಗನಹಲ್ಲಿ",
                "stop_id": "29445",
                "lat": 13.17297,
                "lon": 77.56958
              },
              {
                "name": "Patalamma Temple",
                "name_kn": "ಪಟಲಮ್ಮ ಟೆಂಪ್ಲೆ",
                "stop_id": "34229",
                "lat": 13.18344,
                "lon": 77.56988
              }
            ]
          },
          {
            "Route": "G-10 KMT-THS-PTML",
            "RouteId": 13566,
            "RouteParentId": 7213,
            "Destination": "Patalamma Temple",
            "Via": "",
            "Area": "KR Market",
            "PlatformNumber": "1",
            "KannadaDestination": "ಪಟಲಮ್ಮ ಟೆಂಪ್ಲೆ",
            "KannadaArea": "ಕೆಆರ್ ಮಾರುಕಟ್ಟೆ",
            "KannadaVia": "",
            "FromStationId": 22645,
            "Stops": [
              {
                "name": "Yelahanka Santhe Circle",
                "name_kn": "ಯೆಲಹಂಕ ಸಂತೆ ಕಿರ್ಕ್ಲೆ",
                "stop_id": "22645",
                "lat": 13.09852,
                "lon": 77.59698
              },
              {
                "name": "NES Office",
                "name_kn": "ನೆಸ್ ೊೞ್ೞಿಕೆ",
                "stop_id": "22356",
                "lat": 13.09766,
                "lon": 77.59166
              },
              {
                "name": "Escorts",
                "name_kn": "ಎಸ್ಕೊರ್ಟ್ಸ್",
                "stop_id": "32598",
                "lat": 13.10271,
                "lon": 77.58558
              },
              {
                "name": "Wheel And Axle Plant",
                "name_kn": "ವ್ಹೀಲ್ ಂದ್ ಕ್ಸ್ಲೆ ಪ್ಲಂಟ್",
                "stop_id": "31633",
                "lat": 13.10572,
                "lon": 77.58241
              },
              {
                "name": "Puttenahalli",
                "name_kn": "ಪುಟೆನಹಲ್ಲಿ",
                "stop_id": "34299",
                "lat": 13.10995,
                "lon": 77.58022
              },
              {
                "name": "Ananthapura Gate",
                "name_kn": "ಅನಂತಪುರ ಗಟೆ",
                "stop_id": "23081",
                "lat": 13.1146,
                "lon": 77.57901
              },
              {
                "name": "C R P F Yelahanka",
                "name_kn": "ಕ್ ರ್ ಪ್ ೞ್ ಯೆಲಹಂಕ",
                "stop_id": "32384",
                "lat": 13.12278,
                "lon": 77.57552
              },
              {
                "name": "Nagenahalli Gate",
                "name_kn": "ನಗೆನಹಲ್ಲಿ ಗಟೆ",
                "stop_id": "34069",
                "lat": 13.13001,
                "lon": 77.57132
              },
              {
                "name": "Avalahalli",
                "name_kn": "ಅವಲಹಲ್ಲಿ",
                "stop_id": "23217",
                "lat": 13.1353,
                "lon": 77.5691
              },
              {
                "name": "Singanayakanahalli Gate",
                "name_kn": "ಸಿಙನಯಕನಹಲ್ಲಿ ಗಟೆ",
                "stop_id": "26477",
                "lat": 13.1476,
                "lon": 77.56967
              },
              {
                "name": "Honnenahalli",
                "name_kn": "ಹೊಂನೆನಹಲ್ಲಿ",
                "stop_id": "25933",
                "lat": 13.15971,
                "lon": 77.5666
              },
              {
                "name": "Rajanukunte",
                "name_kn": "ರಜನುಕುಂಟೆ",
                "stop_id": "34338",
                "lat": 13.17307,
                "lon": 77.56432
              },
              {
                "name": "Parvathipura",
                "name_kn": "ಪರ್ವತಿಪುರ",
                "stop_id": "34228",
                "lat": 13.17279,
                "lon": 77.56631
              },
              {
                "name": "Addiganahalli",
                "name_kn": "ಅದ್ದಿಗನಹಲ್ಲಿ",
                "stop_id": "29445",
                "lat": 13.17297,
                "lon": 77.56958
              },
              {
                "name": "Patalamma Temple",
                "name_kn": "ಪಟಲಮ್ಮ ಟೆಂಪ್ಲೆ",
                "stop_id": "34229",
                "lat": 13.18344,
                "lon": 77.56988
              }
            ]
          },
          {
            "Route": "401-AK",
            "RouteId": 8605,
            "RouteParentId": 4620,
            "Destination": "Chikka Banavara",
            "Via": "",
            "Area": "Bagalur",
            "PlatformNumber": "1",
            "KannadaDestination": "ಚಿಕ್ಕ ಬನವರ",
            "KannadaArea": "ಬಾಗಲೂರು",
            "KannadaVia": "",
            "FromStationId": 22645,
            "Stops": [
              {
                "name": "Yelahanka Santhe Circle",
                "name_kn": "ಯೆಲಹಂಕ ಸಂತೆ ಕಿರ್ಕ್ಲೆ",
                "stop_id": "22645",
                "lat": 13.09852,
                "lon": 77.59698
              },
              {
                "name": "NES Office",
                "name_kn": "ನೆಸ್ ೊೞ್ೞಿಕೆ",
                "stop_id": "22356",
                "lat": 13.09766,
                "lon": 77.59166
              },
              {
                "name": "Sheshadripuram College",
                "name_kn": "ಶೆಶದ್ರಿಪುರಂ ಕೊಲ್ಲೆಗೆ",
                "stop_id": "22481",
                "lat": 13.09951,
                "lon": 77.58834
              },
              {
                "name": "Sharavathi Hotel",
                "name_kn": "ಶರವತಿ ಹೊಟೆಲ್",
                "stop_id": "22475",
                "lat": 13.09797,
                "lon": 77.58442
              },
              {
                "name": "Chikka Bommasandra Cross",
                "name_kn": "ಚಿಕ್ಕ ಬೊಮ್ಮಸಂದ್ರ ಕ್ರೊಸ್ಸ್",
                "stop_id": "21834",
                "lat": 13.09353,
                "lon": 77.58251
              },
              {
                "name": "Yelahanka Satellite Town",
                "name_kn": "ಯೆಲಹಂಕ ಸಟೆಲ್ಲಿಟೆ ಟೌಂ",
                "stop_id": "22646",
                "lat": 13.0958,
                "lon": 77.57921
              },
              {
                "name": "Mother Dairy Cross Yelahanka",
                "name_kn": "ಮೊತೆರ್ ದೈರೆ ಕ್ರೊಸ್ಸ್ ಯೆಲಹಂಕ",
                "stop_id": "22299",
                "lat": 13.09934,
                "lon": 77.57717
              },
              {
                "name": "Mother Dairy Yelahanka",
                "name_kn": "ಮೊತೆರ್ ದೈರೆ ಯೆಲಹಂಕ",
                "stop_id": "33952",
                "lat": 13.09883,
                "lon": 77.57476
              },
              {
                "name": "Atturu Layout",
                "name_kn": "ಅಟುರು ಲಯೌಟ್",
                "stop_id": "21675",
                "lat": 13.09774,
                "lon": 77.56766
              },
              {
                "name": "Thirumala Dhaba",
                "name_kn": "ತಿರುಮಲ ಧಬ",
                "stop_id": "22551",
                "lat": 13.09762,
                "lon": 77.563
              },
              {
                "name": "Bettahalli Layout",
                "name_kn": "ಬೆಟಹಲ್ಲಿ ಲಯೌಟ್",
                "stop_id": "21749",
                "lat": 13.0923,
                "lon": 77.55954
              },
              {
                "name": "Chikka Bettahalli",
                "name_kn": "ಚಿಕ್ಕ ಬೆಟಹಲ್ಲಿ",
                "stop_id": "21832",
                "lat": 13.08945,
                "lon": 77.55629
              },
              {
                "name": "Jalli Machine",
                "name_kn": "ಜಲ್ಲಿ ಮಚಿನೆ",
                "stop_id": "22096",
                "lat": 13.08601,
                "lon": 77.55551
              },
              {
                "name": "Depot-45 Gate",
                "name_kn": "ದೆಪೊಟ್-45 ಗಟೆ",
                "stop_id": "36327",
                "lat": 13.0829,
                "lon": 77.55072
              },
              {
                "name": "MS Palya",
                "name_kn": "ಂಸ್ ಪಲೆ",
                "stop_id": "36469",
                "lat": 13.08178,
                "lon": 77.54809
              },
              {
                "name": "Vinayaka Nagara",
                "name_kn": "ವಿನಯಕ ನಗರ",
                "stop_id": "35689",
                "lat": 13.08258,
                "lon": 77.5433
              },
              {
                "name": "Singapura",
                "name_kn": "ಸಿಙಪುರ",
                "stop_id": "26479",
                "lat": 13.07965,
                "lon": 77.53834
              },
              {
                "name": "Abbigere Gate",
                "name_kn": "ಅಬ್ಬಿಗೆರೆ ಗಟೆ",
                "stop_id": "35559",
                "lat": 13.07243,
                "lon": 77.52355
              },
              {
                "name": "RMG Factory",
                "name_kn": "ರ್ಂಗ್ ೞಕ್ಟೊರೆ",
                "stop_id": "34423",
                "lat": 13.07604,
                "lon": 77.51718
              },
              {
                "name": "Kere Guddadahalli",
                "name_kn": "ಕೆರೆ ಗುದ್ದದಹಲ್ಲಿ",
                "stop_id": "33464",
                "lat": 13.07927,
                "lon": 77.51574
              },
              {
                "name": "Gangadhara Kalyana Mantapa",
                "name_kn": "ಗಙಧರ ಕಲೆನ ಮಂಟಪ",
                "stop_id": "25309",
                "lat": 13.07998,
                "lon": 77.51095
              },
              {
                "name": "Dasappanapalya",
                "name_kn": "ದಸಪ್ಪನಪಲೆ",
                "stop_id": "24792",
                "lat": 13.07934,
                "lon": 77.50593
              },
              {
                "name": "Chikka Banavara",
                "name_kn": "ಚಿಕ್ಕ ಬನವರ",
                "stop_id": "20718",
                "lat": 13.08046,
                "lon": 77.50248
              }
            ]
          },
          {
            "Route": "401-AK-D52G-CKB",
            "RouteId": 14358,
            "RouteParentId": 7684,
            "Destination": "Chikka Banavara",
            "Via": "",
            "Area": "Depot-52 Gate Departure",
            "PlatformNumber": "1",
            "KannadaDestination": "ಚಿಕ್ಕ ಬನವರ",
            "KannadaArea": "ಡಿಪೋ-52 ಗೇಟ್ ನಿರ್ಗಮನ",
            "KannadaVia": "",
            "FromStationId": 22645,
            "Stops": [
              {
                "name": "Yelahanka Santhe Circle",
                "name_kn": "ಯೆಲಹಂಕ ಸಂತೆ ಕಿರ್ಕ್ಲೆ",
                "stop_id": "22645",
                "lat": 13.09852,
                "lon": 77.59698
              },
              {
                "name": "NES Office",
                "name_kn": "ನೆಸ್ ೊೞ್ೞಿಕೆ",
                "stop_id": "22356",
                "lat": 13.09766,
                "lon": 77.59166
              },
              {
                "name": "Sheshadripuram College",
                "name_kn": "ಶೆಶದ್ರಿಪುರಂ ಕೊಲ್ಲೆಗೆ",
                "stop_id": "22481",
                "lat": 13.09951,
                "lon": 77.58834
              },
              {
                "name": "Sharavathi Hotel",
                "name_kn": "ಶರವತಿ ಹೊಟೆಲ್",
                "stop_id": "22475",
                "lat": 13.09797,
                "lon": 77.58442
              },
              {
                "name": "Chikka Bommasandra Cross",
                "name_kn": "ಚಿಕ್ಕ ಬೊಮ್ಮಸಂದ್ರ ಕ್ರೊಸ್ಸ್",
                "stop_id": "21834",
                "lat": 13.09353,
                "lon": 77.58251
              },
              {
                "name": "Yelahanka Satellite Town",
                "name_kn": "ಯೆಲಹಂಕ ಸಟೆಲ್ಲಿಟೆ ಟೌಂ",
                "stop_id": "22646",
                "lat": 13.0958,
                "lon": 77.57921
              },
              {
                "name": "Mother Dairy Cross Yelahanka",
                "name_kn": "ಮೊತೆರ್ ದೈರೆ ಕ್ರೊಸ್ಸ್ ಯೆಲಹಂಕ",
                "stop_id": "22299",
                "lat": 13.09934,
                "lon": 77.57717
              },
              {
                "name": "Mother Dairy Yelahanka",
                "name_kn": "ಮೊತೆರ್ ದೈರೆ ಯೆಲಹಂಕ",
                "stop_id": "33952",
                "lat": 13.09883,
                "lon": 77.57476
              },
              {
                "name": "Atturu Layout",
                "name_kn": "ಅಟುರು ಲಯೌಟ್",
                "stop_id": "21675",
                "lat": 13.09774,
                "lon": 77.56766
              },
              {
                "name": "Thirumala Dhaba",
                "name_kn": "ತಿರುಮಲ ಧಬ",
                "stop_id": "22551",
                "lat": 13.09762,
                "lon": 77.563
              },
              {
                "name": "Bettahalli Layout",
                "name_kn": "ಬೆಟಹಲ್ಲಿ ಲಯೌಟ್",
                "stop_id": "21749",
                "lat": 13.0923,
                "lon": 77.55954
              },
              {
                "name": "Chikka Bettahalli",
                "name_kn": "ಚಿಕ್ಕ ಬೆಟಹಲ್ಲಿ",
                "stop_id": "21832",
                "lat": 13.08945,
                "lon": 77.55629
              },
              {
                "name": "Jalli Machine",
                "name_kn": "ಜಲ್ಲಿ ಮಚಿನೆ",
                "stop_id": "22096",
                "lat": 13.08601,
                "lon": 77.55551
              },
              {
                "name": "Depot-45 Gate",
                "name_kn": "ದೆಪೊಟ್-45 ಗಟೆ",
                "stop_id": "36327",
                "lat": 13.0829,
                "lon": 77.55072
              },
              {
                "name": "MS Palya",
                "name_kn": "ಂಸ್ ಪಲೆ",
                "stop_id": "36469",
                "lat": 13.08178,
                "lon": 77.54809
              },
              {
                "name": "Vinayaka Nagara",
                "name_kn": "ವಿನಯಕ ನಗರ",
                "stop_id": "35689",
                "lat": 13.08258,
                "lon": 77.5433
              },
              {
                "name": "Singapura",
                "name_kn": "ಸಿಙಪುರ",
                "stop_id": "26479",
                "lat": 13.07965,
                "lon": 77.53834
              },
              {
                "name": "Abbigere Gate",
                "name_kn": "ಅಬ್ಬಿಗೆರೆ ಗಟೆ",
                "stop_id": "35559",
                "lat": 13.07243,
                "lon": 77.52355
              },
              {
                "name": "RMG Factory",
                "name_kn": "ರ್ಂಗ್ ೞಕ್ಟೊರೆ",
                "stop_id": "34423",
                "lat": 13.07604,
                "lon": 77.51718
              },
              {
                "name": "Kere Guddadahalli",
                "name_kn": "ಕೆರೆ ಗುದ್ದದಹಲ್ಲಿ",
                "stop_id": "33464",
                "lat": 13.07927,
                "lon": 77.51574
              },
              {
                "name": "Gangadhara Kalyana Mantapa",
                "name_kn": "ಗಙಧರ ಕಲೆನ ಮಂಟಪ",
                "stop_id": "25309",
                "lat": 13.07998,
                "lon": 77.51095
              },
              {
                "name": "Dasappanapalya",
                "name_kn": "ದಸಪ್ಪನಪಲೆ",
                "stop_id": "24792",
                "lat": 13.07934,
                "lon": 77.50593
              },
              {
                "name": "Chikka Banavara",
                "name_kn": "ಚಿಕ್ಕ ಬನವರ",
                "stop_id": "20718",
                "lat": 13.08046,
                "lon": 77.50248
              }
            ]
          },
          {
            "Route": "401-A PSS-SGP-YHK",
            "RouteId": 16398,
            "RouteParentId": 8781,
            "Destination": "Peenya 2nd Stage",
            "Via": "",
            "Area": "Yelahanka Old Town",
            "PlatformNumber": "1",
            "KannadaDestination": "ಪೀನೆ 2ಂದ್ ಸ್ಟಗೆ",
            "KannadaArea": "ಯಲಹಂಕ ಓಲ್ಡ್ ಟೌನ್",
            "KannadaVia": "",
            "FromStationId": 22645,
            "Stops": [
              {
                "name": "Yelahanka Old Town",
                "name_kn": "ಯೆಲಹಂಕ ೊಲ್ದ್ ಟೌಂ",
                "stop_id": "22640",
                "lat": 13.10091,
                "lon": 77.59436
              },
              {
                "name": "Yelahanka Santhe Circle",
                "name_kn": "ಯೆಲಹಂಕ ಸಂತೆ ಕಿರ್ಕ್ಲೆ",
                "stop_id": "22645",
                "lat": 13.09852,
                "lon": 77.59698
              },
              {
                "name": "NES Office",
                "name_kn": "ನೆಸ್ ೊೞ್ೞಿಕೆ",
                "stop_id": "22356",
                "lat": 13.09766,
                "lon": 77.59166
              },
              {
                "name": "Sheshadripuram College",
                "name_kn": "ಶೆಶದ್ರಿಪುರಂ ಕೊಲ್ಲೆಗೆ",
                "stop_id": "22481",
                "lat": 13.09951,
                "lon": 77.58834
              },
              {
                "name": "Sharavathi Hotel",
                "name_kn": "ಶರವತಿ ಹೊಟೆಲ್",
                "stop_id": "22475",
                "lat": 13.09797,
                "lon": 77.58442
              },
              {
                "name": "Chikka Bommasandra Cross",
                "name_kn": "ಚಿಕ್ಕ ಬೊಮ್ಮಸಂದ್ರ ಕ್ರೊಸ್ಸ್",
                "stop_id": "21834",
                "lat": 13.09353,
                "lon": 77.58251
              },
              {
                "name": "Yelahanka Satellite Town",
                "name_kn": "ಯೆಲಹಂಕ ಸಟೆಲ್ಲಿಟೆ ಟೌಂ",
                "stop_id": "22646",
                "lat": 13.0958,
                "lon": 77.57921
              },
              {
                "name": "Mother Dairy Cross Yelahanka",
                "name_kn": "ಮೊತೆರ್ ದೈರೆ ಕ್ರೊಸ್ಸ್ ಯೆಲಹಂಕ",
                "stop_id": "22299",
                "lat": 13.09934,
                "lon": 77.57717
              },
              {
                "name": "Mother Dairy Yelahanka",
                "name_kn": "ಮೊತೆರ್ ದೈರೆ ಯೆಲಹಂಕ",
                "stop_id": "33952",
                "lat": 13.09883,
                "lon": 77.57476
              },
              {
                "name": "Atturu Layout",
                "name_kn": "ಅಟುರು ಲಯೌಟ್",
                "stop_id": "21675",
                "lat": 13.09774,
                "lon": 77.56766
              },
              {
                "name": "Thirumala Dhaba",
                "name_kn": "ತಿರುಮಲ ಧಬ",
                "stop_id": "22551",
                "lat": 13.09762,
                "lon": 77.563
              },
              {
                "name": "Bettahalli Layout",
                "name_kn": "ಬೆಟಹಲ್ಲಿ ಲಯೌಟ್",
                "stop_id": "21749",
                "lat": 13.0923,
                "lon": 77.55954
              },
              {
                "name": "Chikka Bettahalli",
                "name_kn": "ಚಿಕ್ಕ ಬೆಟಹಲ್ಲಿ",
                "stop_id": "21832",
                "lat": 13.08945,
                "lon": 77.55629
              },
              {
                "name": "Jalli Machine",
                "name_kn": "ಜಲ್ಲಿ ಮಚಿನೆ",
                "stop_id": "22096",
                "lat": 13.08601,
                "lon": 77.55551
              },
              {
                "name": "Depot-45 Gate",
                "name_kn": "ದೆಪೊಟ್-45 ಗಟೆ",
                "stop_id": "36327",
                "lat": 13.0829,
                "lon": 77.55072
              },
              {
                "name": "MS Palya",
                "name_kn": "ಂಸ್ ಪಲೆ",
                "stop_id": "36469",
                "lat": 13.08178,
                "lon": 77.54809
              },
              {
                "name": "Vinayaka Nagara",
                "name_kn": "ವಿನಯಕ ನಗರ",
                "stop_id": "35689",
                "lat": 13.08258,
                "lon": 77.5433
              },
              {
                "name": "Singapura",
                "name_kn": "ಸಿಙಪುರ",
                "stop_id": "26479",
                "lat": 13.07965,
                "lon": 77.53834
              },
              {
                "name": "Singapura LT",
                "name_kn": "ಸಿಙಪುರ ಲ್ಟ್",
                "stop_id": "26481",
                "lat": 13.07498,
                "lon": 77.53999
              },
              {
                "name": "2nd stage Kuvempunagara",
                "name_kn": "2ಂದ್ ಸ್ಟಗೆ ಕುವೆಂಪುನಗರ",
                "stop_id": "35591",
                "lat": 13.07306,
                "lon": 77.54142
              },
              {
                "name": "Kuvempunagara",
                "name_kn": "ಕುವೆಂಪುನಗರ",
                "stop_id": "28428",
                "lat": 13.0695,
                "lon": 77.54144
              },
              {
                "name": "Gangamma Circle",
                "name_kn": "ಗಙಮ್ಮ ಕಿರ್ಕ್ಲೆ",
                "stop_id": "21946",
                "lat": 13.05663,
                "lon": 77.54672
              },
              {
                "name": "Fathima Church",
                "name_kn": "ೞತಿಮ ಚುರ್ಚ್",
                "stop_id": "21940",
                "lat": 13.05474,
                "lon": 77.54148
              },
              {
                "name": "Kammagondanahalli Bridge",
                "name_kn": "ಕಮ್ಮಗೊಂದನಹಲ್ಲಿ ಬ್ರಿದ್ಗೆ",
                "stop_id": "22144",
                "lat": 13.05486,
                "lon": 77.53482
              },
              {
                "name": "IAF Jalahalli",
                "name_kn": "ಇೞ್ ಜಲಹಲ್ಲಿ",
                "stop_id": "22065",
                "lat": 13.0536,
                "lon": 77.5308
              },
              {
                "name": "Shettyhalli Cross",
                "name_kn": "ಶೆಟೆಹಲ್ಲಿ ಕ್ರೊಸ್ಸ್",
                "stop_id": "22483",
                "lat": 13.05024,
                "lon": 77.52568
              },
              {
                "name": "Ayyappa Temple Jalahalli Cross",
                "name_kn": "ಅಯೆಪ್ಪ ಟೆಂಪ್ಲೆ ಜಲಹಲ್ಲಿ ಕ್ರೊಸ್ಸ್",
                "stop_id": "21688",
                "lat": 13.04623,
                "lon": 77.52243
              },
              {
                "name": "Jalahalli Cross",
                "name_kn": "ಜಲಹಲ್ಲಿ ಕ್ರೊಸ್ಸ್",
                "stop_id": "20870",
                "lat": 13.03959,
                "lon": 77.51839
              },
              {
                "name": "Systems Peenya",
                "name_kn": "ಶೆಸ್ಟೆಂಸ್ ಪೀನೆ",
                "stop_id": "21210",
                "lat": 13.03506,
                "lon": 77.51806
              },
              {
                "name": "TVS Cross Peenya",
                "name_kn": "ಟ್ವ್ಸ್ ಕ್ರೊಸ್ಸ್ ಪೀನೆ",
                "stop_id": "21237",
                "lat": 13.02835,
                "lon": 77.51953
              },
              {
                "name": "Rolling Mill",
                "name_kn": "ರೊಲ್ಲಿಙ್ ಮಿಲ್ಲ್",
                "stop_id": "21137",
                "lat": 13.02648,
                "lon": 77.51478
              },
              {
                "name": "NTTF Peenya",
                "name_kn": "ಂಟ್ೞ್ ಪೀನೆ",
                "stop_id": "21069",
                "lat": 13.02461,
                "lon": 77.51099
              },
              {
                "name": "Brundavana Peenya",
                "name_kn": "ಬ್ರುಂದವನ ಪೀನೆ",
                "stop_id": "20685",
                "lat": 13.0204,
                "lon": 77.50815
              },
              {
                "name": "Peenya 14th cross",
                "name_kn": "ಪೀನೆ 14ತ್ ಕ್ರೊಸ್ಸ್",
                "stop_id": "20567",
                "lat": 13.01646,
                "lon": 77.50566
              },
              {
                "name": "Rajagopalanagara",
                "name_kn": "ರಜಗೊಪಲನಗರ",
                "stop_id": "21114",
                "lat": 13.01368,
                "lon": 77.50881
              },
              {
                "name": "Peenya 2nd Stage",
                "name_kn": "ಪೀನೆ 2ಂದ್ ಸ್ಟಗೆ",
                "stop_id": "21080",
                "lat": 13.01092,
                "lon": 77.50683
              }
            ]
          },
          {
            "Route": "407",
            "RouteId": 6528,
            "RouteParentId": 3523,
            "Destination": "Nelamangala Bus Station",
            "Via": "",
            "Area": "Yelahanka Old Town",
            "PlatformNumber": "1",
            "KannadaDestination": "ನೆಲಮಙಲ ಬುಸ್ ಸ್ಟಟಿೊಂ",
            "KannadaArea": "ಯಲಹಂಕ ಓಲ್ಡ್ ಟೌನ್",
            "KannadaVia": "",
            "FromStationId": 22640,
            "Stops": [
              {
                "name": "Yelahanka Old Town",
                "name_kn": "ಯೆಲಹಂಕ ೊಲ್ದ್ ಟೌಂ",
                "stop_id": "22640",
                "lat": 13.10091,
                "lon": 77.59436
              },
              {
                "name": "Yelahanka Santhe Circle",
                "name_kn": "ಯೆಲಹಂಕ ಸಂತೆ ಕಿರ್ಕ್ಲೆ",
                "stop_id": "22645",
                "lat": 13.09852,
                "lon": 77.59698
              },
              {
                "name": "NES Office",
                "name_kn": "ನೆಸ್ ೊೞ್ೞಿಕೆ",
                "stop_id": "22356",
                "lat": 13.09766,
                "lon": 77.59166
              },
              {
                "name": "Sheshadripuram College",
                "name_kn": "ಶೆಶದ್ರಿಪುರಂ ಕೊಲ್ಲೆಗೆ",
                "stop_id": "22481",
                "lat": 13.09951,
                "lon": 77.58834
              },
              {
                "name": "Sharavathi Hotel",
                "name_kn": "ಶರವತಿ ಹೊಟೆಲ್",
                "stop_id": "22475",
                "lat": 13.09797,
                "lon": 77.58442
              },
              {
                "name": "Chikka Bommasandra Cross",
                "name_kn": "ಚಿಕ್ಕ ಬೊಮ್ಮಸಂದ್ರ ಕ್ರೊಸ್ಸ್",
                "stop_id": "21834",
                "lat": 13.09353,
                "lon": 77.58251
              },
              {
                "name": "Yelahanka Satellite Town",
                "name_kn": "ಯೆಲಹಂಕ ಸಟೆಲ್ಲಿಟೆ ಟೌಂ",
                "stop_id": "22646",
                "lat": 13.0958,
                "lon": 77.57921
              },
              {
                "name": "Mother Dairy Cross Yelahanka",
                "name_kn": "ಮೊತೆರ್ ದೈರೆ ಕ್ರೊಸ್ಸ್ ಯೆಲಹಂಕ",
                "stop_id": "22299",
                "lat": 13.09934,
                "lon": 77.57717
              },
              {
                "name": "Mother Dairy Yelahanka",
                "name_kn": "ಮೊತೆರ್ ದೈರೆ ಯೆಲಹಂಕ",
                "stop_id": "33952",
                "lat": 13.09883,
                "lon": 77.57476
              },
              {
                "name": "Atturu Layout",
                "name_kn": "ಅಟುರು ಲಯೌಟ್",
                "stop_id": "21675",
                "lat": 13.09774,
                "lon": 77.56766
              },
              {
                "name": "Thirumala Dhaba",
                "name_kn": "ತಿರುಮಲ ಧಬ",
                "stop_id": "22551",
                "lat": 13.09762,
                "lon": 77.563
              },
              {
                "name": "Bettahalli Layout",
                "name_kn": "ಬೆಟಹಲ್ಲಿ ಲಯೌಟ್",
                "stop_id": "21749",
                "lat": 13.0923,
                "lon": 77.55954
              },
              {
                "name": "Chikka Bettahalli",
                "name_kn": "ಚಿಕ್ಕ ಬೆಟಹಲ್ಲಿ",
                "stop_id": "21832",
                "lat": 13.08945,
                "lon": 77.55629
              },
              {
                "name": "Jalli Machine",
                "name_kn": "ಜಲ್ಲಿ ಮಚಿನೆ",
                "stop_id": "22096",
                "lat": 13.08601,
                "lon": 77.55551
              },
              {
                "name": "Depot-45 Gate",
                "name_kn": "ದೆಪೊಟ್-45 ಗಟೆ",
                "stop_id": "36327",
                "lat": 13.0829,
                "lon": 77.55072
              },
              {
                "name": "MS Palya",
                "name_kn": "ಂಸ್ ಪಲೆ",
                "stop_id": "33956",
                "lat": 13.08181,
                "lon": 77.5482
              },
              {
                "name": "Sambhram College",
                "name_kn": "ಸಂಭ್ರಂ ಕೊಲ್ಲೆಗೆ",
                "stop_id": "28127",
                "lat": 13.08824,
                "lon": 77.54663
              },
              {
                "name": "Best County",
                "name_kn": "ಬೆಸ್ಟ್ ಕೌಂಟೆ",
                "stop_id": "29896",
                "lat": 13.0893,
                "lon": 77.54466
              },
              {
                "name": "Kanshiram Nagara",
                "name_kn": "ಕಂಶಿರಂ ನಗರ",
                "stop_id": "33339",
                "lat": 13.09058,
                "lon": 77.5389
              },
              {
                "name": "Lakshmipura Cross",
                "name_kn": "ಲಕ್ಷ್ಮಿಪುರ ಕ್ರೊಸ್ಸ್",
                "stop_id": "33685",
                "lat": 13.09209,
                "lon": 77.53397
              },
              {
                "name": "Medi Agrahara Cross",
                "name_kn": "ಮೆದಿ ಗ್ರಹರ ಕ್ರೊಸ್ಸ್",
                "stop_id": "28948",
                "lat": 13.1013,
                "lon": 77.53061
              },
              {
                "name": "Choudappa Layout",
                "name_kn": "ಚೌದಪ್ಪ ಲಯೌಟ್",
                "stop_id": "32355",
                "lat": 13.10978,
                "lon": 77.52807
              },
              {
                "name": "Dodda Byalakere",
                "name_kn": "ದೊದ್ದ ಬೆಲಕೆರೆ",
                "stop_id": "32498",
                "lat": 13.11267,
                "lon": 77.52494
              },
              {
                "name": "Chikka Byalakere",
                "name_kn": "ಚಿಕ್ಕ ಬೆಲಕೆರೆ",
                "stop_id": "32265",
                "lat": 13.11962,
                "lon": 77.52155
              },
              {
                "name": "Kurubarahalli Cross",
                "name_kn": "ಕುರುಬರಹಲ್ಲಿ ಕ್ರೊಸ್ಸ್",
                "stop_id": "33639",
                "lat": 13.12672,
                "lon": 77.51956
              },
              {
                "name": "Shivakote",
                "name_kn": "ಶಿವಕೊಟೆ",
                "stop_id": "34553",
                "lat": 13.13333,
                "lon": 77.51478
              },
              {
                "name": "Shivakote Cross",
                "name_kn": "ಶಿವಕೊಟೆ ಕ್ರೊಸ್ಸ್",
                "stop_id": "34554",
                "lat": 13.13552,
                "lon": 77.51326
              },
              {
                "name": "Annapurneshwari Badavane",
                "name_kn": "ಅಂನಪುರ್ನೆಶ್ವರಿ ಬದವನೆ",
                "stop_id": "39138",
                "lat": 13.13874,
                "lon": 77.50802
              },
              {
                "name": "Muthkur Cross Shivakote",
                "name_kn": "ಮುತ್ಕುರ್ ಕ್ರೊಸ್ಸ್ ಶಿವಕೊಟೆ",
                "stop_id": "33988",
                "lat": 13.14299,
                "lon": 77.50221
              },
              {
                "name": "Ivarukandapura",
                "name_kn": "ಇವರುಕಂದಪುರ",
                "stop_id": "33076",
                "lat": 13.1377,
                "lon": 77.49449
              },
              {
                "name": "Indian Institute of Horticultural Research TB",
                "name_kn": "ಇಂದಿಂ ಿಂಸ್ಟಿಟುಟೆ ೊೞ್ ಹೊರ್ಟಿಕುಲ್ಟುರಲ್ ರೆಸೆರ್ಚ್ ಟ್ಬ್",
                "stop_id": "26123",
                "lat": 13.13542,
                "lon": 77.49099
              },
              {
                "name": "Hesaraghatta TB Cross",
                "name_kn": "ಹೆಸರಘಟ ಟ್ಬ್ ಕ್ರೊಸ್ಸ್",
                "stop_id": "20832",
                "lat": 13.13051,
                "lon": 77.48438
              },
              {
                "name": "Hesaraghatta",
                "name_kn": "ಹೆಸರಘಟ",
                "stop_id": "20833",
                "lat": 13.1378,
                "lon": 77.47937
              },
              {
                "name": "Vinayaka Nagara Hesarghatta",
                "name_kn": "ವಿನಯಕ ನಗರ ಹೆಸರ್ಘಟ",
                "stop_id": "21625",
                "lat": 13.13859,
                "lon": 77.47477
              },
              {
                "name": "Vivekananda Vidyavardhaka School",
                "name_kn": "ವಿವೆಕನಂದ ವಿಠೆವರ್ಧಕ ಸ್ಚೂಲ್",
                "stop_id": "27367",
                "lat": 13.13958,
                "lon": 77.46978
              },
              {
                "name": "Dasenahalli Cross",
                "name_kn": "ದಸೆನಹಲ್ಲಿ ಕ್ರೊಸ್ಸ್",
                "stop_id": "20735",
                "lat": 13.14084,
                "lon": 77.46523
              },
              {
                "name": "Guddadahalli",
                "name_kn": "ಗುದ್ದದಹಲ್ಲಿ",
                "stop_id": "20804",
                "lat": 13.14132,
                "lon": 77.46228
              },
              {
                "name": "Thotagere Basavanna Devastana",
                "name_kn": "ತೊಟಗೆರೆ ಬಸವಂನ ದೆವಸ್ಟನ",
                "stop_id": "21226",
                "lat": 13.13818,
                "lon": 77.45363
              },
              {
                "name": "Thotagere Village",
                "name_kn": "ತೊಟಗೆರೆ ವಿಲ್ಲಗೆ",
                "stop_id": "34967",
                "lat": 13.1361,
                "lon": 77.446
              },
              {
                "name": "Huskur Bare",
                "name_kn": "ಹುಸ್ಕುರ್ ಬರೆ",
                "stop_id": "26078",
                "lat": 13.13697,
                "lon": 77.43924
              },
              {
                "name": "Kanaka Nagara Gate",
                "name_kn": "ಕನಕ ನಗರ ಗಟೆ",
                "stop_id": "30733",
                "lat": 13.13824,
                "lon": 77.43472
              },
              {
                "name": "Gopalapura",
                "name_kn": "ಗೊಪಲಪುರ",
                "stop_id": "32726",
                "lat": 13.14126,
                "lon": 77.4263
              },
              {
                "name": "Railway Gollahalli",
                "name_kn": "ರೈಲ್ವಯ್ ಗೊಲ್ಲಹಲ್ಲಿ",
                "stop_id": "27839",
                "lat": 13.14667,
                "lon": 77.4174
              },
              {
                "name": "Railway Gate Gollahalli",
                "name_kn": "ರೈಲ್ವಯ್ ಗಟೆ ಗೊಲ್ಲಹಲ್ಲಿ",
                "stop_id": "27834",
                "lat": 13.15049,
                "lon": 77.41184
              },
              {
                "name": "Arch Railway Gollahalli",
                "name_kn": "ಅರ್ಚ್ ರೈಲ್ವಯ್ ಗೊಲ್ಲಹಲ್ಲಿ",
                "stop_id": "29567",
                "lat": 13.1482,
                "lon": 77.41192
              },
              {
                "name": "Gollahalli",
                "name_kn": "ಗೊಲ್ಲಹಲ್ಲಿ",
                "stop_id": "32704",
                "lat": 13.14371,
                "lon": 77.41235
              },
              {
                "name": "Hyadalu",
                "name_kn": "ಹೆದಲು",
                "stop_id": "26084",
                "lat": 13.1401,
                "lon": 77.41028
              },
              {
                "name": "Mylanahalli Gate",
                "name_kn": "ಮೆಲನಹಲ್ಲಿ ಗಟೆ",
                "stop_id": "34019",
                "lat": 13.13258,
                "lon": 77.40361
              },
              {
                "name": "KG Srinivasapura Cross",
                "name_kn": "ಕ್ಗ್ ಸ್ರಿನಿವಸಪುರ ಕ್ರೊಸ್ಸ್",
                "stop_id": "31061",
                "lat": 13.12913,
                "lon": 77.40026
              },
              {
                "name": "Mylanahalli Bare",
                "name_kn": "ಮೆಲನಹಲ್ಲಿ ಬರೆ",
                "stop_id": "34829",
                "lat": 13.1271,
                "lon": 77.39841
              },
              {
                "name": "A G Export Garments Nelamangala",
                "name_kn": "ಅ ಗ್ ೆಕ್ಸ್ಪೊರ್ಟ್ ಗರ್ಮೆಂಟ್ಸ್ ನೆಲಮಙಲ",
                "stop_id": "35538",
                "lat": 13.12048,
                "lon": 77.39242
              },
              {
                "name": "Islampura Cross",
                "name_kn": "ಇಸ್ಲಂಪುರ ಕ್ರೊಸ್ಸ್",
                "stop_id": "26161",
                "lat": 13.11312,
                "lon": 77.38879
              },
              {
                "name": "Basavanahalli",
                "name_kn": "ಬಸವನಹಲ್ಲಿ",
                "stop_id": "31900",
                "lat": 13.1104,
                "lon": 77.38823
              },
              {
                "name": "Basavanahalli Cross",
                "name_kn": "ಬಸವನಹಲ್ಲಿ ಕ್ರೊಸ್ಸ್",
                "stop_id": "31902",
                "lat": 13.10223,
                "lon": 77.38875
              },
              {
                "name": "Nelamangala Hunasemara",
                "name_kn": "ನೆಲಮಙಲ ಹುನಸೆಮರ",
                "stop_id": "27418",
                "lat": 13.10062,
                "lon": 77.39073
              },
              {
                "name": "Nelamangala Bus Station",
                "name_kn": "ನೆಲಮಙಲ ಬುಸ್ ಸ್ಟಟಿೊಂ",
                "stop_id": "27411",
                "lat": 13.09803,
                "lon": 77.39387
              }
            ]
          },
          {
            "Route": "407-F",
            "RouteId": 6567,
            "RouteParentId": 3541,
            "Destination": "Nelamangala Bus Station",
            "Via": "",
            "Area": "Yelahanka Old Town",
            "PlatformNumber": "1",
            "KannadaDestination": "ನೆಲಮಙಲ ಬುಸ್ ಸ್ಟಟಿೊಂ",
            "KannadaArea": "ಯಲಹಂಕ ಓಲ್ಡ್ ಟೌನ್",
            "KannadaVia": "",
            "FromStationId": 22640,
            "Stops": [
              {
                "name": "Yelahanka Old Town",
                "name_kn": "ಯೆಲಹಂಕ ೊಲ್ದ್ ಟೌಂ",
                "stop_id": "22640",
                "lat": 13.10091,
                "lon": 77.59436
              },
              {
                "name": "Yelahanka Santhe Circle",
                "name_kn": "ಯೆಲಹಂಕ ಸಂತೆ ಕಿರ್ಕ್ಲೆ",
                "stop_id": "22645",
                "lat": 13.09852,
                "lon": 77.59698
              },
              {
                "name": "NES Office",
                "name_kn": "ನೆಸ್ ೊೞ್ೞಿಕೆ",
                "stop_id": "22356",
                "lat": 13.09766,
                "lon": 77.59166
              },
              {
                "name": "Sheshadripuram College",
                "name_kn": "ಶೆಶದ್ರಿಪುರಂ ಕೊಲ್ಲೆಗೆ",
                "stop_id": "22481",
                "lat": 13.09951,
                "lon": 77.58834
              },
              {
                "name": "Sharavathi Hotel",
                "name_kn": "ಶರವತಿ ಹೊಟೆಲ್",
                "stop_id": "22475",
                "lat": 13.09797,
                "lon": 77.58442
              },
              {
                "name": "Chikka Bommasandra Cross",
                "name_kn": "ಚಿಕ್ಕ ಬೊಮ್ಮಸಂದ್ರ ಕ್ರೊಸ್ಸ್",
                "stop_id": "21834",
                "lat": 13.09353,
                "lon": 77.58251
              },
              {
                "name": "Yelahanka Satellite Town",
                "name_kn": "ಯೆಲಹಂಕ ಸಟೆಲ್ಲಿಟೆ ಟೌಂ",
                "stop_id": "22646",
                "lat": 13.0958,
                "lon": 77.57921
              },
              {
                "name": "Mother Dairy Cross Yelahanka",
                "name_kn": "ಮೊತೆರ್ ದೈರೆ ಕ್ರೊಸ್ಸ್ ಯೆಲಹಂಕ",
                "stop_id": "22299",
                "lat": 13.09934,
                "lon": 77.57717
              },
              {
                "name": "Mother Dairy Yelahanka",
                "name_kn": "ಮೊತೆರ್ ದೈರೆ ಯೆಲಹಂಕ",
                "stop_id": "33952",
                "lat": 13.09883,
                "lon": 77.57476
              },
              {
                "name": "Atturu Layout",
                "name_kn": "ಅಟುರು ಲಯೌಟ್",
                "stop_id": "21675",
                "lat": 13.09774,
                "lon": 77.56766
              },
              {
                "name": "Thirumala Dhaba",
                "name_kn": "ತಿರುಮಲ ಧಬ",
                "stop_id": "22551",
                "lat": 13.09762,
                "lon": 77.563
              },
              {
                "name": "Bettahalli Layout",
                "name_kn": "ಬೆಟಹಲ್ಲಿ ಲಯೌಟ್",
                "stop_id": "21749",
                "lat": 13.0923,
                "lon": 77.55954
              },
              {
                "name": "Chikka Bettahalli",
                "name_kn": "ಚಿಕ್ಕ ಬೆಟಹಲ್ಲಿ",
                "stop_id": "21832",
                "lat": 13.08945,
                "lon": 77.55629
              },
              {
                "name": "Jalli Machine",
                "name_kn": "ಜಲ್ಲಿ ಮಚಿನೆ",
                "stop_id": "22096",
                "lat": 13.08601,
                "lon": 77.55551
              },
              {
                "name": "Depot-45 Gate",
                "name_kn": "ದೆಪೊಟ್-45 ಗಟೆ",
                "stop_id": "36327",
                "lat": 13.0829,
                "lon": 77.55072
              },
              {
                "name": "MS Palya",
                "name_kn": "ಂಸ್ ಪಲೆ",
                "stop_id": "33956",
                "lat": 13.08181,
                "lon": 77.5482
              },
              {
                "name": "Sambhram College",
                "name_kn": "ಸಂಭ್ರಂ ಕೊಲ್ಲೆಗೆ",
                "stop_id": "28127",
                "lat": 13.08824,
                "lon": 77.54663
              },
              {
                "name": "Best County",
                "name_kn": "ಬೆಸ್ಟ್ ಕೌಂಟೆ",
                "stop_id": "29896",
                "lat": 13.0893,
                "lon": 77.54466
              },
              {
                "name": "Kanshiram Nagara",
                "name_kn": "ಕಂಶಿರಂ ನಗರ",
                "stop_id": "33339",
                "lat": 13.09058,
                "lon": 77.5389
              },
              {
                "name": "Lakshmipura Cross",
                "name_kn": "ಲಕ್ಷ್ಮಿಪುರ ಕ್ರೊಸ್ಸ್",
                "stop_id": "33685",
                "lat": 13.09209,
                "lon": 77.53397
              },
              {
                "name": "Guni Agrahara",
                "name_kn": "ಗುನಿ ಗ್ರಹರ",
                "stop_id": "25622",
                "lat": 13.09354,
                "lon": 77.52789
              },
              {
                "name": "Medi Agrahara",
                "name_kn": "ಮೆದಿ ಗ್ರಹರ",
                "stop_id": "28946",
                "lat": 13.0984,
                "lon": 77.52523
              },
              {
                "name": "Kalathammanahalli",
                "name_kn": "ಕಲತಮ್ಮನಹಲ್ಲಿ",
                "stop_id": "30624",
                "lat": 13.10346,
                "lon": 77.51687
              },
              {
                "name": "Raghavendra Dhama",
                "name_kn": "ರಘವೆಂದ್ರ ಧಮ",
                "stop_id": "34313",
                "lat": 13.11463,
                "lon": 77.51473
              },
              {
                "name": "Pakegowdanapalya",
                "name_kn": "ಪಕೆಗೌದನಪಲೆ",
                "stop_id": "27566",
                "lat": 13.11442,
                "lon": 77.51063
              },
              {
                "name": "Siluvepura",
                "name_kn": "ಸಿಲುವೆಪುರ",
                "stop_id": "26464",
                "lat": 13.11424,
                "lon": 77.50108
              },
              {
                "name": "Kumbarahalli Cross",
                "name_kn": "ಕುಂಬರಹಲ್ಲಿ ಕ್ರೊಸ್ಸ್",
                "stop_id": "33622",
                "lat": 13.10664,
                "lon": 77.49019
              },
              {
                "name": "Tharabanahalli",
                "name_kn": "ತರಬನಹಲ್ಲಿ",
                "stop_id": "21220",
                "lat": 13.10124,
                "lon": 77.48081
              },
              {
                "name": "Tharabanahalli Choultry",
                "name_kn": "ತರಬನಹಲ್ಲಿ ಚೌಲ್ಟ್ರೆ",
                "stop_id": "21221",
                "lat": 13.10535,
                "lon": 77.47916
              },
              {
                "name": "Kempaiahnagara",
                "name_kn": "ಕೆಂಪೈಹ್ನಗರ",
                "stop_id": "33416",
                "lat": 13.10822,
                "lon": 77.48248
              },
              {
                "name": "Thore Nagasandra Cross",
                "name_kn": "ತೊರೆ ನಗಸಂದ್ರ ಕ್ರೊಸ್ಸ್",
                "stop_id": "21223",
                "lat": 13.11196,
                "lon": 77.48188
              },
              {
                "name": "Hurali Chikkanahalli",
                "name_kn": "ಹುರಲಿ ಚಿಕ್ಕನಹಲ್ಲಿ",
                "stop_id": "20847",
                "lat": 13.11592,
                "lon": 77.48276
              },
              {
                "name": "Thirumalapura",
                "name_kn": "ತಿರುಮಲಪುರ",
                "stop_id": "21222",
                "lat": 13.12539,
                "lon": 77.48362
              },
              {
                "name": "Hesaraghatta TB Cross",
                "name_kn": "ಹೆಸರಘಟ ಟ್ಬ್ ಕ್ರೊಸ್ಸ್",
                "stop_id": "20832",
                "lat": 13.13051,
                "lon": 77.48438
              },
              {
                "name": "Hesaraghatta",
                "name_kn": "ಹೆಸರಘಟ",
                "stop_id": "20833",
                "lat": 13.1378,
                "lon": 77.47937
              },
              {
                "name": "Vinayaka Nagara Hesarghatta",
                "name_kn": "ವಿನಯಕ ನಗರ ಹೆಸರ್ಘಟ",
                "stop_id": "21626",
                "lat": 13.13865,
                "lon": 77.47451
              },
              {
                "name": "Vivekananda Vidyavardhaka School",
                "name_kn": "ವಿವೆಕನಂದ ವಿಠೆವರ್ಧಕ ಸ್ಚೂಲ್",
                "stop_id": "21271",
                "lat": 13.13955,
                "lon": 77.46977
              },
              {
                "name": "Dasenahalli Cross",
                "name_kn": "ದಸೆನಹಲ್ಲಿ ಕ್ರೊಸ್ಸ್",
                "stop_id": "20735",
                "lat": 13.14084,
                "lon": 77.46523
              },
              {
                "name": "Guddadahalli",
                "name_kn": "ಗುದ್ದದಹಲ್ಲಿ",
                "stop_id": "20804",
                "lat": 13.14132,
                "lon": 77.46228
              },
              {
                "name": "Thotagere Basavanna Devastana",
                "name_kn": "ತೊಟಗೆರೆ ಬಸವಂನ ದೆವಸ್ಟನ",
                "stop_id": "21226",
                "lat": 13.13818,
                "lon": 77.45363
              },
              {
                "name": "Thotagere Village",
                "name_kn": "ತೊಟಗೆರೆ ವಿಲ್ಲಗೆ",
                "stop_id": "34967",
                "lat": 13.1361,
                "lon": 77.446
              },
              {
                "name": "Huskur Bare",
                "name_kn": "ಹುಸ್ಕುರ್ ಬರೆ",
                "stop_id": "26078",
                "lat": 13.13697,
                "lon": 77.43924
              },
              {
                "name": "Kanaka Nagara Gate",
                "name_kn": "ಕನಕ ನಗರ ಗಟೆ",
                "stop_id": "30733",
                "lat": 13.13824,
                "lon": 77.43472
              },
              {
                "name": "Gopalapura",
                "name_kn": "ಗೊಪಲಪುರ",
                "stop_id": "32726",
                "lat": 13.14126,
                "lon": 77.4263
              },
              {
                "name": "Railway Gollahalli",
                "name_kn": "ರೈಲ್ವಯ್ ಗೊಲ್ಲಹಲ್ಲಿ",
                "stop_id": "27839",
                "lat": 13.14667,
                "lon": 77.4174
              },
              {
                "name": "Gollahalli",
                "name_kn": "ಗೊಲ್ಲಹಲ್ಲಿ",
                "stop_id": "32704",
                "lat": 13.14371,
                "lon": 77.41235
              },
              {
                "name": "Hyadalu",
                "name_kn": "ಹೆದಲು",
                "stop_id": "26084",
                "lat": 13.1401,
                "lon": 77.41028
              },
              {
                "name": "Mylanahalli Gate",
                "name_kn": "ಮೆಲನಹಲ್ಲಿ ಗಟೆ",
                "stop_id": "34019",
                "lat": 13.13258,
                "lon": 77.40361
              },
              {
                "name": "KG Srinivasapura Cross",
                "name_kn": "ಕ್ಗ್ ಸ್ರಿನಿವಸಪುರ ಕ್ರೊಸ್ಸ್",
                "stop_id": "31061",
                "lat": 13.12913,
                "lon": 77.40026
              },
              {
                "name": "Mylanahalli Bare",
                "name_kn": "ಮೆಲನಹಲ್ಲಿ ಬರೆ",
                "stop_id": "34829",
                "lat": 13.1271,
                "lon": 77.39841
              },
              {
                "name": "A G Export Garments Nelamangala",
                "name_kn": "ಅ ಗ್ ೆಕ್ಸ್ಪೊರ್ಟ್ ಗರ್ಮೆಂಟ್ಸ್ ನೆಲಮಙಲ",
                "stop_id": "35538",
                "lat": 13.12048,
                "lon": 77.39242
              },
              {
                "name": "Islampura Cross",
                "name_kn": "ಇಸ್ಲಂಪುರ ಕ್ರೊಸ್ಸ್",
                "stop_id": "26161",
                "lat": 13.11312,
                "lon": 77.38879
              },
              {
                "name": "Basavanahalli",
                "name_kn": "ಬಸವನಹಲ್ಲಿ",
                "stop_id": "31900",
                "lat": 13.1104,
                "lon": 77.38823
              },
              {
                "name": "Basavanahalli Cross",
                "name_kn": "ಬಸವನಹಲ್ಲಿ ಕ್ರೊಸ್ಸ್",
                "stop_id": "31902",
                "lat": 13.10223,
                "lon": 77.38875
              },
              {
                "name": "Nelamangala Hunasemara",
                "name_kn": "ನೆಲಮಙಲ ಹುನಸೆಮರ",
                "stop_id": "27418",
                "lat": 13.10062,
                "lon": 77.39073
              },
              {
                "name": "Nelamangala Bus Station",
                "name_kn": "ನೆಲಮಙಲ ಬುಸ್ ಸ್ಟಟಿೊಂ",
                "stop_id": "27411",
                "lat": 13.09803,
                "lon": 77.39387
              }
            ]
          },
          {
            "Route": "407-B NES-HGT-RJN-YHK",
            "RouteId": 16203,
            "RouteParentId": 8677,
            "Destination": "NES Office",
            "Via": "",
            "Area": "Yelahanka Old Town",
            "PlatformNumber": "1",
            "KannadaDestination": "ನೆಸ್ ೊೞ್ೞಿಕೆ",
            "KannadaArea": "ಯಲಹಂಕ ಓಲ್ಡ್ ಟೌನ್",
            "KannadaVia": "",
            "FromStationId": 22640,
            "Stops": [
              {
                "name": "Yelahanka Old Town",
                "name_kn": "ಯೆಲಹಂಕ ೊಲ್ದ್ ಟೌಂ",
                "stop_id": "22640",
                "lat": 13.10091,
                "lon": 77.59436
              },
              {
                "name": "NES Office",
                "name_kn": "ನೆಸ್ ೊೞ್ೞಿಕೆ",
                "stop_id": "22356",
                "lat": 13.09766,
                "lon": 77.59166
              },
              {
                "name": "Sheshadripuram College",
                "name_kn": "ಶೆಶದ್ರಿಪುರಂ ಕೊಲ್ಲೆಗೆ",
                "stop_id": "22481",
                "lat": 13.09951,
                "lon": 77.58834
              },
              {
                "name": "Sharavathi Hotel",
                "name_kn": "ಶರವತಿ ಹೊಟೆಲ್",
                "stop_id": "22475",
                "lat": 13.09797,
                "lon": 77.58442
              },
              {
                "name": "Chikka Bommasandra Cross",
                "name_kn": "ಚಿಕ್ಕ ಬೊಮ್ಮಸಂದ್ರ ಕ್ರೊಸ್ಸ್",
                "stop_id": "21834",
                "lat": 13.09353,
                "lon": 77.58251
              },
              {
                "name": "Yelahanka Satellite Town",
                "name_kn": "ಯೆಲಹಂಕ ಸಟೆಲ್ಲಿಟೆ ಟೌಂ",
                "stop_id": "22646",
                "lat": 13.0958,
                "lon": 77.57921
              },
              {
                "name": "Mother Dairy Cross Yelahanka",
                "name_kn": "ಮೊತೆರ್ ದೈರೆ ಕ್ರೊಸ್ಸ್ ಯೆಲಹಂಕ",
                "stop_id": "22299",
                "lat": 13.09934,
                "lon": 77.57717
              },
              {
                "name": "Mother Dairy Yelahanka",
                "name_kn": "ಮೊತೆರ್ ದೈರೆ ಯೆಲಹಂಕ",
                "stop_id": "33952",
                "lat": 13.09883,
                "lon": 77.57476
              },
              {
                "name": "Atturu Layout",
                "name_kn": "ಅಟುರು ಲಯೌಟ್",
                "stop_id": "21675",
                "lat": 13.09774,
                "lon": 77.56766
              },
              {
                "name": "Thirumala Dhaba",
                "name_kn": "ತಿರುಮಲ ಧಬ",
                "stop_id": "22551",
                "lat": 13.09762,
                "lon": 77.563
              },
              {
                "name": "Bettahalli Layout",
                "name_kn": "ಬೆಟಹಲ್ಲಿ ಲಯೌಟ್",
                "stop_id": "21749",
                "lat": 13.0923,
                "lon": 77.55954
              },
              {
                "name": "Chikka Bettahalli",
                "name_kn": "ಚಿಕ್ಕ ಬೆಟಹಲ್ಲಿ",
                "stop_id": "21832",
                "lat": 13.08945,
                "lon": 77.55629
              },
              {
                "name": "Jalli Machine",
                "name_kn": "ಜಲ್ಲಿ ಮಚಿನೆ",
                "stop_id": "22096",
                "lat": 13.08601,
                "lon": 77.55551
              },
              {
                "name": "MS Palya",
                "name_kn": "ಂಸ್ ಪಲೆ",
                "stop_id": "33956",
                "lat": 13.08181,
                "lon": 77.5482
              },
              {
                "name": "Sambhram College",
                "name_kn": "ಸಂಭ್ರಂ ಕೊಲ್ಲೆಗೆ",
                "stop_id": "28127",
                "lat": 13.08824,
                "lon": 77.54663
              },
              {
                "name": "Best County",
                "name_kn": "ಬೆಸ್ಟ್ ಕೌಂಟೆ",
                "stop_id": "29896",
                "lat": 13.0893,
                "lon": 77.54466
              },
              {
                "name": "Kanshiram Nagara",
                "name_kn": "ಕಂಶಿರಂ ನಗರ",
                "stop_id": "33339",
                "lat": 13.09058,
                "lon": 77.5389
              },
              {
                "name": "Lakshmipura Cross",
                "name_kn": "ಲಕ್ಷ್ಮಿಪುರ ಕ್ರೊಸ್ಸ್",
                "stop_id": "33685",
                "lat": 13.09209,
                "lon": 77.53397
              },
              {
                "name": "Medi Agrahara Cross",
                "name_kn": "ಮೆದಿ ಗ್ರಹರ ಕ್ರೊಸ್ಸ್",
                "stop_id": "28948",
                "lat": 13.1013,
                "lon": 77.53061
              },
              {
                "name": "Choudappa Layout",
                "name_kn": "ಚೌದಪ್ಪ ಲಯೌಟ್",
                "stop_id": "32355",
                "lat": 13.10978,
                "lon": 77.52807
              },
              {
                "name": "Dodda Byalakere",
                "name_kn": "ದೊದ್ದ ಬೆಲಕೆರೆ",
                "stop_id": "32498",
                "lat": 13.11267,
                "lon": 77.52494
              },
              {
                "name": "Chikka Byalakere",
                "name_kn": "ಚಿಕ್ಕ ಬೆಲಕೆರೆ",
                "stop_id": "32265",
                "lat": 13.11962,
                "lon": 77.52155
              },
              {
                "name": "Kurubarahalli Cross",
                "name_kn": "ಕುರುಬರಹಲ್ಲಿ ಕ್ರೊಸ್ಸ್",
                "stop_id": "33639",
                "lat": 13.12672,
                "lon": 77.51956
              },
              {
                "name": "Shivakote",
                "name_kn": "ಶಿವಕೊಟೆ",
                "stop_id": "34553",
                "lat": 13.13333,
                "lon": 77.51478
              },
              {
                "name": "Shivakote Cross",
                "name_kn": "ಶಿವಕೊಟೆ ಕ್ರೊಸ್ಸ್",
                "stop_id": "34554",
                "lat": 13.13552,
                "lon": 77.51326
              },
              {
                "name": "Annapurneshwari Badavane",
                "name_kn": "ಅಂನಪುರ್ನೆಶ್ವರಿ ಬದವನೆ",
                "stop_id": "39138",
                "lat": 13.13874,
                "lon": 77.50802
              },
              {
                "name": "Muthkur Cross Shivakote",
                "name_kn": "ಮುತ್ಕುರ್ ಕ್ರೊಸ್ಸ್ ಶಿವಕೊಟೆ",
                "stop_id": "33988",
                "lat": 13.14299,
                "lon": 77.50221
              },
              {
                "name": "Ivarukandapura",
                "name_kn": "ಇವರುಕಂದಪುರ",
                "stop_id": "33076",
                "lat": 13.1377,
                "lon": 77.49449
              },
              {
                "name": "Indian Institute of Horticultural Research TB",
                "name_kn": "ಇಂದಿಂ ಿಂಸ್ಟಿಟುಟೆ ೊೞ್ ಹೊರ್ಟಿಕುಲ್ಟುರಲ್ ರೆಸೆರ್ಚ್ ಟ್ಬ್",
                "stop_id": "26123",
                "lat": 13.13542,
                "lon": 77.49099
              },
              {
                "name": "Hesaraghatta TB Cross",
                "name_kn": "ಹೆಸರಘಟ ಟ್ಬ್ ಕ್ರೊಸ್ಸ್",
                "stop_id": "20832",
                "lat": 13.13051,
                "lon": 77.48438
              },
              {
                "name": "Hesaraghatta",
                "name_kn": "ಹೆಸರಘಟ",
                "stop_id": "20833",
                "lat": 13.1378,
                "lon": 77.47937
              },
              {
                "name": "Poultry Farm",
                "name_kn": "ಪೌಲ್ಟ್ರೆ ೞರ್ಂ",
                "stop_id": "27742",
                "lat": 13.14925,
                "lon": 77.47651
              },
              {
                "name": "Nruthyagrama Gate",
                "name_kn": "ಂರುತೆಗ್ರಮ ಗಟೆ",
                "stop_id": "34177",
                "lat": 13.15417,
                "lon": 77.47297
              },
              {
                "name": "Indo Dyanish Farm",
                "name_kn": "ಇಂದೊ ಠೆನಿಶ್ ೞರ್ಂ",
                "stop_id": "33040",
                "lat": 13.16126,
                "lon": 77.48011
              },
              {
                "name": "Seeresandra",
                "name_kn": "ಸೀರೆಸಂದ್ರ",
                "stop_id": "28210",
                "lat": 13.19185,
                "lon": 77.48337
              },
              {
                "name": "Byatha",
                "name_kn": "ಬೆತ",
                "stop_id": "32167",
                "lat": 13.19312,
                "lon": 77.48453
              },
              {
                "name": "Byatha Cross",
                "name_kn": "ಬೆತ ಕ್ರೊಸ್ಸ್",
                "stop_id": "30274",
                "lat": 13.19307,
                "lon": 77.48624
              },
              {
                "name": "Kamakshipura",
                "name_kn": "ಕಮಕ್ಷಿಪುರ",
                "stop_id": "33286",
                "lat": 13.19825,
                "lon": 77.48908
              },
              {
                "name": "Karlapura Gate",
                "name_kn": "ಕರ್ಲಪುರ ಗಟೆ",
                "stop_id": "33376",
                "lat": 13.20016,
                "lon": 77.49187
              },
              {
                "name": "Sonnenahalli",
                "name_kn": "ಸೊಂನೆನಹಲ್ಲಿ",
                "stop_id": "34657",
                "lat": 13.19773,
                "lon": 77.50035
              },
              {
                "name": "Sonnenahalli Govt Hospital",
                "name_kn": "ಸೊಂನೆನಹಲ್ಲಿ ಗೊವ್ಟ್ ಹೊಸ್ಪಿಟಲ್",
                "stop_id": "34659",
                "lat": 13.19325,
                "lon": 77.50281
              },
              {
                "name": "KMF",
                "name_kn": "ಕ್ಂೞ್",
                "stop_id": "33501",
                "lat": 13.18859,
                "lon": 77.5075
              },
              {
                "name": "Kakolu",
                "name_kn": "ಕಕೊಲು",
                "stop_id": "33250",
                "lat": 13.18433,
                "lon": 77.51852
              },
              {
                "name": "Shanubhoganahalli",
                "name_kn": "ಶನುಭೊಗನಹಲ್ಲಿ",
                "stop_id": "34528",
                "lat": 13.17917,
                "lon": 77.5313
              },
              {
                "name": "Shanubhoganahalli Gate (Dibbur Cross)",
                "name_kn": "ಶನುಭೊಗನಹಲ್ಲಿ ಗಟೆ (ದಿಬ್ಬುರ್ ಕ್ರೊಸ್ಸ್)",
                "stop_id": "32484",
                "lat": 13.17262,
                "lon": 77.53023
              },
              {
                "name": "Cable Factory Ittagallapura",
                "name_kn": "ಕಬ್ಲೆ ೞಕ್ಟೊರೆ ಿಟಗಲ್ಲಪುರ",
                "stop_id": "30339",
                "lat": 13.17405,
                "lon": 77.54045
              },
              {
                "name": "Ittagalpura Gate",
                "name_kn": "ಇಟಗಲ್ಪುರ ಗಟೆ",
                "stop_id": "26198",
                "lat": 13.17012,
                "lon": 77.55025
              },
              {
                "name": "Sri Banashankari Layout",
                "name_kn": "ಸ್ರಿ ಬನಶಂಕರಿ ಲಯೌಟ್",
                "stop_id": "26602",
                "lat": 13.17155,
                "lon": 77.55795
              },
              {
                "name": "Rajanukunte",
                "name_kn": "ರಜನುಕುಂಟೆ",
                "stop_id": "38912",
                "lat": 13.17498,
                "lon": 77.56439
              },
              {
                "name": "Parvathipura",
                "name_kn": "ಪರ್ವತಿಪುರ",
                "stop_id": "34228",
                "lat": 13.17279,
                "lon": 77.56631
              },
              {
                "name": "Addiganahalli",
                "name_kn": "ಅದ್ದಿಗನಹಲ್ಲಿ",
                "stop_id": "29445",
                "lat": 13.17297,
                "lon": 77.56958
              },
              {
                "name": "Addiganahalli Extension 1",
                "name_kn": "ಅದ್ದಿಗನಹಲ್ಲಿ ೆಕ್ಸ್ಟೆಂಸಿೊಂ 1",
                "stop_id": "31347",
                "lat": 13.17288,
                "lon": 77.57123
              },
              {
                "name": "Thimmasandra Circle",
                "name_kn": "ತಿಮ್ಮಸಂದ್ರ ಕಿರ್ಕ್ಲೆ",
                "stop_id": "31436",
                "lat": 13.1699,
                "lon": 77.58039
              },
              {
                "name": "Thimmasandra",
                "name_kn": "ತಿಮ್ಮಸಂದ್ರ",
                "stop_id": "31801",
                "lat": 13.17198,
                "lon": 77.58129
              },
              {
                "name": "Tharahunase",
                "name_kn": "ತರಹುನಸೆ",
                "stop_id": "26899",
                "lat": 13.17863,
                "lon": 77.58859
              },
              {
                "name": "High School Tharahunase",
                "name_kn": "ಹಿಘ್ ಸ್ಚೂಲ್ ತರಹುನಸೆ",
                "stop_id": "32918",
                "lat": 13.17699,
                "lon": 77.59023
              },
              {
                "name": "Embassy School",
                "name_kn": "ಎಂಬಸ್ಶೆ ಸ್ಚೂಲ್",
                "stop_id": "32595",
                "lat": 13.1739,
                "lon": 77.59546
              },
              {
                "name": "Gurukula School Tharahunase",
                "name_kn": "ಗುರುಕುಲ ಸ್ಚೂಲ್ ತರಹುನಸೆ",
                "stop_id": "25638",
                "lat": 13.17184,
                "lon": 77.59894
              },
              {
                "name": "Narayanapura",
                "name_kn": "ನರಯನಪುರ",
                "stop_id": "34111",
                "lat": 13.16264,
                "lon": 77.6014
              },
              {
                "name": "Bettahalasuru Village",
                "name_kn": "ಬೆಟಹಲಸುರು ವಿಲ್ಲಗೆ",
                "stop_id": "31986",
                "lat": 13.16285,
                "lon": 77.60857
              },
              {
                "name": "Bettahalasuru Circle",
                "name_kn": "ಬೆಟಹಲಸುರು ಕಿರ್ಕ್ಲೆ",
                "stop_id": "29910",
                "lat": 13.16112,
                "lon": 77.61103
              },
              {
                "name": "Bettahalasuru Hospital",
                "name_kn": "ಬೆಟಹಲಸುರು ಹೊಸ್ಪಿಟಲ್",
                "stop_id": "29917",
                "lat": 13.15922,
                "lon": 77.61154
              },
              {
                "name": "Sonnappanahalli",
                "name_kn": "ಸೊಂನಪ್ಪನಹಲ್ಲಿ",
                "stop_id": "34653",
                "lat": 13.15615,
                "lon": 77.61716
              },
              {
                "name": "Bettahalasuru Cross",
                "name_kn": "ಬೆಟಹಲಸುರು ಕ್ರೊಸ್ಸ್",
                "stop_id": "29914",
                "lat": 13.15656,
                "lon": 77.62358
              },
              {
                "name": "SMVIT Cross",
                "name_kn": "ಸ್ಂವಿಟ್ ಕ್ರೊಸ್ಸ್",
                "stop_id": "34627",
                "lat": 13.15197,
                "lon": 77.62063
              },
              {
                "name": "Hunasamaranahalli",
                "name_kn": "ಹುನಸಮರನಹಲ್ಲಿ",
                "stop_id": "33002",
                "lat": 13.14427,
                "lon": 77.61777
              },
              {
                "name": "Bharathi Nagara",
                "name_kn": "ಭರತಿ ನಗರ",
                "stop_id": "32026",
                "lat": 13.13752,
                "lon": 77.61764
              },
              {
                "name": "Indian Air Force",
                "name_kn": "ಇಂದಿಂ ೈರ್ ೞೊರ್ಕೆ",
                "stop_id": "26090",
                "lat": 13.13092,
                "lon": 77.6153
              },
              {
                "name": "Bagalur Cross",
                "name_kn": "ಬಗಲುರ್ ಕ್ರೊಸ್ಸ್",
                "stop_id": "35633",
                "lat": 13.12211,
                "lon": 77.61116
              },
              {
                "name": "Palanahalli Gate",
                "name_kn": "ಪಲನಹಲ್ಲಿ ಗಟೆ",
                "stop_id": "27578",
                "lat": 13.11678,
                "lon": 77.60847
              },
              {
                "name": "Venkatala",
                "name_kn": "ವೆಂಕಟಲ",
                "stop_id": "34897",
                "lat": 13.1111,
                "lon": 77.60498
              },
              {
                "name": "Kendriya Vihara",
                "name_kn": "ಕೆಂದ್ರಿಯ ವಿಹರ",
                "stop_id": "33454",
                "lat": 13.10643,
                "lon": 77.60213
              },
              {
                "name": "Kogilu Cross",
                "name_kn": "ಕೊಗಿಲು ಕ್ರೊಸ್ಸ್",
                "stop_id": "22184",
                "lat": 13.10398,
                "lon": 77.60084
              },
              {
                "name": "Yelahanka Santhe Circle",
                "name_kn": "ಯೆಲಹಂಕ ಸಂತೆ ಕಿರ್ಕ್ಲೆ",
                "stop_id": "22645",
                "lat": 13.09852,
                "lon": 77.59698
              },
              {
                "name": "NES Office",
                "name_kn": "ನೆಸ್ ೊೞ್ೞಿಕೆ",
                "stop_id": "22357",
                "lat": 13.09784,
                "lon": 77.59167
              }
            ]
          },
          {
            "Route": "407-C NES-IAF-RJN-YHK",
            "RouteId": 16204,
            "RouteParentId": 8678,
            "Destination": "Yelahanka Old Town",
            "Via": "",
            "Area": "NES Office",
            "PlatformNumber": "1",
            "KannadaDestination": "ಯೆಲಹಂಕ ೊಲ್ದ್ ಟೌಂ",
            "KannadaArea": "ಎನ್‌ ಇ ಎಸ್‌ ಕಛೇರಿ",
            "KannadaVia": "",
            "FromStationId": 22643,
            "Stops": [
              {
                "name": "Yelahanka Santhe Circle",
                "name_kn": "ಯೆಲಹಂಕ ಸಂತೆ ಕಿರ್ಕ್ಲೆ",
                "stop_id": "22642",
                "lat": 13.09844,
                "lon": 77.5968
              },
              {
                "name": "Yelahanka Old Town",
                "name_kn": "ಯೆಲಹಂಕ ೊಲ್ದ್ ಟೌಂ",
                "stop_id": "22641",
                "lat": 13.10063,
                "lon": 77.59453
              }
            ]
          },
          {
            "Route": "283-A",
            "RouteId": 6813,
            "RouteParentId": 3668,
            "Destination": "Suggatta",
            "Via": "",
            "Area": "KR Market",
            "PlatformNumber": "1",
            "KannadaDestination": "ಸುಗ್ಗಟ",
            "KannadaArea": "ಕೆಆರ್ ಮಾರುಕಟ್ಟೆ",
            "KannadaVia": "",
            "FromStationId": 27854,
            "Stops": [
              {
                "name": "Raitarasanthe Yelahanka",
                "name_kn": "ರೈಟರಸಂತೆ ಯೆಲಹಂಕ",
                "stop_id": "27854",
                "lat": 13.09807,
                "lon": 77.59866
              },
              {
                "name": "Yelahanka Santhe Circle",
                "name_kn": "ಯೆಲಹಂಕ ಸಂತೆ ಕಿರ್ಕ್ಲೆ",
                "stop_id": "22643",
                "lat": 13.09919,
                "lon": 77.59731
              },
              {
                "name": "Kogilu Cross",
                "name_kn": "ಕೊಗಿಲು ಕ್ರೊಸ್ಸ್",
                "stop_id": "31172",
                "lat": 13.10386,
                "lon": 77.60028
              },
              {
                "name": "Kendriya Vihara",
                "name_kn": "ಕೆಂದ್ರಿಯ ವಿಹರ",
                "stop_id": "33453",
                "lat": 13.10653,
                "lon": 77.60161
              },
              {
                "name": "Venkatala",
                "name_kn": "ವೆಂಕಟಲ",
                "stop_id": "31579",
                "lat": 13.11139,
                "lon": 77.60456
              },
              {
                "name": "Palanahalli Gate",
                "name_kn": "ಪಲನಹಲ್ಲಿ ಗಟೆ",
                "stop_id": "34203",
                "lat": 13.11708,
                "lon": 77.60807
              },
              {
                "name": "Bagalur Cross",
                "name_kn": "ಬಗಲುರ್ ಕ್ರೊಸ್ಸ್",
                "stop_id": "29626",
                "lat": 13.12198,
                "lon": 77.61061
              },
              {
                "name": "Indian Air Force",
                "name_kn": "ಇಂದಿಂ ೈರ್ ೞೊರ್ಕೆ",
                "stop_id": "33030",
                "lat": 13.13103,
                "lon": 77.61503
              },
              {
                "name": "Bharathi Nagara",
                "name_kn": "ಭರತಿ ನಗರ",
                "stop_id": "29992",
                "lat": 13.1374,
                "lon": 77.61746
              },
              {
                "name": "Hunasamaranahalli",
                "name_kn": "ಹುನಸಮರನಹಲ್ಲಿ",
                "stop_id": "33001",
                "lat": 13.14519,
                "lon": 77.6174
              },
              {
                "name": "SMVIT Cross",
                "name_kn": "ಸ್ಂವಿಟ್ ಕ್ರೊಸ್ಸ್",
                "stop_id": "34628",
                "lat": 13.15191,
                "lon": 77.61988
              },
              {
                "name": "SMVIT College",
                "name_kn": "ಸ್ಂವಿಟ್ ಕೊಲ್ಲೆಗೆ",
                "stop_id": "26513",
                "lat": 13.15169,
                "lon": 77.61168
              },
              {
                "name": "Suggatta",
                "name_kn": "ಸುಗ್ಗಟ",
                "stop_id": "26728",
                "lat": 13.14464,
                "lon": 77.60332
              }
            ]
          },
          {
            "Route": "290-EB",
            "RouteId": 11876,
            "RouteParentId": 6325,
            "Destination": "Shivajinagara Bus Station",
            "Via": "",
            "Area": "Yelahanka Satellite Town",
            "PlatformNumber": "1",
            "KannadaDestination": "ಶಿವಜಿನಗರ ಬುಸ್ ಸ್ಟಟಿೊಂ",
            "KannadaArea": "ಯಲಹಂಕ ಸ್ಯಾಟಲೈಟ್ ಟೌನ್",
            "KannadaVia": "",
            "FromStationId": 22642,
            "Stops": [
              {
                "name": "Yelahanka Santhe Circle",
                "name_kn": "ಯೆಲಹಂಕ ಸಂತೆ ಕಿರ್ಕ್ಲೆ",
                "stop_id": "22642",
                "lat": 13.09844,
                "lon": 77.5968
              },
              {
                "name": "Kogilu Cross",
                "name_kn": "ಕೊಗಿಲು ಕ್ರೊಸ್ಸ್",
                "stop_id": "22183",
                "lat": 13.10362,
                "lon": 77.60102
              },
              {
                "name": "Maruthi Nagara",
                "name_kn": "ಮರುತಿ ನಗರ",
                "stop_id": "22266",
                "lat": 13.10445,
                "lon": 77.60632
              },
              {
                "name": "Sapthagiri Layout",
                "name_kn": "ಸಪ್ತಗಿರಿ ಲಯೌಟ್",
                "stop_id": "22457",
                "lat": 13.10457,
                "lon": 77.61045
              },
              {
                "name": "Kogilu",
                "name_kn": "ಕೊಗಿಲು",
                "stop_id": "22181",
                "lat": 13.10362,
                "lon": 77.616
              },
              {
                "name": "Agrahara Layout Cross",
                "name_kn": "ಅಗ್ರಹರ ಲಯೌಟ್ ಕ್ರೊಸ್ಸ್",
                "stop_id": "39987",
                "lat": 13.09807,
                "lon": 77.61834
              },
              {
                "name": "Agrahara Layout",
                "name_kn": "ಅಗ್ರಹರ ಲಯೌಟ್",
                "stop_id": "29456",
                "lat": 13.09837,
                "lon": 77.62683
              },
              {
                "name": "Chokkanahalli",
                "name_kn": "ಚೊಕ್ಕನಹಲ್ಲಿ",
                "stop_id": "32345",
                "lat": 13.08233,
                "lon": 77.62497
              },
              {
                "name": "Koli Farm",
                "name_kn": "ಕೊಲಿ ೞರ್ಂ",
                "stop_id": "22186",
                "lat": 13.07404,
                "lon": 77.63376
              },
              {
                "name": "RK Hegde Nagara",
                "name_kn": "ರ್ಕ್ ಹೆಗ್ದೆ ನಗರ",
                "stop_id": "22430",
                "lat": 13.0719,
                "lon": 77.63376
              },
              {
                "name": "K Narayanapura Cross",
                "name_kn": "ಕ್ ನರಯನಪುರ ಕ್ರೊಸ್ಸ್",
                "stop_id": "22126",
                "lat": 13.06833,
                "lon": 77.63375
              },
              {
                "name": "Book Factory Thanisandra",
                "name_kn": "ಬೂಕ್ ೞಕ್ಟೊರೆ ತನಿಸಂದ್ರ",
                "stop_id": "21778",
                "lat": 13.06161,
                "lon": 77.63334
              },
              {
                "name": "Thanisandra",
                "name_kn": "ತನಿಸಂದ್ರ",
                "stop_id": "22541",
                "lat": 13.0561,
                "lon": 77.63291
              },
              {
                "name": "Ashwath Nagara",
                "name_kn": "ಅಶ್ವತ್ ನಗರ",
                "stop_id": "21666",
                "lat": 13.05289,
                "lon": 77.63144
              },
              {
                "name": "Sarayipalya",
                "name_kn": "ಸರಯಿಪಲೆ",
                "stop_id": "28167",
                "lat": 13.04745,
                "lon": 77.62868
              },
              {
                "name": "Vidyasagara",
                "name_kn": "ವಿಠೆಸಗರ",
                "stop_id": "22601",
                "lat": 13.04559,
                "lon": 77.62759
              },
              {
                "name": "Nagavara Junction Petrol Bunk",
                "name_kn": "ನಗವರ ಜುಂಕ್ಟಿೊಂ ಪೆಟ್ರೊಲ್ ಬುಂಕ್",
                "stop_id": "22382",
                "lat": 13.04189,
                "lon": 77.62498
              },
              {
                "name": "Nagawara Junction",
                "name_kn": "ನಗವರ ಜುಂಕ್ಟಿೊಂ",
                "stop_id": "35838",
                "lat": 13.04042,
                "lon": 77.62445
              },
              {
                "name": "Hennur Junction",
                "name_kn": "ಹೆಂನುರ್ ಜುಂಕ್ಟಿೊಂ",
                "stop_id": "21522",
                "lat": 13.02964,
                "lon": 77.63134
              },
              {
                "name": "Kadugondanahalli Railway Gate",
                "name_kn": "ಕದುಗೊಂದನಹಲ್ಲಿ ರೈಲ್ವಯ್ ಗಟೆ",
                "stop_id": "22173",
                "lat": 13.02599,
                "lon": 77.62003
              },
              {
                "name": "Kadugondanahalli Police Station",
                "name_kn": "ಕದುಗೊಂದನಹಲ್ಲಿ ಪೊಲಿಕೆ ಸ್ಟಟಿೊಂ",
                "stop_id": "22136",
                "lat": 13.02055,
                "lon": 77.619
              },
              {
                "name": "Venkateshapura",
                "name_kn": "ವೆಂಕಟೆಶಪುರ",
                "stop_id": "22597",
                "lat": 13.01544,
                "lon": 77.61757
              },
              {
                "name": "Postal and Telecom Colony",
                "name_kn": "ಪೊಸ್ಟಲ್ ಂದ್ ಟೆಲೆಕೊಂ ಕೊಲೊನೆ",
                "stop_id": "22402",
                "lat": 13.01278,
                "lon": 77.61646
              },
              {
                "name": "Muslim Colony",
                "name_kn": "ಮುಸ್ಲಿಂ ಕೊಲೊನೆ",
                "stop_id": "22319",
                "lat": 13.01049,
                "lon": 77.61513
              },
              {
                "name": "Periyar Nagara Circle",
                "name_kn": "ಪೆರಿಯರ್ ನಗರ ಕಿರ್ಕ್ಲೆ",
                "stop_id": "22379",
                "lat": 13.00848,
                "lon": 77.61325
              },
              {
                "name": "Canara Bank Tannery Road",
                "name_kn": "ಕನರ ಬಂಕ್ ಟಂನೆರೆ ರೊದ್",
                "stop_id": "21802",
                "lat": 13.00622,
                "lon": 77.61242
              },
              {
                "name": "Doddy",
                "name_kn": "ದೊದ್ಠೆ",
                "stop_id": "21911",
                "lat": 13.00266,
                "lon": 77.61215
              },
              {
                "name": "Coles Park",
                "name_kn": "ಕೊಲೆಸ್ ಪರ್ಕ್",
                "stop_id": "21857",
                "lat": 12.99534,
                "lon": 77.60829
              },
              {
                "name": "Bamboo Bazar",
                "name_kn": "ಬಂಬೂ ಬಜ಼ರ್",
                "stop_id": "21706",
                "lat": 12.99204,
                "lon": 77.60397
              },
              {
                "name": "CSI Hospital",
                "name_kn": "ಕ್ಸಿ ಹೊಸ್ಪಿಟಲ್",
                "stop_id": "21868",
                "lat": 12.98983,
                "lon": 77.59938
              },
              {
                "name": "Indian Express",
                "name_kn": "ಇಂದಿಂ ೆಕ್ಸ್ಪ್ರೆಸ್ಸ್",
                "stop_id": "20855",
                "lat": 12.98408,
                "lon": 77.59827
              },
              {
                "name": "Shivajinagara Bus Station",
                "name_kn": "ಶಿವಜಿನಗರ ಬುಸ್ ಸ್ಟಟಿೊಂ",
                "stop_id": "21173",
                "lat": 12.98328,
                "lon": 77.60304
              }
            ]
          },
          {
            "Route": "283-B",
            "RouteId": 8358,
            "RouteParentId": 4487,
            "Destination": "Kuduregere Colony",
            "Via": "",
            "Area": "KR Market",
            "PlatformNumber": "1",
            "KannadaDestination": "ಕುದುರೆಗೆರೆ ಕೊಲೊನೆ",
            "KannadaArea": "ಕೆಆರ್ ಮಾರುಕಟ್ಟೆ",
            "KannadaVia": "",
            "FromStationId": 27854,
            "Stops": [
              {
                "name": "Raitarasanthe Yelahanka",
                "name_kn": "ರೈಟರಸಂತೆ ಯೆಲಹಂಕ",
                "stop_id": "27854",
                "lat": 13.09807,
                "lon": 77.59866
              },
              {
                "name": "Yelahanka Santhe Circle",
                "name_kn": "ಯೆಲಹಂಕ ಸಂತೆ ಕಿರ್ಕ್ಲೆ",
                "stop_id": "22643",
                "lat": 13.09919,
                "lon": 77.59731
              },
              {
                "name": "Kogilu Cross",
                "name_kn": "ಕೊಗಿಲು ಕ್ರೊಸ್ಸ್",
                "stop_id": "31172",
                "lat": 13.10386,
                "lon": 77.60028
              },
              {
                "name": "Kendriya Vihara",
                "name_kn": "ಕೆಂದ್ರಿಯ ವಿಹರ",
                "stop_id": "33453",
                "lat": 13.10653,
                "lon": 77.60161
              },
              {
                "name": "Venkatala",
                "name_kn": "ವೆಂಕಟಲ",
                "stop_id": "31579",
                "lat": 13.11139,
                "lon": 77.60456
              },
              {
                "name": "Palanahalli Gate",
                "name_kn": "ಪಲನಹಲ್ಲಿ ಗಟೆ",
                "stop_id": "34203",
                "lat": 13.11708,
                "lon": 77.60807
              },
              {
                "name": "Bagalur Cross",
                "name_kn": "ಬಗಲುರ್ ಕ್ರೊಸ್ಸ್",
                "stop_id": "29626",
                "lat": 13.12198,
                "lon": 77.61061
              },
              {
                "name": "Indian Air Force",
                "name_kn": "ಇಂದಿಂ ೈರ್ ೞೊರ್ಕೆ",
                "stop_id": "33030",
                "lat": 13.13103,
                "lon": 77.61503
              },
              {
                "name": "Bharathi Nagara",
                "name_kn": "ಭರತಿ ನಗರ",
                "stop_id": "29992",
                "lat": 13.1374,
                "lon": 77.61746
              },
              {
                "name": "Hunasamaranahalli",
                "name_kn": "ಹುನಸಮರನಹಲ್ಲಿ",
                "stop_id": "33001",
                "lat": 13.14519,
                "lon": 77.6174
              },
              {
                "name": "SMVIT Cross",
                "name_kn": "ಸ್ಂವಿಟ್ ಕ್ರೊಸ್ಸ್",
                "stop_id": "34626",
                "lat": 13.15209,
                "lon": 77.62015
              },
              {
                "name": "Bettahalasuru Cross",
                "name_kn": "ಬೆಟಹಲಸುರು ಕ್ರೊಸ್ಸ್",
                "stop_id": "31983",
                "lat": 13.15676,
                "lon": 77.62261
              },
              {
                "name": "Sonnappanahalli",
                "name_kn": "ಸೊಂನಪ್ಪನಹಲ್ಲಿ",
                "stop_id": "26575",
                "lat": 13.15612,
                "lon": 77.6172
              },
              {
                "name": "Bettahalasuru Hospital",
                "name_kn": "ಬೆಟಹಲಸುರು ಹೊಸ್ಪಿಟಲ್",
                "stop_id": "31984",
                "lat": 13.15926,
                "lon": 77.61143
              },
              {
                "name": "Bettahalasuru Circle",
                "name_kn": "ಬೆಟಹಲಸುರು ಕಿರ್ಕ್ಲೆ",
                "stop_id": "31980",
                "lat": 13.16108,
                "lon": 77.61102
              },
              {
                "name": "Bettahalasuru Village",
                "name_kn": "ಬೆಟಹಲಸುರು ವಿಲ್ಲಗೆ",
                "stop_id": "31986",
                "lat": 13.16285,
                "lon": 77.60857
              },
              {
                "name": "Kuduregere Cross",
                "name_kn": "ಕುದುರೆಗೆರೆ ಕ್ರೊಸ್ಸ್",
                "stop_id": "31304",
                "lat": 13.16722,
                "lon": 77.60575
              },
              {
                "name": "Gurukula School Tharahunase",
                "name_kn": "ಗುರುಕುಲ ಸ್ಚೂಲ್ ತರಹುನಸೆ",
                "stop_id": "32802",
                "lat": 13.17175,
                "lon": 77.5989
              },
              {
                "name": "Kuduregere Colony",
                "name_kn": "ಕುದುರೆಗೆರೆ ಕೊಲೊನೆ",
                "stop_id": "31302",
                "lat": 13.188,
                "lon": 77.60855
              }
            ]
          },
          {
            "Route": "283-E",
            "RouteId": 11423,
            "RouteParentId": 3726,
            "Destination": "Tharahunase",
            "Via": "",
            "Area": "KR Market",
            "PlatformNumber": "1",
            "KannadaDestination": "ತರಹುನಸೆ",
            "KannadaArea": "ಕೆಆರ್ ಮಾರುಕಟ್ಟೆ",
            "KannadaVia": "",
            "FromStationId": 27854,
            "Stops": [
              {
                "name": "Raitarasanthe Yelahanka",
                "name_kn": "ರೈಟರಸಂತೆ ಯೆಲಹಂಕ",
                "stop_id": "27854",
                "lat": 13.09807,
                "lon": 77.59866
              },
              {
                "name": "Yelahanka Santhe Circle",
                "name_kn": "ಯೆಲಹಂಕ ಸಂತೆ ಕಿರ್ಕ್ಲೆ",
                "stop_id": "22643",
                "lat": 13.09919,
                "lon": 77.59731
              },
              {
                "name": "Kogilu Cross",
                "name_kn": "ಕೊಗಿಲು ಕ್ರೊಸ್ಸ್",
                "stop_id": "31172",
                "lat": 13.10386,
                "lon": 77.60028
              },
              {
                "name": "Kendriya Vihara",
                "name_kn": "ಕೆಂದ್ರಿಯ ವಿಹರ",
                "stop_id": "33453",
                "lat": 13.10653,
                "lon": 77.60161
              },
              {
                "name": "Venkatala",
                "name_kn": "ವೆಂಕಟಲ",
                "stop_id": "31579",
                "lat": 13.11139,
                "lon": 77.60456
              },
              {
                "name": "Palanahalli Gate",
                "name_kn": "ಪಲನಹಲ್ಲಿ ಗಟೆ",
                "stop_id": "34203",
                "lat": 13.11708,
                "lon": 77.60807
              },
              {
                "name": "Bagalur Cross",
                "name_kn": "ಬಗಲುರ್ ಕ್ರೊಸ್ಸ್",
                "stop_id": "29626",
                "lat": 13.12198,
                "lon": 77.61061
              },
              {
                "name": "Indian Air Force",
                "name_kn": "ಇಂದಿಂ ೈರ್ ೞೊರ್ಕೆ",
                "stop_id": "33030",
                "lat": 13.13103,
                "lon": 77.61503
              },
              {
                "name": "Bharathi Nagara",
                "name_kn": "ಭರತಿ ನಗರ",
                "stop_id": "29992",
                "lat": 13.1374,
                "lon": 77.61746
              },
              {
                "name": "Hunasamaranahalli",
                "name_kn": "ಹುನಸಮರನಹಲ್ಲಿ",
                "stop_id": "33001",
                "lat": 13.14519,
                "lon": 77.6174
              },
              {
                "name": "SMVIT Cross",
                "name_kn": "ಸ್ಂವಿಟ್ ಕ್ರೊಸ್ಸ್",
                "stop_id": "34626",
                "lat": 13.15209,
                "lon": 77.62015
              },
              {
                "name": "Bettahalasuru Cross",
                "name_kn": "ಬೆಟಹಲಸುರು ಕ್ರೊಸ್ಸ್",
                "stop_id": "31983",
                "lat": 13.15676,
                "lon": 77.62261
              },
              {
                "name": "Sonnappanahalli",
                "name_kn": "ಸೊಂನಪ್ಪನಹಲ್ಲಿ",
                "stop_id": "26575",
                "lat": 13.15612,
                "lon": 77.6172
              },
              {
                "name": "Bettahalasuru Hospital",
                "name_kn": "ಬೆಟಹಲಸುರು ಹೊಸ್ಪಿಟಲ್",
                "stop_id": "31984",
                "lat": 13.15926,
                "lon": 77.61143
              },
              {
                "name": "Bettahalasuru Circle",
                "name_kn": "ಬೆಟಹಲಸುರು ಕಿರ್ಕ್ಲೆ",
                "stop_id": "31980",
                "lat": 13.16108,
                "lon": 77.61102
              },
              {
                "name": "Bettahalasuru Village",
                "name_kn": "ಬೆಟಹಲಸುರು ವಿಲ್ಲಗೆ",
                "stop_id": "31986",
                "lat": 13.16285,
                "lon": 77.60857
              },
              {
                "name": "Narayanapura",
                "name_kn": "ನರಯನಪುರ",
                "stop_id": "34110",
                "lat": 13.16259,
                "lon": 77.60144
              },
              {
                "name": "Gurukula School Tharahunase",
                "name_kn": "ಗುರುಕುಲ ಸ್ಚೂಲ್ ತರಹುನಸೆ",
                "stop_id": "32802",
                "lat": 13.17175,
                "lon": 77.5989
              },
              {
                "name": "Embassy School",
                "name_kn": "ಎಂಬಸ್ಶೆ ಸ್ಚೂಲ್",
                "stop_id": "25217",
                "lat": 13.17384,
                "lon": 77.59546
              },
              {
                "name": "High School Tharahunase",
                "name_kn": "ಹಿಘ್ ಸ್ಚೂಲ್ ತರಹುನಸೆ",
                "stop_id": "25877",
                "lat": 13.17693,
                "lon": 77.59023
              },
              {
                "name": "Tharahunase",
                "name_kn": "ತರಹುನಸೆ",
                "stop_id": "34798",
                "lat": 13.17859,
                "lon": 77.58859
              }
            ]
          },
          {
            "Route": "283-B HBLB-KDGC",
            "RouteId": 14282,
            "RouteParentId": 7636,
            "Destination": "Kuduregere Colony",
            "Via": "",
            "Area": "Hebbala Bridge",
            "PlatformNumber": "1",
            "KannadaDestination": "ಕುದುರೆಗೆರೆ ಕೊಲೊನೆ",
            "KannadaArea": "ಹೆಬ್ಬಾಳ ಬ್ರಿಡ್ಜ್",
            "KannadaVia": "",
            "FromStationId": 27854,
            "Stops": [
              {
                "name": "Raitarasanthe Yelahanka",
                "name_kn": "ರೈಟರಸಂತೆ ಯೆಲಹಂಕ",
                "stop_id": "27854",
                "lat": 13.09807,
                "lon": 77.59866
              },
              {
                "name": "Yelahanka Santhe Circle",
                "name_kn": "ಯೆಲಹಂಕ ಸಂತೆ ಕಿರ್ಕ್ಲೆ",
                "stop_id": "22643",
                "lat": 13.09919,
                "lon": 77.59731
              },
              {
                "name": "Kogilu Cross",
                "name_kn": "ಕೊಗಿಲು ಕ್ರೊಸ್ಸ್",
                "stop_id": "31172",
                "lat": 13.10386,
                "lon": 77.60028
              },
              {
                "name": "Kendriya Vihara",
                "name_kn": "ಕೆಂದ್ರಿಯ ವಿಹರ",
                "stop_id": "33453",
                "lat": 13.10653,
                "lon": 77.60161
              },
              {
                "name": "Venkatala",
                "name_kn": "ವೆಂಕಟಲ",
                "stop_id": "31579",
                "lat": 13.11139,
                "lon": 77.60456
              },
              {
                "name": "Palanahalli Gate",
                "name_kn": "ಪಲನಹಲ್ಲಿ ಗಟೆ",
                "stop_id": "34203",
                "lat": 13.11708,
                "lon": 77.60807
              },
              {
                "name": "Bagalur Cross",
                "name_kn": "ಬಗಲುರ್ ಕ್ರೊಸ್ಸ್",
                "stop_id": "29626",
                "lat": 13.12198,
                "lon": 77.61061
              },
              {
                "name": "Indian Air Force",
                "name_kn": "ಇಂದಿಂ ೈರ್ ೞೊರ್ಕೆ",
                "stop_id": "33030",
                "lat": 13.13103,
                "lon": 77.61503
              },
              {
                "name": "Bharathi Nagara",
                "name_kn": "ಭರತಿ ನಗರ",
                "stop_id": "29992",
                "lat": 13.1374,
                "lon": 77.61746
              },
              {
                "name": "Hunasamaranahalli",
                "name_kn": "ಹುನಸಮರನಹಲ್ಲಿ",
                "stop_id": "33001",
                "lat": 13.14519,
                "lon": 77.6174
              },
              {
                "name": "SMVIT Cross",
                "name_kn": "ಸ್ಂವಿಟ್ ಕ್ರೊಸ್ಸ್",
                "stop_id": "34626",
                "lat": 13.15209,
                "lon": 77.62015
              },
              {
                "name": "Bettahalasuru Cross",
                "name_kn": "ಬೆಟಹಲಸುರು ಕ್ರೊಸ್ಸ್",
                "stop_id": "31983",
                "lat": 13.15676,
                "lon": 77.62261
              },
              {
                "name": "Sonnappanahalli",
                "name_kn": "ಸೊಂನಪ್ಪನಹಲ್ಲಿ",
                "stop_id": "26575",
                "lat": 13.15612,
                "lon": 77.6172
              },
              {
                "name": "Bettahalasuru Hospital",
                "name_kn": "ಬೆಟಹಲಸುರು ಹೊಸ್ಪಿಟಲ್",
                "stop_id": "31984",
                "lat": 13.15926,
                "lon": 77.61143
              },
              {
                "name": "Bettahalasuru Circle",
                "name_kn": "ಬೆಟಹಲಸುರು ಕಿರ್ಕ್ಲೆ",
                "stop_id": "31980",
                "lat": 13.16108,
                "lon": 77.61102
              },
              {
                "name": "Bettahalasuru Village",
                "name_kn": "ಬೆಟಹಲಸುರು ವಿಲ್ಲಗೆ",
                "stop_id": "31986",
                "lat": 13.16285,
                "lon": 77.60857
              },
              {
                "name": "Kuduregere Cross",
                "name_kn": "ಕುದುರೆಗೆರೆ ಕ್ರೊಸ್ಸ್",
                "stop_id": "31304",
                "lat": 13.16722,
                "lon": 77.60575
              },
              {
                "name": "Gurukula School Tharahunase",
                "name_kn": "ಗುರುಕುಲ ಸ್ಚೂಲ್ ತರಹುನಸೆ",
                "stop_id": "32802",
                "lat": 13.17175,
                "lon": 77.5989
              },
              {
                "name": "Kuduregere Colony",
                "name_kn": "ಕುದುರೆಗೆರೆ ಕೊಲೊನೆ",
                "stop_id": "31302",
                "lat": 13.188,
                "lon": 77.60855
              }
            ]
          },
          {
            "Route": "280-F YSTF-HSK",
            "RouteId": 2459,
            "RouteParentId": 1421,
            "Destination": "Hosakote Bus Stand (Old)",
            "Via": "",
            "Area": "Yelahanka 5th Phase",
            "PlatformNumber": "1",
            "KannadaDestination": "ಹೊಸಕೊಟೆ ಬುಸ್ ಸ್ಟಂದ್ (ೊಲ್ದ್)",
            "KannadaArea": "ಯಲಹಂಕ 5ನೇ ಹಂತ",
            "KannadaVia": "",
            "FromStationId": 22642,
            "Stops": [
              {
                "name": "Yelahanka Santhe Circle",
                "name_kn": "ಯೆಲಹಂಕ ಸಂತೆ ಕಿರ್ಕ್ಲೆ",
                "stop_id": "22642",
                "lat": 13.09844,
                "lon": 77.5968
              },
              {
                "name": "Kogilu Cross",
                "name_kn": "ಕೊಗಿಲು ಕ್ರೊಸ್ಸ್",
                "stop_id": "22183",
                "lat": 13.10362,
                "lon": 77.60102
              },
              {
                "name": "Maruthi Nagara",
                "name_kn": "ಮರುತಿ ನಗರ",
                "stop_id": "22266",
                "lat": 13.10445,
                "lon": 77.60632
              },
              {
                "name": "Sapthagiri Layout",
                "name_kn": "ಸಪ್ತಗಿರಿ ಲಯೌಟ್",
                "stop_id": "22457",
                "lat": 13.10457,
                "lon": 77.61045
              },
              {
                "name": "Kogilu",
                "name_kn": "ಕೊಗಿಲು",
                "stop_id": "22181",
                "lat": 13.10362,
                "lon": 77.616
              },
              {
                "name": "Srinivasapura Kogilu",
                "name_kn": "ಸ್ರಿನಿವಸಪುರ ಕೊಗಿಲು",
                "stop_id": "22513",
                "lat": 13.10347,
                "lon": 77.62349
              },
              {
                "name": "Ittige Factory",
                "name_kn": "ಇಟಿಗೆ ೞಕ್ಟೊರೆ",
                "stop_id": "22087",
                "lat": 13.10252,
                "lon": 77.62918
              },
              {
                "name": "Bellahalli Cross",
                "name_kn": "ಬೆಲ್ಲಹಲ್ಲಿ ಕ್ರೊಸ್ಸ್",
                "stop_id": "31951",
                "lat": 13.10207,
                "lon": 77.63351
              },
              {
                "name": "Bellahalli",
                "name_kn": "ಬೆಲ್ಲಹಲ್ಲಿ",
                "stop_id": "31950",
                "lat": 13.09923,
                "lon": 77.64223
              },
              {
                "name": "Christal House Learning School",
                "name_kn": "ಚ್ರಿಸ್ಟಲ್ ಹೌಸೆ ಲೆರ್ನಿಙ್ ಸ್ಚೂಲ್",
                "stop_id": "32365",
                "lat": 13.09439,
                "lon": 77.65173
              },
              {
                "name": "Kannuru",
                "name_kn": "ಕಂನುರು",
                "stop_id": "22154",
                "lat": 13.09326,
                "lon": 77.65426
              },
              {
                "name": "Chikka Gubbi Cross",
                "name_kn": "ಚಿಕ್ಕ ಗುಬ್ಬಿ ಕ್ರೊಸ್ಸ್",
                "stop_id": "21837",
                "lat": 13.08439,
                "lon": 77.65434
              },
              {
                "name": "Nagenahalli",
                "name_kn": "ನಗೆನಹಲ್ಲಿ",
                "stop_id": "22333",
                "lat": 13.08139,
                "lon": 77.65341
              },
              {
                "name": "Byrathi Bande",
                "name_kn": "ಬೆರತಿ ಬಂದೆ",
                "stop_id": "21795",
                "lat": 13.07788,
                "lon": 77.65345
              },
              {
                "name": "Poornaprajna School",
                "name_kn": "ಪೂರ್ನಪ್ರಜ್ನ ಸ್ಚೂಲ್",
                "stop_id": "22397",
                "lat": 13.07538,
                "lon": 77.65169
              },
              {
                "name": "Bible  College Byrathi",
                "name_kn": "ಬಿಬ್ಲೆ  ಕೊಲ್ಲೆಗೆ ಬೆರತಿ",
                "stop_id": "21762",
                "lat": 13.07145,
                "lon": 77.65159
              },
              {
                "name": "Gubbi Cross",
                "name_kn": "ಗುಬ್ಬಿ ಕ್ರೊಸ್ಸ್",
                "stop_id": "21985",
                "lat": 13.06462,
                "lon": 77.6519
              },
              {
                "name": "Kothanuru",
                "name_kn": "ಕೊತನುರು",
                "stop_id": "22196",
                "lat": 13.06182,
                "lon": 77.64893
              },
              {
                "name": "MR Nursing College",
                "name_kn": "ಂರ್ ನುರ್ಸಿಙ್ ಕೊಲ್ಲೆಗೆ",
                "stop_id": "22303",
                "lat": 13.05824,
                "lon": 77.64875
              },
              {
                "name": "Byrathi Cross",
                "name_kn": "ಬೆರತಿ ಕ್ರೊಸ್ಸ್",
                "stop_id": "30327",
                "lat": 13.05708,
                "lon": 77.64845
              },
              {
                "name": "Kyalasanahalli",
                "name_kn": "ಕೆಲಸನಹಲ್ಲಿ",
                "stop_id": "33646",
                "lat": 13.05638,
                "lon": 77.66021
              },
              {
                "name": "Bileshivale",
                "name_kn": "ಬಿಲೆಶಿವಲೆ",
                "stop_id": "32082",
                "lat": 13.05454,
                "lon": 77.67093
              },
              {
                "name": "Rampura Cross",
                "name_kn": "ರಂಪುರ ಕ್ರೊಸ್ಸ್",
                "stop_id": "27968",
                "lat": 13.05212,
                "lon": 77.68101
              },
              {
                "name": "Rampura",
                "name_kn": "ರಂಪುರ",
                "stop_id": "34379",
                "lat": 13.05175,
                "lon": 77.69124
              },
              {
                "name": "Aduru",
                "name_kn": "ಅದುರು",
                "stop_id": "22992",
                "lat": 13.05553,
                "lon": 77.7058
              },
              {
                "name": "Bidarahalli Cross",
                "name_kn": "ಬಿದರಹಲ್ಲಿ ಕ್ರೊಸ್ಸ್",
                "stop_id": "30069",
                "lat": 13.05703,
                "lon": 77.71504
              },
              {
                "name": "Bidarahalli School",
                "name_kn": "ಬಿದರಹಲ್ಲಿ ಸ್ಚೂಲ್",
                "stop_id": "32067",
                "lat": 13.06012,
                "lon": 77.71622
              },
              {
                "name": "Bidarahalli",
                "name_kn": "ಬಿದರಹಲ್ಲಿ",
                "stop_id": "25040",
                "lat": 13.06538,
                "lon": 77.71704
              },
              {
                "name": "Bidarahalli School",
                "name_kn": "ಬಿದರಹಲ್ಲಿ ಸ್ಚೂಲ್",
                "stop_id": "32068",
                "lat": 13.06013,
                "lon": 77.71626
              },
              {
                "name": "Bidarahalli Cross",
                "name_kn": "ಬಿದರಹಲ್ಲಿ ಕ್ರೊಸ್ಸ್",
                "stop_id": "32069",
                "lat": 13.05694,
                "lon": 77.71522
              },
              {
                "name": "East Point College",
                "name_kn": "ಎಸ್ಟ್ ಪೊಿಂಟ್ ಕೊಲ್ಲೆಗೆ",
                "stop_id": "32584",
                "lat": 13.05012,
                "lon": 77.72
              },
              {
                "name": "Hirandahalli",
                "name_kn": "ಹಿರಂದಹಲ್ಲಿ",
                "stop_id": "25863",
                "lat": 13.04578,
                "lon": 77.72276
              },
              {
                "name": "Srirama Layout Avalahalli Road",
                "name_kn": "ಸ್ರಿರಮ ಲಯೌಟ್ ವಲಹಲ್ಲಿ ರೊದ್",
                "stop_id": "26611",
                "lat": 13.03981,
                "lon": 77.72938
              },
              {
                "name": "Avalahalli Hosakote",
                "name_kn": "ಅವಲಹಲ್ಲಿ ಹೊಸಕೊಟೆ",
                "stop_id": "23219",
                "lat": 13.03605,
                "lon": 77.7358
              },
              {
                "name": "Cheemasandra Gate",
                "name_kn": "ಚೀಮಸಂದ್ರ ಗಟೆ",
                "stop_id": "24455",
                "lat": 13.03903,
                "lon": 77.74008
              },
              {
                "name": "Bandapura Gate",
                "name_kn": "ಬಂದಪುರ ಗಟೆ",
                "stop_id": "21715",
                "lat": 13.04228,
                "lon": 77.74459
              },
              {
                "name": "Budigere Cross",
                "name_kn": "ಬುದಿಗೆರೆ ಕ್ರೊಸ್ಸ್",
                "stop_id": "21791",
                "lat": 13.04651,
                "lon": 77.75054
              },
              {
                "name": "Sapthagiri Convention Hall",
                "name_kn": "ಸಪ್ತಗಿರಿ ಕೊಂವೆಂಟಿೊಂ ಹಲ್ಲ್",
                "stop_id": "22456",
                "lat": 13.0509,
                "lon": 77.75676
              },
              {
                "name": "Katamanallur Gate",
                "name_kn": "ಕಟಮನಲ್ಲುರ್ ಗಟೆ",
                "stop_id": "22155",
                "lat": 13.05373,
                "lon": 77.76177
              },
              {
                "name": "Hosakote Kodi",
                "name_kn": "ಹೊಸಕೊಟೆ ಕೊದಿ",
                "stop_id": "22054",
                "lat": 13.0565,
                "lon": 77.76741
              },
              {
                "name": "Hosakote Toll",
                "name_kn": "ಹೊಸಕೊಟೆ ಟೊಲ್ಲ್",
                "stop_id": "22056",
                "lat": 13.05963,
                "lon": 77.77057
              },
              {
                "name": "Hosakote High School",
                "name_kn": "ಹೊಸಕೊಟೆ ಹಿಘ್ ಸ್ಚೂಲ್",
                "stop_id": "22050",
                "lat": 13.07048,
                "lon": 77.78364
              },
              {
                "name": "Hosakote Flower Market",
                "name_kn": "ಹೊಸಕೊಟೆ ೞ್ಲೌೆರ್ ಮರ್ಕೆಟ್",
                "stop_id": "22048",
                "lat": 13.07531,
                "lon": 77.78637
              },
              {
                "name": "Hosakote Bus Stand (Old)",
                "name_kn": "ಹೊಸಕೊಟೆ ಬುಸ್ ಸ್ಟಂದ್ (ೊಲ್ದ್)",
                "stop_id": "22046",
                "lat": 13.0787,
                "lon": 77.78774
              }
            ]
          },
          {
            "Route": "507-D",
            "RouteId": 5451,
            "RouteParentId": 2967,
            "Destination": "Yelahanka 5th Phase",
            "Via": "",
            "Area": "KR Pura Govt Hospital",
            "PlatformNumber": "1",
            "KannadaDestination": "ಯೆಲಹಂಕ 5ತ್ ಫಸೆ",
            "KannadaArea": "ಕೆಆರ್ ಪುರ ಸರ್ಕಾರಿ ಆಸ್ಪತ್ರೆ",
            "KannadaVia": "",
            "FromStationId": 22645,
            "Stops": [
              {
                "name": "Yelahanka Santhe Circle",
                "name_kn": "ಯೆಲಹಂಕ ಸಂತೆ ಕಿರ್ಕ್ಲೆ",
                "stop_id": "22645",
                "lat": 13.09852,
                "lon": 77.59698
              },
              {
                "name": "NES Office",
                "name_kn": "ನೆಸ್ ೊೞ್ೞಿಕೆ",
                "stop_id": "22356",
                "lat": 13.09766,
                "lon": 77.59166
              },
              {
                "name": "Sheshadripuram College",
                "name_kn": "ಶೆಶದ್ರಿಪುರಂ ಕೊಲ್ಲೆಗೆ",
                "stop_id": "22481",
                "lat": 13.09951,
                "lon": 77.58834
              },
              {
                "name": "Sharavathi Hotel",
                "name_kn": "ಶರವತಿ ಹೊಟೆಲ್",
                "stop_id": "22475",
                "lat": 13.09797,
                "lon": 77.58442
              },
              {
                "name": "Chikka Bommasandra Cross",
                "name_kn": "ಚಿಕ್ಕ ಬೊಮ್ಮಸಂದ್ರ ಕ್ರೊಸ್ಸ್",
                "stop_id": "21834",
                "lat": 13.09353,
                "lon": 77.58251
              },
              {
                "name": "Yelahanka Satellite Town",
                "name_kn": "ಯೆಲಹಂಕ ಸಟೆಲ್ಲಿಟೆ ಟೌಂ",
                "stop_id": "22646",
                "lat": 13.0958,
                "lon": 77.57921
              },
              {
                "name": "Mother Dairy Cross Yelahanka",
                "name_kn": "ಮೊತೆರ್ ದೈರೆ ಕ್ರೊಸ್ಸ್ ಯೆಲಹಂಕ",
                "stop_id": "22299",
                "lat": 13.09934,
                "lon": 77.57717
              },
              {
                "name": "Yelahanka Bakery",
                "name_kn": "ಯೆಲಹಂಕ ಬಕೆರೆ",
                "stop_id": "22819",
                "lat": 13.10329,
                "lon": 77.57689
              },
              {
                "name": "Yelahanka 5th Phase",
                "name_kn": "ಯೆಲಹಂಕ 5ತ್ ಫಸೆ",
                "stop_id": "22925",
                "lat": 13.10575,
                "lon": 77.57251
              }
            ]
          },
          {
            "Route": "290-E PTH-KMT",
            "RouteId": 2683,
            "RouteParentId": 1547,
            "Destination": "KR Market",
            "Via": "",
            "Area": "Puttenahalli",
            "PlatformNumber": "1",
            "KannadaDestination": "ಕ್ರ್ ಮರ್ಕೆಟ್",
            "KannadaArea": "ಪುಟ್ಟೇನಹಳ್ಳಿ",
            "KannadaVia": "",
            "FromStationId": 22642,
            "Stops": [
              {
                "name": "Yelahanka Santhe Circle",
                "name_kn": "ಯೆಲಹಂಕ ಸಂತೆ ಕಿರ್ಕ್ಲೆ",
                "stop_id": "22642",
                "lat": 13.09844,
                "lon": 77.5968
              },
              {
                "name": "Kogilu Cross",
                "name_kn": "ಕೊಗಿಲು ಕ್ರೊಸ್ಸ್",
                "stop_id": "22183",
                "lat": 13.10362,
                "lon": 77.60102
              },
              {
                "name": "Maruthi Nagara",
                "name_kn": "ಮರುತಿ ನಗರ",
                "stop_id": "22266",
                "lat": 13.10445,
                "lon": 77.60632
              },
              {
                "name": "Sapthagiri Layout",
                "name_kn": "ಸಪ್ತಗಿರಿ ಲಯೌಟ್",
                "stop_id": "22457",
                "lat": 13.10457,
                "lon": 77.61045
              },
              {
                "name": "Kogilu",
                "name_kn": "ಕೊಗಿಲು",
                "stop_id": "22181",
                "lat": 13.10362,
                "lon": 77.616
              },
              {
                "name": "Srinivasapura Kogilu",
                "name_kn": "ಸ್ರಿನಿವಸಪುರ ಕೊಗಿಲು",
                "stop_id": "22513",
                "lat": 13.10347,
                "lon": 77.62349
              },
              {
                "name": "Ittige Factory",
                "name_kn": "ಇಟಿಗೆ ೞಕ್ಟೊರೆ",
                "stop_id": "22087",
                "lat": 13.10252,
                "lon": 77.62918
              },
              {
                "name": "Bellahalli Cross THS Main Road",
                "name_kn": "ಬೆಲ್ಲಹಲ್ಲಿ ಕ್ರೊಸ್ಸ್ ತ್ಸ್ ಮೈಂ ರೊದ್",
                "stop_id": "21740",
                "lat": 13.10113,
                "lon": 77.6351
              },
              {
                "name": "Purvankara Northern Destiny Bellahalli",
                "name_kn": "ಪುರ್ವಂಕರ ನೊರ್ತೆರ್ಂ ದೆಸ್ಟಿನೆ ಬೆಲ್ಲಹಲ್ಲಿ",
                "stop_id": "34294",
                "lat": 13.09606,
                "lon": 77.63604
              },
              {
                "name": "Thirumenahalli Cross (KNS College)",
                "name_kn": "ತಿರುಮೆನಹಲ್ಲಿ ಕ್ರೊಸ್ಸ್ (ಕ್ಂಸ್ ಕೊಲ್ಲೆಗೆ)",
                "stop_id": "22555",
                "lat": 13.08871,
                "lon": 77.6355
              },
              {
                "name": "Chokkanahalli Gate",
                "name_kn": "ಚೊಕ್ಕನಹಲ್ಲಿ ಗಟೆ",
                "stop_id": "21846",
                "lat": 13.08466,
                "lon": 77.63487
              },
              {
                "name": "Noor Nagara",
                "name_kn": "ನೂರ್ ನಗರ",
                "stop_id": "22365",
                "lat": 13.08003,
                "lon": 77.63413
              },
              {
                "name": "Koli Farm",
                "name_kn": "ಕೊಲಿ ೞರ್ಂ",
                "stop_id": "22186",
                "lat": 13.07404,
                "lon": 77.63376
              },
              {
                "name": "RK Hegde Nagara",
                "name_kn": "ರ್ಕ್ ಹೆಗ್ದೆ ನಗರ",
                "stop_id": "22430",
                "lat": 13.0719,
                "lon": 77.63376
              },
              {
                "name": "K Narayanapura Cross",
                "name_kn": "ಕ್ ನರಯನಪುರ ಕ್ರೊಸ್ಸ್",
                "stop_id": "22126",
                "lat": 13.06833,
                "lon": 77.63375
              },
              {
                "name": "Book Factory Thanisandra",
                "name_kn": "ಬೂಕ್ ೞಕ್ಟೊರೆ ತನಿಸಂದ್ರ",
                "stop_id": "21778",
                "lat": 13.06161,
                "lon": 77.63334
              },
              {
                "name": "Thanisandra",
                "name_kn": "ತನಿಸಂದ್ರ",
                "stop_id": "22541",
                "lat": 13.0561,
                "lon": 77.63291
              },
              {
                "name": "Ashwath Nagara",
                "name_kn": "ಅಶ್ವತ್ ನಗರ",
                "stop_id": "21666",
                "lat": 13.05289,
                "lon": 77.63144
              },
              {
                "name": "Sarayipalya",
                "name_kn": "ಸರಯಿಪಲೆ",
                "stop_id": "28167",
                "lat": 13.04745,
                "lon": 77.62868
              },
              {
                "name": "Vidyasagara",
                "name_kn": "ವಿಠೆಸಗರ",
                "stop_id": "22601",
                "lat": 13.04559,
                "lon": 77.62759
              },
              {
                "name": "Nagavara Junction Petrol Bunk",
                "name_kn": "ನಗವರ ಜುಂಕ್ಟಿೊಂ ಪೆಟ್ರೊಲ್ ಬುಂಕ್",
                "stop_id": "22382",
                "lat": 13.04189,
                "lon": 77.62498
              },
              {
                "name": "Nagawara Junction",
                "name_kn": "ನಗವರ ಜುಂಕ್ಟಿೊಂ",
                "stop_id": "35838",
                "lat": 13.04042,
                "lon": 77.62445
              },
              {
                "name": "Hennur Junction",
                "name_kn": "ಹೆಂನುರ್ ಜುಂಕ್ಟಿೊಂ",
                "stop_id": "21522",
                "lat": 13.02964,
                "lon": 77.63134
              },
              {
                "name": "Kadugondanahalli Railway Gate",
                "name_kn": "ಕದುಗೊಂದನಹಲ್ಲಿ ರೈಲ್ವಯ್ ಗಟೆ",
                "stop_id": "22173",
                "lat": 13.02599,
                "lon": 77.62003
              },
              {
                "name": "Kadugondanahalli Police Station",
                "name_kn": "ಕದುಗೊಂದನಹಲ್ಲಿ ಪೊಲಿಕೆ ಸ್ಟಟಿೊಂ",
                "stop_id": "22136",
                "lat": 13.02055,
                "lon": 77.619
              },
              {
                "name": "Venkateshapura",
                "name_kn": "ವೆಂಕಟೆಶಪುರ",
                "stop_id": "22597",
                "lat": 13.01544,
                "lon": 77.61757
              },
              {
                "name": "Postal and Telecom Colony",
                "name_kn": "ಪೊಸ್ಟಲ್ ಂದ್ ಟೆಲೆಕೊಂ ಕೊಲೊನೆ",
                "stop_id": "22402",
                "lat": 13.01278,
                "lon": 77.61646
              },
              {
                "name": "Muslim Colony",
                "name_kn": "ಮುಸ್ಲಿಂ ಕೊಲೊನೆ",
                "stop_id": "22319",
                "lat": 13.01049,
                "lon": 77.61513
              },
              {
                "name": "Periyar Nagara Circle",
                "name_kn": "ಪೆರಿಯರ್ ನಗರ ಕಿರ್ಕ್ಲೆ",
                "stop_id": "22379",
                "lat": 13.00848,
                "lon": 77.61325
              },
              {
                "name": "Canara Bank Tannery Road",
                "name_kn": "ಕನರ ಬಂಕ್ ಟಂನೆರೆ ರೊದ್",
                "stop_id": "21802",
                "lat": 13.00622,
                "lon": 77.61242
              },
              {
                "name": "Doddy",
                "name_kn": "ದೊದ್ಠೆ",
                "stop_id": "21911",
                "lat": 13.00266,
                "lon": 77.61215
              },
              {
                "name": "Coles Park",
                "name_kn": "ಕೊಲೆಸ್ ಪರ್ಕ್",
                "stop_id": "21857",
                "lat": 12.99534,
                "lon": 77.60829
              },
              {
                "name": "Bamboo Bazar",
                "name_kn": "ಬಂಬೂ ಬಜ಼ರ್",
                "stop_id": "21706",
                "lat": 12.99204,
                "lon": 77.60397
              },
              {
                "name": "CSI Hospital",
                "name_kn": "ಕ್ಸಿ ಹೊಸ್ಪಿಟಲ್",
                "stop_id": "21868",
                "lat": 12.98983,
                "lon": 77.59938
              },
              {
                "name": "Indian Express",
                "name_kn": "ಇಂದಿಂ ೆಕ್ಸ್ಪ್ರೆಸ್ಸ್",
                "stop_id": "35138",
                "lat": 12.98362,
                "lon": 77.59646
              },
              {
                "name": "Vidhana Soudha Karnataka High Court",
                "name_kn": "ವಿಧನ ಸೌಧ ಕರ್ನಟಕ ಹಿಘ್ ಕೌರ್ಟ್",
                "stop_id": "21258",
                "lat": 12.97821,
                "lon": 77.59135
              },
              {
                "name": "MS Building",
                "name_kn": "ಂಸ್ ಬುಿಲ್ದಿಙ್",
                "stop_id": "38026",
                "lat": 12.97677,
                "lon": 77.58922
              },
              {
                "name": "KR Circle",
                "name_kn": "ಕ್ರ್ ಕಿರ್ಕ್ಲೆ",
                "stop_id": "20939",
                "lat": 12.97386,
                "lon": 77.58661
              },
              {
                "name": "St Marthas Hospital",
                "name_kn": "ಸ್ಟ್ ಮರ್ತಸ್ ಹೊಸ್ಪಿಟಲ್",
                "stop_id": "21195",
                "lat": 12.96945,
                "lon": 77.58716
              },
              {
                "name": "Corporation",
                "name_kn": "ಕೊರ್ಪೊರಟಿೊಂ",
                "stop_id": "20727",
                "lat": 12.96701,
                "lon": 77.58822
              },
              {
                "name": "Town Hall",
                "name_kn": "ಟೌಂ ಹಲ್ಲ್",
                "stop_id": "21232",
                "lat": 12.96355,
                "lon": 77.58375
              },
              {
                "name": "KR Market",
                "name_kn": "ಕ್ರ್ ಮರ್ಕೆಟ್",
                "stop_id": "20940",
                "lat": 12.9641,
                "lon": 77.57897
              }
            ]
          },
          {
            "Route": "290-MV PTH-SMVT",
            "RouteId": 15834,
            "RouteParentId": 8489,
            "Destination": "Sir M Visvesvaraya Terminal",
            "Via": "",
            "Area": "Puttenahalli",
            "PlatformNumber": "1",
            "KannadaDestination": "ಸಿರ್ ಂ ವಿಸ್ವೆಸ್ವರಯ ಟೆರ್ಮಿನಲ್",
            "KannadaArea": "ಪುಟ್ಟೇನಹಳ್ಳಿ",
            "KannadaVia": "",
            "FromStationId": 22642,
            "Stops": [
              {
                "name": "Yelahanka Santhe Circle",
                "name_kn": "ಯೆಲಹಂಕ ಸಂತೆ ಕಿರ್ಕ್ಲೆ",
                "stop_id": "22642",
                "lat": 13.09844,
                "lon": 77.5968
              },
              {
                "name": "Kogilu Cross",
                "name_kn": "ಕೊಗಿಲು ಕ್ರೊಸ್ಸ್",
                "stop_id": "22183",
                "lat": 13.10362,
                "lon": 77.60102
              },
              {
                "name": "Maruthi Nagara",
                "name_kn": "ಮರುತಿ ನಗರ",
                "stop_id": "22266",
                "lat": 13.10445,
                "lon": 77.60632
              },
              {
                "name": "Sapthagiri Layout",
                "name_kn": "ಸಪ್ತಗಿರಿ ಲಯೌಟ್",
                "stop_id": "22457",
                "lat": 13.10457,
                "lon": 77.61045
              },
              {
                "name": "Kogilu",
                "name_kn": "ಕೊಗಿಲು",
                "stop_id": "22181",
                "lat": 13.10362,
                "lon": 77.616
              },
              {
                "name": "Srinivasapura Kogilu",
                "name_kn": "ಸ್ರಿನಿವಸಪುರ ಕೊಗಿಲು",
                "stop_id": "22513",
                "lat": 13.10347,
                "lon": 77.62349
              },
              {
                "name": "Ittige Factory",
                "name_kn": "ಇಟಿಗೆ ೞಕ್ಟೊರೆ",
                "stop_id": "22087",
                "lat": 13.10252,
                "lon": 77.62918
              },
              {
                "name": "Bellahalli Cross THS Main Road",
                "name_kn": "ಬೆಲ್ಲಹಲ್ಲಿ ಕ್ರೊಸ್ಸ್ ತ್ಸ್ ಮೈಂ ರೊದ್",
                "stop_id": "21740",
                "lat": 13.10113,
                "lon": 77.6351
              },
              {
                "name": "Purvankara Northern Destiny Bellahalli",
                "name_kn": "ಪುರ್ವಂಕರ ನೊರ್ತೆರ್ಂ ದೆಸ್ಟಿನೆ ಬೆಲ್ಲಹಲ್ಲಿ",
                "stop_id": "34294",
                "lat": 13.09606,
                "lon": 77.63604
              },
              {
                "name": "Thirumenahalli Cross (KNS College)",
                "name_kn": "ತಿರುಮೆನಹಲ್ಲಿ ಕ್ರೊಸ್ಸ್ (ಕ್ಂಸ್ ಕೊಲ್ಲೆಗೆ)",
                "stop_id": "22555",
                "lat": 13.08871,
                "lon": 77.6355
              },
              {
                "name": "Chokkanahalli Gate",
                "name_kn": "ಚೊಕ್ಕನಹಲ್ಲಿ ಗಟೆ",
                "stop_id": "21846",
                "lat": 13.08466,
                "lon": 77.63487
              },
              {
                "name": "Noor Nagara",
                "name_kn": "ನೂರ್ ನಗರ",
                "stop_id": "22365",
                "lat": 13.08003,
                "lon": 77.63413
              },
              {
                "name": "Koli Farm",
                "name_kn": "ಕೊಲಿ ೞರ್ಂ",
                "stop_id": "22186",
                "lat": 13.07404,
                "lon": 77.63376
              },
              {
                "name": "RK Hegde Nagara",
                "name_kn": "ರ್ಕ್ ಹೆಗ್ದೆ ನಗರ",
                "stop_id": "22430",
                "lat": 13.0719,
                "lon": 77.63376
              },
              {
                "name": "K Narayanapura Cross",
                "name_kn": "ಕ್ ನರಯನಪುರ ಕ್ರೊಸ್ಸ್",
                "stop_id": "22126",
                "lat": 13.06833,
                "lon": 77.63375
              },
              {
                "name": "Book Factory Thanisandra",
                "name_kn": "ಬೂಕ್ ೞಕ್ಟೊರೆ ತನಿಸಂದ್ರ",
                "stop_id": "21778",
                "lat": 13.06161,
                "lon": 77.63334
              },
              {
                "name": "Thanisandra",
                "name_kn": "ತನಿಸಂದ್ರ",
                "stop_id": "22541",
                "lat": 13.0561,
                "lon": 77.63291
              },
              {
                "name": "Ashwath Nagara",
                "name_kn": "ಅಶ್ವತ್ ನಗರ",
                "stop_id": "21666",
                "lat": 13.05289,
                "lon": 77.63144
              },
              {
                "name": "Sarayipalya",
                "name_kn": "ಸರಯಿಪಲೆ",
                "stop_id": "28167",
                "lat": 13.04745,
                "lon": 77.62868
              },
              {
                "name": "Vidyasagara",
                "name_kn": "ವಿಠೆಸಗರ",
                "stop_id": "22601",
                "lat": 13.04559,
                "lon": 77.62759
              },
              {
                "name": "Nagavara Junction Petrol Bunk",
                "name_kn": "ನಗವರ ಜುಂಕ್ಟಿೊಂ ಪೆಟ್ರೊಲ್ ಬುಂಕ್",
                "stop_id": "22382",
                "lat": 13.04189,
                "lon": 77.62498
              },
              {
                "name": "Nagawara Junction",
                "name_kn": "ನಗವರ ಜುಂಕ್ಟಿೊಂ",
                "stop_id": "35838",
                "lat": 13.04042,
                "lon": 77.62445
              },
              {
                "name": "Hennur Junction",
                "name_kn": "ಹೆಂನುರ್ ಜುಂಕ್ಟಿೊಂ",
                "stop_id": "21522",
                "lat": 13.02964,
                "lon": 77.63134
              },
              {
                "name": "Kadugondanahalli Railway Gate",
                "name_kn": "ಕದುಗೊಂದನಹಲ್ಲಿ ರೈಲ್ವಯ್ ಗಟೆ",
                "stop_id": "22173",
                "lat": 13.02599,
                "lon": 77.62003
              },
              {
                "name": "Kadugondanahalli Police Station",
                "name_kn": "ಕದುಗೊಂದನಹಲ್ಲಿ ಪೊಲಿಕೆ ಸ್ಟಟಿೊಂ",
                "stop_id": "22136",
                "lat": 13.02055,
                "lon": 77.619
              },
              {
                "name": "Venkateshapura",
                "name_kn": "ವೆಂಕಟೆಶಪುರ",
                "stop_id": "22597",
                "lat": 13.01544,
                "lon": 77.61757
              },
              {
                "name": "Postal and Telecom Colony",
                "name_kn": "ಪೊಸ್ಟಲ್ ಂದ್ ಟೆಲೆಕೊಂ ಕೊಲೊನೆ",
                "stop_id": "22402",
                "lat": 13.01278,
                "lon": 77.61646
              },
              {
                "name": "Muslim Colony",
                "name_kn": "ಮುಸ್ಲಿಂ ಕೊಲೊನೆ",
                "stop_id": "22319",
                "lat": 13.01049,
                "lon": 77.61513
              },
              {
                "name": "Periyar Nagara Circle",
                "name_kn": "ಪೆರಿಯರ್ ನಗರ ಕಿರ್ಕ್ಲೆ",
                "stop_id": "22379",
                "lat": 13.00848,
                "lon": 77.61325
              },
              {
                "name": "Canara Bank Tannery Road",
                "name_kn": "ಕನರ ಬಂಕ್ ಟಂನೆರೆ ರೊದ್",
                "stop_id": "21802",
                "lat": 13.00622,
                "lon": 77.61242
              },
              {
                "name": "Doddy",
                "name_kn": "ದೊದ್ಠೆ",
                "stop_id": "21911",
                "lat": 13.00266,
                "lon": 77.61215
              },
              {
                "name": "Frazer Town",
                "name_kn": "ೞ್ರಜ಼ೆರ್ ಟೌಂ",
                "stop_id": "36715",
                "lat": 13.00098,
                "lon": 77.61257
              },
              {
                "name": "Mosque Road",
                "name_kn": "ಮೊಸ್qುೆ ರೊದ್",
                "stop_id": "21854",
                "lat": 13.00067,
                "lon": 77.61578
              },
              {
                "name": "East Railway Station",
                "name_kn": "ಎಸ್ಟ್ ರೈಲ್ವಯ್ ಸ್ಟಟಿೊಂ",
                "stop_id": "21929",
                "lat": 13.00143,
                "lon": 77.61865
              },
              {
                "name": "ITC Factory",
                "name_kn": "ಇಟ್ಕ್ ೞಕ್ಟೊರೆ",
                "stop_id": "22082",
                "lat": 12.99821,
                "lon": 77.62324
              },
              {
                "name": "Jai Bharath Nagara",
                "name_kn": "ಜೈ ಭರತ್ ನಗರ",
                "stop_id": "22089",
                "lat": 13.00156,
                "lon": 77.63032
              },
              {
                "name": "Maruthi Sevanagara",
                "name_kn": "ಮರುತಿ ಸೆವನಗರ",
                "stop_id": "22272",
                "lat": 13.00266,
                "lon": 77.63461
              },
              {
                "name": "Sathya Nagara",
                "name_kn": "ಸತೆ ನಗರ",
                "stop_id": "28180",
                "lat": 13.00047,
                "lon": 77.63991
              },
              {
                "name": "Sir M Visvesvaraya Terminal",
                "name_kn": "ಸಿರ್ ಂ ವಿಸ್ವೆಸ್ವರಯ ಟೆರ್ಮಿನಲ್",
                "stop_id": "37713",
                "lat": 12.99966,
                "lon": 77.64099
              }
            ]
          },
          {
            "Route": "401-R",
            "RouteId": 2457,
            "RouteParentId": 1419,
            "Destination": "BEML Layout 5th stage",
            "Via": "",
            "Area": "Yelahanka Old Town",
            "PlatformNumber": "1",
            "KannadaDestination": "ಬೆಂಲ್ ಲಯೌಟ್ 5ತ್ ಸ್ಟಗೆ",
            "KannadaArea": "ಯಲಹಂಕ ಓಲ್ಡ್ ಟೌನ್",
            "KannadaVia": "",
            "FromStationId": 22640,
            "Stops": [
              {
                "name": "Yelahanka Old Town",
                "name_kn": "ಯೆಲಹಂಕ ೊಲ್ದ್ ಟೌಂ",
                "stop_id": "22640",
                "lat": 13.10091,
                "lon": 77.59436
              },
              {
                "name": "Yelahanka Santhe Circle",
                "name_kn": "ಯೆಲಹಂಕ ಸಂತೆ ಕಿರ್ಕ್ಲೆ",
                "stop_id": "22645",
                "lat": 13.09852,
                "lon": 77.59698
              },
              {
                "name": "NES Office",
                "name_kn": "ನೆಸ್ ೊೞ್ೞಿಕೆ",
                "stop_id": "22356",
                "lat": 13.09766,
                "lon": 77.59166
              },
              {
                "name": "Sheshadripuram College",
                "name_kn": "ಶೆಶದ್ರಿಪುರಂ ಕೊಲ್ಲೆಗೆ",
                "stop_id": "22481",
                "lat": 13.09951,
                "lon": 77.58834
              },
              {
                "name": "Sharavathi Hotel",
                "name_kn": "ಶರವತಿ ಹೊಟೆಲ್",
                "stop_id": "22475",
                "lat": 13.09797,
                "lon": 77.58442
              },
              {
                "name": "Chikka Bommasandra Cross",
                "name_kn": "ಚಿಕ್ಕ ಬೊಮ್ಮಸಂದ್ರ ಕ್ರೊಸ್ಸ್",
                "stop_id": "21834",
                "lat": 13.09353,
                "lon": 77.58251
              },
              {
                "name": "Yelahanka Satellite Town",
                "name_kn": "ಯೆಲಹಂಕ ಸಟೆಲ್ಲಿಟೆ ಟೌಂ",
                "stop_id": "22646",
                "lat": 13.0958,
                "lon": 77.57921
              },
              {
                "name": "Mother Dairy Cross Yelahanka",
                "name_kn": "ಮೊತೆರ್ ದೈರೆ ಕ್ರೊಸ್ಸ್ ಯೆಲಹಂಕ",
                "stop_id": "22299",
                "lat": 13.09934,
                "lon": 77.57717
              },
              {
                "name": "Atturu Layout",
                "name_kn": "ಅಟುರು ಲಯೌಟ್",
                "stop_id": "21675",
                "lat": 13.09774,
                "lon": 77.56766
              },
              {
                "name": "Thirumala Dhaba",
                "name_kn": "ತಿರುಮಲ ಧಬ",
                "stop_id": "22551",
                "lat": 13.09762,
                "lon": 77.563
              },
              {
                "name": "Bettahalli Layout",
                "name_kn": "ಬೆಟಹಲ್ಲಿ ಲಯೌಟ್",
                "stop_id": "21749",
                "lat": 13.0923,
                "lon": 77.55954
              },
              {
                "name": "Chikka Bettahalli",
                "name_kn": "ಚಿಕ್ಕ ಬೆಟಹಲ್ಲಿ",
                "stop_id": "21832",
                "lat": 13.08945,
                "lon": 77.55629
              },
              {
                "name": "Jalli Machine",
                "name_kn": "ಜಲ್ಲಿ ಮಚಿನೆ",
                "stop_id": "22098",
                "lat": 13.08605,
                "lon": 77.5556
              },
              {
                "name": "Vidyaranyapura",
                "name_kn": "ವಿಠೆರನೆಪುರ",
                "stop_id": "22602",
                "lat": 13.08381,
                "lon": 77.56027
              },
              {
                "name": "Durga Parameshwari Temple",
                "name_kn": "ದುರ್ಗ ಪರಮೆಶ್ವರಿ ಟೆಂಪ್ಲೆ",
                "stop_id": "21927",
                "lat": 13.08182,
                "lon": 77.55979
              },
              {
                "name": "Echalamara Vidyaranyapura",
                "name_kn": "ಎಚಲಮರ ವಿಠೆರನೆಪುರ",
                "stop_id": "21930",
                "lat": 13.08005,
                "lon": 77.55933
              },
              {
                "name": "Vidyaranyapura Post Office",
                "name_kn": "ವಿಠೆರನೆಪುರ ಪೊಸ್ಟ್ ೊೞ್ೞಿಕೆ",
                "stop_id": "22399",
                "lat": 13.07654,
                "lon": 77.55829
              },
              {
                "name": "Lakshmi Venkateshwara Temple",
                "name_kn": "ಲಕ್ಷ್ಮಿ ವೆಂಕಟೆಶ್ವರ ಟೆಂಪ್ಲೆ",
                "stop_id": "22218",
                "lat": 13.07443,
                "lon": 77.55743
              },
              {
                "name": "3rd Block Vidyaranyapura",
                "name_kn": "3ರ್ದ್ ಬ್ಲೊಕ್ಕ್ ವಿಠೆರನೆಪುರ",
                "stop_id": "21633",
                "lat": 13.0723,
                "lon": 77.55641
              },
              {
                "name": "Canara Bank Vidyaranyapura",
                "name_kn": "ಕನರ ಬಂಕ್ ವಿಠೆರನೆಪುರ",
                "stop_id": "21804",
                "lat": 13.07171,
                "lon": 77.55609
              },
              {
                "name": "1st Block Vidyaranyapura",
                "name_kn": "1ಸ್ಟ್ ಬ್ಲೊಕ್ಕ್ ವಿಠೆರನೆಪುರ",
                "stop_id": "21631",
                "lat": 13.07024,
                "lon": 77.55543
              },
              {
                "name": "Nanjappa Circle",
                "name_kn": "ನಞಪ್ಪ ಕಿರ್ಕ್ಲೆ",
                "stop_id": "22343",
                "lat": 13.06849,
                "lon": 77.55995
              },
              {
                "name": "Chamundeshwari Layout",
                "name_kn": "ಚಮುಂದೆಶ್ವರಿ ಲಯೌಟ್",
                "stop_id": "21815",
                "lat": 13.06492,
                "lon": 77.55971
              },
              {
                "name": "Dodda Bommasandra",
                "name_kn": "ದೊದ್ದ ಬೊಮ್ಮಸಂದ್ರ",
                "stop_id": "21902",
                "lat": 13.06016,
                "lon": 77.55878
              },
              {
                "name": "Dodda Bommasandra Arch",
                "name_kn": "ದೊದ್ದ ಬೊಮ್ಮಸಂದ್ರ ರ್ಚ್",
                "stop_id": "21903",
                "lat": 13.05872,
                "lon": 77.55927
              },
              {
                "name": "Nagaland Circle",
                "name_kn": "ನಗಲಂದ್ ಕಿರ್ಕ್ಲೆ",
                "stop_id": "22324",
                "lat": 13.05575,
                "lon": 77.55721
              },
              {
                "name": "BEL Hospital",
                "name_kn": "ಬೆಲ್ ಹೊಸ್ಪಿಟಲ್",
                "stop_id": "21736",
                "lat": 13.05016,
                "lon": 77.55749
              },
              {
                "name": "BEL Circle",
                "name_kn": "ಬೆಲ್ ಕಿರ್ಕ್ಲೆ",
                "stop_id": "20637",
                "lat": 13.0452,
                "lon": 77.55669
              },
              {
                "name": "Gokula",
                "name_kn": "ಗೊಕುಲ",
                "stop_id": "21968",
                "lat": 13.04152,
                "lon": 77.55725
              },
              {
                "name": "Mathikere",
                "name_kn": "ಮತಿಕೆರೆ",
                "stop_id": "22276",
                "lat": 13.03467,
                "lon": 77.55748
              },
              {
                "name": "MS Ramaiah College",
                "name_kn": "ಂಸ್ ರಮೈಹ್ ಕೊಲ್ಲೆಗೆ",
                "stop_id": "22306",
                "lat": 13.02867,
                "lon": 77.56161
              },
              {
                "name": "Diwanarapalya",
                "name_kn": "ದಿವನರಪಲೆ",
                "stop_id": "21899",
                "lat": 13.02677,
                "lon": 77.56181
              },
              {
                "name": "Ayyappa Temple Yeshawanthapura",
                "name_kn": "ಅಯೆಪ್ಪ ಟೆಂಪ್ಲೆ ಯೆಶವಂತಪುರ",
                "stop_id": "21690",
                "lat": 13.02164,
                "lon": 77.56317
              },
              {
                "name": "Yeshawanthapura Tollgate",
                "name_kn": "ಯೆಶವಂತಪುರ ಟೊಲ್ಲ್ಗಟೆ",
                "stop_id": "22647",
                "lat": 13.0179,
                "lon": 77.56099
              },
              {
                "name": "Yeshawanthapura Bus Station",
                "name_kn": "ಯೆಶವಂತಪುರ ಬುಸ್ ಸ್ಟಟಿೊಂ",
                "stop_id": "21288",
                "lat": 13.01801,
                "lon": 77.55662
              },
              {
                "name": "Govt Soap Factory",
                "name_kn": "ಗೊವ್ಟ್ ಸೊಪ್ ೞಕ್ಟೊರೆ",
                "stop_id": "20796",
                "lat": 13.01309,
                "lon": 77.55438
              },
              {
                "name": "Iskcon Temple",
                "name_kn": "ಇಸ್ಕ್ಕೊಂ ಟೆಂಪ್ಲೆ",
                "stop_id": "20859",
                "lat": 13.01174,
                "lon": 77.55174
              },
              {
                "name": "Mahalakshmi Layout Entrance",
                "name_kn": "ಮಹಲಕ್ಷ್ಮಿ ಲಯೌಟ್ ೆಂಟ್ರಂಕೆ",
                "stop_id": "20979",
                "lat": 13.00736,
                "lon": 77.54879
              },
              {
                "name": "1st Block Rajajinagara",
                "name_kn": "1ಸ್ಟ್ ಬ್ಲೊಕ್ಕ್ ರಜಜಿನಗರ",
                "stop_id": "20575",
                "lat": 13.0047,
                "lon": 77.54909
              },
              {
                "name": "Rajajinagara Metro Station",
                "name_kn": "ರಜಜಿನಗರ ಮೆಟ್ರೊ ಸ್ಟಟಿೊಂ",
                "stop_id": "34333",
                "lat": 12.99983,
                "lon": 77.54991
              },
              {
                "name": "Manjunatha Nagara",
                "name_kn": "ಮಞುನತ ನಗರ",
                "stop_id": "20995",
                "lat": 12.99593,
                "lon": 77.55068
              },
              {
                "name": "ESI Hospital Rajajinagara",
                "name_kn": "ಎಸಿ ಹೊಸ್ಪಿಟಲ್ ರಜಜಿನಗರ",
                "stop_id": "21935",
                "lat": 12.99075,
                "lon": 77.55091
              },
              {
                "name": "Dhobi Ghat Rajajinagara",
                "name_kn": "ಧೊಬಿ ಘಟ್ ರಜಜಿನಗರ",
                "stop_id": "21895",
                "lat": 12.98552,
                "lon": 77.54929
              },
              {
                "name": "Industrial Area Rajajinagara",
                "name_kn": "ಇಂದುಸ್ಟ್ರಿಲ್ ರೆ ರಜಜಿನಗರ",
                "stop_id": "22078",
                "lat": 12.98202,
                "lon": 77.54905
              },
              {
                "name": "Aralimara Industrial Area Rajajinagara",
                "name_kn": "ಅರಲಿಮರ ಿಂದುಸ್ಟ್ರಿಲ್ ರೆ ರಜಜಿನಗರ",
                "stop_id": "21654",
                "lat": 12.97858,
                "lon": 77.54902
              },
              {
                "name": "Magadi Road TollGate",
                "name_kn": "ಮಗದಿ ರೊದ್ ಟೊಲ್ಲ್ಗಟೆ",
                "stop_id": "23481",
                "lat": 12.97516,
                "lon": 77.54862
              },
              {
                "name": "Manuvana",
                "name_kn": "ಮನುವನ",
                "stop_id": "20996",
                "lat": 12.97401,
                "lon": 77.54656
              },
              {
                "name": "Vijayanagara Vijaya Bank",
                "name_kn": "ವಿಜಯನಗರ ವಿಜಯ ಬಂಕ್",
                "stop_id": "21269",
                "lat": 12.97359,
                "lon": 77.54155
              },
              {
                "name": "Vijayanagara",
                "name_kn": "ವಿಜಯನಗರ",
                "stop_id": "21623",
                "lat": 12.97197,
                "lon": 77.53786
              },
              {
                "name": "Maruthi Mandira",
                "name_kn": "ಮರುತಿ ಮಂದಿರ",
                "stop_id": "21010",
                "lat": 12.96784,
                "lon": 77.53629
              },
              {
                "name": "Vijayanagara Bus Station",
                "name_kn": "ವಿಜಯನಗರ ಬುಸ್ ಸ್ಟಟಿೊಂ",
                "stop_id": "21267",
                "lat": 12.966,
                "lon": 77.53555
              },
              {
                "name": "Attiguppe",
                "name_kn": "ಅಟಿಗುಪ್ಪೆ",
                "stop_id": "35427",
                "lat": 12.95809,
                "lon": 77.53395
              },
              {
                "name": "Deepanjalinagara",
                "name_kn": "ದೀಪಞಲಿನಗರ",
                "stop_id": "20738",
                "lat": 12.95375,
                "lon": 77.53624
              },
              {
                "name": "BHEL",
                "name_kn": "ಭೆಲ್",
                "stop_id": "20664",
                "lat": 12.94872,
                "lon": 77.53583
              },
              {
                "name": "Mysore Road Metro Station",
                "name_kn": "ಮೆಸೊರೆ ರೊದ್ ಮೆಟ್ರೊ ಸ್ಟಟಿೊಂ",
                "stop_id": "23370",
                "lat": 12.94636,
                "lon": 77.53046
              },
              {
                "name": "Nayandahalli",
                "name_kn": "ನಯಂದಹಲ್ಲಿ",
                "stop_id": "21052",
                "lat": 12.94268,
                "lon": 77.52589
              },
              {
                "name": "BWSSB Quarters Nayandahalli",
                "name_kn": "ಬ್ವ್ಸ್ಸ್ಬ್ qುರ್ಟೆರ್ಸ್ ನಯಂದಹಲ್ಲಿ",
                "stop_id": "20690",
                "lat": 12.94013,
                "lon": 77.52412
              },
              {
                "name": "Rajarajeshwari nagara Gate",
                "name_kn": "ರಜರಜೆಶ್ವರಿ ನಗರ ಗಟೆ",
                "stop_id": "37654",
                "lat": 12.93554,
                "lon": 77.51842
              },
              {
                "name": "RR Nagara Petrol Bunk",
                "name_kn": "ರ್ರ್ ನಗರ ಪೆಟ್ರೊಲ್ ಬುಂಕ್",
                "stop_id": "27673",
                "lat": 12.93275,
                "lon": 77.51626
              },
              {
                "name": "RR School",
                "name_kn": "ರ್ರ್ ಸ್ಚೂಲ್",
                "stop_id": "28066",
                "lat": 12.92776,
                "lon": 77.51413
              },
              {
                "name": "RR Temple",
                "name_kn": "ರ್ರ್ ಟೆಂಪ್ಲೆ",
                "stop_id": "28068",
                "lat": 12.92681,
                "lon": 77.51112
              },
              {
                "name": "Pattanagere Jayanna Circle",
                "name_kn": "ಪಟನಗೆರೆ ಜಯಂನ ಕಿರ್ಕ್ಲೆ",
                "stop_id": "34234",
                "lat": 12.92644,
                "lon": 77.51466
              },
              {
                "name": "Nimishamba Temple",
                "name_kn": "ನಿಮಿಶಂಬ ಟೆಂಪ್ಲೆ",
                "stop_id": "34164",
                "lat": 12.92491,
                "lon": 77.51788
              },
              {
                "name": "Ideal Homes",
                "name_kn": "ಇದೆಲ್ ಹೊಮೆಸ್",
                "stop_id": "26103",
                "lat": 12.92282,
                "lon": 77.51845
              },
              {
                "name": "BEML Complex",
                "name_kn": "ಬೆಂಲ್ ಕೊಂಪ್ಲೆಕ್ಸ್",
                "stop_id": "29870",
                "lat": 12.91968,
                "lon": 77.52026
              },
              {
                "name": "Double Road BEML Layout",
                "name_kn": "ದೌಬ್ಲೆ ರೊದ್ ಬೆಂಲ್ ಲಯೌಟ್",
                "stop_id": "32567",
                "lat": 12.91492,
                "lon": 77.52067
              },
              {
                "name": "BEML Layout 5th stage",
                "name_kn": "ಬೆಂಲ್ ಲಯೌಟ್ 5ತ್ ಸ್ಟಗೆ",
                "stop_id": "29871",
                "lat": 12.90685,
                "lon": 77.52137
              }
            ]
          },
          {
            "Route": "401-B",
            "RouteId": 2576,
            "RouteParentId": 1483,
            "Destination": "Hampinagara RPC Layout",
            "Via": "",
            "Area": "Yelahanka Old Town",
            "PlatformNumber": "1",
            "KannadaDestination": "ಹಂಪಿನಗರ ರ್ಪ್ಕ್ ಲಯೌಟ್",
            "KannadaArea": "ಯಲಹಂಕ ಓಲ್ಡ್ ಟೌನ್",
            "KannadaVia": "",
            "FromStationId": 22640,
            "Stops": [
              {
                "name": "Yelahanka Old Town",
                "name_kn": "ಯೆಲಹಂಕ ೊಲ್ದ್ ಟೌಂ",
                "stop_id": "22640",
                "lat": 13.10091,
                "lon": 77.59436
              },
              {
                "name": "Yelahanka Santhe Circle",
                "name_kn": "ಯೆಲಹಂಕ ಸಂತೆ ಕಿರ್ಕ್ಲೆ",
                "stop_id": "22645",
                "lat": 13.09852,
                "lon": 77.59698
              },
              {
                "name": "NES Office",
                "name_kn": "ನೆಸ್ ೊೞ್ೞಿಕೆ",
                "stop_id": "22356",
                "lat": 13.09766,
                "lon": 77.59166
              },
              {
                "name": "Sheshadripuram College",
                "name_kn": "ಶೆಶದ್ರಿಪುರಂ ಕೊಲ್ಲೆಗೆ",
                "stop_id": "22481",
                "lat": 13.09951,
                "lon": 77.58834
              },
              {
                "name": "Sharavathi Hotel",
                "name_kn": "ಶರವತಿ ಹೊಟೆಲ್",
                "stop_id": "22475",
                "lat": 13.09797,
                "lon": 77.58442
              },
              {
                "name": "Chikka Bommasandra Cross",
                "name_kn": "ಚಿಕ್ಕ ಬೊಮ್ಮಸಂದ್ರ ಕ್ರೊಸ್ಸ್",
                "stop_id": "21834",
                "lat": 13.09353,
                "lon": 77.58251
              },
              {
                "name": "Yelahanka Satellite Town",
                "name_kn": "ಯೆಲಹಂಕ ಸಟೆಲ್ಲಿಟೆ ಟೌಂ",
                "stop_id": "22646",
                "lat": 13.0958,
                "lon": 77.57921
              },
              {
                "name": "Mother Dairy Cross Yelahanka",
                "name_kn": "ಮೊತೆರ್ ದೈರೆ ಕ್ರೊಸ್ಸ್ ಯೆಲಹಂಕ",
                "stop_id": "22299",
                "lat": 13.09934,
                "lon": 77.57717
              },
              {
                "name": "Atturu Layout",
                "name_kn": "ಅಟುರು ಲಯೌಟ್",
                "stop_id": "21675",
                "lat": 13.09774,
                "lon": 77.56766
              },
              {
                "name": "Thirumala Dhaba",
                "name_kn": "ತಿರುಮಲ ಧಬ",
                "stop_id": "22551",
                "lat": 13.09762,
                "lon": 77.563
              },
              {
                "name": "Bettahalli Layout",
                "name_kn": "ಬೆಟಹಲ್ಲಿ ಲಯೌಟ್",
                "stop_id": "21749",
                "lat": 13.0923,
                "lon": 77.55954
              },
              {
                "name": "Chikka Bettahalli",
                "name_kn": "ಚಿಕ್ಕ ಬೆಟಹಲ್ಲಿ",
                "stop_id": "21832",
                "lat": 13.08945,
                "lon": 77.55629
              },
              {
                "name": "Jalli Machine",
                "name_kn": "ಜಲ್ಲಿ ಮಚಿನೆ",
                "stop_id": "22098",
                "lat": 13.08605,
                "lon": 77.5556
              },
              {
                "name": "Vidyaranyapura",
                "name_kn": "ವಿಠೆರನೆಪುರ",
                "stop_id": "22602",
                "lat": 13.08381,
                "lon": 77.56027
              },
              {
                "name": "Durga Parameshwari Temple",
                "name_kn": "ದುರ್ಗ ಪರಮೆಶ್ವರಿ ಟೆಂಪ್ಲೆ",
                "stop_id": "21927",
                "lat": 13.08182,
                "lon": 77.55979
              },
              {
                "name": "Echalamara Vidyaranyapura",
                "name_kn": "ಎಚಲಮರ ವಿಠೆರನೆಪುರ",
                "stop_id": "21930",
                "lat": 13.08005,
                "lon": 77.55933
              },
              {
                "name": "Vidyaranyapura Post Office",
                "name_kn": "ವಿಠೆರನೆಪುರ ಪೊಸ್ಟ್ ೊೞ್ೞಿಕೆ",
                "stop_id": "22399",
                "lat": 13.07654,
                "lon": 77.55829
              },
              {
                "name": "Lakshmi Venkateshwara Temple",
                "name_kn": "ಲಕ್ಷ್ಮಿ ವೆಂಕಟೆಶ್ವರ ಟೆಂಪ್ಲೆ",
                "stop_id": "22218",
                "lat": 13.07443,
                "lon": 77.55743
              },
              {
                "name": "3rd Block Vidyaranyapura",
                "name_kn": "3ರ್ದ್ ಬ್ಲೊಕ್ಕ್ ವಿಠೆರನೆಪುರ",
                "stop_id": "21633",
                "lat": 13.0723,
                "lon": 77.55641
              },
              {
                "name": "Canara Bank Vidyaranyapura",
                "name_kn": "ಕನರ ಬಂಕ್ ವಿಠೆರನೆಪುರ",
                "stop_id": "21804",
                "lat": 13.07171,
                "lon": 77.55609
              },
              {
                "name": "1st Block Vidyaranyapura",
                "name_kn": "1ಸ್ಟ್ ಬ್ಲೊಕ್ಕ್ ವಿಠೆರನೆಪುರ",
                "stop_id": "21631",
                "lat": 13.07024,
                "lon": 77.55543
              },
              {
                "name": "Nanjappa Circle",
                "name_kn": "ನಞಪ್ಪ ಕಿರ್ಕ್ಲೆ",
                "stop_id": "22343",
                "lat": 13.06849,
                "lon": 77.55995
              },
              {
                "name": "Chamundeshwari Layout",
                "name_kn": "ಚಮುಂದೆಶ್ವರಿ ಲಯೌಟ್",
                "stop_id": "21815",
                "lat": 13.06492,
                "lon": 77.55971
              },
              {
                "name": "Dodda Bommasandra",
                "name_kn": "ದೊದ್ದ ಬೊಮ್ಮಸಂದ್ರ",
                "stop_id": "21901",
                "lat": 13.06001,
                "lon": 77.559
              },
              {
                "name": "Dodda Bommasandra Arch",
                "name_kn": "ದೊದ್ದ ಬೊಮ್ಮಸಂದ್ರ ರ್ಚ್",
                "stop_id": "21903",
                "lat": 13.05872,
                "lon": 77.55927
              },
              {
                "name": "Nagaland Circle",
                "name_kn": "ನಗಲಂದ್ ಕಿರ್ಕ್ಲೆ",
                "stop_id": "22324",
                "lat": 13.05575,
                "lon": 77.55721
              },
              {
                "name": "BEL Hospital",
                "name_kn": "ಬೆಲ್ ಹೊಸ್ಪಿಟಲ್",
                "stop_id": "21736",
                "lat": 13.05016,
                "lon": 77.55749
              },
              {
                "name": "BEL Circle",
                "name_kn": "ಬೆಲ್ ಕಿರ್ಕ್ಲೆ",
                "stop_id": "20637",
                "lat": 13.0452,
                "lon": 77.55669
              },
              {
                "name": "Gokula",
                "name_kn": "ಗೊಕುಲ",
                "stop_id": "21968",
                "lat": 13.04152,
                "lon": 77.55725
              },
              {
                "name": "Mathikere",
                "name_kn": "ಮತಿಕೆರೆ",
                "stop_id": "22276",
                "lat": 13.03467,
                "lon": 77.55748
              },
              {
                "name": "MS Ramaiah College",
                "name_kn": "ಂಸ್ ರಮೈಹ್ ಕೊಲ್ಲೆಗೆ",
                "stop_id": "22306",
                "lat": 13.02867,
                "lon": 77.56161
              },
              {
                "name": "Diwanarapalya",
                "name_kn": "ದಿವನರಪಲೆ",
                "stop_id": "21899",
                "lat": 13.02677,
                "lon": 77.56181
              },
              {
                "name": "Ayyappa Temple Yeshawanthapura",
                "name_kn": "ಅಯೆಪ್ಪ ಟೆಂಪ್ಲೆ ಯೆಶವಂತಪುರ",
                "stop_id": "21690",
                "lat": 13.02164,
                "lon": 77.56317
              },
              {
                "name": "Yeshawanthapura Tollgate",
                "name_kn": "ಯೆಶವಂತಪುರ ಟೊಲ್ಲ್ಗಟೆ",
                "stop_id": "22647",
                "lat": 13.0179,
                "lon": 77.56099
              },
              {
                "name": "Yeshawanthapura Bus Station",
                "name_kn": "ಯೆಶವಂತಪುರ ಬುಸ್ ಸ್ಟಟಿೊಂ",
                "stop_id": "21288",
                "lat": 13.01801,
                "lon": 77.55662
              },
              {
                "name": "Govt Soap Factory",
                "name_kn": "ಗೊವ್ಟ್ ಸೊಪ್ ೞಕ್ಟೊರೆ",
                "stop_id": "20796",
                "lat": 13.01309,
                "lon": 77.55438
              },
              {
                "name": "Iskcon Temple",
                "name_kn": "ಇಸ್ಕ್ಕೊಂ ಟೆಂಪ್ಲೆ",
                "stop_id": "20859",
                "lat": 13.01174,
                "lon": 77.55174
              },
              {
                "name": "Mahalakshmi Layout Entrance",
                "name_kn": "ಮಹಲಕ್ಷ್ಮಿ ಲಯೌಟ್ ೆಂಟ್ರಂಕೆ",
                "stop_id": "20979",
                "lat": 13.00736,
                "lon": 77.54879
              },
              {
                "name": "1st Block Rajajinagara",
                "name_kn": "1ಸ್ಟ್ ಬ್ಲೊಕ್ಕ್ ರಜಜಿನಗರ",
                "stop_id": "20575",
                "lat": 13.0047,
                "lon": 77.54909
              },
              {
                "name": "Rajajinagara Metro Station",
                "name_kn": "ರಜಜಿನಗರ ಮೆಟ್ರೊ ಸ್ಟಟಿೊಂ",
                "stop_id": "34333",
                "lat": 12.99983,
                "lon": 77.54991
              },
              {
                "name": "Manjunatha Nagara",
                "name_kn": "ಮಞುನತ ನಗರ",
                "stop_id": "20995",
                "lat": 12.99593,
                "lon": 77.55068
              },
              {
                "name": "ESI Hospital Rajajinagara",
                "name_kn": "ಎಸಿ ಹೊಸ್ಪಿಟಲ್ ರಜಜಿನಗರ",
                "stop_id": "21935",
                "lat": 12.99075,
                "lon": 77.55091
              },
              {
                "name": "Dhobi Ghat Rajajinagara",
                "name_kn": "ಧೊಬಿ ಘಟ್ ರಜಜಿನಗರ",
                "stop_id": "21895",
                "lat": 12.98552,
                "lon": 77.54929
              },
              {
                "name": "Industrial Area Rajajinagara",
                "name_kn": "ಇಂದುಸ್ಟ್ರಿಲ್ ರೆ ರಜಜಿನಗರ",
                "stop_id": "22078",
                "lat": 12.98202,
                "lon": 77.54905
              },
              {
                "name": "Aralimara Industrial Area Rajajinagara",
                "name_kn": "ಅರಲಿಮರ ಿಂದುಸ್ಟ್ರಿಲ್ ರೆ ರಜಜಿನಗರ",
                "stop_id": "21654",
                "lat": 12.97858,
                "lon": 77.54902
              },
              {
                "name": "Magadi Road TollGate",
                "name_kn": "ಮಗದಿ ರೊದ್ ಟೊಲ್ಲ್ಗಟೆ",
                "stop_id": "23481",
                "lat": 12.97516,
                "lon": 77.54862
              },
              {
                "name": "Manuvana",
                "name_kn": "ಮನುವನ",
                "stop_id": "20996",
                "lat": 12.97401,
                "lon": 77.54656
              },
              {
                "name": "Vijayanagara Vijaya Bank",
                "name_kn": "ವಿಜಯನಗರ ವಿಜಯ ಬಂಕ್",
                "stop_id": "21269",
                "lat": 12.97359,
                "lon": 77.54155
              },
              {
                "name": "Vijayanagara",
                "name_kn": "ವಿಜಯನಗರ",
                "stop_id": "21623",
                "lat": 12.97197,
                "lon": 77.53786
              },
              {
                "name": "Maruthi Mandira",
                "name_kn": "ಮರುತಿ ಮಂದಿರ",
                "stop_id": "21010",
                "lat": 12.96784,
                "lon": 77.53629
              },
              {
                "name": "Vijayanagara Bus Station",
                "name_kn": "ವಿಜಯನಗರ ಬುಸ್ ಸ್ಟಟಿೊಂ",
                "stop_id": "21267",
                "lat": 12.966,
                "lon": 77.53555
              },
              {
                "name": "Hampi Nagara Post Office",
                "name_kn": "ಹಂಪಿ ನಗರ ಪೊಸ್ಟ್ ೊೞ್ೞಿಕೆ",
                "stop_id": "22011",
                "lat": 12.96522,
                "lon": 77.53802
              },
              {
                "name": "Hampi Nagara 7th Main",
                "name_kn": "ಹಂಪಿ ನಗರ 7ತ್ ಮೈಂ",
                "stop_id": "22009",
                "lat": 12.96211,
                "lon": 77.53758
              },
              {
                "name": "Hampinagara RPC Layout",
                "name_kn": "ಹಂಪಿನಗರ ರ್ಪ್ಕ್ ಲಯೌಟ್",
                "stop_id": "22013",
                "lat": 12.95872,
                "lon": 77.53575
              }
            ]
          },
          {
            "Route": "401-K",
            "RouteId": 2708,
            "RouteParentId": 1558,
            "Destination": "Kengeri Bus Station",
            "Via": "",
            "Area": "Yelahanka Old Town",
            "PlatformNumber": "1",
            "KannadaDestination": "ಕೆಙೆರಿ ಬುಸ್ ಸ್ಟಟಿೊಂ",
            "KannadaArea": "ಯಲಹಂಕ ಓಲ್ಡ್ ಟೌನ್",
            "KannadaVia": "",
            "FromStationId": 22640,
            "Stops": [
              {
                "name": "Yelahanka Old Town",
                "name_kn": "ಯೆಲಹಂಕ ೊಲ್ದ್ ಟೌಂ",
                "stop_id": "22640",
                "lat": 13.10091,
                "lon": 77.59436
              },
              {
                "name": "Yelahanka Santhe Circle",
                "name_kn": "ಯೆಲಹಂಕ ಸಂತೆ ಕಿರ್ಕ್ಲೆ",
                "stop_id": "22645",
                "lat": 13.09852,
                "lon": 77.59698
              },
              {
                "name": "NES Office",
                "name_kn": "ನೆಸ್ ೊೞ್ೞಿಕೆ",
                "stop_id": "22356",
                "lat": 13.09766,
                "lon": 77.59166
              },
              {
                "name": "Sheshadripuram College",
                "name_kn": "ಶೆಶದ್ರಿಪುರಂ ಕೊಲ್ಲೆಗೆ",
                "stop_id": "22481",
                "lat": 13.09951,
                "lon": 77.58834
              },
              {
                "name": "Sharavathi Hotel",
                "name_kn": "ಶರವತಿ ಹೊಟೆಲ್",
                "stop_id": "22475",
                "lat": 13.09797,
                "lon": 77.58442
              },
              {
                "name": "Chikka Bommasandra Cross",
                "name_kn": "ಚಿಕ್ಕ ಬೊಮ್ಮಸಂದ್ರ ಕ್ರೊಸ್ಸ್",
                "stop_id": "21834",
                "lat": 13.09353,
                "lon": 77.58251
              },
              {
                "name": "Yelahanka Satellite Town",
                "name_kn": "ಯೆಲಹಂಕ ಸಟೆಲ್ಲಿಟೆ ಟೌಂ",
                "stop_id": "22646",
                "lat": 13.0958,
                "lon": 77.57921
              },
              {
                "name": "Mother Dairy Cross Yelahanka",
                "name_kn": "ಮೊತೆರ್ ದೈರೆ ಕ್ರೊಸ್ಸ್ ಯೆಲಹಂಕ",
                "stop_id": "22299",
                "lat": 13.09934,
                "lon": 77.57717
              },
              {
                "name": "Atturu Layout",
                "name_kn": "ಅಟುರು ಲಯೌಟ್",
                "stop_id": "21675",
                "lat": 13.09774,
                "lon": 77.56766
              },
              {
                "name": "Thirumala Dhaba",
                "name_kn": "ತಿರುಮಲ ಧಬ",
                "stop_id": "22551",
                "lat": 13.09762,
                "lon": 77.563
              },
              {
                "name": "Bettahalli Layout",
                "name_kn": "ಬೆಟಹಲ್ಲಿ ಲಯೌಟ್",
                "stop_id": "21749",
                "lat": 13.0923,
                "lon": 77.55954
              },
              {
                "name": "Chikka Bettahalli",
                "name_kn": "ಚಿಕ್ಕ ಬೆಟಹಲ್ಲಿ",
                "stop_id": "21832",
                "lat": 13.08945,
                "lon": 77.55629
              },
              {
                "name": "Jalli Machine",
                "name_kn": "ಜಲ್ಲಿ ಮಚಿನೆ",
                "stop_id": "22098",
                "lat": 13.08605,
                "lon": 77.5556
              },
              {
                "name": "Vidyaranyapura",
                "name_kn": "ವಿಠೆರನೆಪುರ",
                "stop_id": "22602",
                "lat": 13.08381,
                "lon": 77.56027
              },
              {
                "name": "Durga Parameshwari Temple",
                "name_kn": "ದುರ್ಗ ಪರಮೆಶ್ವರಿ ಟೆಂಪ್ಲೆ",
                "stop_id": "21927",
                "lat": 13.08182,
                "lon": 77.55979
              },
              {
                "name": "Echalamara Vidyaranyapura",
                "name_kn": "ಎಚಲಮರ ವಿಠೆರನೆಪುರ",
                "stop_id": "21930",
                "lat": 13.08005,
                "lon": 77.55933
              },
              {
                "name": "Vidyaranyapura Post Office",
                "name_kn": "ವಿಠೆರನೆಪುರ ಪೊಸ್ಟ್ ೊೞ್ೞಿಕೆ",
                "stop_id": "22399",
                "lat": 13.07654,
                "lon": 77.55829
              },
              {
                "name": "Lakshmi Venkateshwara Temple",
                "name_kn": "ಲಕ್ಷ್ಮಿ ವೆಂಕಟೆಶ್ವರ ಟೆಂಪ್ಲೆ",
                "stop_id": "22218",
                "lat": 13.07443,
                "lon": 77.55743
              },
              {
                "name": "3rd Block Vidyaranyapura",
                "name_kn": "3ರ್ದ್ ಬ್ಲೊಕ್ಕ್ ವಿಠೆರನೆಪುರ",
                "stop_id": "21633",
                "lat": 13.0723,
                "lon": 77.55641
              },
              {
                "name": "Canara Bank Vidyaranyapura",
                "name_kn": "ಕನರ ಬಂಕ್ ವಿಠೆರನೆಪುರ",
                "stop_id": "21804",
                "lat": 13.07171,
                "lon": 77.55609
              },
              {
                "name": "1st Block Vidyaranyapura",
                "name_kn": "1ಸ್ಟ್ ಬ್ಲೊಕ್ಕ್ ವಿಠೆರನೆಪುರ",
                "stop_id": "21631",
                "lat": 13.07024,
                "lon": 77.55543
              },
              {
                "name": "Nanjappa Circle",
                "name_kn": "ನಞಪ್ಪ ಕಿರ್ಕ್ಲೆ",
                "stop_id": "22343",
                "lat": 13.06849,
                "lon": 77.55995
              },
              {
                "name": "Chamundeshwari Layout",
                "name_kn": "ಚಮುಂದೆಶ್ವರಿ ಲಯೌಟ್",
                "stop_id": "21815",
                "lat": 13.06492,
                "lon": 77.55971
              },
              {
                "name": "Dodda Bommasandra",
                "name_kn": "ದೊದ್ದ ಬೊಮ್ಮಸಂದ್ರ",
                "stop_id": "21902",
                "lat": 13.06016,
                "lon": 77.55878
              },
              {
                "name": "Dodda Bommasandra Arch",
                "name_kn": "ದೊದ್ದ ಬೊಮ್ಮಸಂದ್ರ ರ್ಚ್",
                "stop_id": "21903",
                "lat": 13.05872,
                "lon": 77.55927
              },
              {
                "name": "Nagaland Circle",
                "name_kn": "ನಗಲಂದ್ ಕಿರ್ಕ್ಲೆ",
                "stop_id": "22324",
                "lat": 13.05575,
                "lon": 77.55721
              },
              {
                "name": "BEL Hospital",
                "name_kn": "ಬೆಲ್ ಹೊಸ್ಪಿಟಲ್",
                "stop_id": "21736",
                "lat": 13.05016,
                "lon": 77.55749
              },
              {
                "name": "BEL Circle",
                "name_kn": "ಬೆಲ್ ಕಿರ್ಕ್ಲೆ",
                "stop_id": "20637",
                "lat": 13.0452,
                "lon": 77.55669
              },
              {
                "name": "Gokula",
                "name_kn": "ಗೊಕುಲ",
                "stop_id": "21968",
                "lat": 13.04152,
                "lon": 77.55725
              },
              {
                "name": "Mathikere",
                "name_kn": "ಮತಿಕೆರೆ",
                "stop_id": "22276",
                "lat": 13.03467,
                "lon": 77.55748
              },
              {
                "name": "MS Ramaiah College",
                "name_kn": "ಂಸ್ ರಮೈಹ್ ಕೊಲ್ಲೆಗೆ",
                "stop_id": "22306",
                "lat": 13.02867,
                "lon": 77.56161
              },
              {
                "name": "Diwanarapalya",
                "name_kn": "ದಿವನರಪಲೆ",
                "stop_id": "21899",
                "lat": 13.02677,
                "lon": 77.56181
              },
              {
                "name": "Ayyappa Temple Yeshawanthapura",
                "name_kn": "ಅಯೆಪ್ಪ ಟೆಂಪ್ಲೆ ಯೆಶವಂತಪುರ",
                "stop_id": "21690",
                "lat": 13.02164,
                "lon": 77.56317
              },
              {
                "name": "Yeshawanthapura Tollgate",
                "name_kn": "ಯೆಶವಂತಪುರ ಟೊಲ್ಲ್ಗಟೆ",
                "stop_id": "22647",
                "lat": 13.0179,
                "lon": 77.56099
              },
              {
                "name": "Yeshawanthapura Bus Station",
                "name_kn": "ಯೆಶವಂತಪುರ ಬುಸ್ ಸ್ಟಟಿೊಂ",
                "stop_id": "21288",
                "lat": 13.01801,
                "lon": 77.55662
              },
              {
                "name": "Govt Soap Factory",
                "name_kn": "ಗೊವ್ಟ್ ಸೊಪ್ ೞಕ್ಟೊರೆ",
                "stop_id": "20796",
                "lat": 13.01309,
                "lon": 77.55438
              },
              {
                "name": "Iskcon Temple",
                "name_kn": "ಇಸ್ಕ್ಕೊಂ ಟೆಂಪ್ಲೆ",
                "stop_id": "20859",
                "lat": 13.01174,
                "lon": 77.55174
              },
              {
                "name": "Mahalakshmi Layout Entrance",
                "name_kn": "ಮಹಲಕ್ಷ್ಮಿ ಲಯೌಟ್ ೆಂಟ್ರಂಕೆ",
                "stop_id": "20979",
                "lat": 13.00736,
                "lon": 77.54879
              },
              {
                "name": "1st Block Rajajinagara",
                "name_kn": "1ಸ್ಟ್ ಬ್ಲೊಕ್ಕ್ ರಜಜಿನಗರ",
                "stop_id": "20575",
                "lat": 13.0047,
                "lon": 77.54909
              },
              {
                "name": "Rajajinagara Metro Station",
                "name_kn": "ರಜಜಿನಗರ ಮೆಟ್ರೊ ಸ್ಟಟಿೊಂ",
                "stop_id": "34333",
                "lat": 12.99983,
                "lon": 77.54991
              },
              {
                "name": "Manjunatha Nagara",
                "name_kn": "ಮಞುನತ ನಗರ",
                "stop_id": "20995",
                "lat": 12.99593,
                "lon": 77.55068
              },
              {
                "name": "ESI Hospital Rajajinagara",
                "name_kn": "ಎಸಿ ಹೊಸ್ಪಿಟಲ್ ರಜಜಿನಗರ",
                "stop_id": "21935",
                "lat": 12.99075,
                "lon": 77.55091
              },
              {
                "name": "Dhobi Ghat Rajajinagara",
                "name_kn": "ಧೊಬಿ ಘಟ್ ರಜಜಿನಗರ",
                "stop_id": "21895",
                "lat": 12.98552,
                "lon": 77.54929
              },
              {
                "name": "Industrial Area Rajajinagara",
                "name_kn": "ಇಂದುಸ್ಟ್ರಿಲ್ ರೆ ರಜಜಿನಗರ",
                "stop_id": "22078",
                "lat": 12.98202,
                "lon": 77.54905
              },
              {
                "name": "Aralimara Industrial Area Rajajinagara",
                "name_kn": "ಅರಲಿಮರ ಿಂದುಸ್ಟ್ರಿಲ್ ರೆ ರಜಜಿನಗರ",
                "stop_id": "21654",
                "lat": 12.97858,
                "lon": 77.54902
              },
              {
                "name": "Magadi Road TollGate",
                "name_kn": "ಮಗದಿ ರೊದ್ ಟೊಲ್ಲ್ಗಟೆ",
                "stop_id": "23481",
                "lat": 12.97516,
                "lon": 77.54862
              },
              {
                "name": "Manuvana",
                "name_kn": "ಮನುವನ",
                "stop_id": "20996",
                "lat": 12.97401,
                "lon": 77.54656
              },
              {
                "name": "Vijayanagara Vijaya Bank",
                "name_kn": "ವಿಜಯನಗರ ವಿಜಯ ಬಂಕ್",
                "stop_id": "21269",
                "lat": 12.97359,
                "lon": 77.54155
              },
              {
                "name": "Vijayanagara",
                "name_kn": "ವಿಜಯನಗರ",
                "stop_id": "35407",
                "lat": 12.97311,
                "lon": 77.53816
              },
              {
                "name": "Govindarajanagara",
                "name_kn": "ಗೊವಿಂದರಜನಗರ",
                "stop_id": "21977",
                "lat": 12.97559,
                "lon": 77.53666
              },
              {
                "name": "Prashanth Nagara",
                "name_kn": "ಪ್ರಶಂತ್ ನಗರ",
                "stop_id": "22405",
                "lat": 12.97562,
                "lon": 77.53124
              },
              {
                "name": "Saraswathi Nagara",
                "name_kn": "ಸರಸ್ವತಿ ನಗರ",
                "stop_id": "28163",
                "lat": 12.9736,
                "lon": 77.53031
              },
              {
                "name": "Priyadarshini Layout",
                "name_kn": "ಪ್ರಿಯದರ್ಶಿನಿ ಲಯೌಟ್",
                "stop_id": "21588",
                "lat": 12.97128,
                "lon": 77.52681
              },
              {
                "name": "Moodalapalya",
                "name_kn": "ಮೂದಲಪಲೆ",
                "stop_id": "22296",
                "lat": 12.97071,
                "lon": 77.52499
              },
              {
                "name": "Kalyananagara",
                "name_kn": "ಕಲೆನನಗರ",
                "stop_id": "22139",
                "lat": 12.96753,
                "lon": 77.52388
              },
              {
                "name": "Byraveshwaranagara",
                "name_kn": "ಬೆರವೆಶ್ವರನಗರ",
                "stop_id": "21798",
                "lat": 12.96519,
                "lon": 77.52334
              },
              {
                "name": "Maruthi Nagara",
                "name_kn": "ಮರುತಿ ನಗರ",
                "stop_id": "22268",
                "lat": 12.96176,
                "lon": 77.52189
              },
              {
                "name": "Nagarabhavi Circle",
                "name_kn": "ನಗರಭವಿ ಕಿರ್ಕ್ಲೆ",
                "stop_id": "35384",
                "lat": 12.95829,
                "lon": 77.5189
              },
              {
                "name": "Manasa Nagara",
                "name_kn": "ಮನಸ ನಗರ",
                "stop_id": "22249",
                "lat": 12.95881,
                "lon": 77.51683
              },
              {
                "name": "12th Block Nagarabhavi",
                "name_kn": "12ತ್ ಬ್ಲೊಕ್ಕ್ ನಗರಭವಿ",
                "stop_id": "21629",
                "lat": 12.96018,
                "lon": 77.51398
              },
              {
                "name": "NGEF Layout Nagarabhavi",
                "name_kn": "ಙೆೞ್ ಲಯೌಟ್ ನಗರಭವಿ",
                "stop_id": "21581",
                "lat": 12.96097,
                "lon": 77.50983
              },
              {
                "name": "Vinayaka Layout Nagarabhavi",
                "name_kn": "ವಿನಯಕ ಲಯೌಟ್ ನಗರಭವಿ",
                "stop_id": "21624",
                "lat": 12.96069,
                "lon": 77.50759
              },
              {
                "name": "Kengunte Circle (IIPM)",
                "name_kn": "ಕೆಙುಂಟೆ ಕಿರ್ಕ್ಲೆ (ೀಪ್ಂ)",
                "stop_id": "22169",
                "lat": 12.96045,
                "lon": 77.50441
              },
              {
                "name": "Mallathahalli Cross",
                "name_kn": "ಮಲ್ಲತಹಲ್ಲಿ ಕ್ರೊಸ್ಸ್",
                "stop_id": "22244",
                "lat": 12.9575,
                "lon": 77.50327
              },
              {
                "name": "Bengaluru University Quarters",
                "name_kn": "ಬೆಙಲುರು ುನಿವೆರ್ಸಿಟೆ qುರ್ಟೆರ್ಸ್",
                "stop_id": "21748",
                "lat": 12.95176,
                "lon": 77.49972
              },
              {
                "name": "PVP School",
                "name_kn": "ಪ್ವ್ಪ್ ಸ್ಚೂಲ್",
                "stop_id": "22406",
                "lat": 12.94825,
                "lon": 77.49711
              },
              {
                "name": "Mariyappanapalya",
                "name_kn": "ಮರಿಯಪ್ಪನಪಲೆ",
                "stop_id": "22264",
                "lat": 12.94522,
                "lon": 77.49553
              },
              {
                "name": "Kenchanapura Cross",
                "name_kn": "ಕೆಂಚನಪುರ ಕ್ರೊಸ್ಸ್",
                "stop_id": "22161",
                "lat": 12.94172,
                "lon": 77.49363
              },
              {
                "name": "Nagadevanahalli",
                "name_kn": "ನಗದೆವನಹಲ್ಲಿ",
                "stop_id": "22322",
                "lat": 12.93588,
                "lon": 77.49244
              },
              {
                "name": "Shirke KHB Quarters",
                "name_kn": "ಶಿರ್ಕೆ ಖ್ಬ್ qುರ್ಟೆರ್ಸ್",
                "stop_id": "22664",
                "lat": 12.93192,
                "lon": 77.48786
              },
              {
                "name": "Kengeri Church",
                "name_kn": "ಕೆಙೆರಿ ಚುರ್ಚ್",
                "stop_id": "20924",
                "lat": 12.92869,
                "lon": 77.48677
              },
              {
                "name": "Kengeri Satellite Town",
                "name_kn": "ಕೆಙೆರಿ ಸಟೆಲ್ಲಿಟೆ ಟೌಂ",
                "stop_id": "22168",
                "lat": 12.92355,
                "lon": 77.48485
              },
              {
                "name": "Kengeri Railway Station",
                "name_kn": "ಕೆಙೆರಿ ರೈಲ್ವಯ್ ಸ್ಟಟಿೊಂ",
                "stop_id": "21111",
                "lat": 12.91692,
                "lon": 77.48242
              },
              {
                "name": "Kengeri Post Office",
                "name_kn": "ಕೆಙೆರಿ ಪೊಸ್ಟ್ ೊೞ್ೞಿಕೆ",
                "stop_id": "22166",
                "lat": 12.9155,
                "lon": 77.48189
              },
              {
                "name": "Kommaghatta Junction",
                "name_kn": "ಕೊಮ್ಮಘಟ ಜುಂಕ್ಟಿೊಂ",
                "stop_id": "20883",
                "lat": 12.91444,
                "lon": 77.48149
              },
              {
                "name": "Kengeri Ganesha Temple",
                "name_kn": "ಕೆಙೆರಿ ಗನೆಶ ಟೆಂಪ್ಲೆ",
                "stop_id": "20781",
                "lat": 12.91143,
                "lon": 77.48037
              },
              {
                "name": "Kengeri Police Station",
                "name_kn": "ಕೆಙೆರಿ ಪೊಲಿಕೆ ಸ್ಟಟಿೊಂ",
                "stop_id": "21095",
                "lat": 12.91044,
                "lon": 77.48206
              },
              {
                "name": "Kengeri Bus Station",
                "name_kn": "ಕೆಙೆರಿ ಬುಸ್ ಸ್ಟಟಿೊಂ",
                "stop_id": "20925",
                "lat": 12.91379,
                "lon": 77.4871
              }
            ]
          },
          {
            "Route": "401-BB",
            "RouteId": 5691,
            "RouteParentId": 3089,
            "Destination": "Mysore Road Bus Station",
            "Via": "",
            "Area": "Yelahanka Old Town",
            "PlatformNumber": "1",
            "KannadaDestination": "ಮೆಸೊರೆ ರೊದ್ ಬುಸ್ ಸ್ಟಟಿೊಂ",
            "KannadaArea": "ಯಲಹಂಕ ಓಲ್ಡ್ ಟೌನ್",
            "KannadaVia": "",
            "FromStationId": 22640,
            "Stops": [
              {
                "name": "Yelahanka Old Town",
                "name_kn": "ಯೆಲಹಂಕ ೊಲ್ದ್ ಟೌಂ",
                "stop_id": "22640",
                "lat": 13.10091,
                "lon": 77.59436
              },
              {
                "name": "Yelahanka Santhe Circle",
                "name_kn": "ಯೆಲಹಂಕ ಸಂತೆ ಕಿರ್ಕ್ಲೆ",
                "stop_id": "22645",
                "lat": 13.09852,
                "lon": 77.59698
              },
              {
                "name": "NES Office",
                "name_kn": "ನೆಸ್ ೊೞ್ೞಿಕೆ",
                "stop_id": "22356",
                "lat": 13.09766,
                "lon": 77.59166
              },
              {
                "name": "Sheshadripuram College",
                "name_kn": "ಶೆಶದ್ರಿಪುರಂ ಕೊಲ್ಲೆಗೆ",
                "stop_id": "22481",
                "lat": 13.09951,
                "lon": 77.58834
              },
              {
                "name": "Sharavathi Hotel",
                "name_kn": "ಶರವತಿ ಹೊಟೆಲ್",
                "stop_id": "22475",
                "lat": 13.09797,
                "lon": 77.58442
              },
              {
                "name": "Chikka Bommasandra Cross",
                "name_kn": "ಚಿಕ್ಕ ಬೊಮ್ಮಸಂದ್ರ ಕ್ರೊಸ್ಸ್",
                "stop_id": "21834",
                "lat": 13.09353,
                "lon": 77.58251
              },
              {
                "name": "Yelahanka Satellite Town",
                "name_kn": "ಯೆಲಹಂಕ ಸಟೆಲ್ಲಿಟೆ ಟೌಂ",
                "stop_id": "22646",
                "lat": 13.0958,
                "lon": 77.57921
              },
              {
                "name": "Mother Dairy Cross Yelahanka",
                "name_kn": "ಮೊತೆರ್ ದೈರೆ ಕ್ರೊಸ್ಸ್ ಯೆಲಹಂಕ",
                "stop_id": "22299",
                "lat": 13.09934,
                "lon": 77.57717
              },
              {
                "name": "Atturu Layout",
                "name_kn": "ಅಟುರು ಲಯೌಟ್",
                "stop_id": "21675",
                "lat": 13.09774,
                "lon": 77.56766
              },
              {
                "name": "Thirumala Dhaba",
                "name_kn": "ತಿರುಮಲ ಧಬ",
                "stop_id": "22551",
                "lat": 13.09762,
                "lon": 77.563
              },
              {
                "name": "Bettahalli Layout",
                "name_kn": "ಬೆಟಹಲ್ಲಿ ಲಯೌಟ್",
                "stop_id": "21749",
                "lat": 13.0923,
                "lon": 77.55954
              },
              {
                "name": "Chikka Bettahalli",
                "name_kn": "ಚಿಕ್ಕ ಬೆಟಹಲ್ಲಿ",
                "stop_id": "21832",
                "lat": 13.08945,
                "lon": 77.55629
              },
              {
                "name": "Jalli Machine",
                "name_kn": "ಜಲ್ಲಿ ಮಚಿನೆ",
                "stop_id": "22098",
                "lat": 13.08605,
                "lon": 77.5556
              },
              {
                "name": "Vidyaranyapura",
                "name_kn": "ವಿಠೆರನೆಪುರ",
                "stop_id": "22602",
                "lat": 13.08381,
                "lon": 77.56027
              },
              {
                "name": "Durga Parameshwari Temple",
                "name_kn": "ದುರ್ಗ ಪರಮೆಶ್ವರಿ ಟೆಂಪ್ಲೆ",
                "stop_id": "21927",
                "lat": 13.08182,
                "lon": 77.55979
              },
              {
                "name": "Echalamara Vidyaranyapura",
                "name_kn": "ಎಚಲಮರ ವಿಠೆರನೆಪುರ",
                "stop_id": "21930",
                "lat": 13.08005,
                "lon": 77.55933
              },
              {
                "name": "Vidyaranyapura Post Office",
                "name_kn": "ವಿಠೆರನೆಪುರ ಪೊಸ್ಟ್ ೊೞ್ೞಿಕೆ",
                "stop_id": "22399",
                "lat": 13.07654,
                "lon": 77.55829
              },
              {
                "name": "Lakshmi Venkateshwara Temple",
                "name_kn": "ಲಕ್ಷ್ಮಿ ವೆಂಕಟೆಶ್ವರ ಟೆಂಪ್ಲೆ",
                "stop_id": "22218",
                "lat": 13.07443,
                "lon": 77.55743
              },
              {
                "name": "3rd Block Vidyaranyapura",
                "name_kn": "3ರ್ದ್ ಬ್ಲೊಕ್ಕ್ ವಿಠೆರನೆಪುರ",
                "stop_id": "21633",
                "lat": 13.0723,
                "lon": 77.55641
              },
              {
                "name": "Canara Bank Vidyaranyapura",
                "name_kn": "ಕನರ ಬಂಕ್ ವಿಠೆರನೆಪುರ",
                "stop_id": "21804",
                "lat": 13.07171,
                "lon": 77.55609
              },
              {
                "name": "1st Block Vidyaranyapura",
                "name_kn": "1ಸ್ಟ್ ಬ್ಲೊಕ್ಕ್ ವಿಠೆರನೆಪುರ",
                "stop_id": "21631",
                "lat": 13.07024,
                "lon": 77.55543
              },
              {
                "name": "Nanjappa Circle",
                "name_kn": "ನಞಪ್ಪ ಕಿರ್ಕ್ಲೆ",
                "stop_id": "22343",
                "lat": 13.06849,
                "lon": 77.55995
              },
              {
                "name": "Chamundeshwari Layout",
                "name_kn": "ಚಮುಂದೆಶ್ವರಿ ಲಯೌಟ್",
                "stop_id": "21815",
                "lat": 13.06492,
                "lon": 77.55971
              },
              {
                "name": "Dodda Bommasandra",
                "name_kn": "ದೊದ್ದ ಬೊಮ್ಮಸಂದ್ರ",
                "stop_id": "21902",
                "lat": 13.06016,
                "lon": 77.55878
              },
              {
                "name": "Dodda Bommasandra Arch",
                "name_kn": "ದೊದ್ದ ಬೊಮ್ಮಸಂದ್ರ ರ್ಚ್",
                "stop_id": "21903",
                "lat": 13.05872,
                "lon": 77.55927
              },
              {
                "name": "Nagaland Circle",
                "name_kn": "ನಗಲಂದ್ ಕಿರ್ಕ್ಲೆ",
                "stop_id": "22324",
                "lat": 13.05575,
                "lon": 77.55721
              },
              {
                "name": "BEL Hospital",
                "name_kn": "ಬೆಲ್ ಹೊಸ್ಪಿಟಲ್",
                "stop_id": "21736",
                "lat": 13.05016,
                "lon": 77.55749
              },
              {
                "name": "BEL Circle",
                "name_kn": "ಬೆಲ್ ಕಿರ್ಕ್ಲೆ",
                "stop_id": "20637",
                "lat": 13.0452,
                "lon": 77.55669
              },
              {
                "name": "Gokula",
                "name_kn": "ಗೊಕುಲ",
                "stop_id": "21968",
                "lat": 13.04152,
                "lon": 77.55725
              },
              {
                "name": "Mathikere",
                "name_kn": "ಮತಿಕೆರೆ",
                "stop_id": "22276",
                "lat": 13.03467,
                "lon": 77.55748
              },
              {
                "name": "MS Ramaiah College",
                "name_kn": "ಂಸ್ ರಮೈಹ್ ಕೊಲ್ಲೆಗೆ",
                "stop_id": "22306",
                "lat": 13.02867,
                "lon": 77.56161
              },
              {
                "name": "Diwanarapalya",
                "name_kn": "ದಿವನರಪಲೆ",
                "stop_id": "21899",
                "lat": 13.02677,
                "lon": 77.56181
              },
              {
                "name": "Ayyappa Temple Yeshawanthapura",
                "name_kn": "ಅಯೆಪ್ಪ ಟೆಂಪ್ಲೆ ಯೆಶವಂತಪುರ",
                "stop_id": "21690",
                "lat": 13.02164,
                "lon": 77.56317
              },
              {
                "name": "Yeshawanthapura Tollgate",
                "name_kn": "ಯೆಶವಂತಪುರ ಟೊಲ್ಲ್ಗಟೆ",
                "stop_id": "22647",
                "lat": 13.0179,
                "lon": 77.56099
              },
              {
                "name": "Yeshawanthapura Bus Station",
                "name_kn": "ಯೆಶವಂತಪುರ ಬುಸ್ ಸ್ಟಟಿೊಂ",
                "stop_id": "21288",
                "lat": 13.01801,
                "lon": 77.55662
              },
              {
                "name": "Govt Soap Factory",
                "name_kn": "ಗೊವ್ಟ್ ಸೊಪ್ ೞಕ್ಟೊರೆ",
                "stop_id": "20796",
                "lat": 13.01309,
                "lon": 77.55438
              },
              {
                "name": "Iskcon Temple",
                "name_kn": "ಇಸ್ಕ್ಕೊಂ ಟೆಂಪ್ಲೆ",
                "stop_id": "20859",
                "lat": 13.01174,
                "lon": 77.55174
              },
              {
                "name": "Mahalakshmi Layout Entrance",
                "name_kn": "ಮಹಲಕ್ಷ್ಮಿ ಲಯೌಟ್ ೆಂಟ್ರಂಕೆ",
                "stop_id": "20979",
                "lat": 13.00736,
                "lon": 77.54879
              },
              {
                "name": "1st Block Rajajinagara",
                "name_kn": "1ಸ್ಟ್ ಬ್ಲೊಕ್ಕ್ ರಜಜಿನಗರ",
                "stop_id": "20575",
                "lat": 13.0047,
                "lon": 77.54909
              },
              {
                "name": "Rajajinagara Metro Station",
                "name_kn": "ರಜಜಿನಗರ ಮೆಟ್ರೊ ಸ್ಟಟಿೊಂ",
                "stop_id": "34333",
                "lat": 12.99983,
                "lon": 77.54991
              },
              {
                "name": "Manjunatha Nagara",
                "name_kn": "ಮಞುನತ ನಗರ",
                "stop_id": "20995",
                "lat": 12.99593,
                "lon": 77.55068
              },
              {
                "name": "ESI Hospital Rajajinagara",
                "name_kn": "ಎಸಿ ಹೊಸ್ಪಿಟಲ್ ರಜಜಿನಗರ",
                "stop_id": "21935",
                "lat": 12.99075,
                "lon": 77.55091
              },
              {
                "name": "Dhobi Ghat Rajajinagara",
                "name_kn": "ಧೊಬಿ ಘಟ್ ರಜಜಿನಗರ",
                "stop_id": "21895",
                "lat": 12.98552,
                "lon": 77.54929
              },
              {
                "name": "Industrial Area Rajajinagara",
                "name_kn": "ಇಂದುಸ್ಟ್ರಿಲ್ ರೆ ರಜಜಿನಗರ",
                "stop_id": "22078",
                "lat": 12.98202,
                "lon": 77.54905
              },
              {
                "name": "Aralimara Industrial Area Rajajinagara",
                "name_kn": "ಅರಲಿಮರ ಿಂದುಸ್ಟ್ರಿಲ್ ರೆ ರಜಜಿನಗರ",
                "stop_id": "21654",
                "lat": 12.97858,
                "lon": 77.54902
              },
              {
                "name": "Magadi Road TollGate",
                "name_kn": "ಮಗದಿ ರೊದ್ ಟೊಲ್ಲ್ಗಟೆ",
                "stop_id": "23481",
                "lat": 12.97516,
                "lon": 77.54862
              },
              {
                "name": "Manuvana",
                "name_kn": "ಮನುವನ",
                "stop_id": "20996",
                "lat": 12.97401,
                "lon": 77.54656
              },
              {
                "name": "Vijayanagara Vijaya Bank",
                "name_kn": "ವಿಜಯನಗರ ವಿಜಯ ಬಂಕ್",
                "stop_id": "21269",
                "lat": 12.97359,
                "lon": 77.54155
              },
              {
                "name": "Vijayanagara",
                "name_kn": "ವಿಜಯನಗರ",
                "stop_id": "21623",
                "lat": 12.97197,
                "lon": 77.53786
              },
              {
                "name": "Maruthi Mandira",
                "name_kn": "ಮರುತಿ ಮಂದಿರ",
                "stop_id": "21010",
                "lat": 12.96784,
                "lon": 77.53629
              },
              {
                "name": "Vijayanagara Bus Station",
                "name_kn": "ವಿಜಯನಗರ ಬುಸ್ ಸ್ಟಟಿೊಂ",
                "stop_id": "21267",
                "lat": 12.966,
                "lon": 77.53555
              },
              {
                "name": "Attiguppe",
                "name_kn": "ಅಟಿಗುಪ್ಪೆ",
                "stop_id": "35427",
                "lat": 12.95809,
                "lon": 77.53395
              },
              {
                "name": "Deepanjalinagara",
                "name_kn": "ದೀಪಞಲಿನಗರ",
                "stop_id": "20738",
                "lat": 12.95375,
                "lon": 77.53624
              },
              {
                "name": "Mysore Road Bus Station",
                "name_kn": "ಮೆಸೊರೆ ರೊದ್ ಬುಸ್ ಸ್ಟಟಿೊಂ",
                "stop_id": "21042",
                "lat": 12.9536,
                "lon": 77.54378
              }
            ]
          },
          {
            "Route": "401-AM",
            "RouteId": 2475,
            "RouteParentId": 1427,
            "Destination": "Peenya 2nd Stage",
            "Via": "",
            "Area": "Devanahalli Old Bus Stand",
            "PlatformNumber": "1",
            "KannadaDestination": "ಪೀನೆ 2ಂದ್ ಸ್ಟಗೆ",
            "KannadaArea": "ದೇವನಹಳ್ಳಿ ಹಳೆ ಬಸ್‌ ನಿಲ್ದಾಣ",
            "KannadaVia": "",
            "FromStationId": 22645,
            "Stops": [
              {
                "name": "Yelahanka Santhe Circle",
                "name_kn": "ಯೆಲಹಂಕ ಸಂತೆ ಕಿರ್ಕ್ಲೆ",
                "stop_id": "22645",
                "lat": 13.09852,
                "lon": 77.59698
              },
              {
                "name": "NES Office",
                "name_kn": "ನೆಸ್ ೊೞ್ೞಿಕೆ",
                "stop_id": "22356",
                "lat": 13.09766,
                "lon": 77.59166
              },
              {
                "name": "Sheshadripuram College",
                "name_kn": "ಶೆಶದ್ರಿಪುರಂ ಕೊಲ್ಲೆಗೆ",
                "stop_id": "22481",
                "lat": 13.09951,
                "lon": 77.58834
              },
              {
                "name": "Sharavathi Hotel",
                "name_kn": "ಶರವತಿ ಹೊಟೆಲ್",
                "stop_id": "22475",
                "lat": 13.09797,
                "lon": 77.58442
              },
              {
                "name": "Chikka Bommasandra Cross",
                "name_kn": "ಚಿಕ್ಕ ಬೊಮ್ಮಸಂದ್ರ ಕ್ರೊಸ್ಸ್",
                "stop_id": "21834",
                "lat": 13.09353,
                "lon": 77.58251
              },
              {
                "name": "Yelahanka Satellite Town",
                "name_kn": "ಯೆಲಹಂಕ ಸಟೆಲ್ಲಿಟೆ ಟೌಂ",
                "stop_id": "22646",
                "lat": 13.0958,
                "lon": 77.57921
              },
              {
                "name": "Mother Dairy Cross Yelahanka",
                "name_kn": "ಮೊತೆರ್ ದೈರೆ ಕ್ರೊಸ್ಸ್ ಯೆಲಹಂಕ",
                "stop_id": "22299",
                "lat": 13.09934,
                "lon": 77.57717
              },
              {
                "name": "Atturu Layout",
                "name_kn": "ಅಟುರು ಲಯೌಟ್",
                "stop_id": "21675",
                "lat": 13.09774,
                "lon": 77.56766
              },
              {
                "name": "Thirumala Dhaba",
                "name_kn": "ತಿರುಮಲ ಧಬ",
                "stop_id": "22551",
                "lat": 13.09762,
                "lon": 77.563
              },
              {
                "name": "Bettahalli Layout",
                "name_kn": "ಬೆಟಹಲ್ಲಿ ಲಯೌಟ್",
                "stop_id": "21749",
                "lat": 13.0923,
                "lon": 77.55954
              },
              {
                "name": "Chikka Bettahalli",
                "name_kn": "ಚಿಕ್ಕ ಬೆಟಹಲ್ಲಿ",
                "stop_id": "21832",
                "lat": 13.08945,
                "lon": 77.55629
              },
              {
                "name": "Jalli Machine",
                "name_kn": "ಜಲ್ಲಿ ಮಚಿನೆ",
                "stop_id": "22096",
                "lat": 13.08601,
                "lon": 77.55551
              },
              {
                "name": "Depot-45 Gate",
                "name_kn": "ದೆಪೊಟ್-45 ಗಟೆ",
                "stop_id": "36327",
                "lat": 13.0829,
                "lon": 77.55072
              },
              {
                "name": "MS Palya",
                "name_kn": "ಂಸ್ ಪಲೆ",
                "stop_id": "33957",
                "lat": 13.08145,
                "lon": 77.54831
              },
              {
                "name": "SBI Bank",
                "name_kn": "ಸ್ಬಿ ಬಂಕ್",
                "stop_id": "22467",
                "lat": 13.07239,
                "lon": 77.54625
              },
              {
                "name": "Jalahalli East",
                "name_kn": "ಜಲಹಲ್ಲಿ ೆಸ್ಟ್",
                "stop_id": "22092",
                "lat": 13.06759,
                "lon": 77.54464
              },
              {
                "name": "Kendriya Vidyalaya",
                "name_kn": "ಕೆಂದ್ರಿಯ ವಿಠೆಲಯ",
                "stop_id": "22163",
                "lat": 13.06556,
                "lon": 77.54428
              },
              {
                "name": "Gangamma Circle",
                "name_kn": "ಗಙಮ್ಮ ಕಿರ್ಕ್ಲೆ",
                "stop_id": "21946",
                "lat": 13.05663,
                "lon": 77.54672
              },
              {
                "name": "Fathima Church",
                "name_kn": "ೞತಿಮ ಚುರ್ಚ್",
                "stop_id": "21940",
                "lat": 13.05474,
                "lon": 77.54148
              },
              {
                "name": "Kammagondanahalli Bridge",
                "name_kn": "ಕಮ್ಮಗೊಂದನಹಲ್ಲಿ ಬ್ರಿದ್ಗೆ",
                "stop_id": "22144",
                "lat": 13.05486,
                "lon": 77.53482
              },
              {
                "name": "IAF Jalahalli",
                "name_kn": "ಇೞ್ ಜಲಹಲ್ಲಿ",
                "stop_id": "22065",
                "lat": 13.0536,
                "lon": 77.5308
              },
              {
                "name": "Shettyhalli Cross",
                "name_kn": "ಶೆಟೆಹಲ್ಲಿ ಕ್ರೊಸ್ಸ್",
                "stop_id": "22483",
                "lat": 13.05024,
                "lon": 77.52568
              },
              {
                "name": "Ayyappa Temple Jalahalli Cross",
                "name_kn": "ಅಯೆಪ್ಪ ಟೆಂಪ್ಲೆ ಜಲಹಲ್ಲಿ ಕ್ರೊಸ್ಸ್",
                "stop_id": "21688",
                "lat": 13.04623,
                "lon": 77.52243
              },
              {
                "name": "Jalahalli Cross",
                "name_kn": "ಜಲಹಲ್ಲಿ ಕ್ರೊಸ್ಸ್",
                "stop_id": "20870",
                "lat": 13.03959,
                "lon": 77.51839
              },
              {
                "name": "Systems Peenya",
                "name_kn": "ಶೆಸ್ಟೆಂಸ್ ಪೀನೆ",
                "stop_id": "21210",
                "lat": 13.03506,
                "lon": 77.51806
              },
              {
                "name": "TVS Cross Peenya",
                "name_kn": "ಟ್ವ್ಸ್ ಕ್ರೊಸ್ಸ್ ಪೀನೆ",
                "stop_id": "21237",
                "lat": 13.02835,
                "lon": 77.51953
              },
              {
                "name": "Rolling Mill",
                "name_kn": "ರೊಲ್ಲಿಙ್ ಮಿಲ್ಲ್",
                "stop_id": "21137",
                "lat": 13.02648,
                "lon": 77.51478
              },
              {
                "name": "NTTF Peenya",
                "name_kn": "ಂಟ್ೞ್ ಪೀನೆ",
                "stop_id": "21069",
                "lat": 13.02461,
                "lon": 77.51099
              },
              {
                "name": "Brundavana Peenya",
                "name_kn": "ಬ್ರುಂದವನ ಪೀನೆ",
                "stop_id": "20685",
                "lat": 13.0204,
                "lon": 77.50815
              },
              {
                "name": "Peenya 14th cross",
                "name_kn": "ಪೀನೆ 14ತ್ ಕ್ರೊಸ್ಸ್",
                "stop_id": "20567",
                "lat": 13.01646,
                "lon": 77.50566
              },
              {
                "name": "Rajagopalanagara",
                "name_kn": "ರಜಗೊಪಲನಗರ",
                "stop_id": "21114",
                "lat": 13.01368,
                "lon": 77.50881
              },
              {
                "name": "Peenya 2nd Stage",
                "name_kn": "ಪೀನೆ 2ಂದ್ ಸ್ಟಗೆ",
                "stop_id": "21080",
                "lat": 13.01092,
                "lon": 77.50683
              }
            ]
          },
          {
            "Route": "401-BJ",
            "RouteId": 5695,
            "RouteParentId": 3092,
            "Destination": "Jalahalli Cross",
            "Via": "",
            "Area": "Bagalur",
            "PlatformNumber": "1",
            "KannadaDestination": "ಜಲಹಲ್ಲಿ ಕ್ರೊಸ್ಸ್",
            "KannadaArea": "ಬಾಗಲೂರು",
            "KannadaVia": "",
            "FromStationId": 22645,
            "Stops": [
              {
                "name": "Yelahanka Santhe Circle",
                "name_kn": "ಯೆಲಹಂಕ ಸಂತೆ ಕಿರ್ಕ್ಲೆ",
                "stop_id": "22645",
                "lat": 13.09852,
                "lon": 77.59698
              },
              {
                "name": "NES Office",
                "name_kn": "ನೆಸ್ ೊೞ್ೞಿಕೆ",
                "stop_id": "22356",
                "lat": 13.09766,
                "lon": 77.59166
              },
              {
                "name": "Sheshadripuram College",
                "name_kn": "ಶೆಶದ್ರಿಪುರಂ ಕೊಲ್ಲೆಗೆ",
                "stop_id": "22481",
                "lat": 13.09951,
                "lon": 77.58834
              },
              {
                "name": "Sharavathi Hotel",
                "name_kn": "ಶರವತಿ ಹೊಟೆಲ್",
                "stop_id": "22475",
                "lat": 13.09797,
                "lon": 77.58442
              },
              {
                "name": "Chikka Bommasandra Cross",
                "name_kn": "ಚಿಕ್ಕ ಬೊಮ್ಮಸಂದ್ರ ಕ್ರೊಸ್ಸ್",
                "stop_id": "21834",
                "lat": 13.09353,
                "lon": 77.58251
              },
              {
                "name": "Yelahanka Satellite Town",
                "name_kn": "ಯೆಲಹಂಕ ಸಟೆಲ್ಲಿಟೆ ಟೌಂ",
                "stop_id": "22646",
                "lat": 13.0958,
                "lon": 77.57921
              },
              {
                "name": "Mother Dairy Cross Yelahanka",
                "name_kn": "ಮೊತೆರ್ ದೈರೆ ಕ್ರೊಸ್ಸ್ ಯೆಲಹಂಕ",
                "stop_id": "22299",
                "lat": 13.09934,
                "lon": 77.57717
              },
              {
                "name": "Mother Dairy Yelahanka",
                "name_kn": "ಮೊತೆರ್ ದೈರೆ ಯೆಲಹಂಕ",
                "stop_id": "33952",
                "lat": 13.09883,
                "lon": 77.57476
              },
              {
                "name": "Atturu Layout",
                "name_kn": "ಅಟುರು ಲಯೌಟ್",
                "stop_id": "21675",
                "lat": 13.09774,
                "lon": 77.56766
              },
              {
                "name": "Thirumala Dhaba",
                "name_kn": "ತಿರುಮಲ ಧಬ",
                "stop_id": "22551",
                "lat": 13.09762,
                "lon": 77.563
              },
              {
                "name": "Bettahalli Layout",
                "name_kn": "ಬೆಟಹಲ್ಲಿ ಲಯೌಟ್",
                "stop_id": "21749",
                "lat": 13.0923,
                "lon": 77.55954
              },
              {
                "name": "Chikka Bettahalli",
                "name_kn": "ಚಿಕ್ಕ ಬೆಟಹಲ್ಲಿ",
                "stop_id": "21832",
                "lat": 13.08945,
                "lon": 77.55629
              },
              {
                "name": "Jalli Machine",
                "name_kn": "ಜಲ್ಲಿ ಮಚಿನೆ",
                "stop_id": "22096",
                "lat": 13.08601,
                "lon": 77.55551
              },
              {
                "name": "Depot-45 Gate",
                "name_kn": "ದೆಪೊಟ್-45 ಗಟೆ",
                "stop_id": "36327",
                "lat": 13.0829,
                "lon": 77.55072
              },
              {
                "name": "MS Palya",
                "name_kn": "ಂಸ್ ಪಲೆ",
                "stop_id": "33957",
                "lat": 13.08145,
                "lon": 77.54831
              },
              {
                "name": "SBI Bank",
                "name_kn": "ಸ್ಬಿ ಬಂಕ್",
                "stop_id": "22467",
                "lat": 13.07239,
                "lon": 77.54625
              },
              {
                "name": "Jalahalli East",
                "name_kn": "ಜಲಹಲ್ಲಿ ೆಸ್ಟ್",
                "stop_id": "22092",
                "lat": 13.06759,
                "lon": 77.54464
              },
              {
                "name": "Kendriya Vidyalaya",
                "name_kn": "ಕೆಂದ್ರಿಯ ವಿಠೆಲಯ",
                "stop_id": "22163",
                "lat": 13.06556,
                "lon": 77.54428
              },
              {
                "name": "Gangamma Circle",
                "name_kn": "ಗಙಮ್ಮ ಕಿರ್ಕ್ಲೆ",
                "stop_id": "21946",
                "lat": 13.05663,
                "lon": 77.54672
              },
              {
                "name": "Fathima Church",
                "name_kn": "ೞತಿಮ ಚುರ್ಚ್",
                "stop_id": "21940",
                "lat": 13.05474,
                "lon": 77.54148
              },
              {
                "name": "Kammagondanahalli Bridge",
                "name_kn": "ಕಮ್ಮಗೊಂದನಹಲ್ಲಿ ಬ್ರಿದ್ಗೆ",
                "stop_id": "22144",
                "lat": 13.05486,
                "lon": 77.53482
              },
              {
                "name": "IAF Jalahalli",
                "name_kn": "ಇೞ್ ಜಲಹಲ್ಲಿ",
                "stop_id": "22065",
                "lat": 13.0536,
                "lon": 77.5308
              },
              {
                "name": "Shettyhalli Cross",
                "name_kn": "ಶೆಟೆಹಲ್ಲಿ ಕ್ರೊಸ್ಸ್",
                "stop_id": "22483",
                "lat": 13.05024,
                "lon": 77.52568
              },
              {
                "name": "Ayyappa Temple Jalahalli Cross",
                "name_kn": "ಅಯೆಪ್ಪ ಟೆಂಪ್ಲೆ ಜಲಹಲ್ಲಿ ಕ್ರೊಸ್ಸ್",
                "stop_id": "21688",
                "lat": 13.04623,
                "lon": 77.52243
              },
              {
                "name": "Jalahalli Cross",
                "name_kn": "ಜಲಹಲ್ಲಿ ಕ್ರೊಸ್ಸ್",
                "stop_id": "20869",
                "lat": 13.0399,
                "lon": 77.51879
              }
            ]
          },
          {
            "Route": "401-A NMG-YHKOT",
            "RouteId": 6629,
            "RouteParentId": 3576,
            "Destination": "Nelamangala Bus Station",
            "Via": "",
            "Area": "Yelahanka Old Town",
            "PlatformNumber": "1",
            "KannadaDestination": "ನೆಲಮಙಲ ಬುಸ್ ಸ್ಟಟಿೊಂ",
            "KannadaArea": "ಯಲಹಂಕ ಓಲ್ಡ್ ಟೌನ್",
            "KannadaVia": "",
            "FromStationId": 22645,
            "Stops": [
              {
                "name": "Yelahanka Old Town",
                "name_kn": "ಯೆಲಹಂಕ ೊಲ್ದ್ ಟೌಂ",
                "stop_id": "22640",
                "lat": 13.10091,
                "lon": 77.59436
              },
              {
                "name": "Yelahanka Santhe Circle",
                "name_kn": "ಯೆಲಹಂಕ ಸಂತೆ ಕಿರ್ಕ್ಲೆ",
                "stop_id": "22645",
                "lat": 13.09852,
                "lon": 77.59698
              },
              {
                "name": "NES Office",
                "name_kn": "ನೆಸ್ ೊೞ್ೞಿಕೆ",
                "stop_id": "22356",
                "lat": 13.09766,
                "lon": 77.59166
              },
              {
                "name": "Sheshadripuram College",
                "name_kn": "ಶೆಶದ್ರಿಪುರಂ ಕೊಲ್ಲೆಗೆ",
                "stop_id": "22481",
                "lat": 13.09951,
                "lon": 77.58834
              },
              {
                "name": "Sharavathi Hotel",
                "name_kn": "ಶರವತಿ ಹೊಟೆಲ್",
                "stop_id": "22475",
                "lat": 13.09797,
                "lon": 77.58442
              },
              {
                "name": "Chikka Bommasandra Cross",
                "name_kn": "ಚಿಕ್ಕ ಬೊಮ್ಮಸಂದ್ರ ಕ್ರೊಸ್ಸ್",
                "stop_id": "21834",
                "lat": 13.09353,
                "lon": 77.58251
              },
              {
                "name": "Yelahanka Satellite Town",
                "name_kn": "ಯೆಲಹಂಕ ಸಟೆಲ್ಲಿಟೆ ಟೌಂ",
                "stop_id": "22646",
                "lat": 13.0958,
                "lon": 77.57921
              },
              {
                "name": "Mother Dairy Cross Yelahanka",
                "name_kn": "ಮೊತೆರ್ ದೈರೆ ಕ್ರೊಸ್ಸ್ ಯೆಲಹಂಕ",
                "stop_id": "22299",
                "lat": 13.09934,
                "lon": 77.57717
              },
              {
                "name": "Mother Dairy Yelahanka",
                "name_kn": "ಮೊತೆರ್ ದೈರೆ ಯೆಲಹಂಕ",
                "stop_id": "33952",
                "lat": 13.09883,
                "lon": 77.57476
              },
              {
                "name": "Atturu Layout",
                "name_kn": "ಅಟುರು ಲಯೌಟ್",
                "stop_id": "21675",
                "lat": 13.09774,
                "lon": 77.56766
              },
              {
                "name": "Thirumala Dhaba",
                "name_kn": "ತಿರುಮಲ ಧಬ",
                "stop_id": "22551",
                "lat": 13.09762,
                "lon": 77.563
              },
              {
                "name": "Bettahalli Layout",
                "name_kn": "ಬೆಟಹಲ್ಲಿ ಲಯೌಟ್",
                "stop_id": "21749",
                "lat": 13.0923,
                "lon": 77.55954
              },
              {
                "name": "Chikka Bettahalli",
                "name_kn": "ಚಿಕ್ಕ ಬೆಟಹಲ್ಲಿ",
                "stop_id": "21832",
                "lat": 13.08945,
                "lon": 77.55629
              },
              {
                "name": "Jalli Machine",
                "name_kn": "ಜಲ್ಲಿ ಮಚಿನೆ",
                "stop_id": "22096",
                "lat": 13.08601,
                "lon": 77.55551
              },
              {
                "name": "Depot-45 Gate",
                "name_kn": "ದೆಪೊಟ್-45 ಗಟೆ",
                "stop_id": "36327",
                "lat": 13.0829,
                "lon": 77.55072
              },
              {
                "name": "MS Palya",
                "name_kn": "ಂಸ್ ಪಲೆ",
                "stop_id": "33957",
                "lat": 13.08145,
                "lon": 77.54831
              },
              {
                "name": "SBI Bank",
                "name_kn": "ಸ್ಬಿ ಬಂಕ್",
                "stop_id": "22467",
                "lat": 13.07239,
                "lon": 77.54625
              },
              {
                "name": "Jalahalli East",
                "name_kn": "ಜಲಹಲ್ಲಿ ೆಸ್ಟ್",
                "stop_id": "22092",
                "lat": 13.06759,
                "lon": 77.54464
              },
              {
                "name": "Kendriya Vidyalaya",
                "name_kn": "ಕೆಂದ್ರಿಯ ವಿಠೆಲಯ",
                "stop_id": "22163",
                "lat": 13.06556,
                "lon": 77.54428
              },
              {
                "name": "Gangamma Circle",
                "name_kn": "ಗಙಮ್ಮ ಕಿರ್ಕ್ಲೆ",
                "stop_id": "21946",
                "lat": 13.05663,
                "lon": 77.54672
              },
              {
                "name": "Fathima Church",
                "name_kn": "ೞತಿಮ ಚುರ್ಚ್",
                "stop_id": "21940",
                "lat": 13.05474,
                "lon": 77.54148
              },
              {
                "name": "Kammagondanahalli Bridge",
                "name_kn": "ಕಮ್ಮಗೊಂದನಹಲ್ಲಿ ಬ್ರಿದ್ಗೆ",
                "stop_id": "22144",
                "lat": 13.05486,
                "lon": 77.53482
              },
              {
                "name": "IAF Jalahalli",
                "name_kn": "ಇೞ್ ಜಲಹಲ್ಲಿ",
                "stop_id": "22065",
                "lat": 13.0536,
                "lon": 77.5308
              },
              {
                "name": "Shettyhalli Cross",
                "name_kn": "ಶೆಟೆಹಲ್ಲಿ ಕ್ರೊಸ್ಸ್",
                "stop_id": "22483",
                "lat": 13.05024,
                "lon": 77.52568
              },
              {
                "name": "Ayyappa Temple Jalahalli Cross",
                "name_kn": "ಅಯೆಪ್ಪ ಟೆಂಪ್ಲೆ ಜಲಹಲ್ಲಿ ಕ್ರೊಸ್ಸ್",
                "stop_id": "21688",
                "lat": 13.04623,
                "lon": 77.52243
              },
              {
                "name": "Jalahalli Cross",
                "name_kn": "ಜಲಹಲ್ಲಿ ಕ್ರೊಸ್ಸ್",
                "stop_id": "39856",
                "lat": 13.03989,
                "lon": 77.51828
              },
              {
                "name": "T Dasarahalli",
                "name_kn": "ಟ್ ದಸರಹಲ್ಲಿ",
                "stop_id": "21211",
                "lat": 13.04283,
                "lon": 77.51276
              },
              {
                "name": "8th Mile Dasarahalli",
                "name_kn": "8ತ್ ಮಿಲೆ ದಸರಹಲ್ಲಿ",
                "stop_id": "35570",
                "lat": 13.0451,
                "lon": 77.50748
              },
              {
                "name": "Deepak Factory",
                "name_kn": "ದೀಪಕ್ ೞಕ್ಟೊರೆ",
                "stop_id": "24818",
                "lat": 13.04704,
                "lon": 77.50159
              },
              {
                "name": "Widia Factory",
                "name_kn": "ವಿದಿ ೞಕ್ಟೊರೆ",
                "stop_id": "23313",
                "lat": 13.04877,
                "lon": 77.49664
              },
              {
                "name": "Marison Factory",
                "name_kn": "ಮರಿಸೊಂ ೞಕ್ಟೊರೆ",
                "stop_id": "28839",
                "lat": 13.0502,
                "lon": 77.49252
              },
              {
                "name": "Chikkabidarakallu",
                "name_kn": "ಚಿಕ್ಕಬಿದರಕಲ್ಲು",
                "stop_id": "24566",
                "lat": 13.05196,
                "lon": 77.48778
              },
              {
                "name": "Jindal",
                "name_kn": "ಜಿಂದಲ್",
                "stop_id": "26340",
                "lat": 13.05353,
                "lon": 77.48338
              },
              {
                "name": "Anchepalya",
                "name_kn": "ಅಂಚೆಪಲೆ",
                "stop_id": "23084",
                "lat": 13.05497,
                "lon": 77.47936
              },
              {
                "name": "Madavara",
                "name_kn": "ಮದವರ",
                "stop_id": "28598",
                "lat": 13.05665,
                "lon": 77.47343
              },
              {
                "name": "TCI",
                "name_kn": "ಟ್ಕಿ",
                "stop_id": "26844",
                "lat": 13.05906,
                "lon": 77.46474
              },
              {
                "name": "Madanayakanahalli",
                "name_kn": "ಮದನಯಕನಹಲ್ಲಿ",
                "stop_id": "33724",
                "lat": 13.06102,
                "lon": 77.46102
              },
              {
                "name": "Makali",
                "name_kn": "ಮಕಲಿ",
                "stop_id": "33748",
                "lat": 13.06564,
                "lon": 77.45325
              },
              {
                "name": "Depot-40 Gate",
                "name_kn": "ದೆಪೊಟ್-40 ಗಟೆ",
                "stop_id": "22973",
                "lat": 13.06872,
                "lon": 77.44766
              },
              {
                "name": "Adakimaranahalli",
                "name_kn": "ಅದಕಿಮರನಹಲ್ಲಿ",
                "stop_id": "29439",
                "lat": 13.07028,
                "lon": 77.44482
              },
              {
                "name": "Ravuthanahalli Cross",
                "name_kn": "ರವುತನಹಲ್ಲಿ ಕ್ರೊಸ್ಸ್",
                "stop_id": "38537",
                "lat": 13.07334,
                "lon": 77.43938
              },
              {
                "name": "Dasanapura",
                "name_kn": "ದಸನಪುರ",
                "stop_id": "24788",
                "lat": 13.07523,
                "lon": 77.43599
              },
              {
                "name": "Devannanapalya",
                "name_kn": "ದೆವಂನನಪಲೆ",
                "stop_id": "24942",
                "lat": 13.07734,
                "lon": 77.43133
              },
              {
                "name": "Arishinakunte",
                "name_kn": "ಅರಿಶಿನಕುಂಟೆ",
                "stop_id": "29571",
                "lat": 13.07966,
                "lon": 77.42419
              },
              {
                "name": "Vishwa Shanti Ashrama",
                "name_kn": "ವಿಶ್ವ ಶಂಟಿ ಶ್ರಮ",
                "stop_id": "27343",
                "lat": 13.08402,
                "lon": 77.41724
              },
              {
                "name": "Binnamangala",
                "name_kn": "ಬಿಂನಮಙಲ",
                "stop_id": "30108",
                "lat": 13.08744,
                "lon": 77.41242
              },
              {
                "name": "Nursery Nelamangala",
                "name_kn": "ನುರ್ಸೆರೆ ನೆಲಮಙಲ",
                "stop_id": "27520",
                "lat": 13.09011,
                "lon": 77.40928
              },
              {
                "name": "Weavers Colony Nelamangala",
                "name_kn": "ವೆವೆರ್ಸ್ ಕೊಲೊನೆ ನೆಲಮಙಲ",
                "stop_id": "27377",
                "lat": 13.09403,
                "lon": 77.40561
              },
              {
                "name": "TB Nelamangala",
                "name_kn": "ಟ್ಬ್ ನೆಲಮಙಲ",
                "stop_id": "26838",
                "lat": 13.09706,
                "lon": 77.40148
              },
              {
                "name": "Anjaneya Temple Nelamangala",
                "name_kn": "ಅಞನೆಯ ಟೆಂಪ್ಲೆ ನೆಲಮಙಲ",
                "stop_id": "29533",
                "lat": 13.09723,
                "lon": 77.39774
              },
              {
                "name": "Nelamangala Bus Station",
                "name_kn": "ನೆಲಮಙಲ ಬುಸ್ ಸ್ಟಟಿೊಂ",
                "stop_id": "27411",
                "lat": 13.09803,
                "lon": 77.39387
              }
            ]
          },
          {
            "Route": "289-AA MSP-BGR",
            "RouteId": 13026,
            "RouteParentId": 6905,
            "Destination": "MS Palya",
            "Via": "",
            "Area": "Bagalur",
            "PlatformNumber": "1",
            "KannadaDestination": "ಂಸ್ ಪಲೆ",
            "KannadaArea": "ಬಾಗಲೂರು",
            "KannadaVia": "",
            "FromStationId": 22645,
            "Stops": [
              {
                "name": "Yelahanka Santhe Circle",
                "name_kn": "ಯೆಲಹಂಕ ಸಂತೆ ಕಿರ್ಕ್ಲೆ",
                "stop_id": "22645",
                "lat": 13.09852,
                "lon": 77.59698
              },
              {
                "name": "NES Office",
                "name_kn": "ನೆಸ್ ೊೞ್ೞಿಕೆ",
                "stop_id": "22356",
                "lat": 13.09766,
                "lon": 77.59166
              },
              {
                "name": "Sheshadripuram College",
                "name_kn": "ಶೆಶದ್ರಿಪುರಂ ಕೊಲ್ಲೆಗೆ",
                "stop_id": "22481",
                "lat": 13.09951,
                "lon": 77.58834
              },
              {
                "name": "Sharavathi Hotel",
                "name_kn": "ಶರವತಿ ಹೊಟೆಲ್",
                "stop_id": "22475",
                "lat": 13.09797,
                "lon": 77.58442
              },
              {
                "name": "Chikka Bommasandra Cross",
                "name_kn": "ಚಿಕ್ಕ ಬೊಮ್ಮಸಂದ್ರ ಕ್ರೊಸ್ಸ್",
                "stop_id": "21834",
                "lat": 13.09353,
                "lon": 77.58251
              },
              {
                "name": "Yelahanka Satellite Town",
                "name_kn": "ಯೆಲಹಂಕ ಸಟೆಲ್ಲಿಟೆ ಟೌಂ",
                "stop_id": "22821",
                "lat": 13.09596,
                "lon": 77.5791
              },
              {
                "name": "Mother Dairy Cross Yelahanka",
                "name_kn": "ಮೊತೆರ್ ದೈರೆ ಕ್ರೊಸ್ಸ್ ಯೆಲಹಂಕ",
                "stop_id": "22299",
                "lat": 13.09934,
                "lon": 77.57717
              },
              {
                "name": "Mother Dairy Yelahanka",
                "name_kn": "ಮೊತೆರ್ ದೈರೆ ಯೆಲಹಂಕ",
                "stop_id": "33952",
                "lat": 13.09883,
                "lon": 77.57476
              },
              {
                "name": "Atturu Layout",
                "name_kn": "ಅಟುರು ಲಯೌಟ್",
                "stop_id": "21675",
                "lat": 13.09774,
                "lon": 77.56766
              },
              {
                "name": "Thirumala Dhaba",
                "name_kn": "ತಿರುಮಲ ಧಬ",
                "stop_id": "22551",
                "lat": 13.09762,
                "lon": 77.563
              },
              {
                "name": "Bettahalli Layout",
                "name_kn": "ಬೆಟಹಲ್ಲಿ ಲಯೌಟ್",
                "stop_id": "21749",
                "lat": 13.0923,
                "lon": 77.55954
              },
              {
                "name": "Chikka Bettahalli",
                "name_kn": "ಚಿಕ್ಕ ಬೆಟಹಲ್ಲಿ",
                "stop_id": "21832",
                "lat": 13.08945,
                "lon": 77.55629
              },
              {
                "name": "Jalli Machine",
                "name_kn": "ಜಲ್ಲಿ ಮಚಿನೆ",
                "stop_id": "22096",
                "lat": 13.08601,
                "lon": 77.55551
              },
              {
                "name": "Depot-45 Gate",
                "name_kn": "ದೆಪೊಟ್-45 ಗಟೆ",
                "stop_id": "36327",
                "lat": 13.0829,
                "lon": 77.55072
              },
              {
                "name": "MS Palya",
                "name_kn": "ಂಸ್ ಪಲೆ",
                "stop_id": "33957",
                "lat": 13.08145,
                "lon": 77.54831
              }
            ]
          },
          {
            "Route": "401AM DVH-MSP",
            "RouteId": 13858,
            "RouteParentId": 7398,
            "Destination": "MS Palya",
            "Via": "",
            "Area": "Devanahalli Old Bus Stand",
            "PlatformNumber": "1",
            "KannadaDestination": "ಂಸ್ ಪಲೆ",
            "KannadaArea": "ದೇವನಹಳ್ಳಿ ಹಳೆ ಬಸ್‌ ನಿಲ್ದಾಣ",
            "KannadaVia": "",
            "FromStationId": 22645,
            "Stops": [
              {
                "name": "Yelahanka Santhe Circle",
                "name_kn": "ಯೆಲಹಂಕ ಸಂತೆ ಕಿರ್ಕ್ಲೆ",
                "stop_id": "22645",
                "lat": 13.09852,
                "lon": 77.59698
              },
              {
                "name": "NES Office",
                "name_kn": "ನೆಸ್ ೊೞ್ೞಿಕೆ",
                "stop_id": "22356",
                "lat": 13.09766,
                "lon": 77.59166
              },
              {
                "name": "Sheshadripuram College",
                "name_kn": "ಶೆಶದ್ರಿಪುರಂ ಕೊಲ್ಲೆಗೆ",
                "stop_id": "22481",
                "lat": 13.09951,
                "lon": 77.58834
              },
              {
                "name": "Sharavathi Hotel",
                "name_kn": "ಶರವತಿ ಹೊಟೆಲ್",
                "stop_id": "22475",
                "lat": 13.09797,
                "lon": 77.58442
              },
              {
                "name": "Chikka Bommasandra Cross",
                "name_kn": "ಚಿಕ್ಕ ಬೊಮ್ಮಸಂದ್ರ ಕ್ರೊಸ್ಸ್",
                "stop_id": "21834",
                "lat": 13.09353,
                "lon": 77.58251
              },
              {
                "name": "Yelahanka Satellite Town",
                "name_kn": "ಯೆಲಹಂಕ ಸಟೆಲ್ಲಿಟೆ ಟೌಂ",
                "stop_id": "22646",
                "lat": 13.0958,
                "lon": 77.57921
              },
              {
                "name": "Mother Dairy Cross Yelahanka",
                "name_kn": "ಮೊತೆರ್ ದೈರೆ ಕ್ರೊಸ್ಸ್ ಯೆಲಹಂಕ",
                "stop_id": "22299",
                "lat": 13.09934,
                "lon": 77.57717
              },
              {
                "name": "Atturu Layout",
                "name_kn": "ಅಟುರು ಲಯೌಟ್",
                "stop_id": "21675",
                "lat": 13.09774,
                "lon": 77.56766
              },
              {
                "name": "Thirumala Dhaba",
                "name_kn": "ತಿರುಮಲ ಧಬ",
                "stop_id": "22551",
                "lat": 13.09762,
                "lon": 77.563
              },
              {
                "name": "Bettahalli Layout",
                "name_kn": "ಬೆಟಹಲ್ಲಿ ಲಯೌಟ್",
                "stop_id": "21749",
                "lat": 13.0923,
                "lon": 77.55954
              },
              {
                "name": "Chikka Bettahalli",
                "name_kn": "ಚಿಕ್ಕ ಬೆಟಹಲ್ಲಿ",
                "stop_id": "21832",
                "lat": 13.08945,
                "lon": 77.55629
              },
              {
                "name": "Jalli Machine",
                "name_kn": "ಜಲ್ಲಿ ಮಚಿನೆ",
                "stop_id": "22096",
                "lat": 13.08601,
                "lon": 77.55551
              },
              {
                "name": "Depot-45 Gate",
                "name_kn": "ದೆಪೊಟ್-45 ಗಟೆ",
                "stop_id": "36327",
                "lat": 13.0829,
                "lon": 77.55072
              },
              {
                "name": "MS Palya",
                "name_kn": "ಂಸ್ ಪಲೆ",
                "stop_id": "33957",
                "lat": 13.08145,
                "lon": 77.54831
              }
            ]
          },
          {
            "Route": "PTH-KVRY",
            "RouteId": 2036,
            "RouteParentId": 1194,
            "Destination": "Puttenahalli",
            "Via": "",
            "Area": "Kendriya Vihara Yelahanka",
            "PlatformNumber": "1",
            "KannadaDestination": "ಪುಟೆನಹಲ್ಲಿ",
            "KannadaArea": "ಕೇಂದ್ರಿಯ ವಿಹಾರ ಯಲಹಂಕ",
            "KannadaVia": "",
            "FromStationId": 22645,
            "Stops": [
              {
                "name": "Yelahanka Santhe Circle",
                "name_kn": "ಯೆಲಹಂಕ ಸಂತೆ ಕಿರ್ಕ್ಲೆ",
                "stop_id": "22645",
                "lat": 13.09852,
                "lon": 77.59698
              },
              {
                "name": "NES Office",
                "name_kn": "ನೆಸ್ ೊೞ್ೞಿಕೆ",
                "stop_id": "22356",
                "lat": 13.09766,
                "lon": 77.59166
              },
              {
                "name": "Escorts",
                "name_kn": "ಎಸ್ಕೊರ್ಟ್ಸ್",
                "stop_id": "32598",
                "lat": 13.10271,
                "lon": 77.58558
              },
              {
                "name": "Wheel And Axle Plant",
                "name_kn": "ವ್ಹೀಲ್ ಂದ್ ಕ್ಸ್ಲೆ ಪ್ಲಂಟ್",
                "stop_id": "31633",
                "lat": 13.10572,
                "lon": 77.58241
              },
              {
                "name": "Puttenahalli",
                "name_kn": "ಪುಟೆನಹಲ್ಲಿ",
                "stop_id": "34299",
                "lat": 13.10995,
                "lon": 77.58022
              }
            ]
          },
          {
            "Route": "290-E SBS-PTH",
            "RouteId": 2283,
            "RouteParentId": 1325,
            "Destination": "Puttenahalli",
            "Via": "",
            "Area": "Shivajinagara Bus Station",
            "PlatformNumber": "1",
            "KannadaDestination": "ಪುಟೆನಹಲ್ಲಿ",
            "KannadaArea": "ಶಿವಾಜಿನಗರ ಬಸ್ ನಿಲ್ದಾಣ",
            "KannadaVia": "",
            "FromStationId": 22645,
            "Stops": [
              {
                "name": "Yelahanka Santhe Circle",
                "name_kn": "ಯೆಲಹಂಕ ಸಂತೆ ಕಿರ್ಕ್ಲೆ",
                "stop_id": "22645",
                "lat": 13.09852,
                "lon": 77.59698
              },
              {
                "name": "NES Office",
                "name_kn": "ನೆಸ್ ೊೞ್ೞಿಕೆ",
                "stop_id": "22356",
                "lat": 13.09766,
                "lon": 77.59166
              },
              {
                "name": "Escorts",
                "name_kn": "ಎಸ್ಕೊರ್ಟ್ಸ್",
                "stop_id": "32598",
                "lat": 13.10271,
                "lon": 77.58558
              },
              {
                "name": "Wheel And Axle Plant",
                "name_kn": "ವ್ಹೀಲ್ ಂದ್ ಕ್ಸ್ಲೆ ಪ್ಲಂಟ್",
                "stop_id": "31633",
                "lat": 13.10572,
                "lon": 77.58241
              },
              {
                "name": "Puttenahalli",
                "name_kn": "ಪುಟೆನಹಲ್ಲಿ",
                "stop_id": "34299",
                "lat": 13.10995,
                "lon": 77.58022
              }
            ]
          },
          {
            "Route": "298-M PTH-DVH",
            "RouteId": 2614,
            "RouteParentId": 1487,
            "Destination": "Puttenahalli",
            "Via": "",
            "Area": "Devanahalli Old Bus Stand",
            "PlatformNumber": "1",
            "KannadaDestination": "ಪುಟೆನಹಲ್ಲಿ",
            "KannadaArea": "ದೇವನಹಳ್ಳಿ ಹಳೆ ಬಸ್‌ ನಿಲ್ದಾಣ",
            "KannadaVia": "",
            "FromStationId": 22645,
            "Stops": [
              {
                "name": "Yelahanka Santhe Circle",
                "name_kn": "ಯೆಲಹಂಕ ಸಂತೆ ಕಿರ್ಕ್ಲೆ",
                "stop_id": "22645",
                "lat": 13.09852,
                "lon": 77.59698
              },
              {
                "name": "NES Office",
                "name_kn": "ನೆಸ್ ೊೞ್ೞಿಕೆ",
                "stop_id": "22356",
                "lat": 13.09766,
                "lon": 77.59166
              },
              {
                "name": "Sheshadripuram College",
                "name_kn": "ಶೆಶದ್ರಿಪುರಂ ಕೊಲ್ಲೆಗೆ",
                "stop_id": "34534",
                "lat": 13.10022,
                "lon": 77.58866
              },
              {
                "name": "Escorts",
                "name_kn": "ಎಸ್ಕೊರ್ಟ್ಸ್",
                "stop_id": "32598",
                "lat": 13.10271,
                "lon": 77.58558
              },
              {
                "name": "Wheel And Axle Plant",
                "name_kn": "ವ್ಹೀಲ್ ಂದ್ ಕ್ಸ್ಲೆ ಪ್ಲಂಟ್",
                "stop_id": "31633",
                "lat": 13.10572,
                "lon": 77.58241
              },
              {
                "name": "Puttenahalli",
                "name_kn": "ಪುಟೆನಹಲ್ಲಿ",
                "stop_id": "34299",
                "lat": 13.10995,
                "lon": 77.58022
              }
            ]
          },
          {
            "Route": "280-F PTH-HSK",
            "RouteId": 4792,
            "RouteParentId": 2625,
            "Destination": "Puttenahalli",
            "Via": "",
            "Area": "Hosakote Bus Stand (Old)",
            "PlatformNumber": "1",
            "KannadaDestination": "ಪುಟೆನಹಲ್ಲಿ",
            "KannadaArea": "ಹೊಸಕೋಟೆ ಬಸ್ ನಿಲ್ದಾಣ (ಓಲ್ಡ್)",
            "KannadaVia": "",
            "FromStationId": 22645,
            "Stops": [
              {
                "name": "Yelahanka Santhe Circle",
                "name_kn": "ಯೆಲಹಂಕ ಸಂತೆ ಕಿರ್ಕ್ಲೆ",
                "stop_id": "22645",
                "lat": 13.09852,
                "lon": 77.59698
              },
              {
                "name": "NES Office",
                "name_kn": "ನೆಸ್ ೊೞ್ೞಿಕೆ",
                "stop_id": "22356",
                "lat": 13.09766,
                "lon": 77.59166
              },
              {
                "name": "Sheshadripuram College",
                "name_kn": "ಶೆಶದ್ರಿಪುರಂ ಕೊಲ್ಲೆಗೆ",
                "stop_id": "34534",
                "lat": 13.10022,
                "lon": 77.58866
              },
              {
                "name": "Escorts",
                "name_kn": "ಎಸ್ಕೊರ್ಟ್ಸ್",
                "stop_id": "32598",
                "lat": 13.10271,
                "lon": 77.58558
              },
              {
                "name": "Wheel And Axle Plant",
                "name_kn": "ವ್ಹೀಲ್ ಂದ್ ಕ್ಸ್ಲೆ ಪ್ಲಂಟ್",
                "stop_id": "31633",
                "lat": 13.10572,
                "lon": 77.58241
              },
              {
                "name": "Puttenahalli",
                "name_kn": "ಪುಟೆನಹಲ್ಲಿ",
                "stop_id": "34299",
                "lat": 13.10995,
                "lon": 77.58022
              }
            ]
          },
          {
            "Route": "289-F PTH-HSK",
            "RouteId": 4801,
            "RouteParentId": 2629,
            "Destination": "Puttenahalli",
            "Via": "",
            "Area": "Hosakote Bus Stand (Old)",
            "PlatformNumber": "1",
            "KannadaDestination": "ಪುಟೆನಹಲ್ಲಿ",
            "KannadaArea": "ಹೊಸಕೋಟೆ ಬಸ್ ನಿಲ್ದಾಣ (ಓಲ್ಡ್)",
            "KannadaVia": "",
            "FromStationId": 22645,
            "Stops": [
              {
                "name": "Yelahanka Santhe Circle",
                "name_kn": "ಯೆಲಹಂಕ ಸಂತೆ ಕಿರ್ಕ್ಲೆ",
                "stop_id": "22645",
                "lat": 13.09852,
                "lon": 77.59698
              },
              {
                "name": "NES Office",
                "name_kn": "ನೆಸ್ ೊೞ್ೞಿಕೆ",
                "stop_id": "22356",
                "lat": 13.09766,
                "lon": 77.59166
              },
              {
                "name": "Sheshadripuram College",
                "name_kn": "ಶೆಶದ್ರಿಪುರಂ ಕೊಲ್ಲೆಗೆ",
                "stop_id": "34534",
                "lat": 13.10022,
                "lon": 77.58866
              },
              {
                "name": "Escorts",
                "name_kn": "ಎಸ್ಕೊರ್ಟ್ಸ್",
                "stop_id": "32598",
                "lat": 13.10271,
                "lon": 77.58558
              },
              {
                "name": "Wheel And Axle Plant",
                "name_kn": "ವ್ಹೀಲ್ ಂದ್ ಕ್ಸ್ಲೆ ಪ್ಲಂಟ್",
                "stop_id": "31633",
                "lat": 13.10572,
                "lon": 77.58241
              },
              {
                "name": "Puttenahalli",
                "name_kn": "ಪುಟೆನಹಲ್ಲಿ",
                "stop_id": "34299",
                "lat": 13.10995,
                "lon": 77.58022
              }
            ]
          },
          {
            "Route": "281-AP PTH-KIAS",
            "RouteId": 4864,
            "RouteParentId": 2666,
            "Destination": "Puttenahalli",
            "Via": "",
            "Area": "Kempegowda International Airport",
            "PlatformNumber": "1",
            "KannadaDestination": "ಪುಟೆನಹಲ್ಲಿ",
            "KannadaArea": "ಕೆಂಪೇಗೌಡ ಅಂತರಾಷ್ಡ್ರಿಯ ವಿಮಾನ ನಿಲ್ದಾಣ",
            "KannadaVia": "",
            "FromStationId": 22645,
            "Stops": [
              {
                "name": "Yelahanka Santhe Circle",
                "name_kn": "ಯೆಲಹಂಕ ಸಂತೆ ಕಿರ್ಕ್ಲೆ",
                "stop_id": "22645",
                "lat": 13.09852,
                "lon": 77.59698
              },
              {
                "name": "NES Office",
                "name_kn": "ನೆಸ್ ೊೞ್ೞಿಕೆ",
                "stop_id": "22356",
                "lat": 13.09766,
                "lon": 77.59166
              },
              {
                "name": "Sheshadripuram College",
                "name_kn": "ಶೆಶದ್ರಿಪುರಂ ಕೊಲ್ಲೆಗೆ",
                "stop_id": "34534",
                "lat": 13.10022,
                "lon": 77.58866
              },
              {
                "name": "Escorts",
                "name_kn": "ಎಸ್ಕೊರ್ಟ್ಸ್",
                "stop_id": "32598",
                "lat": 13.10271,
                "lon": 77.58558
              },
              {
                "name": "Wheel And Axle Plant",
                "name_kn": "ವ್ಹೀಲ್ ಂದ್ ಕ್ಸ್ಲೆ ಪ್ಲಂಟ್",
                "stop_id": "31633",
                "lat": 13.10572,
                "lon": 77.58241
              },
              {
                "name": "Puttenahalli",
                "name_kn": "ಪುಟೆನಹಲ್ಲಿ",
                "stop_id": "34299",
                "lat": 13.10995,
                "lon": 77.58022
              }
            ]
          },
          {
            "Route": "289-L PTH-MVJ",
            "RouteId": 12589,
            "RouteParentId": 6727,
            "Destination": "Puttenahalli",
            "Via": "",
            "Area": "MVJ Medical Hospital",
            "PlatformNumber": "1",
            "KannadaDestination": "ಪುಟೆನಹಲ್ಲಿ",
            "KannadaArea": "ಎಂವಿಜೆ ವೈದ್ಯಕೀಯ ಆಸ್ಪತ್ರೆ",
            "KannadaVia": "",
            "FromStationId": 22645,
            "Stops": [
              {
                "name": "Yelahanka Santhe Circle",
                "name_kn": "ಯೆಲಹಂಕ ಸಂತೆ ಕಿರ್ಕ್ಲೆ",
                "stop_id": "22645",
                "lat": 13.09852,
                "lon": 77.59698
              },
              {
                "name": "NES Office",
                "name_kn": "ನೆಸ್ ೊೞ್ೞಿಕೆ",
                "stop_id": "22356",
                "lat": 13.09766,
                "lon": 77.59166
              },
              {
                "name": "Sheshadripuram College",
                "name_kn": "ಶೆಶದ್ರಿಪುರಂ ಕೊಲ್ಲೆಗೆ",
                "stop_id": "34534",
                "lat": 13.10022,
                "lon": 77.58866
              },
              {
                "name": "Escorts",
                "name_kn": "ಎಸ್ಕೊರ್ಟ್ಸ್",
                "stop_id": "32598",
                "lat": 13.10271,
                "lon": 77.58558
              },
              {
                "name": "Wheel And Axle Plant",
                "name_kn": "ವ್ಹೀಲ್ ಂದ್ ಕ್ಸ್ಲೆ ಪ್ಲಂಟ್",
                "stop_id": "31633",
                "lat": 13.10572,
                "lon": 77.58241
              },
              {
                "name": "Puttenahalli",
                "name_kn": "ಪುಟೆನಹಲ್ಲಿ",
                "stop_id": "34299",
                "lat": 13.10995,
                "lon": 77.58022
              }
            ]
          },
          {
            "Route": "280-L YPH-PTH",
            "RouteId": 4829,
            "RouteParentId": 2643,
            "Destination": "Puttenahalli",
            "Via": "",
            "Area": "Yarappanahalli",
            "PlatformNumber": "1",
            "KannadaDestination": "ಪುಟೆನಹಲ್ಲಿ",
            "KannadaArea": "ಯರಪ್ಪನಹಳ್ಳಿ",
            "KannadaVia": "",
            "FromStationId": 22645,
            "Stops": [
              {
                "name": "Yelahanka Santhe Circle",
                "name_kn": "ಯೆಲಹಂಕ ಸಂತೆ ಕಿರ್ಕ್ಲೆ",
                "stop_id": "22645",
                "lat": 13.09852,
                "lon": 77.59698
              },
              {
                "name": "NES Office",
                "name_kn": "ನೆಸ್ ೊೞ್ೞಿಕೆ",
                "stop_id": "22356",
                "lat": 13.09766,
                "lon": 77.59166
              },
              {
                "name": "Sheshadripuram College",
                "name_kn": "ಶೆಶದ್ರಿಪುರಂ ಕೊಲ್ಲೆಗೆ",
                "stop_id": "34534",
                "lat": 13.10022,
                "lon": 77.58866
              },
              {
                "name": "Wheel And Axle Plant",
                "name_kn": "ವ್ಹೀಲ್ ಂದ್ ಕ್ಸ್ಲೆ ಪ್ಲಂಟ್",
                "stop_id": "31633",
                "lat": 13.10572,
                "lon": 77.58241
              },
              {
                "name": "Puttenahalli",
                "name_kn": "ಪುಟೆನಹಲ್ಲಿ",
                "stop_id": "34299",
                "lat": 13.10995,
                "lon": 77.58022
              }
            ]
          },
          {
            "Route": "G-10 PTH-KMT",
            "RouteId": 12399,
            "RouteParentId": 6600,
            "Destination": "Puttenahalli",
            "Via": "",
            "Area": "KR Market",
            "PlatformNumber": "1",
            "KannadaDestination": "ಪುಟೆನಹಲ್ಲಿ",
            "KannadaArea": "ಕೆಆರ್ ಮಾರುಕಟ್ಟೆ",
            "KannadaVia": "",
            "FromStationId": 22645,
            "Stops": [
              {
                "name": "Yelahanka Santhe Circle",
                "name_kn": "ಯೆಲಹಂಕ ಸಂತೆ ಕಿರ್ಕ್ಲೆ",
                "stop_id": "22645",
                "lat": 13.09852,
                "lon": 77.59698
              },
              {
                "name": "NES Office",
                "name_kn": "ನೆಸ್ ೊೞ್ೞಿಕೆ",
                "stop_id": "22356",
                "lat": 13.09766,
                "lon": 77.59166
              },
              {
                "name": "Sheshadripuram College",
                "name_kn": "ಶೆಶದ್ರಿಪುರಂ ಕೊಲ್ಲೆಗೆ",
                "stop_id": "34534",
                "lat": 13.10022,
                "lon": 77.58866
              },
              {
                "name": "Wheel And Axle Plant",
                "name_kn": "ವ್ಹೀಲ್ ಂದ್ ಕ್ಸ್ಲೆ ಪ್ಲಂಟ್",
                "stop_id": "31633",
                "lat": 13.10572,
                "lon": 77.58241
              },
              {
                "name": "Puttenahalli",
                "name_kn": "ಪುಟೆನಹಲ್ಲಿ",
                "stop_id": "34299",
                "lat": 13.10995,
                "lon": 77.58022
              }
            ]
          },
          {
            "Route": "401 YHKOT-D45G",
            "RouteId": 4688,
            "RouteParentId": 2569,
            "Destination": "Depot-45 Gate",
            "Via": "",
            "Area": "Yelahanka Old Town",
            "PlatformNumber": "1",
            "KannadaDestination": "ದೆಪೊಟ್-45 ಗಟೆ",
            "KannadaArea": "ಯಲಹಂಕ ಓಲ್ಡ್ ಟೌನ್",
            "KannadaVia": "",
            "FromStationId": 22645,
            "Stops": [
              {
                "name": "Yelahanka Old Town",
                "name_kn": "ಯೆಲಹಂಕ ೊಲ್ದ್ ಟೌಂ",
                "stop_id": "22640",
                "lat": 13.10091,
                "lon": 77.59436
              },
              {
                "name": "Yelahanka Santhe Circle",
                "name_kn": "ಯೆಲಹಂಕ ಸಂತೆ ಕಿರ್ಕ್ಲೆ",
                "stop_id": "22645",
                "lat": 13.09852,
                "lon": 77.59698
              },
              {
                "name": "NES Office",
                "name_kn": "ನೆಸ್ ೊೞ್ೞಿಕೆ",
                "stop_id": "22356",
                "lat": 13.09766,
                "lon": 77.59166
              },
              {
                "name": "Sheshadripuram College",
                "name_kn": "ಶೆಶದ್ರಿಪುರಂ ಕೊಲ್ಲೆಗೆ",
                "stop_id": "22481",
                "lat": 13.09951,
                "lon": 77.58834
              },
              {
                "name": "Sharavathi Hotel",
                "name_kn": "ಶರವತಿ ಹೊಟೆಲ್",
                "stop_id": "22475",
                "lat": 13.09797,
                "lon": 77.58442
              },
              {
                "name": "Chikka Bommasandra Cross",
                "name_kn": "ಚಿಕ್ಕ ಬೊಮ್ಮಸಂದ್ರ ಕ್ರೊಸ್ಸ್",
                "stop_id": "21834",
                "lat": 13.09353,
                "lon": 77.58251
              },
              {
                "name": "Yelahanka Satellite Town",
                "name_kn": "ಯೆಲಹಂಕ ಸಟೆಲ್ಲಿಟೆ ಟೌಂ",
                "stop_id": "22646",
                "lat": 13.0958,
                "lon": 77.57921
              },
              {
                "name": "Mother Dairy Cross Yelahanka",
                "name_kn": "ಮೊತೆರ್ ದೈರೆ ಕ್ರೊಸ್ಸ್ ಯೆಲಹಂಕ",
                "stop_id": "22299",
                "lat": 13.09934,
                "lon": 77.57717
              },
              {
                "name": "Atturu Layout",
                "name_kn": "ಅಟುರು ಲಯೌಟ್",
                "stop_id": "21675",
                "lat": 13.09774,
                "lon": 77.56766
              },
              {
                "name": "Thirumala Dhaba",
                "name_kn": "ತಿರುಮಲ ಧಬ",
                "stop_id": "22551",
                "lat": 13.09762,
                "lon": 77.563
              },
              {
                "name": "Bettahalli Layout",
                "name_kn": "ಬೆಟಹಲ್ಲಿ ಲಯೌಟ್",
                "stop_id": "21749",
                "lat": 13.0923,
                "lon": 77.55954
              },
              {
                "name": "Chikka Bettahalli",
                "name_kn": "ಚಿಕ್ಕ ಬೆಟಹಲ್ಲಿ",
                "stop_id": "21832",
                "lat": 13.08945,
                "lon": 77.55629
              },
              {
                "name": "Jalli Machine",
                "name_kn": "ಜಲ್ಲಿ ಮಚಿನೆ",
                "stop_id": "22096",
                "lat": 13.08601,
                "lon": 77.55551
              },
              {
                "name": "Depot-45 Gate",
                "name_kn": "ದೆಪೊಟ್-45 ಗಟೆ",
                "stop_id": "36327",
                "lat": 13.0829,
                "lon": 77.55072
              }
            ]
          }
        ]
      }
    },
    {
      "type": "Feature",
      "geometry": {
        "type": "Point",
        "coordinates": [
          77.59478787703469,
          13.100963566241342
        ]
      },
      "properties": {
        "Platform": "2",
        "Color": "#000000",
        "Icon": "2",
        "OpenHour": 0,
        "CloseHour": 0,
        "ApiIds": [
          "22640",
          "22645"
        ],
        "Routes": [
          {
            "Route": "401-A",
            "RouteId": 2357,
            "RouteParentId": 1367,
            "Destination": "Peenya 2nd Stage",
            "Via": "",
            "Area": "Yelahanka Old Town",
            "PlatformNumber": "2",
            "KannadaDestination": "ಪೀನೆ 2ಂದ್ ಸ್ಟಗೆ",
            "KannadaArea": "ಯಲಹಂಕ ಓಲ್ಡ್ ಟೌನ್",
            "KannadaVia": "",
            "FromStationId": 22640,
            "Stops": [
              {
                "name": "Yelahanka Old Town",
                "name_kn": "ಯೆಲಹಂಕ ೊಲ್ದ್ ಟೌಂ",
                "stop_id": "22640",
                "lat": 13.10091,
                "lon": 77.59436
              },
              {
                "name": "Yelahanka Santhe Circle",
                "name_kn": "ಯೆಲಹಂಕ ಸಂತೆ ಕಿರ್ಕ್ಲೆ",
                "stop_id": "22645",
                "lat": 13.09852,
                "lon": 77.59698
              },
              {
                "name": "NES Office",
                "name_kn": "ನೆಸ್ ೊೞ್ೞಿಕೆ",
                "stop_id": "22356",
                "lat": 13.09766,
                "lon": 77.59166
              },
              {
                "name": "Sheshadripuram College",
                "name_kn": "ಶೆಶದ್ರಿಪುರಂ ಕೊಲ್ಲೆಗೆ",
                "stop_id": "22481",
                "lat": 13.09951,
                "lon": 77.58834
              },
              {
                "name": "Sharavathi Hotel",
                "name_kn": "ಶರವತಿ ಹೊಟೆಲ್",
                "stop_id": "22475",
                "lat": 13.09797,
                "lon": 77.58442
              },
              {
                "name": "Chikka Bommasandra Cross",
                "name_kn": "ಚಿಕ್ಕ ಬೊಮ್ಮಸಂದ್ರ ಕ್ರೊಸ್ಸ್",
                "stop_id": "21834",
                "lat": 13.09353,
                "lon": 77.58251
              },
              {
                "name": "Yelahanka Satellite Town",
                "name_kn": "ಯೆಲಹಂಕ ಸಟೆಲ್ಲಿಟೆ ಟೌಂ",
                "stop_id": "22646",
                "lat": 13.0958,
                "lon": 77.57921
              },
              {
                "name": "Mother Dairy Cross Yelahanka",
                "name_kn": "ಮೊತೆರ್ ದೈರೆ ಕ್ರೊಸ್ಸ್ ಯೆಲಹಂಕ",
                "stop_id": "22299",
                "lat": 13.09934,
                "lon": 77.57717
              },
              {
                "name": "Mother Dairy Yelahanka",
                "name_kn": "ಮೊತೆರ್ ದೈರೆ ಯೆಲಹಂಕ",
                "stop_id": "33952",
                "lat": 13.09883,
                "lon": 77.57476
              },
              {
                "name": "Atturu Layout",
                "name_kn": "ಅಟುರು ಲಯೌಟ್",
                "stop_id": "21675",
                "lat": 13.09774,
                "lon": 77.56766
              },
              {
                "name": "Thirumala Dhaba",
                "name_kn": "ತಿರುಮಲ ಧಬ",
                "stop_id": "22551",
                "lat": 13.09762,
                "lon": 77.563
              },
              {
                "name": "Bettahalli Layout",
                "name_kn": "ಬೆಟಹಲ್ಲಿ ಲಯೌಟ್",
                "stop_id": "21749",
                "lat": 13.0923,
                "lon": 77.55954
              },
              {
                "name": "Chikka Bettahalli",
                "name_kn": "ಚಿಕ್ಕ ಬೆಟಹಲ್ಲಿ",
                "stop_id": "21832",
                "lat": 13.08945,
                "lon": 77.55629
              },
              {
                "name": "Jalli Machine",
                "name_kn": "ಜಲ್ಲಿ ಮಚಿನೆ",
                "stop_id": "22096",
                "lat": 13.08601,
                "lon": 77.55551
              },
              {
                "name": "Depot-45 Gate",
                "name_kn": "ದೆಪೊಟ್-45 ಗಟೆ",
                "stop_id": "36327",
                "lat": 13.0829,
                "lon": 77.55072
              },
              {
                "name": "MS Palya",
                "name_kn": "ಂಸ್ ಪಲೆ",
                "stop_id": "33957",
                "lat": 13.08145,
                "lon": 77.54831
              },
              {
                "name": "SBI Bank",
                "name_kn": "ಸ್ಬಿ ಬಂಕ್",
                "stop_id": "22467",
                "lat": 13.07239,
                "lon": 77.54625
              },
              {
                "name": "Jalahalli East",
                "name_kn": "ಜಲಹಲ್ಲಿ ೆಸ್ಟ್",
                "stop_id": "22092",
                "lat": 13.06759,
                "lon": 77.54464
              },
              {
                "name": "Kendriya Vidyalaya",
                "name_kn": "ಕೆಂದ್ರಿಯ ವಿಠೆಲಯ",
                "stop_id": "22163",
                "lat": 13.06556,
                "lon": 77.54428
              },
              {
                "name": "Gangamma Circle",
                "name_kn": "ಗಙಮ್ಮ ಕಿರ್ಕ್ಲೆ",
                "stop_id": "21946",
                "lat": 13.05663,
                "lon": 77.54672
              },
              {
                "name": "Fathima Church",
                "name_kn": "ೞತಿಮ ಚುರ್ಚ್",
                "stop_id": "21940",
                "lat": 13.05474,
                "lon": 77.54148
              },
              {
                "name": "Kammagondanahalli Bridge",
                "name_kn": "ಕಮ್ಮಗೊಂದನಹಲ್ಲಿ ಬ್ರಿದ್ಗೆ",
                "stop_id": "22144",
                "lat": 13.05486,
                "lon": 77.53482
              },
              {
                "name": "IAF Jalahalli",
                "name_kn": "ಇೞ್ ಜಲಹಲ್ಲಿ",
                "stop_id": "22065",
                "lat": 13.0536,
                "lon": 77.5308
              },
              {
                "name": "Shettyhalli Cross",
                "name_kn": "ಶೆಟೆಹಲ್ಲಿ ಕ್ರೊಸ್ಸ್",
                "stop_id": "22483",
                "lat": 13.05024,
                "lon": 77.52568
              },
              {
                "name": "Ayyappa Temple Jalahalli Cross",
                "name_kn": "ಅಯೆಪ್ಪ ಟೆಂಪ್ಲೆ ಜಲಹಲ್ಲಿ ಕ್ರೊಸ್ಸ್",
                "stop_id": "21688",
                "lat": 13.04623,
                "lon": 77.52243
              },
              {
                "name": "Jalahalli Cross",
                "name_kn": "ಜಲಹಲ್ಲಿ ಕ್ರೊಸ್ಸ್",
                "stop_id": "20870",
                "lat": 13.03959,
                "lon": 77.51839
              },
              {
                "name": "Systems Peenya",
                "name_kn": "ಶೆಸ್ಟೆಂಸ್ ಪೀನೆ",
                "stop_id": "21210",
                "lat": 13.03506,
                "lon": 77.51806
              },
              {
                "name": "TVS Cross Peenya",
                "name_kn": "ಟ್ವ್ಸ್ ಕ್ರೊಸ್ಸ್ ಪೀನೆ",
                "stop_id": "21237",
                "lat": 13.02835,
                "lon": 77.51953
              },
              {
                "name": "Rolling Mill",
                "name_kn": "ರೊಲ್ಲಿಙ್ ಮಿಲ್ಲ್",
                "stop_id": "21137",
                "lat": 13.02648,
                "lon": 77.51478
              },
              {
                "name": "NTTF Peenya",
                "name_kn": "ಂಟ್ೞ್ ಪೀನೆ",
                "stop_id": "21069",
                "lat": 13.02461,
                "lon": 77.51099
              },
              {
                "name": "Brundavana Peenya",
                "name_kn": "ಬ್ರುಂದವನ ಪೀನೆ",
                "stop_id": "20685",
                "lat": 13.0204,
                "lon": 77.50815
              },
              {
                "name": "Peenya 14th cross",
                "name_kn": "ಪೀನೆ 14ತ್ ಕ್ರೊಸ್ಸ್",
                "stop_id": "20567",
                "lat": 13.01646,
                "lon": 77.50566
              },
              {
                "name": "Rajagopalanagara",
                "name_kn": "ರಜಗೊಪಲನಗರ",
                "stop_id": "21114",
                "lat": 13.01368,
                "lon": 77.50881
              },
              {
                "name": "Peenya 2nd Stage",
                "name_kn": "ಪೀನೆ 2ಂದ್ ಸ್ಟಗೆ",
                "stop_id": "21080",
                "lat": 13.01092,
                "lon": 77.50683
              }
            ]
          },
          {
            "Route": "401",
            "RouteId": 2896,
            "RouteParentId": 1651,
            "Destination": "Yeshawanthapura Bus Station",
            "Via": "",
            "Area": "Yelahanka Old Town",
            "PlatformNumber": "2",
            "KannadaDestination": "ಯೆಶವಂತಪುರ ಬುಸ್ ಸ್ಟಟಿೊಂ",
            "KannadaArea": "ಯಲಹಂಕ ಓಲ್ಡ್ ಟೌನ್",
            "KannadaVia": "",
            "FromStationId": 22640,
            "Stops": [
              {
                "name": "Yelahanka Old Town",
                "name_kn": "ಯೆಲಹಂಕ ೊಲ್ದ್ ಟೌಂ",
                "stop_id": "22640",
                "lat": 13.10091,
                "lon": 77.59436
              },
              {
                "name": "Yelahanka Santhe Circle",
                "name_kn": "ಯೆಲಹಂಕ ಸಂತೆ ಕಿರ್ಕ್ಲೆ",
                "stop_id": "22645",
                "lat": 13.09852,
                "lon": 77.59698
              },
              {
                "name": "NES Office",
                "name_kn": "ನೆಸ್ ೊೞ್ೞಿಕೆ",
                "stop_id": "22356",
                "lat": 13.09766,
                "lon": 77.59166
              },
              {
                "name": "Sheshadripuram College",
                "name_kn": "ಶೆಶದ್ರಿಪುರಂ ಕೊಲ್ಲೆಗೆ",
                "stop_id": "22481",
                "lat": 13.09951,
                "lon": 77.58834
              },
              {
                "name": "Sharavathi Hotel",
                "name_kn": "ಶರವತಿ ಹೊಟೆಲ್",
                "stop_id": "22475",
                "lat": 13.09797,
                "lon": 77.58442
              },
              {
                "name": "Chikka Bommasandra Cross",
                "name_kn": "ಚಿಕ್ಕ ಬೊಮ್ಮಸಂದ್ರ ಕ್ರೊಸ್ಸ್",
                "stop_id": "21834",
                "lat": 13.09353,
                "lon": 77.58251
              },
              {
                "name": "Yelahanka Satellite Town",
                "name_kn": "ಯೆಲಹಂಕ ಸಟೆಲ್ಲಿಟೆ ಟೌಂ",
                "stop_id": "22646",
                "lat": 13.0958,
                "lon": 77.57921
              },
              {
                "name": "Mother Dairy Cross Yelahanka",
                "name_kn": "ಮೊತೆರ್ ದೈರೆ ಕ್ರೊಸ್ಸ್ ಯೆಲಹಂಕ",
                "stop_id": "22299",
                "lat": 13.09934,
                "lon": 77.57717
              },
              {
                "name": "Mother Dairy Yelahanka",
                "name_kn": "ಮೊತೆರ್ ದೈರೆ ಯೆಲಹಂಕ",
                "stop_id": "33952",
                "lat": 13.09883,
                "lon": 77.57476
              },
              {
                "name": "Atturu Layout",
                "name_kn": "ಅಟುರು ಲಯೌಟ್",
                "stop_id": "21675",
                "lat": 13.09774,
                "lon": 77.56766
              },
              {
                "name": "Thirumala Dhaba",
                "name_kn": "ತಿರುಮಲ ಧಬ",
                "stop_id": "22551",
                "lat": 13.09762,
                "lon": 77.563
              },
              {
                "name": "Bettahalli Layout",
                "name_kn": "ಬೆಟಹಲ್ಲಿ ಲಯೌಟ್",
                "stop_id": "21749",
                "lat": 13.0923,
                "lon": 77.55954
              },
              {
                "name": "Chikka Bettahalli",
                "name_kn": "ಚಿಕ್ಕ ಬೆಟಹಲ್ಲಿ",
                "stop_id": "21832",
                "lat": 13.08945,
                "lon": 77.55629
              },
              {
                "name": "Jalli Machine",
                "name_kn": "ಜಲ್ಲಿ ಮಚಿನೆ",
                "stop_id": "22096",
                "lat": 13.08601,
                "lon": 77.55551
              },
              {
                "name": "Depot-45 Gate",
                "name_kn": "ದೆಪೊಟ್-45 ಗಟೆ",
                "stop_id": "36327",
                "lat": 13.0829,
                "lon": 77.55072
              },
              {
                "name": "MS Palya",
                "name_kn": "ಂಸ್ ಪಲೆ",
                "stop_id": "33957",
                "lat": 13.08145,
                "lon": 77.54831
              },
              {
                "name": "SBI Bank",
                "name_kn": "ಸ್ಬಿ ಬಂಕ್",
                "stop_id": "22467",
                "lat": 13.07239,
                "lon": 77.54625
              },
              {
                "name": "Jalahalli East",
                "name_kn": "ಜಲಹಲ್ಲಿ ೆಸ್ಟ್",
                "stop_id": "22092",
                "lat": 13.06759,
                "lon": 77.54464
              },
              {
                "name": "Kendriya Vidyalaya",
                "name_kn": "ಕೆಂದ್ರಿಯ ವಿಠೆಲಯ",
                "stop_id": "22163",
                "lat": 13.06556,
                "lon": 77.54428
              },
              {
                "name": "Gangamma Circle",
                "name_kn": "ಗಙಮ್ಮ ಕಿರ್ಕ್ಲೆ",
                "stop_id": "25311",
                "lat": 13.05776,
                "lon": 77.54635
              },
              {
                "name": "HMT Club House",
                "name_kn": "ಹ್ಂಟ್ ಕ್ಲುಬ್ ಹೌಸೆ",
                "stop_id": "35215",
                "lat": 13.05344,
                "lon": 77.55074
              },
              {
                "name": "BEL Market 1",
                "name_kn": "ಬೆಲ್ ಮರ್ಕೆಟ್ 1",
                "stop_id": "35683",
                "lat": 13.05192,
                "lon": 77.5519
              },
              {
                "name": "State Bank of India",
                "name_kn": "ಸ್ಟಟೆ ಬಂಕ್ ೊೞ್ ಿಂದಿ",
                "stop_id": "39538",
                "lat": 13.05042,
                "lon": 77.55315
              },
              {
                "name": "BEL Circle",
                "name_kn": "ಬೆಲ್ ಕಿರ್ಕ್ಲೆ",
                "stop_id": "20637",
                "lat": 13.0452,
                "lon": 77.55669
              },
              {
                "name": "Gokula",
                "name_kn": "ಗೊಕುಲ",
                "stop_id": "21968",
                "lat": 13.04152,
                "lon": 77.55725
              },
              {
                "name": "Mathikere",
                "name_kn": "ಮತಿಕೆರೆ",
                "stop_id": "22276",
                "lat": 13.03467,
                "lon": 77.55748
              },
              {
                "name": "MS Ramaiah College",
                "name_kn": "ಂಸ್ ರಮೈಹ್ ಕೊಲ್ಲೆಗೆ",
                "stop_id": "22306",
                "lat": 13.02867,
                "lon": 77.56161
              },
              {
                "name": "Diwanarapalya",
                "name_kn": "ದಿವನರಪಲೆ",
                "stop_id": "21899",
                "lat": 13.02677,
                "lon": 77.56181
              },
              {
                "name": "Ayyappa Temple Yeshawanthapura",
                "name_kn": "ಅಯೆಪ್ಪ ಟೆಂಪ್ಲೆ ಯೆಶವಂತಪುರ",
                "stop_id": "21690",
                "lat": 13.02164,
                "lon": 77.56317
              },
              {
                "name": "Yeshawanthapura Tollgate",
                "name_kn": "ಯೆಶವಂತಪುರ ಟೊಲ್ಲ್ಗಟೆ",
                "stop_id": "22647",
                "lat": 13.0179,
                "lon": 77.56099
              },
              {
                "name": "Yeshawanthapura Bus Station",
                "name_kn": "ಯೆಶವಂತಪುರ ಬುಸ್ ಸ್ಟಟಿೊಂ",
                "stop_id": "21288",
                "lat": 13.01801,
                "lon": 77.55662
              }
            ]
          }
        ]
      }
    },
    {
      "type": "Feature",
      "geometry": {
        "type": "Point",
        "coordinates": [
          77.59476710359444,
          13.100905267521966
        ]
      },
      "properties": {
        "Platform": "3",
        "Color": "#000000",
        "Icon": "3",
        "OpenHour": 0,
        "CloseHour": 0,
        "ApiIds": [
          "22640",
          "22641",
          "22644",
          "22645",
          "27854"
        ],
        "Routes": [
          {
            "Route": "284",
            "RouteId": 2001,
            "RouteParentId": 1176,
            "Destination": "Kempegowda Bus Station",
            "Via": "",
            "Area": "Yelahanka Old Town",
            "PlatformNumber": "3",
            "KannadaDestination": "ಕೆಂಪೆಗೌದ ಬುಸ್ ಸ್ಟಟಿೊಂ",
            "KannadaArea": "ಯಲಹಂಕ ಓಲ್ಡ್ ಟೌನ್",
            "KannadaVia": "",
            "FromStationId": 22640,
            "Stops": [
              {
                "name": "Yelahanka Old Town",
                "name_kn": "ಯೆಲಹಂಕ ೊಲ್ದ್ ಟೌಂ",
                "stop_id": "22640",
                "lat": 13.10091,
                "lon": 77.59436
              },
              {
                "name": "Yelahanka Santhe Circle",
                "name_kn": "ಯೆಲಹಂಕ ಸಂತೆ ಕಿರ್ಕ್ಲೆ",
                "stop_id": "22645",
                "lat": 13.09852,
                "lon": 77.59698
              },
              {
                "name": "Yelahanka Police Station",
                "name_kn": "ಯೆಲಹಂಕ ಪೊಲಿಕೆ ಸ್ಟಟಿೊಂ",
                "stop_id": "22845",
                "lat": 13.09478,
                "lon": 77.59442
              },
              {
                "name": "Allalasandra Gate",
                "name_kn": "ಅಲ್ಲಲಸಂದ್ರ ಗಟೆ",
                "stop_id": "35608",
                "lat": 13.08686,
                "lon": 77.59386
              },
              {
                "name": "Jakkur Aerodrum",
                "name_kn": "ಜಕ್ಕುರ್ ೆರೊದ್ರುಂ",
                "stop_id": "35376",
                "lat": 13.07701,
                "lon": 77.59301
              },
              {
                "name": "GKVK GATE",
                "name_kn": "ಗ್ಕ್ವ್ಕ್ ಗಟೆ",
                "stop_id": "35685",
                "lat": 13.07276,
                "lon": 77.59292
              },
              {
                "name": "Byatarayanapura",
                "name_kn": "ಬೆಟರಯನಪುರ",
                "stop_id": "35273",
                "lat": 13.06693,
                "lon": 77.59337
              },
              {
                "name": "Kodigehalli Gate",
                "name_kn": "ಕೊದಿಗೆಹಲ್ಲಿ ಗಟೆ",
                "stop_id": "35129",
                "lat": 13.05732,
                "lon": 77.59368
              },
              {
                "name": "Military Dairy Farm (Esteem Mall)",
                "name_kn": "ಮಿಲಿಟರೆ ದೈರೆ ೞರ್ಂ (ೆಸ್ಟೀಂ ಮಲ್ಲ್)",
                "stop_id": "28995",
                "lat": 13.04974,
                "lon": 77.59303
              },
              {
                "name": "Hebbala Bridge",
                "name_kn": "ಹೆಬ್ಬಲ ಬ್ರಿದ್ಗೆ",
                "stop_id": "37944",
                "lat": 13.04294,
                "lon": 77.59145
              },
              {
                "name": "Hebbala",
                "name_kn": "ಹೆಬ್ಬಲ",
                "stop_id": "25816",
                "lat": 13.03917,
                "lon": 77.58951
              },
              {
                "name": "Canara Bank Hebbala",
                "name_kn": "ಕನರ ಬಂಕ್ ಹೆಬ್ಬಲ",
                "stop_id": "20694",
                "lat": 13.03573,
                "lon": 77.58905
              },
              {
                "name": "Veterinary Hospital",
                "name_kn": "ವೆಟೆರಿನರೆ ಹೊಸ್ಪಿಟಲ್",
                "stop_id": "21253",
                "lat": 13.03018,
                "lon": 77.58697
              },
              {
                "name": "CBI",
                "name_kn": "ಕ್ಬಿ",
                "stop_id": "20699",
                "lat": 13.02653,
                "lon": 77.58565
              },
              {
                "name": "Mekhri Circle",
                "name_kn": "ಮೆಖ್ರಿ ಕಿರ್ಕ್ಲೆ",
                "stop_id": "21018",
                "lat": 13.01759,
                "lon": 77.58401
              },
              {
                "name": "Palace Ground",
                "name_kn": "ಪಲಕೆ ಗ್ರೌಂದ್",
                "stop_id": "21075",
                "lat": 13.01061,
                "lon": 77.58399
              },
              {
                "name": "RM Guttahalli",
                "name_kn": "ರ್ಂ ಗುಟಹಲ್ಲಿ",
                "stop_id": "21129",
                "lat": 13.00009,
                "lon": 77.58425
              },
              {
                "name": "Shivananda Store",
                "name_kn": "ಶಿವನಂದ ಸ್ಟೊರೆ",
                "stop_id": "21174",
                "lat": 12.98666,
                "lon": 77.57938
              },
              {
                "name": "Swastik Sheshadripuram College",
                "name_kn": "ಸ್ವಸ್ಟಿಕ್ ಶೆಶದ್ರಿಪುರಂ ಕೊಲ್ಲೆಗೆ",
                "stop_id": "35303",
                "lat": 12.98798,
                "lon": 77.57422
              },
              {
                "name": "Central",
                "name_kn": "ಕೆಂಟ್ರಲ್",
                "stop_id": "20703",
                "lat": 12.9898,
                "lon": 77.57204
              },
              {
                "name": "Kempegowda Bus Station",
                "name_kn": "ಕೆಂಪೆಗೌದ ಬುಸ್ ಸ್ಟಟಿೊಂ",
                "stop_id": "20922",
                "lat": 12.97749,
                "lon": 77.57327
              }
            ]
          },
          {
            "Route": "280-A KMT-YHKOT",
            "RouteId": 2013,
            "RouteParentId": 1182,
            "Destination": "KR Market",
            "Via": "",
            "Area": "Yelahanka Old Town",
            "PlatformNumber": "3",
            "KannadaDestination": "ಕ್ರ್ ಮರ್ಕೆಟ್",
            "KannadaArea": "ಯಲಹಂಕ ಓಲ್ಡ್ ಟೌನ್",
            "KannadaVia": "",
            "FromStationId": 22640,
            "Stops": [
              {
                "name": "Yelahanka Old Town",
                "name_kn": "ಯೆಲಹಂಕ ೊಲ್ದ್ ಟೌಂ",
                "stop_id": "22640",
                "lat": 13.10091,
                "lon": 77.59436
              },
              {
                "name": "Yelahanka Santhe Circle",
                "name_kn": "ಯೆಲಹಂಕ ಸಂತೆ ಕಿರ್ಕ್ಲೆ",
                "stop_id": "22645",
                "lat": 13.09852,
                "lon": 77.59698
              },
              {
                "name": "Yelahanka Police Station",
                "name_kn": "ಯೆಲಹಂಕ ಪೊಲಿಕೆ ಸ್ಟಟಿೊಂ",
                "stop_id": "22845",
                "lat": 13.09478,
                "lon": 77.59442
              },
              {
                "name": "Allalasandra Gate",
                "name_kn": "ಅಲ್ಲಲಸಂದ್ರ ಗಟೆ",
                "stop_id": "35608",
                "lat": 13.08686,
                "lon": 77.59386
              },
              {
                "name": "Jakkur Aerodrum",
                "name_kn": "ಜಕ್ಕುರ್ ೆರೊದ್ರುಂ",
                "stop_id": "35376",
                "lat": 13.07701,
                "lon": 77.59301
              },
              {
                "name": "GKVK GATE",
                "name_kn": "ಗ್ಕ್ವ್ಕ್ ಗಟೆ",
                "stop_id": "35685",
                "lat": 13.07276,
                "lon": 77.59292
              },
              {
                "name": "Byatarayanapura",
                "name_kn": "ಬೆಟರಯನಪುರ",
                "stop_id": "35273",
                "lat": 13.06693,
                "lon": 77.59337
              },
              {
                "name": "Kodigehalli Gate",
                "name_kn": "ಕೊದಿಗೆಹಲ್ಲಿ ಗಟೆ",
                "stop_id": "35129",
                "lat": 13.05732,
                "lon": 77.59368
              },
              {
                "name": "Military Dairy Farm (Esteem Mall)",
                "name_kn": "ಮಿಲಿಟರೆ ದೈರೆ ೞರ್ಂ (ೆಸ್ಟೀಂ ಮಲ್ಲ್)",
                "stop_id": "28995",
                "lat": 13.04974,
                "lon": 77.59303
              },
              {
                "name": "Hebbala",
                "name_kn": "ಹೆಬ್ಬಲ",
                "stop_id": "25816",
                "lat": 13.03917,
                "lon": 77.58951
              },
              {
                "name": "Canara Bank Hebbala",
                "name_kn": "ಕನರ ಬಂಕ್ ಹೆಬ್ಬಲ",
                "stop_id": "20694",
                "lat": 13.03573,
                "lon": 77.58905
              },
              {
                "name": "Veterinary Hospital",
                "name_kn": "ವೆಟೆರಿನರೆ ಹೊಸ್ಪಿಟಲ್",
                "stop_id": "21253",
                "lat": 13.03018,
                "lon": 77.58697
              },
              {
                "name": "CBI",
                "name_kn": "ಕ್ಬಿ",
                "stop_id": "20699",
                "lat": 13.02653,
                "lon": 77.58565
              },
              {
                "name": "Gangenahalli",
                "name_kn": "ಗಙೆನಹಲ್ಲಿ",
                "stop_id": "32640",
                "lat": 13.02261,
                "lon": 77.58461
              },
              {
                "name": "Mekhri Circle",
                "name_kn": "ಮೆಖ್ರಿ ಕಿರ್ಕ್ಲೆ",
                "stop_id": "21018",
                "lat": 13.01759,
                "lon": 77.58401
              },
              {
                "name": "Palace Ground",
                "name_kn": "ಪಲಕೆ ಗ್ರೌಂದ್",
                "stop_id": "21075",
                "lat": 13.01061,
                "lon": 77.58399
              },
              {
                "name": "RM Guttahalli",
                "name_kn": "ರ್ಂ ಗುಟಹಲ್ಲಿ",
                "stop_id": "21129",
                "lat": 13.00009,
                "lon": 77.58425
              },
              {
                "name": "Shivananda Store",
                "name_kn": "ಶಿವನಂದ ಸ್ಟೊರೆ",
                "stop_id": "23354",
                "lat": 12.98755,
                "lon": 77.58039
              },
              {
                "name": "Ananda Rao Circle",
                "name_kn": "ಅನಂದ ರೊ ಕಿರ್ಕ್ಲೆ",
                "stop_id": "35375",
                "lat": 12.98117,
                "lon": 77.57694
              },
              {
                "name": "Maharani College",
                "name_kn": "ಮಹರನಿ ಕೊಲ್ಲೆಗೆ",
                "stop_id": "20981",
                "lat": 12.97703,
                "lon": 77.5858
              },
              {
                "name": "KR Circle",
                "name_kn": "ಕ್ರ್ ಕಿರ್ಕ್ಲೆ",
                "stop_id": "20939",
                "lat": 12.97386,
                "lon": 77.58661
              },
              {
                "name": "St Marthas Hospital",
                "name_kn": "ಸ್ಟ್ ಮರ್ತಸ್ ಹೊಸ್ಪಿಟಲ್",
                "stop_id": "21195",
                "lat": 12.96945,
                "lon": 77.58716
              },
              {
                "name": "Corporation",
                "name_kn": "ಕೊರ್ಪೊರಟಿೊಂ",
                "stop_id": "20727",
                "lat": 12.96701,
                "lon": 77.58822
              },
              {
                "name": "Town Hall",
                "name_kn": "ಟೌಂ ಹಲ್ಲ್",
                "stop_id": "21232",
                "lat": 12.96355,
                "lon": 77.58375
              },
              {
                "name": "KR Market",
                "name_kn": "ಕ್ರ್ ಮರ್ಕೆಟ್",
                "stop_id": "22199",
                "lat": 12.96437,
                "lon": 77.57736
              }
            ]
          },
          {
            "Route": "285-M YHK-DBP",
            "RouteId": 2701,
            "RouteParentId": 1555,
            "Destination": "Doddaballapura Bus Stand",
            "Via": "",
            "Area": "Yelahanka Old Town",
            "PlatformNumber": "3",
            "KannadaDestination": "ದೊದ್ದಬಲ್ಲಪುರ ಬುಸ್ ಸ್ಟಂದ್",
            "KannadaArea": "ಯಲಹಂಕ ಓಲ್ಡ್ ಟೌನ್",
            "KannadaVia": "",
            "FromStationId": 22640,
            "Stops": [
              {
                "name": "Yelahanka Old Town",
                "name_kn": "ಯೆಲಹಂಕ ೊಲ್ದ್ ಟೌಂ",
                "stop_id": "22640",
                "lat": 13.10091,
                "lon": 77.59436
              },
              {
                "name": "Yelahanka Santhe Circle",
                "name_kn": "ಯೆಲಹಂಕ ಸಂತೆ ಕಿರ್ಕ್ಲೆ",
                "stop_id": "22645",
                "lat": 13.09852,
                "lon": 77.59698
              },
              {
                "name": "NES Office",
                "name_kn": "ನೆಸ್ ೊೞ್ೞಿಕೆ",
                "stop_id": "22356",
                "lat": 13.09766,
                "lon": 77.59166
              },
              {
                "name": "Escorts",
                "name_kn": "ಎಸ್ಕೊರ್ಟ್ಸ್",
                "stop_id": "32598",
                "lat": 13.10271,
                "lon": 77.58558
              },
              {
                "name": "Wheel And Axle Plant",
                "name_kn": "ವ್ಹೀಲ್ ಂದ್ ಕ್ಸ್ಲೆ ಪ್ಲಂಟ್",
                "stop_id": "31633",
                "lat": 13.10572,
                "lon": 77.58241
              },
              {
                "name": "Puttenahalli",
                "name_kn": "ಪುಟೆನಹಲ್ಲಿ",
                "stop_id": "34299",
                "lat": 13.10995,
                "lon": 77.58022
              },
              {
                "name": "Ananthapura Gate",
                "name_kn": "ಅನಂತಪುರ ಗಟೆ",
                "stop_id": "23081",
                "lat": 13.1146,
                "lon": 77.57901
              },
              {
                "name": "C R P F Yelahanka",
                "name_kn": "ಕ್ ರ್ ಪ್ ೞ್ ಯೆಲಹಂಕ",
                "stop_id": "32384",
                "lat": 13.12278,
                "lon": 77.57552
              },
              {
                "name": "Nagenahalli Gate",
                "name_kn": "ನಗೆನಹಲ್ಲಿ ಗಟೆ",
                "stop_id": "34069",
                "lat": 13.13001,
                "lon": 77.57132
              },
              {
                "name": "Avalahalli",
                "name_kn": "ಅವಲಹಲ್ಲಿ",
                "stop_id": "23217",
                "lat": 13.1353,
                "lon": 77.5691
              },
              {
                "name": "Singanayakanahalli Gate",
                "name_kn": "ಸಿಙನಯಕನಹಲ್ಲಿ ಗಟೆ",
                "stop_id": "26477",
                "lat": 13.1476,
                "lon": 77.56967
              },
              {
                "name": "Honnenahalli",
                "name_kn": "ಹೊಂನೆನಹಲ್ಲಿ",
                "stop_id": "25933",
                "lat": 13.15971,
                "lon": 77.5666
              },
              {
                "name": "Rajanukunte",
                "name_kn": "ರಜನುಕುಂಟೆ",
                "stop_id": "34338",
                "lat": 13.17307,
                "lon": 77.56432
              },
              {
                "name": "Sri Ramanahalli",
                "name_kn": "ಸ್ರಿ ರಮನಹಲ್ಲಿ",
                "stop_id": "26613",
                "lat": 13.19505,
                "lon": 77.56285
              },
              {
                "name": "Suradenapura Gate",
                "name_kn": "ಸುರದೆನಪುರ ಗಟೆ",
                "stop_id": "34736",
                "lat": 13.20426,
                "lon": 77.55907
              },
              {
                "name": "YAPB Toll",
                "name_kn": "ಯಪ್ಬ್ ಟೊಲ್ಲ್",
                "stop_id": "35748",
                "lat": 13.21317,
                "lon": 77.55414
              },
              {
                "name": "Aradeshanahalli Gate",
                "name_kn": "ಅರದೆಶನಹಲ್ಲಿ ಗಟೆ",
                "stop_id": "23137",
                "lat": 13.21637,
                "lon": 77.55258
              },
              {
                "name": "Marasandra Circle",
                "name_kn": "ಮರಸಂದ್ರ ಕಿರ್ಕ್ಲೆ",
                "stop_id": "33837",
                "lat": 13.22269,
                "lon": 77.54963
              },
              {
                "name": "Marasandra Govt School",
                "name_kn": "ಮರಸಂದ್ರ ಗೊವ್ಟ್ ಸ್ಚೂಲ್",
                "stop_id": "28815",
                "lat": 13.23098,
                "lon": 77.55013
              },
              {
                "name": "Hosa Hudya",
                "name_kn": "ಹೊಸ ಹುಠೆ",
                "stop_id": "32950",
                "lat": 13.23658,
                "lon": 77.55096
              },
              {
                "name": "Jinke Bachahalli Gate",
                "name_kn": "ಜಿಂಕೆ ಬಚಹಲ್ಲಿ ಗಟೆ",
                "stop_id": "33136",
                "lat": 13.246,
                "lon": 77.55248
              },
              {
                "name": "Railway Gate Bashettihalli",
                "name_kn": "ರೈಲ್ವಯ್ ಗಟೆ ಬಶೆಟಿಹಲ್ಲಿ",
                "stop_id": "27832",
                "lat": 13.25152,
                "lon": 77.55379
              },
              {
                "name": "Bank Circle Bashettyhalli",
                "name_kn": "ಬಂಕ್ ಕಿರ್ಕ್ಲೆ ಬಶೆಟೆಹಲ್ಲಿ",
                "stop_id": "29713",
                "lat": 13.258,
                "lon": 77.55271
              },
              {
                "name": "Bashettalli",
                "name_kn": "ಬಶೆಟಲ್ಲಿ",
                "stop_id": "31918",
                "lat": 13.26164,
                "lon": 77.5526
              },
              {
                "name": "Navodaya School Doddaballapura",
                "name_kn": "ನವೊದಯ ಸ್ಚೂಲ್ ದೊದ್ದಬಲ್ಲಪುರ",
                "stop_id": "34120",
                "lat": 13.2691,
                "lon": 77.55217
              },
              {
                "name": "Aparel Park",
                "name_kn": "ಅಪರೆಲ್ ಪರ್ಕ್",
                "stop_id": "29548",
                "lat": 13.27257,
                "lon": 77.55193
              },
              {
                "name": "Doddaballapura Railway Station",
                "name_kn": "ದೊದ್ದಬಲ್ಲಪುರ ರೈಲ್ವಯ್ ಸ್ಟಟಿೊಂ",
                "stop_id": "34325",
                "lat": 13.28041,
                "lon": 77.55162
              },
              {
                "name": "Mutturu",
                "name_kn": "ಮುಟುರು",
                "stop_id": "29150",
                "lat": 13.28671,
                "lon": 77.55166
              },
              {
                "name": "Siddanayakanahalli",
                "name_kn": "ಸಿದ್ದನಯಕನಹಲ್ಲಿ",
                "stop_id": "26436",
                "lat": 13.2982,
                "lon": 77.54978
              },
              {
                "name": "D Cross Doddaballapura",
                "name_kn": "ದ್ ಕ್ರೊಸ್ಸ್ ದೊದ್ದಬಲ್ಲಪುರ",
                "stop_id": "32387",
                "lat": 13.30654,
                "lon": 77.54584
              },
              {
                "name": "Doddaballapura Bus Stand",
                "name_kn": "ದೊದ್ದಬಲ್ಲಪುರ ಬುಸ್ ಸ್ಟಂದ್",
                "stop_id": "25068",
                "lat": 13.29346,
                "lon": 77.54224
              }
            ]
          },
          {
            "Route": "290-EJ NGWJN-GKVK-YHK",
            "RouteId": 14655,
            "RouteParentId": 7852,
            "Destination": "Nagawara Junction",
            "Via": "",
            "Area": "Yelahanka Old Town",
            "PlatformNumber": "3",
            "KannadaDestination": "ನಗವರ ಜುಂಕ್ಟಿೊಂ",
            "KannadaArea": "ಯಲಹಂಕ ಓಲ್ಡ್ ಟೌನ್",
            "KannadaVia": "",
            "FromStationId": 22640,
            "Stops": [
              {
                "name": "Yelahanka Old Town",
                "name_kn": "ಯೆಲಹಂಕ ೊಲ್ದ್ ಟೌಂ",
                "stop_id": "22640",
                "lat": 13.10091,
                "lon": 77.59436
              },
              {
                "name": "Yelahanka Santhe Circle",
                "name_kn": "ಯೆಲಹಂಕ ಸಂತೆ ಕಿರ್ಕ್ಲೆ",
                "stop_id": "22643",
                "lat": 13.09919,
                "lon": 77.59731
              },
              {
                "name": "Allalasandra Gate",
                "name_kn": "ಅಲ್ಲಲಸಂದ್ರ ಗಟೆ",
                "stop_id": "35608",
                "lat": 13.08686,
                "lon": 77.59386
              },
              {
                "name": "Jakkur Aerodrum",
                "name_kn": "ಜಕ್ಕುರ್ ೆರೊದ್ರುಂ",
                "stop_id": "35376",
                "lat": 13.07701,
                "lon": 77.59301
              },
              {
                "name": "GKVK GATE",
                "name_kn": "ಗ್ಕ್ವ್ಕ್ ಗಟೆ",
                "stop_id": "32694",
                "lat": 13.07358,
                "lon": 77.59306
              },
              {
                "name": "Jakkur Layout Shanimahatma Temple",
                "name_kn": "ಜಕ್ಕುರ್ ಲಯೌಟ್ ಶನಿಮಹಟ್ಮ ಟೆಂಪ್ಲೆ",
                "stop_id": "26252",
                "lat": 13.07302,
                "lon": 77.60121
              },
              {
                "name": "Jakkur Layout Double Road",
                "name_kn": "ಜಕ್ಕುರ್ ಲಯೌಟ್ ದೌಬ್ಲೆ ರೊದ್",
                "stop_id": "35834",
                "lat": 13.07265,
                "lon": 77.60422
              },
              {
                "name": "Venkateshwara Nagara Cross",
                "name_kn": "ವೆಂಕಟೆಶ್ವರ ನಗರ ಕ್ರೊಸ್ಸ್",
                "stop_id": "27257",
                "lat": 13.07185,
                "lon": 77.61906
              },
              {
                "name": "Dr Shivaramkaranth Residents",
                "name_kn": "ದ್ರ್ ಶಿವರಂಕರಂತ್ ರೆಸಿದೆಂಟ್ಸ್",
                "stop_id": "35071",
                "lat": 13.06908,
                "lon": 77.62542
              },
              {
                "name": "Dr.Shivaramakaranth Nagara",
                "name_kn": "ದ್ರ್.ಶಿವರಮಕರಂತ್ ನಗರ",
                "stop_id": "35096",
                "lat": 13.06831,
                "lon": 77.62917
              },
              {
                "name": "K Narayanapura Cross",
                "name_kn": "ಕ್ ನರಯನಪುರ ಕ್ರೊಸ್ಸ್",
                "stop_id": "39178",
                "lat": 13.06736,
                "lon": 77.63373
              },
              {
                "name": "Book Factory Thanisandra",
                "name_kn": "ಬೂಕ್ ೞಕ್ಟೊರೆ ತನಿಸಂದ್ರ",
                "stop_id": "21778",
                "lat": 13.06161,
                "lon": 77.63334
              },
              {
                "name": "Thanisandra",
                "name_kn": "ತನಿಸಂದ್ರ",
                "stop_id": "22541",
                "lat": 13.0561,
                "lon": 77.63291
              },
              {
                "name": "Ashwath Nagara",
                "name_kn": "ಅಶ್ವತ್ ನಗರ",
                "stop_id": "21666",
                "lat": 13.05289,
                "lon": 77.63144
              },
              {
                "name": "Ashwath Nagara Cross",
                "name_kn": "ಅಶ್ವತ್ ನಗರ ಕ್ರೊಸ್ಸ್",
                "stop_id": "21669",
                "lat": 13.05075,
                "lon": 77.63067
              },
              {
                "name": "Sarayipalya",
                "name_kn": "ಸರಯಿಪಲೆ",
                "stop_id": "28167",
                "lat": 13.04745,
                "lon": 77.62868
              },
              {
                "name": "Vidyasagara",
                "name_kn": "ವಿಠೆಸಗರ",
                "stop_id": "22601",
                "lat": 13.04559,
                "lon": 77.62759
              },
              {
                "name": "Nagavara Junction Petrol Bunk",
                "name_kn": "ನಗವರ ಜುಂಕ್ಟಿೊಂ ಪೆಟ್ರೊಲ್ ಬುಂಕ್",
                "stop_id": "22382",
                "lat": 13.04189,
                "lon": 77.62498
              },
              {
                "name": "Nagawara Junction",
                "name_kn": "ನಗವರ ಜುಂಕ್ಟಿೊಂ",
                "stop_id": "36305",
                "lat": 13.04054,
                "lon": 77.62435
              }
            ]
          },
          {
            "Route": "289-R",
            "RouteId": 14181,
            "RouteParentId": 7579,
            "Destination": "Bagalur",
            "Via": "",
            "Area": "Yelahanka Old Town",
            "PlatformNumber": "3",
            "KannadaDestination": "ಬಗಲುರ್",
            "KannadaArea": "ಯಲಹಂಕ ಓಲ್ಡ್ ಟೌನ್",
            "KannadaVia": "",
            "FromStationId": 22640,
            "Stops": [
              {
                "name": "Yelahanka Old Town",
                "name_kn": "ಯೆಲಹಂಕ ೊಲ್ದ್ ಟೌಂ",
                "stop_id": "22640",
                "lat": 13.10091,
                "lon": 77.59436
              },
              {
                "name": "Yelahanka Santhe Circle",
                "name_kn": "ಯೆಲಹಂಕ ಸಂತೆ ಕಿರ್ಕ್ಲೆ",
                "stop_id": "22643",
                "lat": 13.09919,
                "lon": 77.59731
              },
              {
                "name": "Kogilu Cross",
                "name_kn": "ಕೊಗಿಲು ಕ್ರೊಸ್ಸ್",
                "stop_id": "22183",
                "lat": 13.10362,
                "lon": 77.60102
              },
              {
                "name": "Maruthi Nagara",
                "name_kn": "ಮರುತಿ ನಗರ",
                "stop_id": "22266",
                "lat": 13.10445,
                "lon": 77.60632
              },
              {
                "name": "Sapthagiri Layout",
                "name_kn": "ಸಪ್ತಗಿರಿ ಲಯೌಟ್",
                "stop_id": "22457",
                "lat": 13.10457,
                "lon": 77.61045
              },
              {
                "name": "Kogilu",
                "name_kn": "ಕೊಗಿಲು",
                "stop_id": "22181",
                "lat": 13.10362,
                "lon": 77.616
              },
              {
                "name": "Srinivasapura Kogilu",
                "name_kn": "ಸ್ರಿನಿವಸಪುರ ಕೊಗಿಲು",
                "stop_id": "22513",
                "lat": 13.10347,
                "lon": 77.62349
              },
              {
                "name": "Ittige Factory",
                "name_kn": "ಇಟಿಗೆ ೞಕ್ಟೊರೆ",
                "stop_id": "22087",
                "lat": 13.10252,
                "lon": 77.62918
              },
              {
                "name": "Bellahalli Cross",
                "name_kn": "ಬೆಲ್ಲಹಲ್ಲಿ ಕ್ರೊಸ್ಸ್",
                "stop_id": "31951",
                "lat": 13.10207,
                "lon": 77.63351
              },
              {
                "name": "Reva College",
                "name_kn": "ರೆವ ಕೊಲ್ಲೆಗೆ",
                "stop_id": "34415",
                "lat": 13.11538,
                "lon": 77.63416
              },
              {
                "name": "Reva College Gate",
                "name_kn": "ರೆವ ಕೊಲ್ಲೆಗೆ ಗಟೆ",
                "stop_id": "34416",
                "lat": 13.12228,
                "lon": 77.63051
              },
              {
                "name": "Country Club Bagaluru",
                "name_kn": "ಕೌಂಟ್ರೆ ಕ್ಲುಬ್ ಬಗಲುರು",
                "stop_id": "32381",
                "lat": 13.12358,
                "lon": 77.63932
              },
              {
                "name": "Srinivasapura Cross",
                "name_kn": "ಸ್ರಿನಿವಸಪುರ ಕ್ರೊಸ್ಸ್",
                "stop_id": "34690",
                "lat": 13.12602,
                "lon": 77.64512
              },
              {
                "name": "Sathanur Colony",
                "name_kn": "ಸತನುರ್ ಕೊಲೊನೆ",
                "stop_id": "34479",
                "lat": 13.12788,
                "lon": 77.64651
              },
              {
                "name": "Sathanur",
                "name_kn": "ಸತನುರ್",
                "stop_id": "28176",
                "lat": 13.13186,
                "lon": 77.6474
              },
              {
                "name": "Bagalur Sante/ CMR University Cross",
                "name_kn": "ಬಗಲುರ್ ಸಂಟೆ/ ಕ್ಂರ್ ುನಿವೆರ್ಸಿಟೆ ಕ್ರೊಸ್ಸ್",
                "stop_id": "39920",
                "lat": 13.13211,
                "lon": 77.66222
              },
              {
                "name": "Bagalur Santhe Circle",
                "name_kn": "ಬಗಲುರ್ ಸಂತೆ ಕಿರ್ಕ್ಲೆ",
                "stop_id": "31859",
                "lat": 13.13351,
                "lon": 77.66675
              },
              {
                "name": "Bagalur",
                "name_kn": "ಬಗಲುರ್",
                "stop_id": "23267",
                "lat": 13.13461,
                "lon": 77.66794
              }
            ]
          },
          {
            "Route": "280-K",
            "RouteId": 4815,
            "RouteParentId": 2637,
            "Destination": "Mittaganahalli 1",
            "Via": "",
            "Area": "Kempegowda Bus Station",
            "PlatformNumber": "3",
            "KannadaDestination": "ಮಿಟಗನಹಲ್ಲಿ 1",
            "KannadaArea": "ಕೆಂಪೇಗೌಡ ಬಸ್ ನಿಲ್ದಾಣ",
            "KannadaVia": "",
            "FromStationId": 27854,
            "Stops": [
              {
                "name": "Raitarasanthe Yelahanka",
                "name_kn": "ರೈಟರಸಂತೆ ಯೆಲಹಂಕ",
                "stop_id": "27854",
                "lat": 13.09807,
                "lon": 77.59866
              },
              {
                "name": "Yelahanka Santhe Circle",
                "name_kn": "ಯೆಲಹಂಕ ಸಂತೆ ಕಿರ್ಕ್ಲೆ",
                "stop_id": "22643",
                "lat": 13.09919,
                "lon": 77.59731
              },
              {
                "name": "Kogilu Cross",
                "name_kn": "ಕೊಗಿಲು ಕ್ರೊಸ್ಸ್",
                "stop_id": "22183",
                "lat": 13.10362,
                "lon": 77.60102
              },
              {
                "name": "Maruthi Nagara",
                "name_kn": "ಮರುತಿ ನಗರ",
                "stop_id": "22266",
                "lat": 13.10445,
                "lon": 77.60632
              },
              {
                "name": "Sapthagiri Layout",
                "name_kn": "ಸಪ್ತಗಿರಿ ಲಯೌಟ್",
                "stop_id": "22457",
                "lat": 13.10457,
                "lon": 77.61045
              },
              {
                "name": "Kogilu",
                "name_kn": "ಕೊಗಿಲು",
                "stop_id": "22181",
                "lat": 13.10362,
                "lon": 77.616
              },
              {
                "name": "Srinivasapura Kogilu",
                "name_kn": "ಸ್ರಿನಿವಸಪುರ ಕೊಗಿಲು",
                "stop_id": "22513",
                "lat": 13.10347,
                "lon": 77.62349
              },
              {
                "name": "Ittige Factory",
                "name_kn": "ಇಟಿಗೆ ೞಕ್ಟೊರೆ",
                "stop_id": "22087",
                "lat": 13.10252,
                "lon": 77.62918
              },
              {
                "name": "Bellahalli Cross",
                "name_kn": "ಬೆಲ್ಲಹಲ್ಲಿ ಕ್ರೊಸ್ಸ್",
                "stop_id": "31951",
                "lat": 13.10207,
                "lon": 77.63351
              },
              {
                "name": "Mittaganahalli Cross",
                "name_kn": "ಮಿಟಗನಹಲ್ಲಿ ಕ್ರೊಸ್ಸ್",
                "stop_id": "29020",
                "lat": 13.11173,
                "lon": 77.64381
              },
              {
                "name": "Mittaganahalli 1",
                "name_kn": "ಮಿಟಗನಹಲ್ಲಿ 1",
                "stop_id": "34826",
                "lat": 13.10951,
                "lon": 77.64363
              }
            ]
          },
          {
            "Route": "280-K YHK-MTH",
            "RouteId": 4819,
            "RouteParentId": 2640,
            "Destination": "Mittaganahalli 1",
            "Via": "",
            "Area": "Yelahanka Old Town",
            "PlatformNumber": "3",
            "KannadaDestination": "ಮಿಟಗನಹಲ್ಲಿ 1",
            "KannadaArea": "ಯಲಹಂಕ ಓಲ್ಡ್ ಟೌನ್",
            "KannadaVia": "",
            "FromStationId": 22640,
            "Stops": [
              {
                "name": "Yelahanka Old Town",
                "name_kn": "ಯೆಲಹಂಕ ೊಲ್ದ್ ಟೌಂ",
                "stop_id": "22640",
                "lat": 13.10091,
                "lon": 77.59436
              },
              {
                "name": "Yelahanka Santhe Circle",
                "name_kn": "ಯೆಲಹಂಕ ಸಂತೆ ಕಿರ್ಕ್ಲೆ",
                "stop_id": "22643",
                "lat": 13.09919,
                "lon": 77.59731
              },
              {
                "name": "Kogilu Cross",
                "name_kn": "ಕೊಗಿಲು ಕ್ರೊಸ್ಸ್",
                "stop_id": "22183",
                "lat": 13.10362,
                "lon": 77.60102
              },
              {
                "name": "Maruthi Nagara",
                "name_kn": "ಮರುತಿ ನಗರ",
                "stop_id": "22266",
                "lat": 13.10445,
                "lon": 77.60632
              },
              {
                "name": "Sapthagiri Layout",
                "name_kn": "ಸಪ್ತಗಿರಿ ಲಯೌಟ್",
                "stop_id": "22457",
                "lat": 13.10457,
                "lon": 77.61045
              },
              {
                "name": "Kogilu",
                "name_kn": "ಕೊಗಿಲು",
                "stop_id": "22181",
                "lat": 13.10362,
                "lon": 77.616
              },
              {
                "name": "Srinivasapura Kogilu",
                "name_kn": "ಸ್ರಿನಿವಸಪುರ ಕೊಗಿಲು",
                "stop_id": "22513",
                "lat": 13.10347,
                "lon": 77.62349
              },
              {
                "name": "Ittige Factory",
                "name_kn": "ಇಟಿಗೆ ೞಕ್ಟೊರೆ",
                "stop_id": "22087",
                "lat": 13.10252,
                "lon": 77.62918
              },
              {
                "name": "Bellahalli Cross",
                "name_kn": "ಬೆಲ್ಲಹಲ್ಲಿ ಕ್ರೊಸ್ಸ್",
                "stop_id": "31951",
                "lat": 13.10207,
                "lon": 77.63351
              },
              {
                "name": "Mittaganahalli Cross",
                "name_kn": "ಮಿಟಗನಹಲ್ಲಿ ಕ್ರೊಸ್ಸ್",
                "stop_id": "29020",
                "lat": 13.11173,
                "lon": 77.64381
              },
              {
                "name": "Mittaganahalli 1",
                "name_kn": "ಮಿಟಗನಹಲ್ಲಿ 1",
                "stop_id": "34826",
                "lat": 13.10951,
                "lon": 77.64363
              }
            ]
          },
          {
            "Route": "290-E",
            "RouteId": 2282,
            "RouteParentId": 1324,
            "Destination": "Shivajinagara Bus Station",
            "Via": "",
            "Area": "Yelahanka Old Town",
            "PlatformNumber": "3",
            "KannadaDestination": "ಶಿವಜಿನಗರ ಬುಸ್ ಸ್ಟಟಿೊಂ",
            "KannadaArea": "ಯಲಹಂಕ ಓಲ್ಡ್ ಟೌನ್",
            "KannadaVia": "",
            "FromStationId": 22640,
            "Stops": [
              {
                "name": "Yelahanka Old Town",
                "name_kn": "ಯೆಲಹಂಕ ೊಲ್ದ್ ಟೌಂ",
                "stop_id": "22640",
                "lat": 13.10091,
                "lon": 77.59436
              },
              {
                "name": "Yelahanka Santhe Circle",
                "name_kn": "ಯೆಲಹಂಕ ಸಂತೆ ಕಿರ್ಕ್ಲೆ",
                "stop_id": "22643",
                "lat": 13.09919,
                "lon": 77.59731
              },
              {
                "name": "Kogilu Cross",
                "name_kn": "ಕೊಗಿಲು ಕ್ರೊಸ್ಸ್",
                "stop_id": "22183",
                "lat": 13.10362,
                "lon": 77.60102
              },
              {
                "name": "Maruthi Nagara",
                "name_kn": "ಮರುತಿ ನಗರ",
                "stop_id": "22266",
                "lat": 13.10445,
                "lon": 77.60632
              },
              {
                "name": "Sapthagiri Layout",
                "name_kn": "ಸಪ್ತಗಿರಿ ಲಯೌಟ್",
                "stop_id": "22457",
                "lat": 13.10457,
                "lon": 77.61045
              },
              {
                "name": "Kogilu",
                "name_kn": "ಕೊಗಿಲು",
                "stop_id": "22181",
                "lat": 13.10362,
                "lon": 77.616
              },
              {
                "name": "Srinivasapura Kogilu",
                "name_kn": "ಸ್ರಿನಿವಸಪುರ ಕೊಗಿಲು",
                "stop_id": "22513",
                "lat": 13.10347,
                "lon": 77.62349
              },
              {
                "name": "Ittige Factory",
                "name_kn": "ಇಟಿಗೆ ೞಕ್ಟೊರೆ",
                "stop_id": "22087",
                "lat": 13.10252,
                "lon": 77.62918
              },
              {
                "name": "Bellahalli Cross THS Main Road",
                "name_kn": "ಬೆಲ್ಲಹಲ್ಲಿ ಕ್ರೊಸ್ಸ್ ತ್ಸ್ ಮೈಂ ರೊದ್",
                "stop_id": "21740",
                "lat": 13.10113,
                "lon": 77.6351
              },
              {
                "name": "M S Nagara (Thirumenahalli)",
                "name_kn": "ಂ ಸ್ ನಗರ (ತಿರುಮೆನಹಲ್ಲಿ)",
                "stop_id": "38788",
                "lat": 13.09731,
                "lon": 77.63592
              },
              {
                "name": "Purvankara Northern Destiny Bellahalli",
                "name_kn": "ಪುರ್ವಂಕರ ನೊರ್ತೆರ್ಂ ದೆಸ್ಟಿನೆ ಬೆಲ್ಲಹಲ್ಲಿ",
                "stop_id": "34294",
                "lat": 13.09606,
                "lon": 77.63604
              },
              {
                "name": "Thirumenahalli Cross (KNS College)",
                "name_kn": "ತಿರುಮೆನಹಲ್ಲಿ ಕ್ರೊಸ್ಸ್ (ಕ್ಂಸ್ ಕೊಲ್ಲೆಗೆ)",
                "stop_id": "22555",
                "lat": 13.08871,
                "lon": 77.6355
              },
              {
                "name": "Chokkanahalli Gate",
                "name_kn": "ಚೊಕ್ಕನಹಲ್ಲಿ ಗಟೆ",
                "stop_id": "21846",
                "lat": 13.08466,
                "lon": 77.63487
              },
              {
                "name": "Noor Nagara",
                "name_kn": "ನೂರ್ ನಗರ",
                "stop_id": "22365",
                "lat": 13.08003,
                "lon": 77.63413
              },
              {
                "name": "Koli Farm",
                "name_kn": "ಕೊಲಿ ೞರ್ಂ",
                "stop_id": "22186",
                "lat": 13.07404,
                "lon": 77.63376
              },
              {
                "name": "RK Hegde Nagara",
                "name_kn": "ರ್ಕ್ ಹೆಗ್ದೆ ನಗರ",
                "stop_id": "22430",
                "lat": 13.0719,
                "lon": 77.63376
              },
              {
                "name": "K Narayanapura Cross",
                "name_kn": "ಕ್ ನರಯನಪುರ ಕ್ರೊಸ್ಸ್",
                "stop_id": "22126",
                "lat": 13.06833,
                "lon": 77.63375
              },
              {
                "name": "Book Factory Thanisandra",
                "name_kn": "ಬೂಕ್ ೞಕ್ಟೊರೆ ತನಿಸಂದ್ರ",
                "stop_id": "21778",
                "lat": 13.06161,
                "lon": 77.63334
              },
              {
                "name": "Thanisandra",
                "name_kn": "ತನಿಸಂದ್ರ",
                "stop_id": "22541",
                "lat": 13.0561,
                "lon": 77.63291
              },
              {
                "name": "Ashwath Nagara",
                "name_kn": "ಅಶ್ವತ್ ನಗರ",
                "stop_id": "21666",
                "lat": 13.05289,
                "lon": 77.63144
              },
              {
                "name": "Sarayipalya",
                "name_kn": "ಸರಯಿಪಲೆ",
                "stop_id": "28167",
                "lat": 13.04745,
                "lon": 77.62868
              },
              {
                "name": "Vidyasagara",
                "name_kn": "ವಿಠೆಸಗರ",
                "stop_id": "22601",
                "lat": 13.04559,
                "lon": 77.62759
              },
              {
                "name": "Nagavara Junction Petrol Bunk",
                "name_kn": "ನಗವರ ಜುಂಕ್ಟಿೊಂ ಪೆಟ್ರೊಲ್ ಬುಂಕ್",
                "stop_id": "22382",
                "lat": 13.04189,
                "lon": 77.62498
              },
              {
                "name": "Nagawara Junction",
                "name_kn": "ನಗವರ ಜುಂಕ್ಟಿೊಂ",
                "stop_id": "35838",
                "lat": 13.04042,
                "lon": 77.62445
              },
              {
                "name": "Hennur Junction",
                "name_kn": "ಹೆಂನುರ್ ಜುಂಕ್ಟಿೊಂ",
                "stop_id": "21522",
                "lat": 13.02964,
                "lon": 77.63134
              },
              {
                "name": "Kadugondanahalli Railway Gate",
                "name_kn": "ಕದುಗೊಂದನಹಲ್ಲಿ ರೈಲ್ವಯ್ ಗಟೆ",
                "stop_id": "22173",
                "lat": 13.02599,
                "lon": 77.62003
              },
              {
                "name": "Kadugondanahalli Police Station",
                "name_kn": "ಕದುಗೊಂದನಹಲ್ಲಿ ಪೊಲಿಕೆ ಸ್ಟಟಿೊಂ",
                "stop_id": "22136",
                "lat": 13.02055,
                "lon": 77.619
              },
              {
                "name": "Venkateshapura",
                "name_kn": "ವೆಂಕಟೆಶಪುರ",
                "stop_id": "22597",
                "lat": 13.01544,
                "lon": 77.61757
              },
              {
                "name": "Postal and Telecom Colony",
                "name_kn": "ಪೊಸ್ಟಲ್ ಂದ್ ಟೆಲೆಕೊಂ ಕೊಲೊನೆ",
                "stop_id": "22402",
                "lat": 13.01278,
                "lon": 77.61646
              },
              {
                "name": "Muslim Colony",
                "name_kn": "ಮುಸ್ಲಿಂ ಕೊಲೊನೆ",
                "stop_id": "22319",
                "lat": 13.01049,
                "lon": 77.61513
              },
              {
                "name": "Periyar Nagara Circle",
                "name_kn": "ಪೆರಿಯರ್ ನಗರ ಕಿರ್ಕ್ಲೆ",
                "stop_id": "22379",
                "lat": 13.00848,
                "lon": 77.61325
              },
              {
                "name": "Canara Bank Tannery Road",
                "name_kn": "ಕನರ ಬಂಕ್ ಟಂನೆರೆ ರೊದ್",
                "stop_id": "21802",
                "lat": 13.00622,
                "lon": 77.61242
              },
              {
                "name": "Doddy",
                "name_kn": "ದೊದ್ಠೆ",
                "stop_id": "21911",
                "lat": 13.00266,
                "lon": 77.61215
              },
              {
                "name": "Coles Park",
                "name_kn": "ಕೊಲೆಸ್ ಪರ್ಕ್",
                "stop_id": "21857",
                "lat": 12.99534,
                "lon": 77.60829
              },
              {
                "name": "Bamboo Bazar",
                "name_kn": "ಬಂಬೂ ಬಜ಼ರ್",
                "stop_id": "21706",
                "lat": 12.99204,
                "lon": 77.60397
              },
              {
                "name": "CSI Hospital",
                "name_kn": "ಕ್ಸಿ ಹೊಸ್ಪಿಟಲ್",
                "stop_id": "21868",
                "lat": 12.98983,
                "lon": 77.59938
              },
              {
                "name": "Indian Express",
                "name_kn": "ಇಂದಿಂ ೆಕ್ಸ್ಪ್ರೆಸ್ಸ್",
                "stop_id": "20855",
                "lat": 12.98408,
                "lon": 77.59827
              },
              {
                "name": "Shivajinagara Bus Station",
                "name_kn": "ಶಿವಜಿನಗರ ಬುಸ್ ಸ್ಟಟಿೊಂ",
                "stop_id": "21173",
                "lat": 12.98328,
                "lon": 77.60304
              }
            ]
          },
          {
            "Route": "314 BEMLF-SBS-YHK",
            "RouteId": 13803,
            "RouteParentId": 7364,
            "Destination": "BEML Factory",
            "Via": "",
            "Area": "Yelahanka Old Town",
            "PlatformNumber": "3",
            "KannadaDestination": "ಬೆಂಲ್ ೞಕ್ಟೊರೆ",
            "KannadaArea": "ಯಲಹಂಕ ಓಲ್ಡ್ ಟೌನ್",
            "KannadaVia": "",
            "FromStationId": 22640,
            "Stops": [
              {
                "name": "Yelahanka Old Town",
                "name_kn": "ಯೆಲಹಂಕ ೊಲ್ದ್ ಟೌಂ",
                "stop_id": "22640",
                "lat": 13.10091,
                "lon": 77.59436
              },
              {
                "name": "Yelahanka Santhe Circle",
                "name_kn": "ಯೆಲಹಂಕ ಸಂತೆ ಕಿರ್ಕ್ಲೆ",
                "stop_id": "22643",
                "lat": 13.09919,
                "lon": 77.59731
              },
              {
                "name": "Kogilu Cross",
                "name_kn": "ಕೊಗಿಲು ಕ್ರೊಸ್ಸ್",
                "stop_id": "22183",
                "lat": 13.10362,
                "lon": 77.60102
              },
              {
                "name": "Maruthi Nagara",
                "name_kn": "ಮರುತಿ ನಗರ",
                "stop_id": "22266",
                "lat": 13.10445,
                "lon": 77.60632
              },
              {
                "name": "Sapthagiri Layout",
                "name_kn": "ಸಪ್ತಗಿರಿ ಲಯೌಟ್",
                "stop_id": "22457",
                "lat": 13.10457,
                "lon": 77.61045
              },
              {
                "name": "Kogilu",
                "name_kn": "ಕೊಗಿಲು",
                "stop_id": "22181",
                "lat": 13.10362,
                "lon": 77.616
              },
              {
                "name": "Srinivasapura Kogilu",
                "name_kn": "ಸ್ರಿನಿವಸಪುರ ಕೊಗಿಲು",
                "stop_id": "22513",
                "lat": 13.10347,
                "lon": 77.62349
              },
              {
                "name": "Ittige Factory",
                "name_kn": "ಇಟಿಗೆ ೞಕ್ಟೊರೆ",
                "stop_id": "22087",
                "lat": 13.10252,
                "lon": 77.62918
              },
              {
                "name": "Bellahalli Cross THS Main Road",
                "name_kn": "ಬೆಲ್ಲಹಲ್ಲಿ ಕ್ರೊಸ್ಸ್ ತ್ಸ್ ಮೈಂ ರೊದ್",
                "stop_id": "21740",
                "lat": 13.10113,
                "lon": 77.6351
              },
              {
                "name": "M S Nagara (Thirumenahalli)",
                "name_kn": "ಂ ಸ್ ನಗರ (ತಿರುಮೆನಹಲ್ಲಿ)",
                "stop_id": "38788",
                "lat": 13.09731,
                "lon": 77.63592
              },
              {
                "name": "Purvankara Northern Destiny Bellahalli",
                "name_kn": "ಪುರ್ವಂಕರ ನೊರ್ತೆರ್ಂ ದೆಸ್ಟಿನೆ ಬೆಲ್ಲಹಲ್ಲಿ",
                "stop_id": "34294",
                "lat": 13.09606,
                "lon": 77.63604
              },
              {
                "name": "Thirumenahalli Cross (KNS College)",
                "name_kn": "ತಿರುಮೆನಹಲ್ಲಿ ಕ್ರೊಸ್ಸ್ (ಕ್ಂಸ್ ಕೊಲ್ಲೆಗೆ)",
                "stop_id": "22555",
                "lat": 13.08871,
                "lon": 77.6355
              },
              {
                "name": "Chokkanahalli Gate",
                "name_kn": "ಚೊಕ್ಕನಹಲ್ಲಿ ಗಟೆ",
                "stop_id": "21846",
                "lat": 13.08466,
                "lon": 77.63487
              },
              {
                "name": "Noor Nagara",
                "name_kn": "ನೂರ್ ನಗರ",
                "stop_id": "22365",
                "lat": 13.08003,
                "lon": 77.63413
              },
              {
                "name": "Koli Farm",
                "name_kn": "ಕೊಲಿ ೞರ್ಂ",
                "stop_id": "22186",
                "lat": 13.07404,
                "lon": 77.63376
              },
              {
                "name": "RK Hegde Nagara",
                "name_kn": "ರ್ಕ್ ಹೆಗ್ದೆ ನಗರ",
                "stop_id": "22430",
                "lat": 13.0719,
                "lon": 77.63376
              },
              {
                "name": "K Narayanapura Cross",
                "name_kn": "ಕ್ ನರಯನಪುರ ಕ್ರೊಸ್ಸ್",
                "stop_id": "22126",
                "lat": 13.06833,
                "lon": 77.63375
              },
              {
                "name": "Book Factory Thanisandra",
                "name_kn": "ಬೂಕ್ ೞಕ್ಟೊರೆ ತನಿಸಂದ್ರ",
                "stop_id": "21778",
                "lat": 13.06161,
                "lon": 77.63334
              },
              {
                "name": "Thanisandra",
                "name_kn": "ತನಿಸಂದ್ರ",
                "stop_id": "22541",
                "lat": 13.0561,
                "lon": 77.63291
              },
              {
                "name": "Ashwath Nagara",
                "name_kn": "ಅಶ್ವತ್ ನಗರ",
                "stop_id": "21666",
                "lat": 13.05289,
                "lon": 77.63144
              },
              {
                "name": "Sarayipalya",
                "name_kn": "ಸರಯಿಪಲೆ",
                "stop_id": "28167",
                "lat": 13.04745,
                "lon": 77.62868
              },
              {
                "name": "Vidyasagara",
                "name_kn": "ವಿಠೆಸಗರ",
                "stop_id": "22601",
                "lat": 13.04559,
                "lon": 77.62759
              },
              {
                "name": "Nagavara Junction Petrol Bunk",
                "name_kn": "ನಗವರ ಜುಂಕ್ಟಿೊಂ ಪೆಟ್ರೊಲ್ ಬುಂಕ್",
                "stop_id": "22382",
                "lat": 13.04189,
                "lon": 77.62498
              },
              {
                "name": "Nagawara Junction",
                "name_kn": "ನಗವರ ಜುಂಕ್ಟಿೊಂ",
                "stop_id": "35838",
                "lat": 13.04042,
                "lon": 77.62445
              },
              {
                "name": "Hennur Junction",
                "name_kn": "ಹೆಂನುರ್ ಜುಂಕ್ಟಿೊಂ",
                "stop_id": "21522",
                "lat": 13.02964,
                "lon": 77.63134
              },
              {
                "name": "Kadugondanahalli Railway Gate",
                "name_kn": "ಕದುಗೊಂದನಹಲ್ಲಿ ರೈಲ್ವಯ್ ಗಟೆ",
                "stop_id": "22173",
                "lat": 13.02599,
                "lon": 77.62003
              },
              {
                "name": "Kadugondanahalli Police Station",
                "name_kn": "ಕದುಗೊಂದನಹಲ್ಲಿ ಪೊಲಿಕೆ ಸ್ಟಟಿೊಂ",
                "stop_id": "22136",
                "lat": 13.02055,
                "lon": 77.619
              },
              {
                "name": "Venkateshapura",
                "name_kn": "ವೆಂಕಟೆಶಪುರ",
                "stop_id": "22597",
                "lat": 13.01544,
                "lon": 77.61757
              },
              {
                "name": "Postal and Telecom Colony",
                "name_kn": "ಪೊಸ್ಟಲ್ ಂದ್ ಟೆಲೆಕೊಂ ಕೊಲೊನೆ",
                "stop_id": "22402",
                "lat": 13.01278,
                "lon": 77.61646
              },
              {
                "name": "Muslim Colony",
                "name_kn": "ಮುಸ್ಲಿಂ ಕೊಲೊನೆ",
                "stop_id": "22319",
                "lat": 13.01049,
                "lon": 77.61513
              },
              {
                "name": "Periyar Nagara Circle",
                "name_kn": "ಪೆರಿಯರ್ ನಗರ ಕಿರ್ಕ್ಲೆ",
                "stop_id": "22379",
                "lat": 13.00848,
                "lon": 77.61325
              },
              {
                "name": "Canara Bank Tannery Road",
                "name_kn": "ಕನರ ಬಂಕ್ ಟಂನೆರೆ ರೊದ್",
                "stop_id": "21802",
                "lat": 13.00622,
                "lon": 77.61242
              },
              {
                "name": "Doddy",
                "name_kn": "ದೊದ್ಠೆ",
                "stop_id": "21911",
                "lat": 13.00266,
                "lon": 77.61215
              },
              {
                "name": "Coles Park",
                "name_kn": "ಕೊಲೆಸ್ ಪರ್ಕ್",
                "stop_id": "21857",
                "lat": 12.99534,
                "lon": 77.60829
              },
              {
                "name": "Bamboo Bazar",
                "name_kn": "ಬಂಬೂ ಬಜ಼ರ್",
                "stop_id": "21706",
                "lat": 12.99204,
                "lon": 77.60397
              },
              {
                "name": "CSI Hospital",
                "name_kn": "ಕ್ಸಿ ಹೊಸ್ಪಿಟಲ್",
                "stop_id": "21868",
                "lat": 12.98983,
                "lon": 77.59938
              },
              {
                "name": "Indian Express",
                "name_kn": "ಇಂದಿಂ ೆಕ್ಸ್ಪ್ರೆಸ್ಸ್",
                "stop_id": "20855",
                "lat": 12.98408,
                "lon": 77.59827
              },
              {
                "name": "Shivajinagara Bus Station",
                "name_kn": "ಶಿವಜಿನಗರ ಬುಸ್ ಸ್ಟಟಿೊಂ",
                "stop_id": "21172",
                "lat": 12.98396,
                "lon": 77.60323
              },
              {
                "name": "Indian Express",
                "name_kn": "ಇಂದಿಂ ೆಕ್ಸ್ಪ್ರೆಸ್ಸ್",
                "stop_id": "20857",
                "lat": 12.98393,
                "lon": 77.5974
              },
              {
                "name": "BRV Talkies Cubbon Road",
                "name_kn": "ಬ್ರ್ವ್ ಟಲ್ಕಿೆಸ್ ಕುಬ್ಬೊಂ ರೊದ್",
                "stop_id": "30209",
                "lat": 12.97941,
                "lon": 77.60223
              },
              {
                "name": "Maniksha Parade Ground",
                "name_kn": "ಮನಿಕ್ಷ ಪರದೆ ಗ್ರೌಂದ್",
                "stop_id": "22253",
                "lat": 12.97773,
                "lon": 77.60747
              },
              {
                "name": "Manipal Centre",
                "name_kn": "ಮನಿಪಲ್ ಕೆಂಟ್ರೆ",
                "stop_id": "22254",
                "lat": 12.97493,
                "lon": 77.61436
              },
              {
                "name": "Trinity Metro Station",
                "name_kn": "ಟ್ರಿನಿಟೆ ಮೆಟ್ರೊ ಸ್ಟಟಿೊಂ",
                "stop_id": "39974",
                "lat": 12.97315,
                "lon": 77.61685
              },
              {
                "name": "Lido Talkies",
                "name_kn": "ಲಿದೊ ಟಲ್ಕಿೆಸ್",
                "stop_id": "22226",
                "lat": 12.97277,
                "lon": 77.62074
              },
              {
                "name": "Halasuru Police Station",
                "name_kn": "ಹಲಸುರು ಪೊಲಿಕೆ ಸ್ಟಟಿೊಂ",
                "stop_id": "22006",
                "lat": 12.97516,
                "lon": 77.62544
              },
              {
                "name": "Halasuru",
                "name_kn": "ಹಲಸುರು",
                "stop_id": "22005",
                "lat": 12.97859,
                "lon": 77.62923
              },
              {
                "name": "Lakshmipura",
                "name_kn": "ಲಕ್ಷ್ಮಿಪುರ",
                "stop_id": "22222",
                "lat": 12.97827,
                "lon": 77.63218
              },
              {
                "name": "Double Road Indiranagara",
                "name_kn": "ದೌಬ್ಲೆ ರೊದ್ ಿಂದಿರನಗರ",
                "stop_id": "21921",
                "lat": 12.97843,
                "lon": 77.63654
              },
              {
                "name": "Indiranagara Metro Station",
                "name_kn": "ಇಂದಿರನಗರ ಮೆಟ್ರೊ ಸ್ಟಟಿೊಂ",
                "stop_id": "33037",
                "lat": 12.97849,
                "lon": 77.63848
              },
              {
                "name": "Indiranagara Police Station/KFC",
                "name_kn": "ಇಂದಿರನಗರ ಪೊಲಿಕೆ ಸ್ಟಟಿೊಂ/ಕ್ೞ್ಕ್",
                "stop_id": "22390",
                "lat": 12.97849,
                "lon": 77.6412
              },
              {
                "name": "CMH Hospital",
                "name_kn": "ಕ್ಂಹ್ ಹೊಸ್ಪಿಟಲ್",
                "stop_id": "21855",
                "lat": 12.97861,
                "lon": 77.64648
              },
              {
                "name": "Thippasandra",
                "name_kn": "ತಿಪ್ಪಸಂದ್ರ",
                "stop_id": "22548",
                "lat": 12.97371,
                "lon": 77.6469
              },
              {
                "name": "Thippasandra Market",
                "name_kn": "ತಿಪ್ಪಸಂದ್ರ ಮರ್ಕೆಟ್",
                "stop_id": "26978",
                "lat": 12.97249,
                "lon": 77.65099
              },
              {
                "name": "Ganesha Temple Thippasandra",
                "name_kn": "ಗನೆಶ ಟೆಂಪ್ಲೆ ತಿಪ್ಪಸಂದ್ರ",
                "stop_id": "21945",
                "lat": 12.97206,
                "lon": 77.65412
              },
              {
                "name": "BEML Gate",
                "name_kn": "ಬೆಂಲ್ ಗಟೆ",
                "stop_id": "21743",
                "lat": 12.97146,
                "lon": 77.65859
              },
              {
                "name": "BEML Factory",
                "name_kn": "ಬೆಂಲ್ ೞಕ್ಟೊರೆ",
                "stop_id": "36497",
                "lat": 12.97146,
                "lon": 77.65908
              }
            ]
          },
          {
            "Route": "290-E ARMY-SBS-YHKOT",
            "RouteId": 13824,
            "RouteParentId": 7377,
            "Destination": "Army Public School Kamaraja Road",
            "Via": "",
            "Area": "Yelahanka Old Town",
            "PlatformNumber": "3",
            "KannadaDestination": "ಅರ್ಮೆ ಪುಬ್ಲಿಕ್ ಸ್ಚೂಲ್ ಕಮರಜ ರೊದ್",
            "KannadaArea": "ಯಲಹಂಕ ಓಲ್ಡ್ ಟೌನ್",
            "KannadaVia": "",
            "FromStationId": 22640,
            "Stops": [
              {
                "name": "Yelahanka Old Town",
                "name_kn": "ಯೆಲಹಂಕ ೊಲ್ದ್ ಟೌಂ",
                "stop_id": "22640",
                "lat": 13.10091,
                "lon": 77.59436
              },
              {
                "name": "Yelahanka Santhe Circle",
                "name_kn": "ಯೆಲಹಂಕ ಸಂತೆ ಕಿರ್ಕ್ಲೆ",
                "stop_id": "22643",
                "lat": 13.09919,
                "lon": 77.59731
              },
              {
                "name": "Kogilu Cross",
                "name_kn": "ಕೊಗಿಲು ಕ್ರೊಸ್ಸ್",
                "stop_id": "22183",
                "lat": 13.10362,
                "lon": 77.60102
              },
              {
                "name": "Maruthi Nagara",
                "name_kn": "ಮರುತಿ ನಗರ",
                "stop_id": "22266",
                "lat": 13.10445,
                "lon": 77.60632
              },
              {
                "name": "Sapthagiri Layout",
                "name_kn": "ಸಪ್ತಗಿರಿ ಲಯೌಟ್",
                "stop_id": "22457",
                "lat": 13.10457,
                "lon": 77.61045
              },
              {
                "name": "Kogilu",
                "name_kn": "ಕೊಗಿಲು",
                "stop_id": "22181",
                "lat": 13.10362,
                "lon": 77.616
              },
              {
                "name": "Srinivasapura Kogilu",
                "name_kn": "ಸ್ರಿನಿವಸಪುರ ಕೊಗಿಲು",
                "stop_id": "22513",
                "lat": 13.10347,
                "lon": 77.62349
              },
              {
                "name": "Ittige Factory",
                "name_kn": "ಇಟಿಗೆ ೞಕ್ಟೊರೆ",
                "stop_id": "22087",
                "lat": 13.10252,
                "lon": 77.62918
              },
              {
                "name": "Bellahalli Cross THS Main Road",
                "name_kn": "ಬೆಲ್ಲಹಲ್ಲಿ ಕ್ರೊಸ್ಸ್ ತ್ಸ್ ಮೈಂ ರೊದ್",
                "stop_id": "21740",
                "lat": 13.10113,
                "lon": 77.6351
              },
              {
                "name": "M S Nagara (Thirumenahalli)",
                "name_kn": "ಂ ಸ್ ನಗರ (ತಿರುಮೆನಹಲ್ಲಿ)",
                "stop_id": "38788",
                "lat": 13.09731,
                "lon": 77.63592
              },
              {
                "name": "Purvankara Northern Destiny Bellahalli",
                "name_kn": "ಪುರ್ವಂಕರ ನೊರ್ತೆರ್ಂ ದೆಸ್ಟಿನೆ ಬೆಲ್ಲಹಲ್ಲಿ",
                "stop_id": "34294",
                "lat": 13.09606,
                "lon": 77.63604
              },
              {
                "name": "Thirumenahalli Cross (KNS College)",
                "name_kn": "ತಿರುಮೆನಹಲ್ಲಿ ಕ್ರೊಸ್ಸ್ (ಕ್ಂಸ್ ಕೊಲ್ಲೆಗೆ)",
                "stop_id": "22555",
                "lat": 13.08871,
                "lon": 77.6355
              },
              {
                "name": "Chokkanahalli Gate",
                "name_kn": "ಚೊಕ್ಕನಹಲ್ಲಿ ಗಟೆ",
                "stop_id": "21846",
                "lat": 13.08466,
                "lon": 77.63487
              },
              {
                "name": "Noor Nagara",
                "name_kn": "ನೂರ್ ನಗರ",
                "stop_id": "22365",
                "lat": 13.08003,
                "lon": 77.63413
              },
              {
                "name": "Koli Farm",
                "name_kn": "ಕೊಲಿ ೞರ್ಂ",
                "stop_id": "22186",
                "lat": 13.07404,
                "lon": 77.63376
              },
              {
                "name": "RK Hegde Nagara",
                "name_kn": "ರ್ಕ್ ಹೆಗ್ದೆ ನಗರ",
                "stop_id": "22430",
                "lat": 13.0719,
                "lon": 77.63376
              },
              {
                "name": "K Narayanapura Cross",
                "name_kn": "ಕ್ ನರಯನಪುರ ಕ್ರೊಸ್ಸ್",
                "stop_id": "22126",
                "lat": 13.06833,
                "lon": 77.63375
              },
              {
                "name": "Book Factory Thanisandra",
                "name_kn": "ಬೂಕ್ ೞಕ್ಟೊರೆ ತನಿಸಂದ್ರ",
                "stop_id": "21778",
                "lat": 13.06161,
                "lon": 77.63334
              },
              {
                "name": "Thanisandra",
                "name_kn": "ತನಿಸಂದ್ರ",
                "stop_id": "22541",
                "lat": 13.0561,
                "lon": 77.63291
              },
              {
                "name": "Ashwath Nagara",
                "name_kn": "ಅಶ್ವತ್ ನಗರ",
                "stop_id": "21666",
                "lat": 13.05289,
                "lon": 77.63144
              },
              {
                "name": "Sarayipalya",
                "name_kn": "ಸರಯಿಪಲೆ",
                "stop_id": "28167",
                "lat": 13.04745,
                "lon": 77.62868
              },
              {
                "name": "Vidyasagara",
                "name_kn": "ವಿಠೆಸಗರ",
                "stop_id": "22601",
                "lat": 13.04559,
                "lon": 77.62759
              },
              {
                "name": "Nagavara Junction Petrol Bunk",
                "name_kn": "ನಗವರ ಜುಂಕ್ಟಿೊಂ ಪೆಟ್ರೊಲ್ ಬುಂಕ್",
                "stop_id": "22382",
                "lat": 13.04189,
                "lon": 77.62498
              },
              {
                "name": "Nagawara Junction",
                "name_kn": "ನಗವರ ಜುಂಕ್ಟಿೊಂ",
                "stop_id": "35838",
                "lat": 13.04042,
                "lon": 77.62445
              },
              {
                "name": "Hennur Junction",
                "name_kn": "ಹೆಂನುರ್ ಜುಂಕ್ಟಿೊಂ",
                "stop_id": "21522",
                "lat": 13.02964,
                "lon": 77.63134
              },
              {
                "name": "Kadugondanahalli Railway Gate",
                "name_kn": "ಕದುಗೊಂದನಹಲ್ಲಿ ರೈಲ್ವಯ್ ಗಟೆ",
                "stop_id": "22173",
                "lat": 13.02599,
                "lon": 77.62003
              },
              {
                "name": "Kadugondanahalli Police Station",
                "name_kn": "ಕದುಗೊಂದನಹಲ್ಲಿ ಪೊಲಿಕೆ ಸ್ಟಟಿೊಂ",
                "stop_id": "22136",
                "lat": 13.02055,
                "lon": 77.619
              },
              {
                "name": "Venkateshapura",
                "name_kn": "ವೆಂಕಟೆಶಪುರ",
                "stop_id": "22597",
                "lat": 13.01544,
                "lon": 77.61757
              },
              {
                "name": "Postal and Telecom Colony",
                "name_kn": "ಪೊಸ್ಟಲ್ ಂದ್ ಟೆಲೆಕೊಂ ಕೊಲೊನೆ",
                "stop_id": "22402",
                "lat": 13.01278,
                "lon": 77.61646
              },
              {
                "name": "Muslim Colony",
                "name_kn": "ಮುಸ್ಲಿಂ ಕೊಲೊನೆ",
                "stop_id": "22319",
                "lat": 13.01049,
                "lon": 77.61513
              },
              {
                "name": "Periyar Nagara Circle",
                "name_kn": "ಪೆರಿಯರ್ ನಗರ ಕಿರ್ಕ್ಲೆ",
                "stop_id": "22379",
                "lat": 13.00848,
                "lon": 77.61325
              },
              {
                "name": "Canara Bank Tannery Road",
                "name_kn": "ಕನರ ಬಂಕ್ ಟಂನೆರೆ ರೊದ್",
                "stop_id": "21802",
                "lat": 13.00622,
                "lon": 77.61242
              },
              {
                "name": "Doddy",
                "name_kn": "ದೊದ್ಠೆ",
                "stop_id": "21911",
                "lat": 13.00266,
                "lon": 77.61215
              },
              {
                "name": "Coles Park",
                "name_kn": "ಕೊಲೆಸ್ ಪರ್ಕ್",
                "stop_id": "21857",
                "lat": 12.99534,
                "lon": 77.60829
              },
              {
                "name": "Bamboo Bazar",
                "name_kn": "ಬಂಬೂ ಬಜ಼ರ್",
                "stop_id": "21706",
                "lat": 12.99204,
                "lon": 77.60397
              },
              {
                "name": "CSI Hospital",
                "name_kn": "ಕ್ಸಿ ಹೊಸ್ಪಿಟಲ್",
                "stop_id": "21868",
                "lat": 12.98983,
                "lon": 77.59938
              },
              {
                "name": "Indian Express",
                "name_kn": "ಇಂದಿಂ ೆಕ್ಸ್ಪ್ರೆಸ್ಸ್",
                "stop_id": "20855",
                "lat": 12.98408,
                "lon": 77.59827
              },
              {
                "name": "Shivajinagara Bus Station",
                "name_kn": "ಶಿವಜಿನಗರ ಬುಸ್ ಸ್ಟಟಿೊಂ",
                "stop_id": "35779",
                "lat": 12.98328,
                "lon": 77.60341
              },
              {
                "name": "Army Public School Kamaraja Road",
                "name_kn": "ಅರ್ಮೆ ಪುಬ್ಲಿಕ್ ಸ್ಚೂಲ್ ಕಮರಜ ರೊದ್",
                "stop_id": "36501",
                "lat": 12.97871,
                "lon": 77.60941
              }
            ]
          },
          {
            "Route": "290-E BCGHS-SBS-YHKOT",
            "RouteId": 15114,
            "RouteParentId": 4031,
            "Destination": "Bishop Coton Girls High School",
            "Via": "",
            "Area": "Yelahanka Old Town",
            "PlatformNumber": "3",
            "KannadaDestination": "ಬಿಶೊಪ್ ಕೊಟೊಂ ಗಿರ್ಲ್ಸ್ ಹಿಘ್ ಸ್ಚೂಲ್",
            "KannadaArea": "ಯಲಹಂಕ ಓಲ್ಡ್ ಟೌನ್",
            "KannadaVia": "",
            "FromStationId": 22640,
            "Stops": [
              {
                "name": "Yelahanka Old Town",
                "name_kn": "ಯೆಲಹಂಕ ೊಲ್ದ್ ಟೌಂ",
                "stop_id": "22640",
                "lat": 13.10091,
                "lon": 77.59436
              },
              {
                "name": "Yelahanka Santhe Circle",
                "name_kn": "ಯೆಲಹಂಕ ಸಂತೆ ಕಿರ್ಕ್ಲೆ",
                "stop_id": "22643",
                "lat": 13.09919,
                "lon": 77.59731
              },
              {
                "name": "Kogilu Cross",
                "name_kn": "ಕೊಗಿಲು ಕ್ರೊಸ್ಸ್",
                "stop_id": "22183",
                "lat": 13.10362,
                "lon": 77.60102
              },
              {
                "name": "Maruthi Nagara",
                "name_kn": "ಮರುತಿ ನಗರ",
                "stop_id": "22266",
                "lat": 13.10445,
                "lon": 77.60632
              },
              {
                "name": "Sapthagiri Layout",
                "name_kn": "ಸಪ್ತಗಿರಿ ಲಯೌಟ್",
                "stop_id": "22457",
                "lat": 13.10457,
                "lon": 77.61045
              },
              {
                "name": "Kogilu",
                "name_kn": "ಕೊಗಿಲು",
                "stop_id": "22181",
                "lat": 13.10362,
                "lon": 77.616
              },
              {
                "name": "Srinivasapura Kogilu",
                "name_kn": "ಸ್ರಿನಿವಸಪುರ ಕೊಗಿಲು",
                "stop_id": "22513",
                "lat": 13.10347,
                "lon": 77.62349
              },
              {
                "name": "Ittige Factory",
                "name_kn": "ಇಟಿಗೆ ೞಕ್ಟೊರೆ",
                "stop_id": "22087",
                "lat": 13.10252,
                "lon": 77.62918
              },
              {
                "name": "Bellahalli Cross THS Main Road",
                "name_kn": "ಬೆಲ್ಲಹಲ್ಲಿ ಕ್ರೊಸ್ಸ್ ತ್ಸ್ ಮೈಂ ರೊದ್",
                "stop_id": "21740",
                "lat": 13.10113,
                "lon": 77.6351
              },
              {
                "name": "M S Nagara (Thirumenahalli)",
                "name_kn": "ಂ ಸ್ ನಗರ (ತಿರುಮೆನಹಲ್ಲಿ)",
                "stop_id": "38788",
                "lat": 13.09731,
                "lon": 77.63592
              },
              {
                "name": "Purvankara Northern Destiny Bellahalli",
                "name_kn": "ಪುರ್ವಂಕರ ನೊರ್ತೆರ್ಂ ದೆಸ್ಟಿನೆ ಬೆಲ್ಲಹಲ್ಲಿ",
                "stop_id": "34294",
                "lat": 13.09606,
                "lon": 77.63604
              },
              {
                "name": "Thirumenahalli Cross (KNS College)",
                "name_kn": "ತಿರುಮೆನಹಲ್ಲಿ ಕ್ರೊಸ್ಸ್ (ಕ್ಂಸ್ ಕೊಲ್ಲೆಗೆ)",
                "stop_id": "22555",
                "lat": 13.08871,
                "lon": 77.6355
              },
              {
                "name": "Chokkanahalli Gate",
                "name_kn": "ಚೊಕ್ಕನಹಲ್ಲಿ ಗಟೆ",
                "stop_id": "21846",
                "lat": 13.08466,
                "lon": 77.63487
              },
              {
                "name": "Noor Nagara",
                "name_kn": "ನೂರ್ ನಗರ",
                "stop_id": "22365",
                "lat": 13.08003,
                "lon": 77.63413
              },
              {
                "name": "Koli Farm",
                "name_kn": "ಕೊಲಿ ೞರ್ಂ",
                "stop_id": "22186",
                "lat": 13.07404,
                "lon": 77.63376
              },
              {
                "name": "RK Hegde Nagara",
                "name_kn": "ರ್ಕ್ ಹೆಗ್ದೆ ನಗರ",
                "stop_id": "22430",
                "lat": 13.0719,
                "lon": 77.63376
              },
              {
                "name": "K Narayanapura Cross",
                "name_kn": "ಕ್ ನರಯನಪುರ ಕ್ರೊಸ್ಸ್",
                "stop_id": "22126",
                "lat": 13.06833,
                "lon": 77.63375
              },
              {
                "name": "Book Factory Thanisandra",
                "name_kn": "ಬೂಕ್ ೞಕ್ಟೊರೆ ತನಿಸಂದ್ರ",
                "stop_id": "21778",
                "lat": 13.06161,
                "lon": 77.63334
              },
              {
                "name": "Thanisandra",
                "name_kn": "ತನಿಸಂದ್ರ",
                "stop_id": "22541",
                "lat": 13.0561,
                "lon": 77.63291
              },
              {
                "name": "Ashwath Nagara",
                "name_kn": "ಅಶ್ವತ್ ನಗರ",
                "stop_id": "21666",
                "lat": 13.05289,
                "lon": 77.63144
              },
              {
                "name": "Sarayipalya",
                "name_kn": "ಸರಯಿಪಲೆ",
                "stop_id": "28167",
                "lat": 13.04745,
                "lon": 77.62868
              },
              {
                "name": "Vidyasagara",
                "name_kn": "ವಿಠೆಸಗರ",
                "stop_id": "22601",
                "lat": 13.04559,
                "lon": 77.62759
              },
              {
                "name": "Nagavara Junction Petrol Bunk",
                "name_kn": "ನಗವರ ಜುಂಕ್ಟಿೊಂ ಪೆಟ್ರೊಲ್ ಬುಂಕ್",
                "stop_id": "22382",
                "lat": 13.04189,
                "lon": 77.62498
              },
              {
                "name": "Nagawara Junction",
                "name_kn": "ನಗವರ ಜುಂಕ್ಟಿೊಂ",
                "stop_id": "35838",
                "lat": 13.04042,
                "lon": 77.62445
              },
              {
                "name": "Hennur Junction",
                "name_kn": "ಹೆಂನುರ್ ಜುಂಕ್ಟಿೊಂ",
                "stop_id": "21522",
                "lat": 13.02964,
                "lon": 77.63134
              },
              {
                "name": "Kadugondanahalli Railway Gate",
                "name_kn": "ಕದುಗೊಂದನಹಲ್ಲಿ ರೈಲ್ವಯ್ ಗಟೆ",
                "stop_id": "22173",
                "lat": 13.02599,
                "lon": 77.62003
              },
              {
                "name": "Kadugondanahalli Police Station",
                "name_kn": "ಕದುಗೊಂದನಹಲ್ಲಿ ಪೊಲಿಕೆ ಸ್ಟಟಿೊಂ",
                "stop_id": "22136",
                "lat": 13.02055,
                "lon": 77.619
              },
              {
                "name": "Venkateshapura",
                "name_kn": "ವೆಂಕಟೆಶಪುರ",
                "stop_id": "22597",
                "lat": 13.01544,
                "lon": 77.61757
              },
              {
                "name": "Postal and Telecom Colony",
                "name_kn": "ಪೊಸ್ಟಲ್ ಂದ್ ಟೆಲೆಕೊಂ ಕೊಲೊನೆ",
                "stop_id": "22402",
                "lat": 13.01278,
                "lon": 77.61646
              },
              {
                "name": "Muslim Colony",
                "name_kn": "ಮುಸ್ಲಿಂ ಕೊಲೊನೆ",
                "stop_id": "22319",
                "lat": 13.01049,
                "lon": 77.61513
              },
              {
                "name": "Periyar Nagara Circle",
                "name_kn": "ಪೆರಿಯರ್ ನಗರ ಕಿರ್ಕ್ಲೆ",
                "stop_id": "22379",
                "lat": 13.00848,
                "lon": 77.61325
              },
              {
                "name": "Canara Bank Tannery Road",
                "name_kn": "ಕನರ ಬಂಕ್ ಟಂನೆರೆ ರೊದ್",
                "stop_id": "21802",
                "lat": 13.00622,
                "lon": 77.61242
              },
              {
                "name": "Doddy",
                "name_kn": "ದೊದ್ಠೆ",
                "stop_id": "21911",
                "lat": 13.00266,
                "lon": 77.61215
              },
              {
                "name": "Coles Park",
                "name_kn": "ಕೊಲೆಸ್ ಪರ್ಕ್",
                "stop_id": "21857",
                "lat": 12.99534,
                "lon": 77.60829
              },
              {
                "name": "Bamboo Bazar",
                "name_kn": "ಬಂಬೂ ಬಜ಼ರ್",
                "stop_id": "21706",
                "lat": 12.99204,
                "lon": 77.60397
              },
              {
                "name": "CSI Hospital",
                "name_kn": "ಕ್ಸಿ ಹೊಸ್ಪಿಟಲ್",
                "stop_id": "21868",
                "lat": 12.98983,
                "lon": 77.59938
              },
              {
                "name": "Indian Express",
                "name_kn": "ಇಂದಿಂ ೆಕ್ಸ್ಪ್ರೆಸ್ಸ್",
                "stop_id": "20855",
                "lat": 12.98408,
                "lon": 77.59827
              },
              {
                "name": "Shivajinagara Bus Station",
                "name_kn": "ಶಿವಜಿನಗರ ಬುಸ್ ಸ್ಟಟಿೊಂ",
                "stop_id": "35779",
                "lat": 12.98328,
                "lon": 77.60341
              },
              {
                "name": "MG Statue (Chinnaswamy Stadium)",
                "name_kn": "ಂಗ್ ಸ್ಟಟುೆ (ಚಿಂನಸ್ವಮೆ ಸ್ಟದಿುಂ)",
                "stop_id": "21520",
                "lat": 12.97708,
                "lon": 77.59921
              },
              {
                "name": "Museum",
                "name_kn": "ಮುಸೆುಂ",
                "stop_id": "21574",
                "lat": 12.97397,
                "lon": 77.59585
              },
              {
                "name": "St Josephs Indian School/ Malya Hospital",
                "name_kn": "ಸ್ಟ್ ಜೊಸೆಫ್ಸ್ ಿಂದಿಂ ಸ್ಚೂಲ್/ ಮಲೆ ಹೊಸ್ಪಿಟಲ್",
                "stop_id": "21193",
                "lat": 12.97052,
                "lon": 77.5943
              },
              {
                "name": "Richmond Circle",
                "name_kn": "ರಿಚ್ಮೊಂದ್ ಕಿರ್ಕ್ಲೆ",
                "stop_id": "21125",
                "lat": 12.96738,
                "lon": 77.59946
              },
              {
                "name": "Bishop Coton Girls High School",
                "name_kn": "ಬಿಶೊಪ್ ಕೊಟೊಂ ಗಿರ್ಲ್ಸ್ ಹಿಘ್ ಸ್ಚೂಲ್",
                "stop_id": "36208",
                "lat": 12.96889,
                "lon": 77.6014
              }
            ]
          },
          {
            "Route": "290-MV",
            "RouteId": 15830,
            "RouteParentId": 8487,
            "Destination": "Sir M Visvesvaraya Terminal",
            "Via": "",
            "Area": "Yelahanka Old Town",
            "PlatformNumber": "3",
            "KannadaDestination": "ಸಿರ್ ಂ ವಿಸ್ವೆಸ್ವರಯ ಟೆರ್ಮಿನಲ್",
            "KannadaArea": "ಯಲಹಂಕ ಓಲ್ಡ್ ಟೌನ್",
            "KannadaVia": "",
            "FromStationId": 22640,
            "Stops": [
              {
                "name": "Yelahanka Old Town",
                "name_kn": "ಯೆಲಹಂಕ ೊಲ್ದ್ ಟೌಂ",
                "stop_id": "22640",
                "lat": 13.10091,
                "lon": 77.59436
              },
              {
                "name": "Yelahanka Santhe Circle",
                "name_kn": "ಯೆಲಹಂಕ ಸಂತೆ ಕಿರ್ಕ್ಲೆ",
                "stop_id": "22643",
                "lat": 13.09919,
                "lon": 77.59731
              },
              {
                "name": "Kogilu Cross",
                "name_kn": "ಕೊಗಿಲು ಕ್ರೊಸ್ಸ್",
                "stop_id": "22183",
                "lat": 13.10362,
                "lon": 77.60102
              },
              {
                "name": "Maruthi Nagara",
                "name_kn": "ಮರುತಿ ನಗರ",
                "stop_id": "22266",
                "lat": 13.10445,
                "lon": 77.60632
              },
              {
                "name": "Sapthagiri Layout",
                "name_kn": "ಸಪ್ತಗಿರಿ ಲಯೌಟ್",
                "stop_id": "22457",
                "lat": 13.10457,
                "lon": 77.61045
              },
              {
                "name": "Kogilu",
                "name_kn": "ಕೊಗಿಲು",
                "stop_id": "22181",
                "lat": 13.10362,
                "lon": 77.616
              },
              {
                "name": "Srinivasapura Kogilu",
                "name_kn": "ಸ್ರಿನಿವಸಪುರ ಕೊಗಿಲು",
                "stop_id": "22513",
                "lat": 13.10347,
                "lon": 77.62349
              },
              {
                "name": "Ittige Factory",
                "name_kn": "ಇಟಿಗೆ ೞಕ್ಟೊರೆ",
                "stop_id": "22087",
                "lat": 13.10252,
                "lon": 77.62918
              },
              {
                "name": "Bellahalli Cross THS Main Road",
                "name_kn": "ಬೆಲ್ಲಹಲ್ಲಿ ಕ್ರೊಸ್ಸ್ ತ್ಸ್ ಮೈಂ ರೊದ್",
                "stop_id": "21740",
                "lat": 13.10113,
                "lon": 77.6351
              },
              {
                "name": "M S Nagara (Thirumenahalli)",
                "name_kn": "ಂ ಸ್ ನಗರ (ತಿರುಮೆನಹಲ್ಲಿ)",
                "stop_id": "38788",
                "lat": 13.09731,
                "lon": 77.63592
              },
              {
                "name": "Purvankara Northern Destiny Bellahalli",
                "name_kn": "ಪುರ್ವಂಕರ ನೊರ್ತೆರ್ಂ ದೆಸ್ಟಿನೆ ಬೆಲ್ಲಹಲ್ಲಿ",
                "stop_id": "34294",
                "lat": 13.09606,
                "lon": 77.63604
              },
              {
                "name": "Thirumenahalli Cross (KNS College)",
                "name_kn": "ತಿರುಮೆನಹಲ್ಲಿ ಕ್ರೊಸ್ಸ್ (ಕ್ಂಸ್ ಕೊಲ್ಲೆಗೆ)",
                "stop_id": "22555",
                "lat": 13.08871,
                "lon": 77.6355
              },
              {
                "name": "Chokkanahalli Gate",
                "name_kn": "ಚೊಕ್ಕನಹಲ್ಲಿ ಗಟೆ",
                "stop_id": "21846",
                "lat": 13.08466,
                "lon": 77.63487
              },
              {
                "name": "Noor Nagara",
                "name_kn": "ನೂರ್ ನಗರ",
                "stop_id": "22365",
                "lat": 13.08003,
                "lon": 77.63413
              },
              {
                "name": "Koli Farm",
                "name_kn": "ಕೊಲಿ ೞರ್ಂ",
                "stop_id": "22186",
                "lat": 13.07404,
                "lon": 77.63376
              },
              {
                "name": "RK Hegde Nagara",
                "name_kn": "ರ್ಕ್ ಹೆಗ್ದೆ ನಗರ",
                "stop_id": "22430",
                "lat": 13.0719,
                "lon": 77.63376
              },
              {
                "name": "K Narayanapura Cross",
                "name_kn": "ಕ್ ನರಯನಪುರ ಕ್ರೊಸ್ಸ್",
                "stop_id": "22126",
                "lat": 13.06833,
                "lon": 77.63375
              },
              {
                "name": "Book Factory Thanisandra",
                "name_kn": "ಬೂಕ್ ೞಕ್ಟೊರೆ ತನಿಸಂದ್ರ",
                "stop_id": "21778",
                "lat": 13.06161,
                "lon": 77.63334
              },
              {
                "name": "Thanisandra",
                "name_kn": "ತನಿಸಂದ್ರ",
                "stop_id": "22541",
                "lat": 13.0561,
                "lon": 77.63291
              },
              {
                "name": "Ashwath Nagara",
                "name_kn": "ಅಶ್ವತ್ ನಗರ",
                "stop_id": "21666",
                "lat": 13.05289,
                "lon": 77.63144
              },
              {
                "name": "Sarayipalya",
                "name_kn": "ಸರಯಿಪಲೆ",
                "stop_id": "28167",
                "lat": 13.04745,
                "lon": 77.62868
              },
              {
                "name": "Vidyasagara",
                "name_kn": "ವಿಠೆಸಗರ",
                "stop_id": "22601",
                "lat": 13.04559,
                "lon": 77.62759
              },
              {
                "name": "Nagavara Junction Petrol Bunk",
                "name_kn": "ನಗವರ ಜುಂಕ್ಟಿೊಂ ಪೆಟ್ರೊಲ್ ಬುಂಕ್",
                "stop_id": "22382",
                "lat": 13.04189,
                "lon": 77.62498
              },
              {
                "name": "Nagawara Junction",
                "name_kn": "ನಗವರ ಜುಂಕ್ಟಿೊಂ",
                "stop_id": "35838",
                "lat": 13.04042,
                "lon": 77.62445
              },
              {
                "name": "Kadugondanahalli Railway Gate",
                "name_kn": "ಕದುಗೊಂದನಹಲ್ಲಿ ರೈಲ್ವಯ್ ಗಟೆ",
                "stop_id": "22173",
                "lat": 13.02599,
                "lon": 77.62003
              },
              {
                "name": "Kadugondanahalli Police Station",
                "name_kn": "ಕದುಗೊಂದನಹಲ್ಲಿ ಪೊಲಿಕೆ ಸ್ಟಟಿೊಂ",
                "stop_id": "22136",
                "lat": 13.02055,
                "lon": 77.619
              },
              {
                "name": "Venkateshapura",
                "name_kn": "ವೆಂಕಟೆಶಪುರ",
                "stop_id": "22597",
                "lat": 13.01544,
                "lon": 77.61757
              },
              {
                "name": "Postal and Telecom Colony",
                "name_kn": "ಪೊಸ್ಟಲ್ ಂದ್ ಟೆಲೆಕೊಂ ಕೊಲೊನೆ",
                "stop_id": "22402",
                "lat": 13.01278,
                "lon": 77.61646
              },
              {
                "name": "Muslim Colony",
                "name_kn": "ಮುಸ್ಲಿಂ ಕೊಲೊನೆ",
                "stop_id": "22319",
                "lat": 13.01049,
                "lon": 77.61513
              },
              {
                "name": "Periyar Nagara Circle",
                "name_kn": "ಪೆರಿಯರ್ ನಗರ ಕಿರ್ಕ್ಲೆ",
                "stop_id": "22379",
                "lat": 13.00848,
                "lon": 77.61325
              },
              {
                "name": "Canara Bank Tannery Road",
                "name_kn": "ಕನರ ಬಂಕ್ ಟಂನೆರೆ ರೊದ್",
                "stop_id": "21802",
                "lat": 13.00622,
                "lon": 77.61242
              },
              {
                "name": "Doddy",
                "name_kn": "ದೊದ್ಠೆ",
                "stop_id": "21911",
                "lat": 13.00266,
                "lon": 77.61215
              },
              {
                "name": "Frazer Town",
                "name_kn": "ೞ್ರಜ಼ೆರ್ ಟೌಂ",
                "stop_id": "36715",
                "lat": 13.00098,
                "lon": 77.61257
              },
              {
                "name": "Mosque Road",
                "name_kn": "ಮೊಸ್qುೆ ರೊದ್",
                "stop_id": "21854",
                "lat": 13.00067,
                "lon": 77.61578
              },
              {
                "name": "East Railway Station",
                "name_kn": "ಎಸ್ಟ್ ರೈಲ್ವಯ್ ಸ್ಟಟಿೊಂ",
                "stop_id": "21929",
                "lat": 13.00143,
                "lon": 77.61865
              },
              {
                "name": "ITC Factory",
                "name_kn": "ಇಟ್ಕ್ ೞಕ್ಟೊರೆ",
                "stop_id": "22082",
                "lat": 12.99821,
                "lon": 77.62324
              },
              {
                "name": "Jai Bharath Nagara",
                "name_kn": "ಜೈ ಭರತ್ ನಗರ",
                "stop_id": "22089",
                "lat": 13.00156,
                "lon": 77.63032
              },
              {
                "name": "Maruthi Sevanagara",
                "name_kn": "ಮರುತಿ ಸೆವನಗರ",
                "stop_id": "22272",
                "lat": 13.00266,
                "lon": 77.63461
              },
              {
                "name": "Sathya Nagara",
                "name_kn": "ಸತೆ ನಗರ",
                "stop_id": "28180",
                "lat": 13.00047,
                "lon": 77.63991
              },
              {
                "name": "Sir M Visvesvaraya Terminal",
                "name_kn": "ಸಿರ್ ಂ ವಿಸ್ವೆಸ್ವರಯ ಟೆರ್ಮಿನಲ್",
                "stop_id": "37713",
                "lat": 12.99966,
                "lon": 77.64099
              }
            ]
          },
          {
            "Route": "289-E KMT-D52G",
            "RouteId": 13961,
            "RouteParentId": 7459,
            "Destination": "Depot-52 Gate Arrival",
            "Via": "",
            "Area": "KR Market",
            "PlatformNumber": "3",
            "KannadaDestination": "ದೆಪೊಟ್-52 ಗಟೆ ರ್ರಿವಲ್",
            "KannadaArea": "ಕೆಆರ್ ಮಾರುಕಟ್ಟೆ",
            "KannadaVia": "",
            "FromStationId": 27854,
            "Stops": [
              {
                "name": "Raitarasanthe Yelahanka",
                "name_kn": "ರೈಟರಸಂತೆ ಯೆಲಹಂಕ",
                "stop_id": "27854",
                "lat": 13.09807,
                "lon": 77.59866
              },
              {
                "name": "Yelahanka Santhe Circle",
                "name_kn": "ಯೆಲಹಂಕ ಸಂತೆ ಕಿರ್ಕ್ಲೆ",
                "stop_id": "22643",
                "lat": 13.09919,
                "lon": 77.59731
              },
              {
                "name": "Kogilu Cross",
                "name_kn": "ಕೊಗಿಲು ಕ್ರೊಸ್ಸ್",
                "stop_id": "31172",
                "lat": 13.10386,
                "lon": 77.60028
              },
              {
                "name": "Kendriya Vihara",
                "name_kn": "ಕೆಂದ್ರಿಯ ವಿಹರ",
                "stop_id": "33453",
                "lat": 13.10653,
                "lon": 77.60161
              },
              {
                "name": "Venkatala",
                "name_kn": "ವೆಂಕಟಲ",
                "stop_id": "31579",
                "lat": 13.11139,
                "lon": 77.60456
              },
              {
                "name": "Palanahalli Gate",
                "name_kn": "ಪಲನಹಲ್ಲಿ ಗಟೆ",
                "stop_id": "34203",
                "lat": 13.11708,
                "lon": 77.60807
              },
              {
                "name": "Bagalur Cross",
                "name_kn": "ಬಗಲುರ್ ಕ್ರೊಸ್ಸ್",
                "stop_id": "31858",
                "lat": 13.12182,
                "lon": 77.61128
              },
              {
                "name": "Dwaraka Nagara",
                "name_kn": "ದ್ವರಕ ನಗರ",
                "stop_id": "32574",
                "lat": 13.12137,
                "lon": 77.61807
              },
              {
                "name": "Kattigenahalli Cross",
                "name_kn": "ಕಟಿಗೆನಹಲ್ಲಿ ಕ್ರೊಸ್ಸ್",
                "stop_id": "30900",
                "lat": 13.12187,
                "lon": 77.62562
              },
              {
                "name": "Reva College Gate",
                "name_kn": "ರೆವ ಕೊಲ್ಲೆಗೆ ಗಟೆ",
                "stop_id": "34416",
                "lat": 13.12228,
                "lon": 77.63051
              },
              {
                "name": "Country Club Bagaluru",
                "name_kn": "ಕೌಂಟ್ರೆ ಕ್ಲುಬ್ ಬಗಲುರು",
                "stop_id": "32381",
                "lat": 13.12358,
                "lon": 77.63932
              },
              {
                "name": "Srinivasapura Cross",
                "name_kn": "ಸ್ರಿನಿವಸಪುರ ಕ್ರೊಸ್ಸ್",
                "stop_id": "34690",
                "lat": 13.12602,
                "lon": 77.64512
              },
              {
                "name": "Sathanur Colony",
                "name_kn": "ಸತನುರ್ ಕೊಲೊನೆ",
                "stop_id": "34479",
                "lat": 13.12788,
                "lon": 77.64651
              },
              {
                "name": "Sathanur",
                "name_kn": "ಸತನುರ್",
                "stop_id": "28176",
                "lat": 13.13186,
                "lon": 77.6474
              },
              {
                "name": "Bagalur Sante/ CMR University Cross",
                "name_kn": "ಬಗಲುರ್ ಸಂಟೆ/ ಕ್ಂರ್ ುನಿವೆರ್ಸಿಟೆ ಕ್ರೊಸ್ಸ್",
                "stop_id": "39920",
                "lat": 13.13211,
                "lon": 77.66222
              },
              {
                "name": "Bagalur Santhe Circle",
                "name_kn": "ಬಗಲುರ್ ಸಂತೆ ಕಿರ್ಕ್ಲೆ",
                "stop_id": "31859",
                "lat": 13.13351,
                "lon": 77.66675
              },
              {
                "name": "Bagalur",
                "name_kn": "ಬಗಲುರ್",
                "stop_id": "23267",
                "lat": 13.13461,
                "lon": 77.66794
              },
              {
                "name": "Bagalur Colony",
                "name_kn": "ಬಗಲುರ್ ಕೊಲೊನೆ",
                "stop_id": "29624",
                "lat": 13.14146,
                "lon": 77.67118
              },
              {
                "name": "Razakpalya Cross",
                "name_kn": "ರಜ಼ಕ್ಪಲೆ ಕ್ರೊಸ್ಸ್",
                "stop_id": "38891",
                "lat": 13.14965,
                "lon": 77.65882
              },
              {
                "name": "Depot-52 Gate Arrival",
                "name_kn": "ದೆಪೊಟ್-52 ಗಟೆ ರ್ರಿವಲ್",
                "stop_id": "38895",
                "lat": 13.15738,
                "lon": 77.65908
              }
            ]
          },
          {
            "Route": "282B D52G-VNC-YHKOT",
            "RouteId": 14006,
            "RouteParentId": 7481,
            "Destination": "Depot-52 Gate Departure",
            "Via": "",
            "Area": "Yelahanka Old Town",
            "PlatformNumber": "3",
            "KannadaDestination": "ದೆಪೊಟ್-52 ಗಟೆ ದೆಪರ್ಟುರೆ",
            "KannadaArea": "ಯಲಹಂಕ ಓಲ್ಡ್ ಟೌನ್",
            "KannadaVia": "",
            "FromStationId": 22640,
            "Stops": [
              {
                "name": "Yelahanka Old Town",
                "name_kn": "ಯೆಲಹಂಕ ೊಲ್ದ್ ಟೌಂ",
                "stop_id": "22640",
                "lat": 13.10091,
                "lon": 77.59436
              },
              {
                "name": "Yelahanka Santhe Circle",
                "name_kn": "ಯೆಲಹಂಕ ಸಂತೆ ಕಿರ್ಕ್ಲೆ",
                "stop_id": "22643",
                "lat": 13.09919,
                "lon": 77.59731
              },
              {
                "name": "Kogilu Cross",
                "name_kn": "ಕೊಗಿಲು ಕ್ರೊಸ್ಸ್",
                "stop_id": "31172",
                "lat": 13.10386,
                "lon": 77.60028
              },
              {
                "name": "Kendriya Vihara",
                "name_kn": "ಕೆಂದ್ರಿಯ ವಿಹರ",
                "stop_id": "33453",
                "lat": 13.10653,
                "lon": 77.60161
              },
              {
                "name": "Venkatala",
                "name_kn": "ವೆಂಕಟಲ",
                "stop_id": "31579",
                "lat": 13.11139,
                "lon": 77.60456
              },
              {
                "name": "Palanahalli Gate",
                "name_kn": "ಪಲನಹಲ್ಲಿ ಗಟೆ",
                "stop_id": "34203",
                "lat": 13.11708,
                "lon": 77.60807
              },
              {
                "name": "Bagalur Cross",
                "name_kn": "ಬಗಲುರ್ ಕ್ರೊಸ್ಸ್",
                "stop_id": "29626",
                "lat": 13.12198,
                "lon": 77.61061
              },
              {
                "name": "Indian Air Force",
                "name_kn": "ಇಂದಿಂ ೈರ್ ೞೊರ್ಕೆ",
                "stop_id": "33030",
                "lat": 13.13103,
                "lon": 77.61503
              },
              {
                "name": "Bharathi Nagara",
                "name_kn": "ಭರತಿ ನಗರ",
                "stop_id": "29992",
                "lat": 13.1374,
                "lon": 77.61746
              },
              {
                "name": "Hunasamaranahalli",
                "name_kn": "ಹುನಸಮರನಹಲ್ಲಿ",
                "stop_id": "33001",
                "lat": 13.14519,
                "lon": 77.6174
              },
              {
                "name": "Bettahalasuru Cross",
                "name_kn": "ಬೆಟಹಲಸುರು ಕ್ರೊಸ್ಸ್",
                "stop_id": "31981",
                "lat": 13.1571,
                "lon": 77.62336
              },
              {
                "name": "Venkateshwara College",
                "name_kn": "ವೆಂಕಟೆಶ್ವರ ಕೊಲ್ಲೆಗೆ",
                "stop_id": "34894",
                "lat": 13.16037,
                "lon": 77.63641
              },
              {
                "name": "Vidyanagara Chikkajala",
                "name_kn": "ವಿಠೆನಗರ ಚಿಕ್ಕಜಲ",
                "stop_id": "34887",
                "lat": 13.15958,
                "lon": 77.64073
              },
              {
                "name": "Akkayammana Betta",
                "name_kn": "ಅಕ್ಕಯಮ್ಮನ ಬೆಟ",
                "stop_id": "23022",
                "lat": 13.16162,
                "lon": 77.64223
              },
              {
                "name": "Huttanahalli",
                "name_kn": "ಹುಟನಹಲ್ಲಿ",
                "stop_id": "34940",
                "lat": 13.16563,
                "lon": 77.65163
              },
              {
                "name": "Depot-52 Gate Departure",
                "name_kn": "ದೆಪೊಟ್-52 ಗಟೆ ದೆಪರ್ಟುರೆ",
                "stop_id": "38894",
                "lat": 13.15742,
                "lon": 77.65912
              }
            ]
          },
          {
            "Route": "289-P D52G-YHKOT",
            "RouteId": 14018,
            "RouteParentId": 7487,
            "Destination": "Depot-52 Gate Arrival",
            "Via": "",
            "Area": "Yelahanka Old Town",
            "PlatformNumber": "3",
            "KannadaDestination": "ದೆಪೊಟ್-52 ಗಟೆ ರ್ರಿವಲ್",
            "KannadaArea": "ಯಲಹಂಕ ಓಲ್ಡ್ ಟೌನ್",
            "KannadaVia": "",
            "FromStationId": 22640,
            "Stops": [
              {
                "name": "Yelahanka Old Town",
                "name_kn": "ಯೆಲಹಂಕ ೊಲ್ದ್ ಟೌಂ",
                "stop_id": "22640",
                "lat": 13.10091,
                "lon": 77.59436
              },
              {
                "name": "Kogilu Cross",
                "name_kn": "ಕೊಗಿಲು ಕ್ರೊಸ್ಸ್",
                "stop_id": "31172",
                "lat": 13.10386,
                "lon": 77.60028
              },
              {
                "name": "Kendriya Vihara",
                "name_kn": "ಕೆಂದ್ರಿಯ ವಿಹರ",
                "stop_id": "33453",
                "lat": 13.10653,
                "lon": 77.60161
              },
              {
                "name": "Venkatala",
                "name_kn": "ವೆಂಕಟಲ",
                "stop_id": "31579",
                "lat": 13.11139,
                "lon": 77.60456
              },
              {
                "name": "Palanahalli Gate",
                "name_kn": "ಪಲನಹಲ್ಲಿ ಗಟೆ",
                "stop_id": "34203",
                "lat": 13.11708,
                "lon": 77.60807
              },
              {
                "name": "Bagalur Cross",
                "name_kn": "ಬಗಲುರ್ ಕ್ರೊಸ್ಸ್",
                "stop_id": "31858",
                "lat": 13.12182,
                "lon": 77.61128
              },
              {
                "name": "Dwaraka Nagara",
                "name_kn": "ದ್ವರಕ ನಗರ",
                "stop_id": "32574",
                "lat": 13.12137,
                "lon": 77.61807
              },
              {
                "name": "Kattigenahalli Cross",
                "name_kn": "ಕಟಿಗೆನಹಲ್ಲಿ ಕ್ರೊಸ್ಸ್",
                "stop_id": "30900",
                "lat": 13.12187,
                "lon": 77.62562
              },
              {
                "name": "Reva College Gate",
                "name_kn": "ರೆವ ಕೊಲ್ಲೆಗೆ ಗಟೆ",
                "stop_id": "34416",
                "lat": 13.12228,
                "lon": 77.63051
              },
              {
                "name": "Country Club Bagaluru",
                "name_kn": "ಕೌಂಟ್ರೆ ಕ್ಲುಬ್ ಬಗಲುರು",
                "stop_id": "32381",
                "lat": 13.12358,
                "lon": 77.63932
              },
              {
                "name": "Srinivasapura Cross",
                "name_kn": "ಸ್ರಿನಿವಸಪುರ ಕ್ರೊಸ್ಸ್",
                "stop_id": "34690",
                "lat": 13.12602,
                "lon": 77.64512
              },
              {
                "name": "Sathanur Colony",
                "name_kn": "ಸತನುರ್ ಕೊಲೊನೆ",
                "stop_id": "34479",
                "lat": 13.12788,
                "lon": 77.64651
              },
              {
                "name": "Sathanur",
                "name_kn": "ಸತನುರ್",
                "stop_id": "28176",
                "lat": 13.13186,
                "lon": 77.6474
              },
              {
                "name": "Bagalur Sante/ CMR University Cross",
                "name_kn": "ಬಗಲುರ್ ಸಂಟೆ/ ಕ್ಂರ್ ುನಿವೆರ್ಸಿಟೆ ಕ್ರೊಸ್ಸ್",
                "stop_id": "39920",
                "lat": 13.13211,
                "lon": 77.66222
              },
              {
                "name": "Bagalur Santhe Circle",
                "name_kn": "ಬಗಲುರ್ ಸಂತೆ ಕಿರ್ಕ್ಲೆ",
                "stop_id": "31859",
                "lat": 13.13351,
                "lon": 77.66675
              },
              {
                "name": "Bagalur",
                "name_kn": "ಬಗಲುರ್",
                "stop_id": "23267",
                "lat": 13.13461,
                "lon": 77.66794
              },
              {
                "name": "Bagalur Colony",
                "name_kn": "ಬಗಲುರ್ ಕೊಲೊನೆ",
                "stop_id": "29624",
                "lat": 13.14146,
                "lon": 77.67118
              },
              {
                "name": "Razakpalya Cross",
                "name_kn": "ರಜ಼ಕ್ಪಲೆ ಕ್ರೊಸ್ಸ್",
                "stop_id": "38891",
                "lat": 13.14965,
                "lon": 77.65882
              },
              {
                "name": "Depot-52 Gate Arrival",
                "name_kn": "ದೆಪೊಟ್-52 ಗಟೆ ರ್ರಿವಲ್",
                "stop_id": "38895",
                "lat": 13.15738,
                "lon": 77.65908
              }
            ]
          },
          {
            "Route": "289-CB D52G-BLR-KBS",
            "RouteId": 14611,
            "RouteParentId": 7828,
            "Destination": "Depot-52 Gate Arrival",
            "Via": "",
            "Area": "Kempegowda Bus Station",
            "PlatformNumber": "3",
            "KannadaDestination": "ದೆಪೊಟ್-52 ಗಟೆ ರ್ರಿವಲ್",
            "KannadaArea": "ಕೆಂಪೇಗೌಡ ಬಸ್ ನಿಲ್ದಾಣ",
            "KannadaVia": "",
            "FromStationId": 27854,
            "Stops": [
              {
                "name": "Raitarasanthe Yelahanka",
                "name_kn": "ರೈಟರಸಂತೆ ಯೆಲಹಂಕ",
                "stop_id": "27854",
                "lat": 13.09807,
                "lon": 77.59866
              },
              {
                "name": "Yelahanka Santhe Circle",
                "name_kn": "ಯೆಲಹಂಕ ಸಂತೆ ಕಿರ್ಕ್ಲೆ",
                "stop_id": "22643",
                "lat": 13.09919,
                "lon": 77.59731
              },
              {
                "name": "Kogilu Cross",
                "name_kn": "ಕೊಗಿಲು ಕ್ರೊಸ್ಸ್",
                "stop_id": "31172",
                "lat": 13.10386,
                "lon": 77.60028
              },
              {
                "name": "Kendriya Vihara",
                "name_kn": "ಕೆಂದ್ರಿಯ ವಿಹರ",
                "stop_id": "33453",
                "lat": 13.10653,
                "lon": 77.60161
              },
              {
                "name": "Venkatala",
                "name_kn": "ವೆಂಕಟಲ",
                "stop_id": "31579",
                "lat": 13.11139,
                "lon": 77.60456
              },
              {
                "name": "Palanahalli Gate",
                "name_kn": "ಪಲನಹಲ್ಲಿ ಗಟೆ",
                "stop_id": "34203",
                "lat": 13.11708,
                "lon": 77.60807
              },
              {
                "name": "Bagalur Cross",
                "name_kn": "ಬಗಲುರ್ ಕ್ರೊಸ್ಸ್",
                "stop_id": "31858",
                "lat": 13.12182,
                "lon": 77.61128
              },
              {
                "name": "Dwaraka Nagara",
                "name_kn": "ದ್ವರಕ ನಗರ",
                "stop_id": "32574",
                "lat": 13.12137,
                "lon": 77.61807
              },
              {
                "name": "Kattigenahalli Cross",
                "name_kn": "ಕಟಿಗೆನಹಲ್ಲಿ ಕ್ರೊಸ್ಸ್",
                "stop_id": "30900",
                "lat": 13.12187,
                "lon": 77.62562
              },
              {
                "name": "Reva College Gate",
                "name_kn": "ರೆವ ಕೊಲ್ಲೆಗೆ ಗಟೆ",
                "stop_id": "34416",
                "lat": 13.12228,
                "lon": 77.63051
              },
              {
                "name": "Country Club Bagaluru",
                "name_kn": "ಕೌಂಟ್ರೆ ಕ್ಲುಬ್ ಬಗಲುರು",
                "stop_id": "32381",
                "lat": 13.12358,
                "lon": 77.63932
              },
              {
                "name": "Srinivasapura Cross",
                "name_kn": "ಸ್ರಿನಿವಸಪುರ ಕ್ರೊಸ್ಸ್",
                "stop_id": "34690",
                "lat": 13.12602,
                "lon": 77.64512
              },
              {
                "name": "Sathanur Colony",
                "name_kn": "ಸತನುರ್ ಕೊಲೊನೆ",
                "stop_id": "34479",
                "lat": 13.12788,
                "lon": 77.64651
              },
              {
                "name": "Sathanur",
                "name_kn": "ಸತನುರ್",
                "stop_id": "28176",
                "lat": 13.13186,
                "lon": 77.6474
              },
              {
                "name": "Bagalur Sante/ CMR University Cross",
                "name_kn": "ಬಗಲುರ್ ಸಂಟೆ/ ಕ್ಂರ್ ುನಿವೆರ್ಸಿಟೆ ಕ್ರೊಸ್ಸ್",
                "stop_id": "39920",
                "lat": 13.13211,
                "lon": 77.66222
              },
              {
                "name": "Bagalur Santhe Circle",
                "name_kn": "ಬಗಲುರ್ ಸಂತೆ ಕಿರ್ಕ್ಲೆ",
                "stop_id": "31859",
                "lat": 13.13351,
                "lon": 77.66675
              },
              {
                "name": "Bagalur",
                "name_kn": "ಬಗಲುರ್",
                "stop_id": "23267",
                "lat": 13.13461,
                "lon": 77.66794
              },
              {
                "name": "Bagalur Colony",
                "name_kn": "ಬಗಲುರ್ ಕೊಲೊನೆ",
                "stop_id": "29624",
                "lat": 13.14146,
                "lon": 77.67118
              },
              {
                "name": "Razakpalya Cross",
                "name_kn": "ರಜ಼ಕ್ಪಲೆ ಕ್ರೊಸ್ಸ್",
                "stop_id": "38891",
                "lat": 13.14965,
                "lon": 77.65882
              },
              {
                "name": "Depot-52 Gate Arrival",
                "name_kn": "ದೆಪೊಟ್-52 ಗಟೆ ರ್ರಿವಲ್",
                "stop_id": "38895",
                "lat": 13.15738,
                "lon": 77.65908
              }
            ]
          },
          {
            "Route": "289-N",
            "RouteId": 9322,
            "RouteParentId": 4996,
            "Destination": "Kadusonnappanahalli",
            "Via": "",
            "Area": "Kempegowda Bus Station",
            "PlatformNumber": "3",
            "KannadaDestination": "ಕದುಸೊಂನಪ್ಪನಹಲ್ಲಿ",
            "KannadaArea": "ಕೆಂಪೇಗೌಡ ಬಸ್ ನಿಲ್ದಾಣ",
            "KannadaVia": "",
            "FromStationId": 27854,
            "Stops": [
              {
                "name": "Raitarasanthe Yelahanka",
                "name_kn": "ರೈಟರಸಂತೆ ಯೆಲಹಂಕ",
                "stop_id": "27854",
                "lat": 13.09807,
                "lon": 77.59866
              },
              {
                "name": "Yelahanka Santhe Circle",
                "name_kn": "ಯೆಲಹಂಕ ಸಂತೆ ಕಿರ್ಕ್ಲೆ",
                "stop_id": "22643",
                "lat": 13.09919,
                "lon": 77.59731
              },
              {
                "name": "Kogilu Cross",
                "name_kn": "ಕೊಗಿಲು ಕ್ರೊಸ್ಸ್",
                "stop_id": "22183",
                "lat": 13.10362,
                "lon": 77.60102
              },
              {
                "name": "Maruthi Nagara",
                "name_kn": "ಮರುತಿ ನಗರ",
                "stop_id": "22266",
                "lat": 13.10445,
                "lon": 77.60632
              },
              {
                "name": "Sapthagiri Layout",
                "name_kn": "ಸಪ್ತಗಿರಿ ಲಯೌಟ್",
                "stop_id": "22457",
                "lat": 13.10457,
                "lon": 77.61045
              },
              {
                "name": "Kogilu",
                "name_kn": "ಕೊಗಿಲು",
                "stop_id": "22181",
                "lat": 13.10362,
                "lon": 77.616
              },
              {
                "name": "Srinivasapura Kogilu",
                "name_kn": "ಸ್ರಿನಿವಸಪುರ ಕೊಗಿಲು",
                "stop_id": "22513",
                "lat": 13.10347,
                "lon": 77.62349
              },
              {
                "name": "Ittige Factory",
                "name_kn": "ಇಟಿಗೆ ೞಕ್ಟೊರೆ",
                "stop_id": "22087",
                "lat": 13.10252,
                "lon": 77.62918
              },
              {
                "name": "Bellahalli Cross",
                "name_kn": "ಬೆಲ್ಲಹಲ್ಲಿ ಕ್ರೊಸ್ಸ್",
                "stop_id": "31951",
                "lat": 13.10207,
                "lon": 77.63351
              },
              {
                "name": "Bellahalli",
                "name_kn": "ಬೆಲ್ಲಹಲ್ಲಿ",
                "stop_id": "31950",
                "lat": 13.09923,
                "lon": 77.64223
              },
              {
                "name": "Christal House Learning School",
                "name_kn": "ಚ್ರಿಸ್ಟಲ್ ಹೌಸೆ ಲೆರ್ನಿಙ್ ಸ್ಚೂಲ್",
                "stop_id": "32365",
                "lat": 13.09439,
                "lon": 77.65173
              },
              {
                "name": "Kannuru",
                "name_kn": "ಕಂನುರು",
                "stop_id": "22154",
                "lat": 13.09326,
                "lon": 77.65426
              },
              {
                "name": "Kadasonnappanahalli Gate",
                "name_kn": "ಕದಸೊಂನಪ್ಪನಹಲ್ಲಿ ಗಟೆ",
                "stop_id": "22132",
                "lat": 13.10165,
                "lon": 77.65832
              },
              {
                "name": "Kadusonnappanahalli",
                "name_kn": "ಕದುಸೊಂನಪ್ಪನಹಲ್ಲಿ",
                "stop_id": "33234",
                "lat": 13.09901,
                "lon": 77.66371
              }
            ]
          },
          {
            "Route": "280-F",
            "RouteId": 2455,
            "RouteParentId": 1418,
            "Destination": "Hosakote Bus Stand (Old)",
            "Via": "",
            "Area": "Yelahanka Old Town",
            "PlatformNumber": "3",
            "KannadaDestination": "ಹೊಸಕೊಟೆ ಬುಸ್ ಸ್ಟಂದ್ (ೊಲ್ದ್)",
            "KannadaArea": "ಯಲಹಂಕ ಓಲ್ಡ್ ಟೌನ್",
            "KannadaVia": "",
            "FromStationId": 22640,
            "Stops": [
              {
                "name": "Yelahanka Old Town",
                "name_kn": "ಯೆಲಹಂಕ ೊಲ್ದ್ ಟೌಂ",
                "stop_id": "22640",
                "lat": 13.10091,
                "lon": 77.59436
              },
              {
                "name": "Yelahanka Santhe Circle",
                "name_kn": "ಯೆಲಹಂಕ ಸಂತೆ ಕಿರ್ಕ್ಲೆ",
                "stop_id": "22643",
                "lat": 13.09919,
                "lon": 77.59731
              },
              {
                "name": "Kogilu Cross",
                "name_kn": "ಕೊಗಿಲು ಕ್ರೊಸ್ಸ್",
                "stop_id": "22183",
                "lat": 13.10362,
                "lon": 77.60102
              },
              {
                "name": "Maruthi Nagara",
                "name_kn": "ಮರುತಿ ನಗರ",
                "stop_id": "22266",
                "lat": 13.10445,
                "lon": 77.60632
              },
              {
                "name": "Sapthagiri Layout",
                "name_kn": "ಸಪ್ತಗಿರಿ ಲಯೌಟ್",
                "stop_id": "22457",
                "lat": 13.10457,
                "lon": 77.61045
              },
              {
                "name": "Kogilu",
                "name_kn": "ಕೊಗಿಲು",
                "stop_id": "22181",
                "lat": 13.10362,
                "lon": 77.616
              },
              {
                "name": "Srinivasapura Kogilu",
                "name_kn": "ಸ್ರಿನಿವಸಪುರ ಕೊಗಿಲು",
                "stop_id": "22513",
                "lat": 13.10347,
                "lon": 77.62349
              },
              {
                "name": "Ittige Factory",
                "name_kn": "ಇಟಿಗೆ ೞಕ್ಟೊರೆ",
                "stop_id": "22087",
                "lat": 13.10252,
                "lon": 77.62918
              },
              {
                "name": "Bellahalli Cross",
                "name_kn": "ಬೆಲ್ಲಹಲ್ಲಿ ಕ್ರೊಸ್ಸ್",
                "stop_id": "31951",
                "lat": 13.10207,
                "lon": 77.63351
              },
              {
                "name": "Bellahalli",
                "name_kn": "ಬೆಲ್ಲಹಲ್ಲಿ",
                "stop_id": "31950",
                "lat": 13.09923,
                "lon": 77.64223
              },
              {
                "name": "Christal House Learning School",
                "name_kn": "ಚ್ರಿಸ್ಟಲ್ ಹೌಸೆ ಲೆರ್ನಿಙ್ ಸ್ಚೂಲ್",
                "stop_id": "32365",
                "lat": 13.09439,
                "lon": 77.65173
              },
              {
                "name": "Kannuru",
                "name_kn": "ಕಂನುರು",
                "stop_id": "22154",
                "lat": 13.09326,
                "lon": 77.65426
              },
              {
                "name": "Chikka Gubbi Cross",
                "name_kn": "ಚಿಕ್ಕ ಗುಬ್ಬಿ ಕ್ರೊಸ್ಸ್",
                "stop_id": "21837",
                "lat": 13.08439,
                "lon": 77.65434
              },
              {
                "name": "Nagenahalli",
                "name_kn": "ನಗೆನಹಲ್ಲಿ",
                "stop_id": "22333",
                "lat": 13.08139,
                "lon": 77.65341
              },
              {
                "name": "Byrathi Bande",
                "name_kn": "ಬೆರತಿ ಬಂದೆ",
                "stop_id": "21795",
                "lat": 13.07788,
                "lon": 77.65345
              },
              {
                "name": "Poornaprajna School",
                "name_kn": "ಪೂರ್ನಪ್ರಜ್ನ ಸ್ಚೂಲ್",
                "stop_id": "22397",
                "lat": 13.07538,
                "lon": 77.65169
              },
              {
                "name": "Bible  College Byrathi",
                "name_kn": "ಬಿಬ್ಲೆ  ಕೊಲ್ಲೆಗೆ ಬೆರತಿ",
                "stop_id": "21762",
                "lat": 13.07145,
                "lon": 77.65159
              },
              {
                "name": "Gubbi Cross",
                "name_kn": "ಗುಬ್ಬಿ ಕ್ರೊಸ್ಸ್",
                "stop_id": "21985",
                "lat": 13.06462,
                "lon": 77.6519
              },
              {
                "name": "Kothanuru",
                "name_kn": "ಕೊತನುರು",
                "stop_id": "22196",
                "lat": 13.06182,
                "lon": 77.64893
              },
              {
                "name": "MR Nursing College",
                "name_kn": "ಂರ್ ನುರ್ಸಿಙ್ ಕೊಲ್ಲೆಗೆ",
                "stop_id": "22303",
                "lat": 13.05824,
                "lon": 77.64875
              },
              {
                "name": "Byrathi Cross",
                "name_kn": "ಬೆರತಿ ಕ್ರೊಸ್ಸ್",
                "stop_id": "30327",
                "lat": 13.05708,
                "lon": 77.64845
              },
              {
                "name": "Kyalasanahalli",
                "name_kn": "ಕೆಲಸನಹಲ್ಲಿ",
                "stop_id": "33646",
                "lat": 13.05638,
                "lon": 77.66021
              },
              {
                "name": "Bileshivale",
                "name_kn": "ಬಿಲೆಶಿವಲೆ",
                "stop_id": "32082",
                "lat": 13.05454,
                "lon": 77.67093
              },
              {
                "name": "Rampura Cross",
                "name_kn": "ರಂಪುರ ಕ್ರೊಸ್ಸ್",
                "stop_id": "27968",
                "lat": 13.05212,
                "lon": 77.68101
              },
              {
                "name": "Rampura",
                "name_kn": "ರಂಪುರ",
                "stop_id": "34379",
                "lat": 13.05175,
                "lon": 77.69124
              },
              {
                "name": "Aduru",
                "name_kn": "ಅದುರು",
                "stop_id": "22992",
                "lat": 13.05553,
                "lon": 77.7058
              },
              {
                "name": "Bidarahalli",
                "name_kn": "ಬಿದರಹಲ್ಲಿ",
                "stop_id": "32512",
                "lat": 13.06538,
                "lon": 77.717
              },
              {
                "name": "Bidarahalli School",
                "name_kn": "ಬಿದರಹಲ್ಲಿ ಸ್ಚೂಲ್",
                "stop_id": "32068",
                "lat": 13.06013,
                "lon": 77.71626
              },
              {
                "name": "Bidarahalli Cross",
                "name_kn": "ಬಿದರಹಲ್ಲಿ ಕ್ರೊಸ್ಸ್",
                "stop_id": "32069",
                "lat": 13.05694,
                "lon": 77.71522
              },
              {
                "name": "East Point College",
                "name_kn": "ಎಸ್ಟ್ ಪೊಿಂಟ್ ಕೊಲ್ಲೆಗೆ",
                "stop_id": "32584",
                "lat": 13.05012,
                "lon": 77.72
              },
              {
                "name": "Hirandahalli",
                "name_kn": "ಹಿರಂದಹಲ್ಲಿ",
                "stop_id": "25863",
                "lat": 13.04578,
                "lon": 77.72276
              },
              {
                "name": "Srirama Layout Avalahalli Road",
                "name_kn": "ಸ್ರಿರಮ ಲಯೌಟ್ ವಲಹಲ್ಲಿ ರೊದ್",
                "stop_id": "26611",
                "lat": 13.03981,
                "lon": 77.72938
              },
              {
                "name": "Avalahalli Hosakote",
                "name_kn": "ಅವಲಹಲ್ಲಿ ಹೊಸಕೊಟೆ",
                "stop_id": "23219",
                "lat": 13.03605,
                "lon": 77.7358
              },
              {
                "name": "Cheemasandra Gate",
                "name_kn": "ಚೀಮಸಂದ್ರ ಗಟೆ",
                "stop_id": "24455",
                "lat": 13.03903,
                "lon": 77.74008
              },
              {
                "name": "Bandapura Gate",
                "name_kn": "ಬಂದಪುರ ಗಟೆ",
                "stop_id": "21715",
                "lat": 13.04228,
                "lon": 77.74459
              },
              {
                "name": "Budigere Cross",
                "name_kn": "ಬುದಿಗೆರೆ ಕ್ರೊಸ್ಸ್",
                "stop_id": "21791",
                "lat": 13.04651,
                "lon": 77.75054
              },
              {
                "name": "Sapthagiri Convention Hall",
                "name_kn": "ಸಪ್ತಗಿರಿ ಕೊಂವೆಂಟಿೊಂ ಹಲ್ಲ್",
                "stop_id": "22456",
                "lat": 13.0509,
                "lon": 77.75676
              },
              {
                "name": "Katamanallur Gate",
                "name_kn": "ಕಟಮನಲ್ಲುರ್ ಗಟೆ",
                "stop_id": "22155",
                "lat": 13.05373,
                "lon": 77.76177
              },
              {
                "name": "Hosakote Kodi",
                "name_kn": "ಹೊಸಕೊಟೆ ಕೊದಿ",
                "stop_id": "22054",
                "lat": 13.0565,
                "lon": 77.76741
              },
              {
                "name": "Hosakote Toll",
                "name_kn": "ಹೊಸಕೊಟೆ ಟೊಲ್ಲ್",
                "stop_id": "22056",
                "lat": 13.05963,
                "lon": 77.77057
              },
              {
                "name": "Hosakote High School",
                "name_kn": "ಹೊಸಕೊಟೆ ಹಿಘ್ ಸ್ಚೂಲ್",
                "stop_id": "22050",
                "lat": 13.07048,
                "lon": 77.78364
              },
              {
                "name": "Hosakote BEO office",
                "name_kn": "ಹೊಸಕೊಟೆ ಬೆೊ ೊೞ್ೞಿಕೆ",
                "stop_id": "37604",
                "lat": 13.07339,
                "lon": 77.78294
              },
              {
                "name": "Hosakote Flower Market",
                "name_kn": "ಹೊಸಕೊಟೆ ೞ್ಲೌೆರ್ ಮರ್ಕೆಟ್",
                "stop_id": "22048",
                "lat": 13.07531,
                "lon": 77.78637
              },
              {
                "name": "Hosakote Bus Stand (Old)",
                "name_kn": "ಹೊಸಕೊಟೆ ಬುಸ್ ಸ್ಟಂದ್ (ೊಲ್ದ್)",
                "stop_id": "22046",
                "lat": 13.0787,
                "lon": 77.78774
              }
            ]
          },
          {
            "Route": "280-L",
            "RouteId": 4825,
            "RouteParentId": 2642,
            "Destination": "Yarappanahalli",
            "Via": "",
            "Area": "Kempegowda Bus Station",
            "PlatformNumber": "3",
            "KannadaDestination": "ಯರಪ್ಪನಹಲ್ಲಿ",
            "KannadaArea": "ಕೆಂಪೇಗೌಡ ಬಸ್ ನಿಲ್ದಾಣ",
            "KannadaVia": "",
            "FromStationId": 27854,
            "Stops": [
              {
                "name": "Raitarasanthe Yelahanka",
                "name_kn": "ರೈಟರಸಂತೆ ಯೆಲಹಂಕ",
                "stop_id": "27854",
                "lat": 13.09807,
                "lon": 77.59866
              },
              {
                "name": "Yelahanka Santhe Circle",
                "name_kn": "ಯೆಲಹಂಕ ಸಂತೆ ಕಿರ್ಕ್ಲೆ",
                "stop_id": "22643",
                "lat": 13.09919,
                "lon": 77.59731
              },
              {
                "name": "Kogilu Cross",
                "name_kn": "ಕೊಗಿಲು ಕ್ರೊಸ್ಸ್",
                "stop_id": "22183",
                "lat": 13.10362,
                "lon": 77.60102
              },
              {
                "name": "Maruthi Nagara",
                "name_kn": "ಮರುತಿ ನಗರ",
                "stop_id": "22266",
                "lat": 13.10445,
                "lon": 77.60632
              },
              {
                "name": "Sapthagiri Layout",
                "name_kn": "ಸಪ್ತಗಿರಿ ಲಯೌಟ್",
                "stop_id": "22457",
                "lat": 13.10457,
                "lon": 77.61045
              },
              {
                "name": "Kogilu",
                "name_kn": "ಕೊಗಿಲು",
                "stop_id": "22181",
                "lat": 13.10362,
                "lon": 77.616
              },
              {
                "name": "Srinivasapura Kogilu",
                "name_kn": "ಸ್ರಿನಿವಸಪುರ ಕೊಗಿಲು",
                "stop_id": "22513",
                "lat": 13.10347,
                "lon": 77.62349
              },
              {
                "name": "Ittige Factory",
                "name_kn": "ಇಟಿಗೆ ೞಕ್ಟೊರೆ",
                "stop_id": "22087",
                "lat": 13.10252,
                "lon": 77.62918
              },
              {
                "name": "Bellahalli Cross",
                "name_kn": "ಬೆಲ್ಲಹಲ್ಲಿ ಕ್ರೊಸ್ಸ್",
                "stop_id": "31953",
                "lat": 13.10144,
                "lon": 77.63606
              },
              {
                "name": "Bellahalli",
                "name_kn": "ಬೆಲ್ಲಹಲ್ಲಿ",
                "stop_id": "31950",
                "lat": 13.09923,
                "lon": 77.64223
              },
              {
                "name": "Christal House Learning School",
                "name_kn": "ಚ್ರಿಸ್ಟಲ್ ಹೌಸೆ ಲೆರ್ನಿಙ್ ಸ್ಚೂಲ್",
                "stop_id": "32365",
                "lat": 13.09439,
                "lon": 77.65173
              },
              {
                "name": "Kannuru",
                "name_kn": "ಕಂನುರು",
                "stop_id": "22154",
                "lat": 13.09326,
                "lon": 77.65426
              },
              {
                "name": "Kannuru Junction",
                "name_kn": "ಕಂನುರು ಜುಂಕ್ಟಿೊಂ",
                "stop_id": "33338",
                "lat": 13.09263,
                "lon": 77.65482
              },
              {
                "name": "Oasis School",
                "name_kn": "ಒಸಿಸ್ ಸ್ಚೂಲ್",
                "stop_id": "27527",
                "lat": 13.08934,
                "lon": 77.66634
              },
              {
                "name": "Yarappana Bande",
                "name_kn": "ಯರಪ್ಪನ ಬಂದೆ",
                "stop_id": "31656",
                "lat": 13.09434,
                "lon": 77.68535
              },
              {
                "name": "D Group Employees Layout",
                "name_kn": "ದ್ ಗ್ರೌಪ್ ೆಂಪ್ಲೊಯೀಸ್ ಲಯೌಟ್",
                "stop_id": "32390",
                "lat": 13.09127,
                "lon": 77.69089
              },
              {
                "name": "Yarappanahalli",
                "name_kn": "ಯರಪ್ಪನಹಲ್ಲಿ",
                "stop_id": "31843",
                "lat": 13.08523,
                "lon": 77.68714
              }
            ]
          },
          {
            "Route": "284 RTNP-YHK-OASIS",
            "RouteId": 8842,
            "RouteParentId": 4745,
            "Destination": "Oasis School",
            "Via": "",
            "Area": "RT Nagara Police Station",
            "PlatformNumber": "3",
            "KannadaDestination": "ಒಸಿಸ್ ಸ್ಚೂಲ್",
            "KannadaArea": "ಆರ್‌ ಟಿ ನಗರ ಆರಕ್ಷಕ ಠಾಣೆ",
            "KannadaVia": "",
            "FromStationId": 27854,
            "Stops": [
              {
                "name": "Raitarasanthe Yelahanka",
                "name_kn": "ರೈಟರಸಂತೆ ಯೆಲಹಂಕ",
                "stop_id": "27854",
                "lat": 13.09807,
                "lon": 77.59866
              },
              {
                "name": "Yelahanka Santhe Circle",
                "name_kn": "ಯೆಲಹಂಕ ಸಂತೆ ಕಿರ್ಕ್ಲೆ",
                "stop_id": "22643",
                "lat": 13.09919,
                "lon": 77.59731
              },
              {
                "name": "Kogilu Cross",
                "name_kn": "ಕೊಗಿಲು ಕ್ರೊಸ್ಸ್",
                "stop_id": "22183",
                "lat": 13.10362,
                "lon": 77.60102
              },
              {
                "name": "Maruthi Nagara",
                "name_kn": "ಮರುತಿ ನಗರ",
                "stop_id": "22266",
                "lat": 13.10445,
                "lon": 77.60632
              },
              {
                "name": "Sapthagiri Layout",
                "name_kn": "ಸಪ್ತಗಿರಿ ಲಯೌಟ್",
                "stop_id": "22457",
                "lat": 13.10457,
                "lon": 77.61045
              },
              {
                "name": "Kogilu",
                "name_kn": "ಕೊಗಿಲು",
                "stop_id": "22181",
                "lat": 13.10362,
                "lon": 77.616
              },
              {
                "name": "Srinivasapura Kogilu",
                "name_kn": "ಸ್ರಿನಿವಸಪುರ ಕೊಗಿಲು",
                "stop_id": "22513",
                "lat": 13.10347,
                "lon": 77.62349
              },
              {
                "name": "Ittige Factory",
                "name_kn": "ಇಟಿಗೆ ೞಕ್ಟೊರೆ",
                "stop_id": "22087",
                "lat": 13.10252,
                "lon": 77.62918
              },
              {
                "name": "Bellahalli Cross",
                "name_kn": "ಬೆಲ್ಲಹಲ್ಲಿ ಕ್ರೊಸ್ಸ್",
                "stop_id": "31953",
                "lat": 13.10144,
                "lon": 77.63606
              },
              {
                "name": "Bellahalli",
                "name_kn": "ಬೆಲ್ಲಹಲ್ಲಿ",
                "stop_id": "31950",
                "lat": 13.09923,
                "lon": 77.64223
              },
              {
                "name": "Christal House Learning School",
                "name_kn": "ಚ್ರಿಸ್ಟಲ್ ಹೌಸೆ ಲೆರ್ನಿಙ್ ಸ್ಚೂಲ್",
                "stop_id": "32365",
                "lat": 13.09439,
                "lon": 77.65173
              },
              {
                "name": "Kannuru",
                "name_kn": "ಕಂನುರು",
                "stop_id": "22154",
                "lat": 13.09326,
                "lon": 77.65426
              },
              {
                "name": "Kannuru Junction",
                "name_kn": "ಕಂನುರು ಜುಂಕ್ಟಿೊಂ",
                "stop_id": "33338",
                "lat": 13.09263,
                "lon": 77.65482
              },
              {
                "name": "Oasis School",
                "name_kn": "ಒಸಿಸ್ ಸ್ಚೂಲ್",
                "stop_id": "34183",
                "lat": 13.0894,
                "lon": 77.66676
              }
            ]
          },
          {
            "Route": "281-F YHKOT-HNS",
            "RouteId": 15455,
            "RouteParentId": 8286,
            "Destination": "Hunasuru",
            "Via": "",
            "Area": "Yelahanka Old Town",
            "PlatformNumber": "3",
            "KannadaDestination": "ಹುನಸುರು",
            "KannadaArea": "ಯಲಹಂಕ ಓಲ್ಡ್ ಟೌನ್",
            "KannadaVia": "",
            "FromStationId": 22640,
            "Stops": [
              {
                "name": "Yelahanka Old Town",
                "name_kn": "ಯೆಲಹಂಕ ೊಲ್ದ್ ಟೌಂ",
                "stop_id": "22640",
                "lat": 13.10091,
                "lon": 77.59436
              },
              {
                "name": "Yelahanka Santhe Circle",
                "name_kn": "ಯೆಲಹಂಕ ಸಂತೆ ಕಿರ್ಕ್ಲೆ",
                "stop_id": "22643",
                "lat": 13.09919,
                "lon": 77.59731
              },
              {
                "name": "Kogilu Cross",
                "name_kn": "ಕೊಗಿಲು ಕ್ರೊಸ್ಸ್",
                "stop_id": "31172",
                "lat": 13.10386,
                "lon": 77.60028
              },
              {
                "name": "Kendriya Vihara",
                "name_kn": "ಕೆಂದ್ರಿಯ ವಿಹರ",
                "stop_id": "33453",
                "lat": 13.10653,
                "lon": 77.60161
              },
              {
                "name": "Venkatala",
                "name_kn": "ವೆಂಕಟಲ",
                "stop_id": "31579",
                "lat": 13.11139,
                "lon": 77.60456
              },
              {
                "name": "Palanahalli Gate",
                "name_kn": "ಪಲನಹಲ್ಲಿ ಗಟೆ",
                "stop_id": "34203",
                "lat": 13.11708,
                "lon": 77.60807
              },
              {
                "name": "Bagalur Cross",
                "name_kn": "ಬಗಲುರ್ ಕ್ರೊಸ್ಸ್",
                "stop_id": "29626",
                "lat": 13.12198,
                "lon": 77.61061
              },
              {
                "name": "Indian Air Force",
                "name_kn": "ಇಂದಿಂ ೈರ್ ೞೊರ್ಕೆ",
                "stop_id": "33030",
                "lat": 13.13103,
                "lon": 77.61503
              },
              {
                "name": "Bharathi Nagara",
                "name_kn": "ಭರತಿ ನಗರ",
                "stop_id": "29992",
                "lat": 13.1374,
                "lon": 77.61746
              },
              {
                "name": "Hunasamaranahalli",
                "name_kn": "ಹುನಸಮರನಹಲ್ಲಿ",
                "stop_id": "33001",
                "lat": 13.14519,
                "lon": 77.6174
              },
              {
                "name": "SMVIT Cross",
                "name_kn": "ಸ್ಂವಿಟ್ ಕ್ರೊಸ್ಸ್",
                "stop_id": "34626",
                "lat": 13.15209,
                "lon": 77.62015
              },
              {
                "name": "Bettahalasuru Cross",
                "name_kn": "ಬೆಟಹಲಸುರು ಕ್ರೊಸ್ಸ್",
                "stop_id": "31981",
                "lat": 13.1571,
                "lon": 77.62336
              },
              {
                "name": "Vidyanagara Cross Chikkajala",
                "name_kn": "ವಿಠೆನಗರ ಕ್ರೊಸ್ಸ್ ಚಿಕ್ಕಜಲ",
                "stop_id": "31590",
                "lat": 13.16137,
                "lon": 77.62657
              },
              {
                "name": "Kadugenahalli Gate",
                "name_kn": "ಕದುಗೆನಹಲ್ಲಿ ಗಟೆ",
                "stop_id": "30572",
                "lat": 13.16835,
                "lon": 77.63116
              },
              {
                "name": "Chikkajala",
                "name_kn": "ಚಿಕ್ಕಜಲ",
                "stop_id": "24574",
                "lat": 13.17277,
                "lon": 77.63318
              },
              {
                "name": "Meenakunte",
                "name_kn": "ಮೀನಕುಂಟೆ",
                "stop_id": "33910",
                "lat": 13.18063,
                "lon": 77.6421
              },
              {
                "name": "Doddajala",
                "name_kn": "ದೊದ್ದಜಲ",
                "stop_id": "32538",
                "lat": 13.1773,
                "lon": 77.65328
              },
              {
                "name": "Shettigere",
                "name_kn": "ಶೆಟಿಗೆರೆ",
                "stop_id": "28306",
                "lat": 13.17921,
                "lon": 77.66688
              },
              {
                "name": "Muthukadahalli",
                "name_kn": "ಮುತುಕದಹಲ್ಲಿ",
                "stop_id": "33997",
                "lat": 13.1825,
                "lon": 77.67303
              },
              {
                "name": "Beguru",
                "name_kn": "ಬೆಗುರು",
                "stop_id": "31944",
                "lat": 13.18356,
                "lon": 77.67974
              },
              {
                "name": "Chikkanahalli",
                "name_kn": "ಚಿಕ್ಕನಹಲ್ಲಿ",
                "stop_id": "32320",
                "lat": 13.18394,
                "lon": 77.68817
              },
              {
                "name": "Mylanahalli",
                "name_kn": "ಮೆಲನಹಲ್ಲಿ",
                "stop_id": "34015",
                "lat": 13.1855,
                "lon": 77.69695
              },
              {
                "name": "Kadayarappanahalli Cross",
                "name_kn": "ಕದಯರಪ್ಪನಹಲ್ಲಿ ಕ್ರೊಸ್ಸ್",
                "stop_id": "33227",
                "lat": 13.1841,
                "lon": 77.70429
              },
              {
                "name": "Kadayarappanahalli",
                "name_kn": "ಕದಯರಪ್ಪನಹಲ್ಲಿ",
                "stop_id": "30565",
                "lat": 13.1841,
                "lon": 77.70522
              },
              {
                "name": "Hunasuru Junction",
                "name_kn": "ಹುನಸುರು ಜುಂಕ್ಟಿೊಂ",
                "stop_id": "38624",
                "lat": 13.1809,
                "lon": 77.71486
              },
              {
                "name": "Hunasuru",
                "name_kn": "ಹುನಸುರು",
                "stop_id": "26064",
                "lat": 13.18006,
                "lon": 77.71258
              }
            ]
          },
          {
            "Route": "281-AP",
            "RouteId": 4843,
            "RouteParentId": 2656,
            "Destination": "Kempegowda International Airport",
            "Via": "",
            "Area": "Hebbala Bridge",
            "PlatformNumber": "3",
            "KannadaDestination": "ಕೆಂಪೆಗೌದ ಿಂಟೆರ್ನಟಿೊನಲ್ ೈರ್ಪೊರ್ಟ್",
            "KannadaArea": "ಹೆಬ್ಬಾಳ ಬ್ರಿಡ್ಜ್",
            "KannadaVia": "",
            "FromStationId": 27854,
            "Stops": [
              {
                "name": "Raitarasanthe Yelahanka",
                "name_kn": "ರೈಟರಸಂತೆ ಯೆಲಹಂಕ",
                "stop_id": "27854",
                "lat": 13.09807,
                "lon": 77.59866
              },
              {
                "name": "Yelahanka Santhe Circle",
                "name_kn": "ಯೆಲಹಂಕ ಸಂತೆ ಕಿರ್ಕ್ಲೆ",
                "stop_id": "22643",
                "lat": 13.09919,
                "lon": 77.59731
              },
              {
                "name": "Kogilu Cross",
                "name_kn": "ಕೊಗಿಲು ಕ್ರೊಸ್ಸ್",
                "stop_id": "31172",
                "lat": 13.10386,
                "lon": 77.60028
              },
              {
                "name": "Kendriya Vihara",
                "name_kn": "ಕೆಂದ್ರಿಯ ವಿಹರ",
                "stop_id": "33453",
                "lat": 13.10653,
                "lon": 77.60161
              },
              {
                "name": "Venkatala",
                "name_kn": "ವೆಂಕಟಲ",
                "stop_id": "31579",
                "lat": 13.11139,
                "lon": 77.60456
              },
              {
                "name": "Palanahalli Gate",
                "name_kn": "ಪಲನಹಲ್ಲಿ ಗಟೆ",
                "stop_id": "34203",
                "lat": 13.11708,
                "lon": 77.60807
              },
              {
                "name": "Bagalur Cross",
                "name_kn": "ಬಗಲುರ್ ಕ್ರೊಸ್ಸ್",
                "stop_id": "29626",
                "lat": 13.12198,
                "lon": 77.61061
              },
              {
                "name": "Indian Air Force",
                "name_kn": "ಇಂದಿಂ ೈರ್ ೞೊರ್ಕೆ",
                "stop_id": "33030",
                "lat": 13.13103,
                "lon": 77.61503
              },
              {
                "name": "Bharathi Nagara",
                "name_kn": "ಭರತಿ ನಗರ",
                "stop_id": "29992",
                "lat": 13.1374,
                "lon": 77.61746
              },
              {
                "name": "Hunasamaranahalli",
                "name_kn": "ಹುನಸಮರನಹಲ್ಲಿ",
                "stop_id": "33001",
                "lat": 13.14519,
                "lon": 77.6174
              },
              {
                "name": "SMVIT Cross",
                "name_kn": "ಸ್ಂವಿಟ್ ಕ್ರೊಸ್ಸ್",
                "stop_id": "34626",
                "lat": 13.15209,
                "lon": 77.62015
              },
              {
                "name": "Bettahalasuru Cross",
                "name_kn": "ಬೆಟಹಲಸುರು ಕ್ರೊಸ್ಸ್",
                "stop_id": "31981",
                "lat": 13.1571,
                "lon": 77.62336
              },
              {
                "name": "Vidyanagara Cross Chikkajala",
                "name_kn": "ವಿಠೆನಗರ ಕ್ರೊಸ್ಸ್ ಚಿಕ್ಕಜಲ",
                "stop_id": "31590",
                "lat": 13.16137,
                "lon": 77.62657
              },
              {
                "name": "Chikkajala",
                "name_kn": "ಚಿಕ್ಕಜಲ",
                "stop_id": "24574",
                "lat": 13.17277,
                "lon": 77.63318
              },
              {
                "name": "Meenakunte",
                "name_kn": "ಮೀನಕುಂಟೆ",
                "stop_id": "33910",
                "lat": 13.18063,
                "lon": 77.6421
              },
              {
                "name": "Doddajala",
                "name_kn": "ದೊದ್ದಜಲ",
                "stop_id": "25092",
                "lat": 13.17735,
                "lon": 77.65338
              },
              {
                "name": "Shettigere",
                "name_kn": "ಶೆಟಿಗೆರೆ",
                "stop_id": "28306",
                "lat": 13.17921,
                "lon": 77.66688
              },
              {
                "name": "Muthukadahalli",
                "name_kn": "ಮುತುಕದಹಲ್ಲಿ",
                "stop_id": "33997",
                "lat": 13.1825,
                "lon": 77.67303
              },
              {
                "name": "Beguru",
                "name_kn": "ಬೆಗುರು",
                "stop_id": "37610",
                "lat": 13.18351,
                "lon": 77.67959
              },
              {
                "name": "Kempegowda International Airport Back Gate",
                "name_kn": "ಕೆಂಪೆಗೌದ ಿಂಟೆರ್ನಟಿೊನಲ್ ೈರ್ಪೊರ್ಟ್ ಬಕ್ಕ್ ಗಟೆ",
                "stop_id": "38072",
                "lat": 13.1982,
                "lon": 77.67968
              },
              {
                "name": "Cargo Village",
                "name_kn": "ಕರ್ಗೊ ವಿಲ್ಲಗೆ",
                "stop_id": "37968",
                "lat": 13.19967,
                "lon": 77.68231
              },
              {
                "name": "DHFL",
                "name_kn": "ಧ್ೞ್ಲ್",
                "stop_id": "37969",
                "lat": 13.19963,
                "lon": 77.69561
              },
              {
                "name": "Kempegowda International Airport",
                "name_kn": "ಕೆಂಪೆಗೌದ ಿಂಟೆರ್ನಟಿೊನಲ್ ೈರ್ಪೊರ್ಟ್",
                "stop_id": "38069",
                "lat": 13.19975,
                "lon": 77.70514
              }
            ]
          },
          {
            "Route": "281-G",
            "RouteId": 6661,
            "RouteParentId": 3593,
            "Destination": "Bande Kodigehalli palya",
            "Via": "",
            "Area": "Kempegowda Bus Station",
            "PlatformNumber": "3",
            "KannadaDestination": "ಬಂದೆ ಕೊದಿಗೆಹಲ್ಲಿ ಪಲೆ",
            "KannadaArea": "ಕೆಂಪೇಗೌಡ ಬಸ್ ನಿಲ್ದಾಣ",
            "KannadaVia": "",
            "FromStationId": 27854,
            "Stops": [
              {
                "name": "Raitarasanthe Yelahanka",
                "name_kn": "ರೈಟರಸಂತೆ ಯೆಲಹಂಕ",
                "stop_id": "27854",
                "lat": 13.09807,
                "lon": 77.59866
              },
              {
                "name": "Yelahanka Santhe Circle",
                "name_kn": "ಯೆಲಹಂಕ ಸಂತೆ ಕಿರ್ಕ್ಲೆ",
                "stop_id": "22643",
                "lat": 13.09919,
                "lon": 77.59731
              },
              {
                "name": "Kogilu Cross",
                "name_kn": "ಕೊಗಿಲು ಕ್ರೊಸ್ಸ್",
                "stop_id": "31172",
                "lat": 13.10386,
                "lon": 77.60028
              },
              {
                "name": "Kendriya Vihara",
                "name_kn": "ಕೆಂದ್ರಿಯ ವಿಹರ",
                "stop_id": "33453",
                "lat": 13.10653,
                "lon": 77.60161
              },
              {
                "name": "Venkatala",
                "name_kn": "ವೆಂಕಟಲ",
                "stop_id": "31579",
                "lat": 13.11139,
                "lon": 77.60456
              },
              {
                "name": "Palanahalli Gate",
                "name_kn": "ಪಲನಹಲ್ಲಿ ಗಟೆ",
                "stop_id": "34203",
                "lat": 13.11708,
                "lon": 77.60807
              },
              {
                "name": "Bagalur Cross",
                "name_kn": "ಬಗಲುರ್ ಕ್ರೊಸ್ಸ್",
                "stop_id": "29626",
                "lat": 13.12198,
                "lon": 77.61061
              },
              {
                "name": "Indian Air Force",
                "name_kn": "ಇಂದಿಂ ೈರ್ ೞೊರ್ಕೆ",
                "stop_id": "33030",
                "lat": 13.13103,
                "lon": 77.61503
              },
              {
                "name": "Bharathi Nagara",
                "name_kn": "ಭರತಿ ನಗರ",
                "stop_id": "29992",
                "lat": 13.1374,
                "lon": 77.61746
              },
              {
                "name": "Hunasamaranahalli",
                "name_kn": "ಹುನಸಮರನಹಲ್ಲಿ",
                "stop_id": "33001",
                "lat": 13.14519,
                "lon": 77.6174
              },
              {
                "name": "SMVIT Cross",
                "name_kn": "ಸ್ಂವಿಟ್ ಕ್ರೊಸ್ಸ್",
                "stop_id": "34626",
                "lat": 13.15209,
                "lon": 77.62015
              },
              {
                "name": "Bettahalasuru Cross",
                "name_kn": "ಬೆಟಹಲಸುರು ಕ್ರೊಸ್ಸ್",
                "stop_id": "31981",
                "lat": 13.1571,
                "lon": 77.62336
              },
              {
                "name": "Vidyanagara Cross Chikkajala",
                "name_kn": "ವಿಠೆನಗರ ಕ್ರೊಸ್ಸ್ ಚಿಕ್ಕಜಲ",
                "stop_id": "31590",
                "lat": 13.16137,
                "lon": 77.62657
              },
              {
                "name": "Chikkajala",
                "name_kn": "ಚಿಕ್ಕಜಲ",
                "stop_id": "24574",
                "lat": 13.17277,
                "lon": 77.63318
              },
              {
                "name": "Meenakunte",
                "name_kn": "ಮೀನಕುಂಟೆ",
                "stop_id": "33910",
                "lat": 13.18063,
                "lon": 77.6421
              },
              {
                "name": "Doddajala",
                "name_kn": "ದೊದ್ದಜಲ",
                "stop_id": "25092",
                "lat": 13.17735,
                "lon": 77.65338
              },
              {
                "name": "Shettigere",
                "name_kn": "ಶೆಟಿಗೆರೆ",
                "stop_id": "28306",
                "lat": 13.17921,
                "lon": 77.66688
              },
              {
                "name": "Muthukadahalli",
                "name_kn": "ಮುತುಕದಹಲ್ಲಿ",
                "stop_id": "33997",
                "lat": 13.1825,
                "lon": 77.67303
              },
              {
                "name": "Beguru",
                "name_kn": "ಬೆಗುರು",
                "stop_id": "31944",
                "lat": 13.18356,
                "lon": 77.67974
              },
              {
                "name": "Chikkanahalli",
                "name_kn": "ಚಿಕ್ಕನಹಲ್ಲಿ",
                "stop_id": "32320",
                "lat": 13.18394,
                "lon": 77.68817
              },
              {
                "name": "Mylanahalli",
                "name_kn": "ಮೆಲನಹಲ್ಲಿ",
                "stop_id": "29159",
                "lat": 13.18411,
                "lon": 77.69597
              },
              {
                "name": "Bande Kodigehallipalya Cross",
                "name_kn": "ಬಂದೆ ಕೊದಿಗೆಹಲ್ಲಿಪಲೆ ಕ್ರೊಸ್ಸ್",
                "stop_id": "29690",
                "lat": 13.17283,
                "lon": 77.69107
              },
              {
                "name": "Bande Kodigehalli palya",
                "name_kn": "ಬಂದೆ ಕೊದಿಗೆಹಲ್ಲಿ ಪಲೆ",
                "stop_id": "38638",
                "lat": 13.1735,
                "lon": 77.7063
              }
            ]
          },
          {
            "Route": "281-AP KBS-KIA",
            "RouteId": 11042,
            "RouteParentId": 5890,
            "Destination": "Kempegowda International Airport",
            "Via": "",
            "Area": "Kempegowda Bus Station",
            "PlatformNumber": "3",
            "KannadaDestination": "ಕೆಂಪೆಗೌದ ಿಂಟೆರ್ನಟಿೊನಲ್ ೈರ್ಪೊರ್ಟ್",
            "KannadaArea": "ಕೆಂಪೇಗೌಡ ಬಸ್ ನಿಲ್ದಾಣ",
            "KannadaVia": "",
            "FromStationId": 27854,
            "Stops": [
              {
                "name": "Raitarasanthe Yelahanka",
                "name_kn": "ರೈಟರಸಂತೆ ಯೆಲಹಂಕ",
                "stop_id": "27854",
                "lat": 13.09807,
                "lon": 77.59866
              },
              {
                "name": "Yelahanka Santhe Circle",
                "name_kn": "ಯೆಲಹಂಕ ಸಂತೆ ಕಿರ್ಕ್ಲೆ",
                "stop_id": "22643",
                "lat": 13.09919,
                "lon": 77.59731
              },
              {
                "name": "Kogilu Cross",
                "name_kn": "ಕೊಗಿಲು ಕ್ರೊಸ್ಸ್",
                "stop_id": "31172",
                "lat": 13.10386,
                "lon": 77.60028
              },
              {
                "name": "Kendriya Vihara",
                "name_kn": "ಕೆಂದ್ರಿಯ ವಿಹರ",
                "stop_id": "33453",
                "lat": 13.10653,
                "lon": 77.60161
              },
              {
                "name": "Venkatala",
                "name_kn": "ವೆಂಕಟಲ",
                "stop_id": "31579",
                "lat": 13.11139,
                "lon": 77.60456
              },
              {
                "name": "Palanahalli Gate",
                "name_kn": "ಪಲನಹಲ್ಲಿ ಗಟೆ",
                "stop_id": "34203",
                "lat": 13.11708,
                "lon": 77.60807
              },
              {
                "name": "Bagalur Cross",
                "name_kn": "ಬಗಲುರ್ ಕ್ರೊಸ್ಸ್",
                "stop_id": "29626",
                "lat": 13.12198,
                "lon": 77.61061
              },
              {
                "name": "Indian Air Force",
                "name_kn": "ಇಂದಿಂ ೈರ್ ೞೊರ್ಕೆ",
                "stop_id": "33030",
                "lat": 13.13103,
                "lon": 77.61503
              },
              {
                "name": "Bharathi Nagara",
                "name_kn": "ಭರತಿ ನಗರ",
                "stop_id": "29992",
                "lat": 13.1374,
                "lon": 77.61746
              },
              {
                "name": "Hunasamaranahalli",
                "name_kn": "ಹುನಸಮರನಹಲ್ಲಿ",
                "stop_id": "33001",
                "lat": 13.14519,
                "lon": 77.6174
              },
              {
                "name": "SMVIT Cross",
                "name_kn": "ಸ್ಂವಿಟ್ ಕ್ರೊಸ್ಸ್",
                "stop_id": "34626",
                "lat": 13.15209,
                "lon": 77.62015
              },
              {
                "name": "Bettahalasuru Cross",
                "name_kn": "ಬೆಟಹಲಸುರು ಕ್ರೊಸ್ಸ್",
                "stop_id": "31981",
                "lat": 13.1571,
                "lon": 77.62336
              },
              {
                "name": "Vidyanagara Cross Chikkajala",
                "name_kn": "ವಿಠೆನಗರ ಕ್ರೊಸ್ಸ್ ಚಿಕ್ಕಜಲ",
                "stop_id": "31590",
                "lat": 13.16137,
                "lon": 77.62657
              },
              {
                "name": "Chikkajala",
                "name_kn": "ಚಿಕ್ಕಜಲ",
                "stop_id": "24574",
                "lat": 13.17277,
                "lon": 77.63318
              },
              {
                "name": "Meenakunte",
                "name_kn": "ಮೀನಕುಂಟೆ",
                "stop_id": "33910",
                "lat": 13.18063,
                "lon": 77.6421
              },
              {
                "name": "Doddajala",
                "name_kn": "ದೊದ್ದಜಲ",
                "stop_id": "25092",
                "lat": 13.17735,
                "lon": 77.65338
              },
              {
                "name": "Shettigere",
                "name_kn": "ಶೆಟಿಗೆರೆ",
                "stop_id": "28306",
                "lat": 13.17921,
                "lon": 77.66688
              },
              {
                "name": "Muthukadahalli",
                "name_kn": "ಮುತುಕದಹಲ್ಲಿ",
                "stop_id": "33997",
                "lat": 13.1825,
                "lon": 77.67303
              },
              {
                "name": "Beguru",
                "name_kn": "ಬೆಗುರು",
                "stop_id": "37610",
                "lat": 13.18351,
                "lon": 77.67959
              },
              {
                "name": "Kempegowda International Airport Back Gate",
                "name_kn": "ಕೆಂಪೆಗೌದ ಿಂಟೆರ್ನಟಿೊನಲ್ ೈರ್ಪೊರ್ಟ್ ಬಕ್ಕ್ ಗಟೆ",
                "stop_id": "38072",
                "lat": 13.1982,
                "lon": 77.67968
              },
              {
                "name": "Cargo Village",
                "name_kn": "ಕರ್ಗೊ ವಿಲ್ಲಗೆ",
                "stop_id": "37968",
                "lat": 13.19967,
                "lon": 77.68231
              },
              {
                "name": "DHFL",
                "name_kn": "ಧ್ೞ್ಲ್",
                "stop_id": "37969",
                "lat": 13.19963,
                "lon": 77.69561
              },
              {
                "name": "Kempegowda International Airport",
                "name_kn": "ಕೆಂಪೆಗೌದ ಿಂಟೆರ್ನಟಿೊನಲ್ ೈರ್ಪೊರ್ಟ್",
                "stop_id": "38069",
                "lat": 13.19975,
                "lon": 77.70514
              }
            ]
          },
          {
            "Route": "281-G HBLB-BKHP",
            "RouteId": 15486,
            "RouteParentId": 8304,
            "Destination": "Bande Kodigehalli palya",
            "Via": "",
            "Area": "Hebbala Bridge",
            "PlatformNumber": "3",
            "KannadaDestination": "ಬಂದೆ ಕೊದಿಗೆಹಲ್ಲಿ ಪಲೆ",
            "KannadaArea": "ಹೆಬ್ಬಾಳ ಬ್ರಿಡ್ಜ್",
            "KannadaVia": "",
            "FromStationId": 27854,
            "Stops": [
              {
                "name": "Raitarasanthe Yelahanka",
                "name_kn": "ರೈಟರಸಂತೆ ಯೆಲಹಂಕ",
                "stop_id": "27854",
                "lat": 13.09807,
                "lon": 77.59866
              },
              {
                "name": "Yelahanka Santhe Circle",
                "name_kn": "ಯೆಲಹಂಕ ಸಂತೆ ಕಿರ್ಕ್ಲೆ",
                "stop_id": "22643",
                "lat": 13.09919,
                "lon": 77.59731
              },
              {
                "name": "Kogilu Cross",
                "name_kn": "ಕೊಗಿಲು ಕ್ರೊಸ್ಸ್",
                "stop_id": "31172",
                "lat": 13.10386,
                "lon": 77.60028
              },
              {
                "name": "Kendriya Vihara",
                "name_kn": "ಕೆಂದ್ರಿಯ ವಿಹರ",
                "stop_id": "33453",
                "lat": 13.10653,
                "lon": 77.60161
              },
              {
                "name": "Venkatala",
                "name_kn": "ವೆಂಕಟಲ",
                "stop_id": "31579",
                "lat": 13.11139,
                "lon": 77.60456
              },
              {
                "name": "Palanahalli Gate",
                "name_kn": "ಪಲನಹಲ್ಲಿ ಗಟೆ",
                "stop_id": "34203",
                "lat": 13.11708,
                "lon": 77.60807
              },
              {
                "name": "Bagalur Cross",
                "name_kn": "ಬಗಲುರ್ ಕ್ರೊಸ್ಸ್",
                "stop_id": "29626",
                "lat": 13.12198,
                "lon": 77.61061
              },
              {
                "name": "Indian Air Force",
                "name_kn": "ಇಂದಿಂ ೈರ್ ೞೊರ್ಕೆ",
                "stop_id": "33030",
                "lat": 13.13103,
                "lon": 77.61503
              },
              {
                "name": "Bharathi Nagara",
                "name_kn": "ಭರತಿ ನಗರ",
                "stop_id": "29992",
                "lat": 13.1374,
                "lon": 77.61746
              },
              {
                "name": "Hunasamaranahalli",
                "name_kn": "ಹುನಸಮರನಹಲ್ಲಿ",
                "stop_id": "33001",
                "lat": 13.14519,
                "lon": 77.6174
              },
              {
                "name": "SMVIT Cross",
                "name_kn": "ಸ್ಂವಿಟ್ ಕ್ರೊಸ್ಸ್",
                "stop_id": "34626",
                "lat": 13.15209,
                "lon": 77.62015
              },
              {
                "name": "Bettahalasuru Cross",
                "name_kn": "ಬೆಟಹಲಸುರು ಕ್ರೊಸ್ಸ್",
                "stop_id": "31981",
                "lat": 13.1571,
                "lon": 77.62336
              },
              {
                "name": "Vidyanagara Cross Chikkajala",
                "name_kn": "ವಿಠೆನಗರ ಕ್ರೊಸ್ಸ್ ಚಿಕ್ಕಜಲ",
                "stop_id": "31590",
                "lat": 13.16137,
                "lon": 77.62657
              },
              {
                "name": "Chikkajala",
                "name_kn": "ಚಿಕ್ಕಜಲ",
                "stop_id": "24574",
                "lat": 13.17277,
                "lon": 77.63318
              },
              {
                "name": "Meenakunte",
                "name_kn": "ಮೀನಕುಂಟೆ",
                "stop_id": "33910",
                "lat": 13.18063,
                "lon": 77.6421
              },
              {
                "name": "Doddajala",
                "name_kn": "ದೊದ್ದಜಲ",
                "stop_id": "25092",
                "lat": 13.17735,
                "lon": 77.65338
              },
              {
                "name": "Shettigere",
                "name_kn": "ಶೆಟಿಗೆರೆ",
                "stop_id": "28306",
                "lat": 13.17921,
                "lon": 77.66688
              },
              {
                "name": "Muthukadahalli",
                "name_kn": "ಮುತುಕದಹಲ್ಲಿ",
                "stop_id": "33997",
                "lat": 13.1825,
                "lon": 77.67303
              },
              {
                "name": "Beguru",
                "name_kn": "ಬೆಗುರು",
                "stop_id": "31944",
                "lat": 13.18356,
                "lon": 77.67974
              },
              {
                "name": "Chikkanahalli",
                "name_kn": "ಚಿಕ್ಕನಹಲ್ಲಿ",
                "stop_id": "32320",
                "lat": 13.18394,
                "lon": 77.68817
              },
              {
                "name": "Mylanahalli",
                "name_kn": "ಮೆಲನಹಲ್ಲಿ",
                "stop_id": "29159",
                "lat": 13.18411,
                "lon": 77.69597
              },
              {
                "name": "Bande Kodigehallipalya Cross",
                "name_kn": "ಬಂದೆ ಕೊದಿಗೆಹಲ್ಲಿಪಲೆ ಕ್ರೊಸ್ಸ್",
                "stop_id": "29690",
                "lat": 13.17283,
                "lon": 77.69107
              },
              {
                "name": "Bande Kodigehalli palya",
                "name_kn": "ಬಂದೆ ಕೊದಿಗೆಹಲ್ಲಿ ಪಲೆ",
                "stop_id": "38638",
                "lat": 13.1735,
                "lon": 77.7063
              }
            ]
          },
          {
            "Route": "G-10",
            "RouteId": 2654,
            "RouteParentId": 1533,
            "Destination": "KR Market",
            "Via": "",
            "Area": "Yelahanka Old Town",
            "PlatformNumber": "3",
            "KannadaDestination": "ಕ್ರ್ ಮರ್ಕೆಟ್",
            "KannadaArea": "ಯಲಹಂಕ ಓಲ್ಡ್ ಟೌನ್",
            "KannadaVia": "",
            "FromStationId": 22640,
            "Stops": [
              {
                "name": "Yelahanka Old Town",
                "name_kn": "ಯೆಲಹಂಕ ೊಲ್ದ್ ಟೌಂ",
                "stop_id": "22640",
                "lat": 13.10091,
                "lon": 77.59436
              },
              {
                "name": "Yelahanka Santhe Circle",
                "name_kn": "ಯೆಲಹಂಕ ಸಂತೆ ಕಿರ್ಕ್ಲೆ",
                "stop_id": "22643",
                "lat": 13.09919,
                "lon": 77.59731
              },
              {
                "name": "Kogilu Cross",
                "name_kn": "ಕೊಗಿಲು ಕ್ರೊಸ್ಸ್",
                "stop_id": "22183",
                "lat": 13.10362,
                "lon": 77.60102
              },
              {
                "name": "Maruthi Nagara",
                "name_kn": "ಮರುತಿ ನಗರ",
                "stop_id": "22266",
                "lat": 13.10445,
                "lon": 77.60632
              },
              {
                "name": "Sapthagiri Layout",
                "name_kn": "ಸಪ್ತಗಿರಿ ಲಯೌಟ್",
                "stop_id": "22457",
                "lat": 13.10457,
                "lon": 77.61045
              },
              {
                "name": "Kogilu",
                "name_kn": "ಕೊಗಿಲು",
                "stop_id": "22181",
                "lat": 13.10362,
                "lon": 77.616
              },
              {
                "name": "Srinivasapura Kogilu",
                "name_kn": "ಸ್ರಿನಿವಸಪುರ ಕೊಗಿಲು",
                "stop_id": "22513",
                "lat": 13.10347,
                "lon": 77.62349
              },
              {
                "name": "Ittige Factory",
                "name_kn": "ಇಟಿಗೆ ೞಕ್ಟೊರೆ",
                "stop_id": "22087",
                "lat": 13.10252,
                "lon": 77.62918
              },
              {
                "name": "Bellahalli Cross THS Main Road",
                "name_kn": "ಬೆಲ್ಲಹಲ್ಲಿ ಕ್ರೊಸ್ಸ್ ತ್ಸ್ ಮೈಂ ರೊದ್",
                "stop_id": "21740",
                "lat": 13.10113,
                "lon": 77.6351
              },
              {
                "name": "Purvankara Northern Destiny Bellahalli",
                "name_kn": "ಪುರ್ವಂಕರ ನೊರ್ತೆರ್ಂ ದೆಸ್ಟಿನೆ ಬೆಲ್ಲಹಲ್ಲಿ",
                "stop_id": "34294",
                "lat": 13.09606,
                "lon": 77.63604
              },
              {
                "name": "Thirumenahalli Cross (KNS College)",
                "name_kn": "ತಿರುಮೆನಹಲ್ಲಿ ಕ್ರೊಸ್ಸ್ (ಕ್ಂಸ್ ಕೊಲ್ಲೆಗೆ)",
                "stop_id": "22555",
                "lat": 13.08871,
                "lon": 77.6355
              },
              {
                "name": "Chokkanahalli Gate",
                "name_kn": "ಚೊಕ್ಕನಹಲ್ಲಿ ಗಟೆ",
                "stop_id": "21846",
                "lat": 13.08466,
                "lon": 77.63487
              },
              {
                "name": "Noor Nagara",
                "name_kn": "ನೂರ್ ನಗರ",
                "stop_id": "22365",
                "lat": 13.08003,
                "lon": 77.63413
              },
              {
                "name": "Koli Farm",
                "name_kn": "ಕೊಲಿ ೞರ್ಂ",
                "stop_id": "22186",
                "lat": 13.07404,
                "lon": 77.63376
              },
              {
                "name": "RK Hegde Nagara",
                "name_kn": "ರ್ಕ್ ಹೆಗ್ದೆ ನಗರ",
                "stop_id": "22430",
                "lat": 13.0719,
                "lon": 77.63376
              },
              {
                "name": "K Narayanapura Cross",
                "name_kn": "ಕ್ ನರಯನಪುರ ಕ್ರೊಸ್ಸ್",
                "stop_id": "22126",
                "lat": 13.06833,
                "lon": 77.63375
              },
              {
                "name": "Book Factory Thanisandra",
                "name_kn": "ಬೂಕ್ ೞಕ್ಟೊರೆ ತನಿಸಂದ್ರ",
                "stop_id": "21778",
                "lat": 13.06161,
                "lon": 77.63334
              },
              {
                "name": "Thanisandra",
                "name_kn": "ತನಿಸಂದ್ರ",
                "stop_id": "22541",
                "lat": 13.0561,
                "lon": 77.63291
              },
              {
                "name": "Ashwath Nagara",
                "name_kn": "ಅಶ್ವತ್ ನಗರ",
                "stop_id": "21666",
                "lat": 13.05289,
                "lon": 77.63144
              },
              {
                "name": "Sarayipalya",
                "name_kn": "ಸರಯಿಪಲೆ",
                "stop_id": "28167",
                "lat": 13.04745,
                "lon": 77.62868
              },
              {
                "name": "Vidyasagara",
                "name_kn": "ವಿಠೆಸಗರ",
                "stop_id": "22601",
                "lat": 13.04559,
                "lon": 77.62759
              },
              {
                "name": "Nagavara Junction Petrol Bunk",
                "name_kn": "ನಗವರ ಜುಂಕ್ಟಿೊಂ ಪೆಟ್ರೊಲ್ ಬುಂಕ್",
                "stop_id": "22382",
                "lat": 13.04189,
                "lon": 77.62498
              },
              {
                "name": "Nagawara Junction",
                "name_kn": "ನಗವರ ಜುಂಕ್ಟಿೊಂ",
                "stop_id": "35838",
                "lat": 13.04042,
                "lon": 77.62445
              },
              {
                "name": "Hennur Junction",
                "name_kn": "ಹೆಂನುರ್ ಜುಂಕ್ಟಿೊಂ",
                "stop_id": "21522",
                "lat": 13.02964,
                "lon": 77.63134
              },
              {
                "name": "Kadugondanahalli Railway Gate",
                "name_kn": "ಕದುಗೊಂದನಹಲ್ಲಿ ರೈಲ್ವಯ್ ಗಟೆ",
                "stop_id": "22173",
                "lat": 13.02599,
                "lon": 77.62003
              },
              {
                "name": "Kadugondanahalli Police Station",
                "name_kn": "ಕದುಗೊಂದನಹಲ್ಲಿ ಪೊಲಿಕೆ ಸ್ಟಟಿೊಂ",
                "stop_id": "22136",
                "lat": 13.02055,
                "lon": 77.619
              },
              {
                "name": "Venkateshapura",
                "name_kn": "ವೆಂಕಟೆಶಪುರ",
                "stop_id": "22597",
                "lat": 13.01544,
                "lon": 77.61757
              },
              {
                "name": "Postal and Telecom Colony",
                "name_kn": "ಪೊಸ್ಟಲ್ ಂದ್ ಟೆಲೆಕೊಂ ಕೊಲೊನೆ",
                "stop_id": "22402",
                "lat": 13.01278,
                "lon": 77.61646
              },
              {
                "name": "Muslim Colony",
                "name_kn": "ಮುಸ್ಲಿಂ ಕೊಲೊನೆ",
                "stop_id": "22319",
                "lat": 13.01049,
                "lon": 77.61513
              },
              {
                "name": "Periyar Nagara Circle",
                "name_kn": "ಪೆರಿಯರ್ ನಗರ ಕಿರ್ಕ್ಲೆ",
                "stop_id": "22379",
                "lat": 13.00848,
                "lon": 77.61325
              },
              {
                "name": "Canara Bank Tannery Road",
                "name_kn": "ಕನರ ಬಂಕ್ ಟಂನೆರೆ ರೊದ್",
                "stop_id": "21802",
                "lat": 13.00622,
                "lon": 77.61242
              },
              {
                "name": "Doddy",
                "name_kn": "ದೊದ್ಠೆ",
                "stop_id": "21911",
                "lat": 13.00266,
                "lon": 77.61215
              },
              {
                "name": "Coles Park",
                "name_kn": "ಕೊಲೆಸ್ ಪರ್ಕ್",
                "stop_id": "21857",
                "lat": 12.99534,
                "lon": 77.60829
              },
              {
                "name": "Bamboo Bazar",
                "name_kn": "ಬಂಬೂ ಬಜ಼ರ್",
                "stop_id": "21706",
                "lat": 12.99204,
                "lon": 77.60397
              },
              {
                "name": "CSI Hospital",
                "name_kn": "ಕ್ಸಿ ಹೊಸ್ಪಿಟಲ್",
                "stop_id": "21868",
                "lat": 12.98983,
                "lon": 77.59938
              },
              {
                "name": "Indian Express",
                "name_kn": "ಇಂದಿಂ ೆಕ್ಸ್ಪ್ರೆಸ್ಸ್",
                "stop_id": "35138",
                "lat": 12.98362,
                "lon": 77.59646
              },
              {
                "name": "Vidhana Soudha Karnataka High Court",
                "name_kn": "ವಿಧನ ಸೌಧ ಕರ್ನಟಕ ಹಿಘ್ ಕೌರ್ಟ್",
                "stop_id": "21258",
                "lat": 12.97821,
                "lon": 77.59135
              },
              {
                "name": "KR Circle",
                "name_kn": "ಕ್ರ್ ಕಿರ್ಕ್ಲೆ",
                "stop_id": "20939",
                "lat": 12.97386,
                "lon": 77.58661
              },
              {
                "name": "St Marthas Hospital",
                "name_kn": "ಸ್ಟ್ ಮರ್ತಸ್ ಹೊಸ್ಪಿಟಲ್",
                "stop_id": "21195",
                "lat": 12.96945,
                "lon": 77.58716
              },
              {
                "name": "Corporation",
                "name_kn": "ಕೊರ್ಪೊರಟಿೊಂ",
                "stop_id": "20727",
                "lat": 12.96701,
                "lon": 77.58822
              },
              {
                "name": "Town Hall",
                "name_kn": "ಟೌಂ ಹಲ್ಲ್",
                "stop_id": "21232",
                "lat": 12.96355,
                "lon": 77.58375
              },
              {
                "name": "KR Market",
                "name_kn": "ಕ್ರ್ ಮರ್ಕೆಟ್",
                "stop_id": "20940",
                "lat": 12.9641,
                "lon": 77.57897
              }
            ]
          },
          {
            "Route": "290-E KMT-YHKOT",
            "RouteId": 2682,
            "RouteParentId": 1546,
            "Destination": "KR Market",
            "Via": "",
            "Area": "Yelahanka Old Town",
            "PlatformNumber": "3",
            "KannadaDestination": "ಕ್ರ್ ಮರ್ಕೆಟ್",
            "KannadaArea": "ಯಲಹಂಕ ಓಲ್ಡ್ ಟೌನ್",
            "KannadaVia": "",
            "FromStationId": 22643,
            "Stops": [
              {
                "name": "Yelahanka Old Town",
                "name_kn": "ಯೆಲಹಂಕ ೊಲ್ದ್ ಟೌಂ",
                "stop_id": "22640",
                "lat": 13.10091,
                "lon": 77.59436
              },
              {
                "name": "Yelahanka Santhe Circle",
                "name_kn": "ಯೆಲಹಂಕ ಸಂತೆ ಕಿರ್ಕ್ಲೆ",
                "stop_id": "22643",
                "lat": 13.09919,
                "lon": 77.59731
              },
              {
                "name": "Kogilu Cross",
                "name_kn": "ಕೊಗಿಲು ಕ್ರೊಸ್ಸ್",
                "stop_id": "22183",
                "lat": 13.10362,
                "lon": 77.60102
              },
              {
                "name": "Maruthi Nagara",
                "name_kn": "ಮರುತಿ ನಗರ",
                "stop_id": "22266",
                "lat": 13.10445,
                "lon": 77.60632
              },
              {
                "name": "Sapthagiri Layout",
                "name_kn": "ಸಪ್ತಗಿರಿ ಲಯೌಟ್",
                "stop_id": "22457",
                "lat": 13.10457,
                "lon": 77.61045
              },
              {
                "name": "Kogilu",
                "name_kn": "ಕೊಗಿಲು",
                "stop_id": "22181",
                "lat": 13.10362,
                "lon": 77.616
              },
              {
                "name": "Srinivasapura Kogilu",
                "name_kn": "ಸ್ರಿನಿವಸಪುರ ಕೊಗಿಲು",
                "stop_id": "22513",
                "lat": 13.10347,
                "lon": 77.62349
              },
              {
                "name": "Ittige Factory",
                "name_kn": "ಇಟಿಗೆ ೞಕ್ಟೊರೆ",
                "stop_id": "22087",
                "lat": 13.10252,
                "lon": 77.62918
              },
              {
                "name": "Bellahalli Cross THS Main Road",
                "name_kn": "ಬೆಲ್ಲಹಲ್ಲಿ ಕ್ರೊಸ್ಸ್ ತ್ಸ್ ಮೈಂ ರೊದ್",
                "stop_id": "21740",
                "lat": 13.10113,
                "lon": 77.6351
              },
              {
                "name": "Purvankara Northern Destiny Bellahalli",
                "name_kn": "ಪುರ್ವಂಕರ ನೊರ್ತೆರ್ಂ ದೆಸ್ಟಿನೆ ಬೆಲ್ಲಹಲ್ಲಿ",
                "stop_id": "34294",
                "lat": 13.09606,
                "lon": 77.63604
              },
              {
                "name": "Thirumenahalli Cross (KNS College)",
                "name_kn": "ತಿರುಮೆನಹಲ್ಲಿ ಕ್ರೊಸ್ಸ್ (ಕ್ಂಸ್ ಕೊಲ್ಲೆಗೆ)",
                "stop_id": "22555",
                "lat": 13.08871,
                "lon": 77.6355
              },
              {
                "name": "Chokkanahalli Gate",
                "name_kn": "ಚೊಕ್ಕನಹಲ್ಲಿ ಗಟೆ",
                "stop_id": "21846",
                "lat": 13.08466,
                "lon": 77.63487
              },
              {
                "name": "Noor Nagara",
                "name_kn": "ನೂರ್ ನಗರ",
                "stop_id": "22365",
                "lat": 13.08003,
                "lon": 77.63413
              },
              {
                "name": "Koli Farm",
                "name_kn": "ಕೊಲಿ ೞರ್ಂ",
                "stop_id": "22186",
                "lat": 13.07404,
                "lon": 77.63376
              },
              {
                "name": "RK Hegde Nagara",
                "name_kn": "ರ್ಕ್ ಹೆಗ್ದೆ ನಗರ",
                "stop_id": "22430",
                "lat": 13.0719,
                "lon": 77.63376
              },
              {
                "name": "K Narayanapura Cross",
                "name_kn": "ಕ್ ನರಯನಪುರ ಕ್ರೊಸ್ಸ್",
                "stop_id": "22126",
                "lat": 13.06833,
                "lon": 77.63375
              },
              {
                "name": "Book Factory Thanisandra",
                "name_kn": "ಬೂಕ್ ೞಕ್ಟೊರೆ ತನಿಸಂದ್ರ",
                "stop_id": "21778",
                "lat": 13.06161,
                "lon": 77.63334
              },
              {
                "name": "Thanisandra",
                "name_kn": "ತನಿಸಂದ್ರ",
                "stop_id": "22541",
                "lat": 13.0561,
                "lon": 77.63291
              },
              {
                "name": "Ashwath Nagara",
                "name_kn": "ಅಶ್ವತ್ ನಗರ",
                "stop_id": "21666",
                "lat": 13.05289,
                "lon": 77.63144
              },
              {
                "name": "Sarayipalya",
                "name_kn": "ಸರಯಿಪಲೆ",
                "stop_id": "28167",
                "lat": 13.04745,
                "lon": 77.62868
              },
              {
                "name": "Vidyasagara",
                "name_kn": "ವಿಠೆಸಗರ",
                "stop_id": "22601",
                "lat": 13.04559,
                "lon": 77.62759
              },
              {
                "name": "Nagavara Junction Petrol Bunk",
                "name_kn": "ನಗವರ ಜುಂಕ್ಟಿೊಂ ಪೆಟ್ರೊಲ್ ಬುಂಕ್",
                "stop_id": "22382",
                "lat": 13.04189,
                "lon": 77.62498
              },
              {
                "name": "Nagawara Junction",
                "name_kn": "ನಗವರ ಜುಂಕ್ಟಿೊಂ",
                "stop_id": "35838",
                "lat": 13.04042,
                "lon": 77.62445
              },
              {
                "name": "Hennur Junction",
                "name_kn": "ಹೆಂನುರ್ ಜುಂಕ್ಟಿೊಂ",
                "stop_id": "21522",
                "lat": 13.02964,
                "lon": 77.63134
              },
              {
                "name": "Kadugondanahalli Railway Gate",
                "name_kn": "ಕದುಗೊಂದನಹಲ್ಲಿ ರೈಲ್ವಯ್ ಗಟೆ",
                "stop_id": "22173",
                "lat": 13.02599,
                "lon": 77.62003
              },
              {
                "name": "Kadugondanahalli Police Station",
                "name_kn": "ಕದುಗೊಂದನಹಲ್ಲಿ ಪೊಲಿಕೆ ಸ್ಟಟಿೊಂ",
                "stop_id": "22136",
                "lat": 13.02055,
                "lon": 77.619
              },
              {
                "name": "Venkateshapura",
                "name_kn": "ವೆಂಕಟೆಶಪುರ",
                "stop_id": "22597",
                "lat": 13.01544,
                "lon": 77.61757
              },
              {
                "name": "Postal and Telecom Colony",
                "name_kn": "ಪೊಸ್ಟಲ್ ಂದ್ ಟೆಲೆಕೊಂ ಕೊಲೊನೆ",
                "stop_id": "22402",
                "lat": 13.01278,
                "lon": 77.61646
              },
              {
                "name": "Muslim Colony",
                "name_kn": "ಮುಸ್ಲಿಂ ಕೊಲೊನೆ",
                "stop_id": "22319",
                "lat": 13.01049,
                "lon": 77.61513
              },
              {
                "name": "Periyar Nagara Circle",
                "name_kn": "ಪೆರಿಯರ್ ನಗರ ಕಿರ್ಕ್ಲೆ",
                "stop_id": "22379",
                "lat": 13.00848,
                "lon": 77.61325
              },
              {
                "name": "Canara Bank Tannery Road",
                "name_kn": "ಕನರ ಬಂಕ್ ಟಂನೆರೆ ರೊದ್",
                "stop_id": "21802",
                "lat": 13.00622,
                "lon": 77.61242
              },
              {
                "name": "Doddy",
                "name_kn": "ದೊದ್ಠೆ",
                "stop_id": "21911",
                "lat": 13.00266,
                "lon": 77.61215
              },
              {
                "name": "Coles Park",
                "name_kn": "ಕೊಲೆಸ್ ಪರ್ಕ್",
                "stop_id": "21857",
                "lat": 12.99534,
                "lon": 77.60829
              },
              {
                "name": "Bamboo Bazar",
                "name_kn": "ಬಂಬೂ ಬಜ಼ರ್",
                "stop_id": "21706",
                "lat": 12.99204,
                "lon": 77.60397
              },
              {
                "name": "CSI Hospital",
                "name_kn": "ಕ್ಸಿ ಹೊಸ್ಪಿಟಲ್",
                "stop_id": "21868",
                "lat": 12.98983,
                "lon": 77.59938
              },
              {
                "name": "Indian Express",
                "name_kn": "ಇಂದಿಂ ೆಕ್ಸ್ಪ್ರೆಸ್ಸ್",
                "stop_id": "35138",
                "lat": 12.98362,
                "lon": 77.59646
              },
              {
                "name": "Vidhana Soudha Karnataka High Court",
                "name_kn": "ವಿಧನ ಸೌಧ ಕರ್ನಟಕ ಹಿಘ್ ಕೌರ್ಟ್",
                "stop_id": "21258",
                "lat": 12.97821,
                "lon": 77.59135
              },
              {
                "name": "MS Building",
                "name_kn": "ಂಸ್ ಬುಿಲ್ದಿಙ್",
                "stop_id": "38026",
                "lat": 12.97677,
                "lon": 77.58922
              },
              {
                "name": "KR Circle",
                "name_kn": "ಕ್ರ್ ಕಿರ್ಕ್ಲೆ",
                "stop_id": "20939",
                "lat": 12.97386,
                "lon": 77.58661
              },
              {
                "name": "St Marthas Hospital",
                "name_kn": "ಸ್ಟ್ ಮರ್ತಸ್ ಹೊಸ್ಪಿಟಲ್",
                "stop_id": "21195",
                "lat": 12.96945,
                "lon": 77.58716
              },
              {
                "name": "Corporation",
                "name_kn": "ಕೊರ್ಪೊರಟಿೊಂ",
                "stop_id": "20727",
                "lat": 12.96701,
                "lon": 77.58822
              },
              {
                "name": "Town Hall",
                "name_kn": "ಟೌಂ ಹಲ್ಲ್",
                "stop_id": "21232",
                "lat": 12.96355,
                "lon": 77.58375
              },
              {
                "name": "KR Market",
                "name_kn": "ಕ್ರ್ ಮರ್ಕೆಟ್",
                "stop_id": "20940",
                "lat": 12.9641,
                "lon": 77.57897
              }
            ]
          },
          {
            "Route": "290-EY",
            "RouteId": 4715,
            "RouteParentId": 2584,
            "Destination": "Kempegowda Bus Station",
            "Via": "",
            "Area": "Yelahanka Old Town",
            "PlatformNumber": "3",
            "KannadaDestination": "ಕೆಂಪೆಗೌದ ಬುಸ್ ಸ್ಟಟಿೊಂ",
            "KannadaArea": "ಯಲಹಂಕ ಓಲ್ಡ್ ಟೌನ್",
            "KannadaVia": "",
            "FromStationId": 22640,
            "Stops": [
              {
                "name": "Yelahanka Old Town",
                "name_kn": "ಯೆಲಹಂಕ ೊಲ್ದ್ ಟೌಂ",
                "stop_id": "22640",
                "lat": 13.10091,
                "lon": 77.59436
              },
              {
                "name": "Yelahanka Santhe Circle",
                "name_kn": "ಯೆಲಹಂಕ ಸಂತೆ ಕಿರ್ಕ್ಲೆ",
                "stop_id": "22643",
                "lat": 13.09919,
                "lon": 77.59731
              },
              {
                "name": "Kogilu Cross",
                "name_kn": "ಕೊಗಿಲು ಕ್ರೊಸ್ಸ್",
                "stop_id": "22183",
                "lat": 13.10362,
                "lon": 77.60102
              },
              {
                "name": "Maruthi Nagara",
                "name_kn": "ಮರುತಿ ನಗರ",
                "stop_id": "22266",
                "lat": 13.10445,
                "lon": 77.60632
              },
              {
                "name": "Sapthagiri Layout",
                "name_kn": "ಸಪ್ತಗಿರಿ ಲಯೌಟ್",
                "stop_id": "22457",
                "lat": 13.10457,
                "lon": 77.61045
              },
              {
                "name": "Kogilu",
                "name_kn": "ಕೊಗಿಲು",
                "stop_id": "22181",
                "lat": 13.10362,
                "lon": 77.616
              },
              {
                "name": "Srinivasapura Kogilu",
                "name_kn": "ಸ್ರಿನಿವಸಪುರ ಕೊಗಿಲು",
                "stop_id": "22513",
                "lat": 13.10347,
                "lon": 77.62349
              },
              {
                "name": "Ittige Factory",
                "name_kn": "ಇಟಿಗೆ ೞಕ್ಟೊರೆ",
                "stop_id": "22087",
                "lat": 13.10252,
                "lon": 77.62918
              },
              {
                "name": "Bellahalli Cross THS Main Road",
                "name_kn": "ಬೆಲ್ಲಹಲ್ಲಿ ಕ್ರೊಸ್ಸ್ ತ್ಸ್ ಮೈಂ ರೊದ್",
                "stop_id": "21740",
                "lat": 13.10113,
                "lon": 77.6351
              },
              {
                "name": "Purvankara Northern Destiny Bellahalli",
                "name_kn": "ಪುರ್ವಂಕರ ನೊರ್ತೆರ್ಂ ದೆಸ್ಟಿನೆ ಬೆಲ್ಲಹಲ್ಲಿ",
                "stop_id": "34294",
                "lat": 13.09606,
                "lon": 77.63604
              },
              {
                "name": "Thirumenahalli Cross (KNS College)",
                "name_kn": "ತಿರುಮೆನಹಲ್ಲಿ ಕ್ರೊಸ್ಸ್ (ಕ್ಂಸ್ ಕೊಲ್ಲೆಗೆ)",
                "stop_id": "22555",
                "lat": 13.08871,
                "lon": 77.6355
              },
              {
                "name": "Chokkanahalli Gate",
                "name_kn": "ಚೊಕ್ಕನಹಲ್ಲಿ ಗಟೆ",
                "stop_id": "21846",
                "lat": 13.08466,
                "lon": 77.63487
              },
              {
                "name": "Noor Nagara",
                "name_kn": "ನೂರ್ ನಗರ",
                "stop_id": "22365",
                "lat": 13.08003,
                "lon": 77.63413
              },
              {
                "name": "Koli Farm",
                "name_kn": "ಕೊಲಿ ೞರ್ಂ",
                "stop_id": "22186",
                "lat": 13.07404,
                "lon": 77.63376
              },
              {
                "name": "RK Hegde Nagara",
                "name_kn": "ರ್ಕ್ ಹೆಗ್ದೆ ನಗರ",
                "stop_id": "22430",
                "lat": 13.0719,
                "lon": 77.63376
              },
              {
                "name": "K Narayanapura Cross",
                "name_kn": "ಕ್ ನರಯನಪುರ ಕ್ರೊಸ್ಸ್",
                "stop_id": "22126",
                "lat": 13.06833,
                "lon": 77.63375
              },
              {
                "name": "Book Factory Thanisandra",
                "name_kn": "ಬೂಕ್ ೞಕ್ಟೊರೆ ತನಿಸಂದ್ರ",
                "stop_id": "21778",
                "lat": 13.06161,
                "lon": 77.63334
              },
              {
                "name": "Thanisandra",
                "name_kn": "ತನಿಸಂದ್ರ",
                "stop_id": "22541",
                "lat": 13.0561,
                "lon": 77.63291
              },
              {
                "name": "Ashwath Nagara",
                "name_kn": "ಅಶ್ವತ್ ನಗರ",
                "stop_id": "21666",
                "lat": 13.05289,
                "lon": 77.63144
              },
              {
                "name": "Sarayipalya",
                "name_kn": "ಸರಯಿಪಲೆ",
                "stop_id": "28167",
                "lat": 13.04745,
                "lon": 77.62868
              },
              {
                "name": "Vidyasagara",
                "name_kn": "ವಿಠೆಸಗರ",
                "stop_id": "22601",
                "lat": 13.04559,
                "lon": 77.62759
              },
              {
                "name": "Nagavara Junction Petrol Bunk",
                "name_kn": "ನಗವರ ಜುಂಕ್ಟಿೊಂ ಪೆಟ್ರೊಲ್ ಬುಂಕ್",
                "stop_id": "22382",
                "lat": 13.04189,
                "lon": 77.62498
              },
              {
                "name": "Nagawara Junction",
                "name_kn": "ನಗವರ ಜುಂಕ್ಟಿೊಂ",
                "stop_id": "35838",
                "lat": 13.04042,
                "lon": 77.62445
              },
              {
                "name": "Hennur Junction",
                "name_kn": "ಹೆಂನುರ್ ಜುಂಕ್ಟಿೊಂ",
                "stop_id": "21522",
                "lat": 13.02964,
                "lon": 77.63134
              },
              {
                "name": "Kadugondanahalli Railway Gate",
                "name_kn": "ಕದುಗೊಂದನಹಲ್ಲಿ ರೈಲ್ವಯ್ ಗಟೆ",
                "stop_id": "22173",
                "lat": 13.02599,
                "lon": 77.62003
              },
              {
                "name": "Kadugondanahalli Police Station",
                "name_kn": "ಕದುಗೊಂದನಹಲ್ಲಿ ಪೊಲಿಕೆ ಸ್ಟಟಿೊಂ",
                "stop_id": "22136",
                "lat": 13.02055,
                "lon": 77.619
              },
              {
                "name": "Venkateshapura",
                "name_kn": "ವೆಂಕಟೆಶಪುರ",
                "stop_id": "22597",
                "lat": 13.01544,
                "lon": 77.61757
              },
              {
                "name": "Postal and Telecom Colony",
                "name_kn": "ಪೊಸ್ಟಲ್ ಂದ್ ಟೆಲೆಕೊಂ ಕೊಲೊನೆ",
                "stop_id": "22402",
                "lat": 13.01278,
                "lon": 77.61646
              },
              {
                "name": "Muslim Colony",
                "name_kn": "ಮುಸ್ಲಿಂ ಕೊಲೊನೆ",
                "stop_id": "22319",
                "lat": 13.01049,
                "lon": 77.61513
              },
              {
                "name": "Periyar Nagara Circle",
                "name_kn": "ಪೆರಿಯರ್ ನಗರ ಕಿರ್ಕ್ಲೆ",
                "stop_id": "22379",
                "lat": 13.00848,
                "lon": 77.61325
              },
              {
                "name": "Canara Bank Tannery Road",
                "name_kn": "ಕನರ ಬಂಕ್ ಟಂನೆರೆ ರೊದ್",
                "stop_id": "21802",
                "lat": 13.00622,
                "lon": 77.61242
              },
              {
                "name": "Doddy",
                "name_kn": "ದೊದ್ಠೆ",
                "stop_id": "21911",
                "lat": 13.00266,
                "lon": 77.61215
              },
              {
                "name": "Coles Park",
                "name_kn": "ಕೊಲೆಸ್ ಪರ್ಕ್",
                "stop_id": "21857",
                "lat": 12.99534,
                "lon": 77.60829
              },
              {
                "name": "Bamboo Bazar",
                "name_kn": "ಬಂಬೂ ಬಜ಼ರ್",
                "stop_id": "21706",
                "lat": 12.99204,
                "lon": 77.60397
              },
              {
                "name": "CSI Hospital",
                "name_kn": "ಕ್ಸಿ ಹೊಸ್ಪಿಟಲ್",
                "stop_id": "21868",
                "lat": 12.98983,
                "lon": 77.59938
              },
              {
                "name": "Indian Express",
                "name_kn": "ಇಂದಿಂ ೆಕ್ಸ್ಪ್ರೆಸ್ಸ್",
                "stop_id": "35138",
                "lat": 12.98362,
                "lon": 77.59646
              },
              {
                "name": "Vidhana Soudha Karnataka High Court",
                "name_kn": "ವಿಧನ ಸೌಧ ಕರ್ನಟಕ ಹಿಘ್ ಕೌರ್ಟ್",
                "stop_id": "21258",
                "lat": 12.97821,
                "lon": 77.59135
              },
              {
                "name": "MS Building",
                "name_kn": "ಂಸ್ ಬುಿಲ್ದಿಙ್",
                "stop_id": "38026",
                "lat": 12.97677,
                "lon": 77.58922
              },
              {
                "name": "Maharani College",
                "name_kn": "ಮಹರನಿ ಕೊಲ್ಲೆಗೆ",
                "stop_id": "20983",
                "lat": 12.97697,
                "lon": 77.58567
              },
              {
                "name": "Cauvery Bhavana",
                "name_kn": "ಕೌವೆರೆ ಭವನ",
                "stop_id": "20697",
                "lat": 12.97372,
                "lon": 77.58157
              },
              {
                "name": "Kempegowda Bus Station",
                "name_kn": "ಕೆಂಪೆಗೌದ ಬುಸ್ ಸ್ಟಟಿೊಂ",
                "stop_id": "20922",
                "lat": 12.97749,
                "lon": 77.57327
              }
            ]
          },
          {
            "Route": "507-DY",
            "RouteId": 4725,
            "RouteParentId": 2590,
            "Destination": "KR Pura Govt Hospital",
            "Via": "",
            "Area": "Yelahanka Old Town",
            "PlatformNumber": "3",
            "KannadaDestination": "ಕ್ರ್ ಪುರ ಗೊವ್ಟ್ ಹೊಸ್ಪಿಟಲ್",
            "KannadaArea": "ಯಲಹಂಕ ಓಲ್ಡ್ ಟೌನ್",
            "KannadaVia": "",
            "FromStationId": 22640,
            "Stops": [
              {
                "name": "Yelahanka Old Town",
                "name_kn": "ಯೆಲಹಂಕ ೊಲ್ದ್ ಟೌಂ",
                "stop_id": "22640",
                "lat": 13.10091,
                "lon": 77.59436
              },
              {
                "name": "Yelahanka Santhe Circle",
                "name_kn": "ಯೆಲಹಂಕ ಸಂತೆ ಕಿರ್ಕ್ಲೆ",
                "stop_id": "22643",
                "lat": 13.09919,
                "lon": 77.59731
              },
              {
                "name": "Kogilu Cross",
                "name_kn": "ಕೊಗಿಲು ಕ್ರೊಸ್ಸ್",
                "stop_id": "22183",
                "lat": 13.10362,
                "lon": 77.60102
              },
              {
                "name": "Maruthi Nagara",
                "name_kn": "ಮರುತಿ ನಗರ",
                "stop_id": "22266",
                "lat": 13.10445,
                "lon": 77.60632
              },
              {
                "name": "Sapthagiri Layout",
                "name_kn": "ಸಪ್ತಗಿರಿ ಲಯೌಟ್",
                "stop_id": "22457",
                "lat": 13.10457,
                "lon": 77.61045
              },
              {
                "name": "Kogilu",
                "name_kn": "ಕೊಗಿಲು",
                "stop_id": "22181",
                "lat": 13.10362,
                "lon": 77.616
              },
              {
                "name": "Srinivasapura Kogilu",
                "name_kn": "ಸ್ರಿನಿವಸಪುರ ಕೊಗಿಲು",
                "stop_id": "22513",
                "lat": 13.10347,
                "lon": 77.62349
              },
              {
                "name": "Ittige Factory",
                "name_kn": "ಇಟಿಗೆ ೞಕ್ಟೊರೆ",
                "stop_id": "22087",
                "lat": 13.10252,
                "lon": 77.62918
              },
              {
                "name": "Bellahalli Cross THS Main Road",
                "name_kn": "ಬೆಲ್ಲಹಲ್ಲಿ ಕ್ರೊಸ್ಸ್ ತ್ಸ್ ಮೈಂ ರೊದ್",
                "stop_id": "21740",
                "lat": 13.10113,
                "lon": 77.6351
              },
              {
                "name": "Purvankara Northern Destiny Bellahalli",
                "name_kn": "ಪುರ್ವಂಕರ ನೊರ್ತೆರ್ಂ ದೆಸ್ಟಿನೆ ಬೆಲ್ಲಹಲ್ಲಿ",
                "stop_id": "34294",
                "lat": 13.09606,
                "lon": 77.63604
              },
              {
                "name": "Thirumenahalli Cross (KNS College)",
                "name_kn": "ತಿರುಮೆನಹಲ್ಲಿ ಕ್ರೊಸ್ಸ್ (ಕ್ಂಸ್ ಕೊಲ್ಲೆಗೆ)",
                "stop_id": "22555",
                "lat": 13.08871,
                "lon": 77.6355
              },
              {
                "name": "Chokkanahalli Gate",
                "name_kn": "ಚೊಕ್ಕನಹಲ್ಲಿ ಗಟೆ",
                "stop_id": "21846",
                "lat": 13.08466,
                "lon": 77.63487
              },
              {
                "name": "Noor Nagara",
                "name_kn": "ನೂರ್ ನಗರ",
                "stop_id": "22365",
                "lat": 13.08003,
                "lon": 77.63413
              },
              {
                "name": "Koli Farm",
                "name_kn": "ಕೊಲಿ ೞರ್ಂ",
                "stop_id": "22186",
                "lat": 13.07404,
                "lon": 77.63376
              },
              {
                "name": "RK Hegde Nagara",
                "name_kn": "ರ್ಕ್ ಹೆಗ್ದೆ ನಗರ",
                "stop_id": "22430",
                "lat": 13.0719,
                "lon": 77.63376
              },
              {
                "name": "K Narayanapura Cross",
                "name_kn": "ಕ್ ನರಯನಪುರ ಕ್ರೊಸ್ಸ್",
                "stop_id": "22126",
                "lat": 13.06833,
                "lon": 77.63375
              },
              {
                "name": "Book Factory Thanisandra",
                "name_kn": "ಬೂಕ್ ೞಕ್ಟೊರೆ ತನಿಸಂದ್ರ",
                "stop_id": "21778",
                "lat": 13.06161,
                "lon": 77.63334
              },
              {
                "name": "Thanisandra",
                "name_kn": "ತನಿಸಂದ್ರ",
                "stop_id": "22541",
                "lat": 13.0561,
                "lon": 77.63291
              },
              {
                "name": "Ashwath Nagara",
                "name_kn": "ಅಶ್ವತ್ ನಗರ",
                "stop_id": "21666",
                "lat": 13.05289,
                "lon": 77.63144
              },
              {
                "name": "Sarayipalya",
                "name_kn": "ಸರಯಿಪಲೆ",
                "stop_id": "28167",
                "lat": 13.04745,
                "lon": 77.62868
              },
              {
                "name": "Vidyasagara",
                "name_kn": "ವಿಠೆಸಗರ",
                "stop_id": "22601",
                "lat": 13.04559,
                "lon": 77.62759
              },
              {
                "name": "Nagavara Junction Petrol Bunk",
                "name_kn": "ನಗವರ ಜುಂಕ್ಟಿೊಂ ಪೆಟ್ರೊಲ್ ಬುಂಕ್",
                "stop_id": "22382",
                "lat": 13.04189,
                "lon": 77.62498
              },
              {
                "name": "Nagawara Junction",
                "name_kn": "ನಗವರ ಜುಂಕ್ಟಿೊಂ",
                "stop_id": "20884",
                "lat": 13.0402,
                "lon": 77.62454
              },
              {
                "name": "HBR Layout",
                "name_kn": "ಹ್ಬ್ರ್ ಲಯೌಟ್",
                "stop_id": "20815",
                "lat": 13.03517,
                "lon": 77.62857
              },
              {
                "name": "Hennur Junction",
                "name_kn": "ಹೆಂನುರ್ ಜುಂಕ್ಟಿೊಂ",
                "stop_id": "21522",
                "lat": 13.02964,
                "lon": 77.63134
              },
              {
                "name": "Kalyananagara",
                "name_kn": "ಕಲೆನನಗರ",
                "stop_id": "20903",
                "lat": 13.02654,
                "lon": 77.63688
              },
              {
                "name": "Babusabpalya",
                "name_kn": "ಬಬುಸಬ್ಪಲೆ",
                "stop_id": "20618",
                "lat": 13.02274,
                "lon": 77.64721
              },
              {
                "name": "Horamavu Signal",
                "name_kn": "ಹೊರಮವು ಸಿಗ್ನಲ್",
                "stop_id": "20838",
                "lat": 13.01966,
                "lon": 77.65437
              },
              {
                "name": "Vijaya Bank Colony Ring Road",
                "name_kn": "ವಿಜಯ ಬಂಕ್ ಕೊಲೊನೆ ರಿಙ್ ರೊದ್",
                "stop_id": "21263",
                "lat": 13.01726,
                "lon": 77.65992
              },
              {
                "name": "B Channasandra Bridge(Ramamurthy Nagara Ring Road)",
                "name_kn": "ಬ್ ಚಂನಸಂದ್ರ ಬ್ರಿದ್ಗೆ(ರಮಮುರ್ತೆ ನಗರ ರಿಙ್ ರೊದ್)",
                "stop_id": "21695",
                "lat": 13.01318,
                "lon": 77.66272
              },
              {
                "name": "Ramamurthy Nagara Police Station",
                "name_kn": "ರಮಮುರ್ತೆ ನಗರ ಪೊಲಿಕೆ ಸ್ಟಟಿೊಂ",
                "stop_id": "22420",
                "lat": 13.01206,
                "lon": 77.66785
              },
              {
                "name": "Ramamurthy Nagara Manipal",
                "name_kn": "ರಮಮುರ್ತೆ ನಗರ ಮನಿಪಲ್",
                "stop_id": "22418",
                "lat": 13.01172,
                "lon": 77.67031
              },
              {
                "name": "Yarayyanapalya",
                "name_kn": "ಯರಯೆನಪಲೆ",
                "stop_id": "22632",
                "lat": 13.01157,
                "lon": 77.67326
              },
              {
                "name": "Ramamurthy Nagara Alada Mara",
                "name_kn": "ರಮಮುರ್ತೆ ನಗರ ಲದ ಮರ",
                "stop_id": "22414",
                "lat": 13.01146,
                "lon": 77.67644
              },
              {
                "name": "Ramamurthy Nagara Church",
                "name_kn": "ರಮಮುರ್ತೆ ನಗರ ಚುರ್ಚ್",
                "stop_id": "22416",
                "lat": 13.01177,
                "lon": 77.67878
              },
              {
                "name": "ITI Circle",
                "name_kn": "ಇಟಿ ಕಿರ್ಕ್ಲೆ",
                "stop_id": "22084",
                "lat": 13.0079,
                "lon": 77.68338
              },
              {
                "name": "ITI Colony Gate",
                "name_kn": "ಇಟಿ ಕೊಲೊನೆ ಗಟೆ",
                "stop_id": "20863",
                "lat": 13.00532,
                "lon": 77.68522
              },
              {
                "name": "KR Pura Govt Hospital",
                "name_kn": "ಕ್ರ್ ಪುರ ಗೊವ್ಟ್ ಹೊಸ್ಪಿಟಲ್",
                "stop_id": "20946",
                "lat": 13.00798,
                "lon": 77.69271
              }
            ]
          },
          {
            "Route": "290-EN",
            "RouteId": 4811,
            "RouteParentId": 2635,
            "Destination": "Nagawara Junction",
            "Via": "",
            "Area": "Yelahanka Old Town",
            "PlatformNumber": "3",
            "KannadaDestination": "ನಗವರ ಜುಂಕ್ಟಿೊಂ",
            "KannadaArea": "ಯಲಹಂಕ ಓಲ್ಡ್ ಟೌನ್",
            "KannadaVia": "",
            "FromStationId": 22640,
            "Stops": [
              {
                "name": "Yelahanka Old Town",
                "name_kn": "ಯೆಲಹಂಕ ೊಲ್ದ್ ಟೌಂ",
                "stop_id": "22640",
                "lat": 13.10091,
                "lon": 77.59436
              },
              {
                "name": "Yelahanka Santhe Circle",
                "name_kn": "ಯೆಲಹಂಕ ಸಂತೆ ಕಿರ್ಕ್ಲೆ",
                "stop_id": "22643",
                "lat": 13.09919,
                "lon": 77.59731
              },
              {
                "name": "Kogilu Cross",
                "name_kn": "ಕೊಗಿಲು ಕ್ರೊಸ್ಸ್",
                "stop_id": "22183",
                "lat": 13.10362,
                "lon": 77.60102
              },
              {
                "name": "Maruthi Nagara",
                "name_kn": "ಮರುತಿ ನಗರ",
                "stop_id": "22266",
                "lat": 13.10445,
                "lon": 77.60632
              },
              {
                "name": "Sapthagiri Layout",
                "name_kn": "ಸಪ್ತಗಿರಿ ಲಯೌಟ್",
                "stop_id": "22457",
                "lat": 13.10457,
                "lon": 77.61045
              },
              {
                "name": "Kogilu",
                "name_kn": "ಕೊಗಿಲು",
                "stop_id": "22181",
                "lat": 13.10362,
                "lon": 77.616
              },
              {
                "name": "Srinivasapura Kogilu",
                "name_kn": "ಸ್ರಿನಿವಸಪುರ ಕೊಗಿಲು",
                "stop_id": "22513",
                "lat": 13.10347,
                "lon": 77.62349
              },
              {
                "name": "Ittige Factory",
                "name_kn": "ಇಟಿಗೆ ೞಕ್ಟೊರೆ",
                "stop_id": "22087",
                "lat": 13.10252,
                "lon": 77.62918
              },
              {
                "name": "Bellahalli Cross THS Main Road",
                "name_kn": "ಬೆಲ್ಲಹಲ್ಲಿ ಕ್ರೊಸ್ಸ್ ತ್ಸ್ ಮೈಂ ರೊದ್",
                "stop_id": "21740",
                "lat": 13.10113,
                "lon": 77.6351
              },
              {
                "name": "Purvankara Northern Destiny Bellahalli",
                "name_kn": "ಪುರ್ವಂಕರ ನೊರ್ತೆರ್ಂ ದೆಸ್ಟಿನೆ ಬೆಲ್ಲಹಲ್ಲಿ",
                "stop_id": "34294",
                "lat": 13.09606,
                "lon": 77.63604
              },
              {
                "name": "Thirumenahalli Cross (KNS College)",
                "name_kn": "ತಿರುಮೆನಹಲ್ಲಿ ಕ್ರೊಸ್ಸ್ (ಕ್ಂಸ್ ಕೊಲ್ಲೆಗೆ)",
                "stop_id": "22555",
                "lat": 13.08871,
                "lon": 77.6355
              },
              {
                "name": "Chokkanahalli Gate",
                "name_kn": "ಚೊಕ್ಕನಹಲ್ಲಿ ಗಟೆ",
                "stop_id": "21846",
                "lat": 13.08466,
                "lon": 77.63487
              },
              {
                "name": "Noor Nagara",
                "name_kn": "ನೂರ್ ನಗರ",
                "stop_id": "22365",
                "lat": 13.08003,
                "lon": 77.63413
              },
              {
                "name": "Koli Farm",
                "name_kn": "ಕೊಲಿ ೞರ್ಂ",
                "stop_id": "22186",
                "lat": 13.07404,
                "lon": 77.63376
              },
              {
                "name": "RK Hegde Nagara",
                "name_kn": "ರ್ಕ್ ಹೆಗ್ದೆ ನಗರ",
                "stop_id": "22430",
                "lat": 13.0719,
                "lon": 77.63376
              },
              {
                "name": "K Narayanapura Cross",
                "name_kn": "ಕ್ ನರಯನಪುರ ಕ್ರೊಸ್ಸ್",
                "stop_id": "22126",
                "lat": 13.06833,
                "lon": 77.63375
              },
              {
                "name": "Book Factory Thanisandra",
                "name_kn": "ಬೂಕ್ ೞಕ್ಟೊರೆ ತನಿಸಂದ್ರ",
                "stop_id": "21778",
                "lat": 13.06161,
                "lon": 77.63334
              },
              {
                "name": "Thanisandra",
                "name_kn": "ತನಿಸಂದ್ರ",
                "stop_id": "22541",
                "lat": 13.0561,
                "lon": 77.63291
              },
              {
                "name": "Ashwath Nagara",
                "name_kn": "ಅಶ್ವತ್ ನಗರ",
                "stop_id": "21666",
                "lat": 13.05289,
                "lon": 77.63144
              },
              {
                "name": "Sarayipalya",
                "name_kn": "ಸರಯಿಪಲೆ",
                "stop_id": "28167",
                "lat": 13.04745,
                "lon": 77.62868
              },
              {
                "name": "Vidyasagara",
                "name_kn": "ವಿಠೆಸಗರ",
                "stop_id": "22601",
                "lat": 13.04559,
                "lon": 77.62759
              },
              {
                "name": "Nagavara Junction Petrol Bunk",
                "name_kn": "ನಗವರ ಜುಂಕ್ಟಿೊಂ ಪೆಟ್ರೊಲ್ ಬುಂಕ್",
                "stop_id": "22382",
                "lat": 13.04189,
                "lon": 77.62498
              },
              {
                "name": "Nagawara Junction",
                "name_kn": "ನಗವರ ಜುಂಕ್ಟಿೊಂ",
                "stop_id": "20884",
                "lat": 13.0402,
                "lon": 77.62454
              }
            ]
          },
          {
            "Route": "290-E KLN-YLKOT",
            "RouteId": 7387,
            "RouteParentId": 3970,
            "Destination": "Kalyananagara Bus Stand",
            "Via": "",
            "Area": "Yelahanka Old Town",
            "PlatformNumber": "3",
            "KannadaDestination": "ಕಲೆನನಗರ ಬುಸ್ ಸ್ಟಂದ್",
            "KannadaArea": "ಯಲಹಂಕ ಓಲ್ಡ್ ಟೌನ್",
            "KannadaVia": "",
            "FromStationId": 22640,
            "Stops": [
              {
                "name": "Yelahanka Old Town",
                "name_kn": "ಯೆಲಹಂಕ ೊಲ್ದ್ ಟೌಂ",
                "stop_id": "22640",
                "lat": 13.10091,
                "lon": 77.59436
              },
              {
                "name": "Yelahanka Santhe Circle",
                "name_kn": "ಯೆಲಹಂಕ ಸಂತೆ ಕಿರ್ಕ್ಲೆ",
                "stop_id": "22643",
                "lat": 13.09919,
                "lon": 77.59731
              },
              {
                "name": "Kogilu Cross",
                "name_kn": "ಕೊಗಿಲು ಕ್ರೊಸ್ಸ್",
                "stop_id": "22183",
                "lat": 13.10362,
                "lon": 77.60102
              },
              {
                "name": "Maruthi Nagara",
                "name_kn": "ಮರುತಿ ನಗರ",
                "stop_id": "22266",
                "lat": 13.10445,
                "lon": 77.60632
              },
              {
                "name": "Sapthagiri Layout",
                "name_kn": "ಸಪ್ತಗಿರಿ ಲಯೌಟ್",
                "stop_id": "22457",
                "lat": 13.10457,
                "lon": 77.61045
              },
              {
                "name": "Kogilu",
                "name_kn": "ಕೊಗಿಲು",
                "stop_id": "22181",
                "lat": 13.10362,
                "lon": 77.616
              },
              {
                "name": "Srinivasapura Kogilu",
                "name_kn": "ಸ್ರಿನಿವಸಪುರ ಕೊಗಿಲು",
                "stop_id": "22513",
                "lat": 13.10347,
                "lon": 77.62349
              },
              {
                "name": "Ittige Factory",
                "name_kn": "ಇಟಿಗೆ ೞಕ್ಟೊರೆ",
                "stop_id": "22087",
                "lat": 13.10252,
                "lon": 77.62918
              },
              {
                "name": "Bellahalli Cross THS Main Road",
                "name_kn": "ಬೆಲ್ಲಹಲ್ಲಿ ಕ್ರೊಸ್ಸ್ ತ್ಸ್ ಮೈಂ ರೊದ್",
                "stop_id": "21740",
                "lat": 13.10113,
                "lon": 77.6351
              },
              {
                "name": "Purvankara Northern Destiny Bellahalli",
                "name_kn": "ಪುರ್ವಂಕರ ನೊರ್ತೆರ್ಂ ದೆಸ್ಟಿನೆ ಬೆಲ್ಲಹಲ್ಲಿ",
                "stop_id": "34294",
                "lat": 13.09606,
                "lon": 77.63604
              },
              {
                "name": "Thirumenahalli Cross (KNS College)",
                "name_kn": "ತಿರುಮೆನಹಲ್ಲಿ ಕ್ರೊಸ್ಸ್ (ಕ್ಂಸ್ ಕೊಲ್ಲೆಗೆ)",
                "stop_id": "22555",
                "lat": 13.08871,
                "lon": 77.6355
              },
              {
                "name": "Chokkanahalli Gate",
                "name_kn": "ಚೊಕ್ಕನಹಲ್ಲಿ ಗಟೆ",
                "stop_id": "21846",
                "lat": 13.08466,
                "lon": 77.63487
              },
              {
                "name": "Noor Nagara",
                "name_kn": "ನೂರ್ ನಗರ",
                "stop_id": "22365",
                "lat": 13.08003,
                "lon": 77.63413
              },
              {
                "name": "Koli Farm",
                "name_kn": "ಕೊಲಿ ೞರ್ಂ",
                "stop_id": "22186",
                "lat": 13.07404,
                "lon": 77.63376
              },
              {
                "name": "RK Hegde Nagara",
                "name_kn": "ರ್ಕ್ ಹೆಗ್ದೆ ನಗರ",
                "stop_id": "22430",
                "lat": 13.0719,
                "lon": 77.63376
              },
              {
                "name": "K Narayanapura Cross",
                "name_kn": "ಕ್ ನರಯನಪುರ ಕ್ರೊಸ್ಸ್",
                "stop_id": "22126",
                "lat": 13.06833,
                "lon": 77.63375
              },
              {
                "name": "Book Factory Thanisandra",
                "name_kn": "ಬೂಕ್ ೞಕ್ಟೊರೆ ತನಿಸಂದ್ರ",
                "stop_id": "21778",
                "lat": 13.06161,
                "lon": 77.63334
              },
              {
                "name": "Thanisandra",
                "name_kn": "ತನಿಸಂದ್ರ",
                "stop_id": "22541",
                "lat": 13.0561,
                "lon": 77.63291
              },
              {
                "name": "Ashwath Nagara",
                "name_kn": "ಅಶ್ವತ್ ನಗರ",
                "stop_id": "21666",
                "lat": 13.05289,
                "lon": 77.63144
              },
              {
                "name": "Sarayipalya",
                "name_kn": "ಸರಯಿಪಲೆ",
                "stop_id": "28167",
                "lat": 13.04745,
                "lon": 77.62868
              },
              {
                "name": "Vidyasagara",
                "name_kn": "ವಿಠೆಸಗರ",
                "stop_id": "22601",
                "lat": 13.04559,
                "lon": 77.62759
              },
              {
                "name": "Nagavara Junction Petrol Bunk",
                "name_kn": "ನಗವರ ಜುಂಕ್ಟಿೊಂ ಪೆಟ್ರೊಲ್ ಬುಂಕ್",
                "stop_id": "22382",
                "lat": 13.04189,
                "lon": 77.62498
              },
              {
                "name": "Nagawara Junction",
                "name_kn": "ನಗವರ ಜುಂಕ್ಟಿೊಂ",
                "stop_id": "20884",
                "lat": 13.0402,
                "lon": 77.62454
              },
              {
                "name": "HBR Layout",
                "name_kn": "ಹ್ಬ್ರ್ ಲಯೌಟ್",
                "stop_id": "20815",
                "lat": 13.03517,
                "lon": 77.62857
              },
              {
                "name": "Hennur Junction",
                "name_kn": "ಹೆಂನುರ್ ಜುಂಕ್ಟಿೊಂ",
                "stop_id": "21522",
                "lat": 13.02964,
                "lon": 77.63134
              },
              {
                "name": "Kalyananagara Bus Stand",
                "name_kn": "ಕಲೆನನಗರ ಬುಸ್ ಸ್ಟಂದ್",
                "stop_id": "36441",
                "lat": 13.02642,
                "lon": 77.63839
              }
            ]
          },
          {
            "Route": "CHAKRA-10A",
            "RouteId": 8554,
            "RouteParentId": 4590,
            "Destination": "Hennur Junction",
            "Via": "",
            "Area": "Hennur Junction",
            "PlatformNumber": "3",
            "KannadaDestination": "ಹೆಂನುರ್ ಜುಂಕ್ಟಿೊಂ",
            "KannadaArea": "ಹೆಣ್ಣೂರು ಜಂಕ್ಷನ್",
            "KannadaVia": "",
            "FromStationId": 22640,
            "Stops": [
              {
                "name": "Yelahanka Santhe Circle",
                "name_kn": "ಯೆಲಹಂಕ ಸಂತೆ ಕಿರ್ಕ್ಲೆ",
                "stop_id": "22644",
                "lat": 13.0992,
                "lon": 77.59712
              },
              {
                "name": "Yelahanka Old Town",
                "name_kn": "ಯೆಲಹಂಕ ೊಲ್ದ್ ಟೌಂ",
                "stop_id": "22640",
                "lat": 13.10091,
                "lon": 77.59436
              },
              {
                "name": "Yelahanka Santhe Circle",
                "name_kn": "ಯೆಲಹಂಕ ಸಂತೆ ಕಿರ್ಕ್ಲೆ",
                "stop_id": "22643",
                "lat": 13.09919,
                "lon": 77.59731
              },
              {
                "name": "Kogilu Cross",
                "name_kn": "ಕೊಗಿಲು ಕ್ರೊಸ್ಸ್",
                "stop_id": "22183",
                "lat": 13.10362,
                "lon": 77.60102
              },
              {
                "name": "Maruthi Nagara",
                "name_kn": "ಮರುತಿ ನಗರ",
                "stop_id": "22266",
                "lat": 13.10445,
                "lon": 77.60632
              },
              {
                "name": "Sapthagiri Layout",
                "name_kn": "ಸಪ್ತಗಿರಿ ಲಯೌಟ್",
                "stop_id": "22457",
                "lat": 13.10457,
                "lon": 77.61045
              },
              {
                "name": "Kogilu",
                "name_kn": "ಕೊಗಿಲು",
                "stop_id": "22181",
                "lat": 13.10362,
                "lon": 77.616
              },
              {
                "name": "Srinivasapura Kogilu",
                "name_kn": "ಸ್ರಿನಿವಸಪುರ ಕೊಗಿಲು",
                "stop_id": "22513",
                "lat": 13.10347,
                "lon": 77.62349
              },
              {
                "name": "Ittige Factory",
                "name_kn": "ಇಟಿಗೆ ೞಕ್ಟೊರೆ",
                "stop_id": "22087",
                "lat": 13.10252,
                "lon": 77.62918
              },
              {
                "name": "Bellahalli Cross THS Main Road",
                "name_kn": "ಬೆಲ್ಲಹಲ್ಲಿ ಕ್ರೊಸ್ಸ್ ತ್ಸ್ ಮೈಂ ರೊದ್",
                "stop_id": "21740",
                "lat": 13.10113,
                "lon": 77.6351
              },
              {
                "name": "Purvankara Northern Destiny Bellahalli",
                "name_kn": "ಪುರ್ವಂಕರ ನೊರ್ತೆರ್ಂ ದೆಸ್ಟಿನೆ ಬೆಲ್ಲಹಲ್ಲಿ",
                "stop_id": "34294",
                "lat": 13.09606,
                "lon": 77.63604
              },
              {
                "name": "Thirumenahalli Cross (KNS College)",
                "name_kn": "ತಿರುಮೆನಹಲ್ಲಿ ಕ್ರೊಸ್ಸ್ (ಕ್ಂಸ್ ಕೊಲ್ಲೆಗೆ)",
                "stop_id": "22555",
                "lat": 13.08871,
                "lon": 77.6355
              },
              {
                "name": "Chokkanahalli Gate",
                "name_kn": "ಚೊಕ್ಕನಹಲ್ಲಿ ಗಟೆ",
                "stop_id": "21846",
                "lat": 13.08466,
                "lon": 77.63487
              },
              {
                "name": "Noor Nagara",
                "name_kn": "ನೂರ್ ನಗರ",
                "stop_id": "22365",
                "lat": 13.08003,
                "lon": 77.63413
              },
              {
                "name": "Koli Farm",
                "name_kn": "ಕೊಲಿ ೞರ್ಂ",
                "stop_id": "22186",
                "lat": 13.07404,
                "lon": 77.63376
              },
              {
                "name": "RK Hegde Nagara",
                "name_kn": "ರ್ಕ್ ಹೆಗ್ದೆ ನಗರ",
                "stop_id": "22430",
                "lat": 13.0719,
                "lon": 77.63376
              },
              {
                "name": "K Narayanapura Cross",
                "name_kn": "ಕ್ ನರಯನಪುರ ಕ್ರೊಸ್ಸ್",
                "stop_id": "22126",
                "lat": 13.06833,
                "lon": 77.63375
              },
              {
                "name": "Book Factory Thanisandra",
                "name_kn": "ಬೂಕ್ ೞಕ್ಟೊರೆ ತನಿಸಂದ್ರ",
                "stop_id": "21778",
                "lat": 13.06161,
                "lon": 77.63334
              },
              {
                "name": "Thanisandra",
                "name_kn": "ತನಿಸಂದ್ರ",
                "stop_id": "22541",
                "lat": 13.0561,
                "lon": 77.63291
              },
              {
                "name": "Ashwath Nagara",
                "name_kn": "ಅಶ್ವತ್ ನಗರ",
                "stop_id": "21666",
                "lat": 13.05289,
                "lon": 77.63144
              },
              {
                "name": "Sarayipalya",
                "name_kn": "ಸರಯಿಪಲೆ",
                "stop_id": "28167",
                "lat": 13.04745,
                "lon": 77.62868
              },
              {
                "name": "Vidyasagara",
                "name_kn": "ವಿಠೆಸಗರ",
                "stop_id": "22601",
                "lat": 13.04559,
                "lon": 77.62759
              },
              {
                "name": "Nagavara Junction Petrol Bunk",
                "name_kn": "ನಗವರ ಜುಂಕ್ಟಿೊಂ ಪೆಟ್ರೊಲ್ ಬುಂಕ್",
                "stop_id": "22382",
                "lat": 13.04189,
                "lon": 77.62498
              },
              {
                "name": "Nagawara Junction",
                "name_kn": "ನಗವರ ಜುಂಕ್ಟಿೊಂ",
                "stop_id": "20884",
                "lat": 13.0402,
                "lon": 77.62454
              },
              {
                "name": "HBR Layout",
                "name_kn": "ಹ್ಬ್ರ್ ಲಯೌಟ್",
                "stop_id": "20815",
                "lat": 13.03517,
                "lon": 77.62857
              },
              {
                "name": "Hennur Junction",
                "name_kn": "ಹೆಂನುರ್ ಜುಂಕ್ಟಿೊಂ",
                "stop_id": "21522",
                "lat": 13.02964,
                "lon": 77.63134
              }
            ]
          },
          {
            "Route": "290-E STJHS-YHKOT",
            "RouteId": 10663,
            "RouteParentId": 5682,
            "Destination": "St Johns High School Thomas Cafe",
            "Via": "",
            "Area": "Yelahanka Old Town",
            "PlatformNumber": "3",
            "KannadaDestination": "ಸ್ಟ್ ಜೊಹ್ಂಸ್ ಹಿಘ್ ಸ್ಚೂಲ್ ತೊಮಸ್ ಕೞೆ",
            "KannadaArea": "ಯಲಹಂಕ ಓಲ್ಡ್ ಟೌನ್",
            "KannadaVia": "",
            "FromStationId": 22643,
            "Stops": [
              {
                "name": "Yelahanka Old Town",
                "name_kn": "ಯೆಲಹಂಕ ೊಲ್ದ್ ಟೌಂ",
                "stop_id": "22641",
                "lat": 13.10063,
                "lon": 77.59453
              },
              {
                "name": "Yelahanka Santhe Circle",
                "name_kn": "ಯೆಲಹಂಕ ಸಂತೆ ಕಿರ್ಕ್ಲೆ",
                "stop_id": "22643",
                "lat": 13.09919,
                "lon": 77.59731
              },
              {
                "name": "Kogilu Cross",
                "name_kn": "ಕೊಗಿಲು ಕ್ರೊಸ್ಸ್",
                "stop_id": "22183",
                "lat": 13.10362,
                "lon": 77.60102
              },
              {
                "name": "Maruthi Nagara",
                "name_kn": "ಮರುತಿ ನಗರ",
                "stop_id": "22266",
                "lat": 13.10445,
                "lon": 77.60632
              },
              {
                "name": "Sapthagiri Layout",
                "name_kn": "ಸಪ್ತಗಿರಿ ಲಯೌಟ್",
                "stop_id": "22457",
                "lat": 13.10457,
                "lon": 77.61045
              },
              {
                "name": "Kogilu",
                "name_kn": "ಕೊಗಿಲು",
                "stop_id": "22181",
                "lat": 13.10362,
                "lon": 77.616
              },
              {
                "name": "Srinivasapura Kogilu",
                "name_kn": "ಸ್ರಿನಿವಸಪುರ ಕೊಗಿಲು",
                "stop_id": "22513",
                "lat": 13.10347,
                "lon": 77.62349
              },
              {
                "name": "Ittige Factory",
                "name_kn": "ಇಟಿಗೆ ೞಕ್ಟೊರೆ",
                "stop_id": "22087",
                "lat": 13.10252,
                "lon": 77.62918
              },
              {
                "name": "Bellahalli Cross THS Main Road",
                "name_kn": "ಬೆಲ್ಲಹಲ್ಲಿ ಕ್ರೊಸ್ಸ್ ತ್ಸ್ ಮೈಂ ರೊದ್",
                "stop_id": "21740",
                "lat": 13.10113,
                "lon": 77.6351
              },
              {
                "name": "Purvankara Northern Destiny Bellahalli",
                "name_kn": "ಪುರ್ವಂಕರ ನೊರ್ತೆರ್ಂ ದೆಸ್ಟಿನೆ ಬೆಲ್ಲಹಲ್ಲಿ",
                "stop_id": "34294",
                "lat": 13.09606,
                "lon": 77.63604
              },
              {
                "name": "Thirumenahalli Cross (KNS College)",
                "name_kn": "ತಿರುಮೆನಹಲ್ಲಿ ಕ್ರೊಸ್ಸ್ (ಕ್ಂಸ್ ಕೊಲ್ಲೆಗೆ)",
                "stop_id": "22555",
                "lat": 13.08871,
                "lon": 77.6355
              },
              {
                "name": "Chokkanahalli Gate",
                "name_kn": "ಚೊಕ್ಕನಹಲ್ಲಿ ಗಟೆ",
                "stop_id": "21846",
                "lat": 13.08466,
                "lon": 77.63487
              },
              {
                "name": "Noor Nagara",
                "name_kn": "ನೂರ್ ನಗರ",
                "stop_id": "22365",
                "lat": 13.08003,
                "lon": 77.63413
              },
              {
                "name": "Koli Farm",
                "name_kn": "ಕೊಲಿ ೞರ್ಂ",
                "stop_id": "22186",
                "lat": 13.07404,
                "lon": 77.63376
              },
              {
                "name": "RK Hegde Nagara",
                "name_kn": "ರ್ಕ್ ಹೆಗ್ದೆ ನಗರ",
                "stop_id": "22430",
                "lat": 13.0719,
                "lon": 77.63376
              },
              {
                "name": "K Narayanapura Cross",
                "name_kn": "ಕ್ ನರಯನಪುರ ಕ್ರೊಸ್ಸ್",
                "stop_id": "22126",
                "lat": 13.06833,
                "lon": 77.63375
              },
              {
                "name": "Book Factory Thanisandra",
                "name_kn": "ಬೂಕ್ ೞಕ್ಟೊರೆ ತನಿಸಂದ್ರ",
                "stop_id": "21778",
                "lat": 13.06161,
                "lon": 77.63334
              },
              {
                "name": "Thanisandra",
                "name_kn": "ತನಿಸಂದ್ರ",
                "stop_id": "22541",
                "lat": 13.0561,
                "lon": 77.63291
              },
              {
                "name": "Ashwath Nagara",
                "name_kn": "ಅಶ್ವತ್ ನಗರ",
                "stop_id": "21666",
                "lat": 13.05289,
                "lon": 77.63144
              },
              {
                "name": "Sarayipalya",
                "name_kn": "ಸರಯಿಪಲೆ",
                "stop_id": "28167",
                "lat": 13.04745,
                "lon": 77.62868
              },
              {
                "name": "Vidyasagara",
                "name_kn": "ವಿಠೆಸಗರ",
                "stop_id": "22601",
                "lat": 13.04559,
                "lon": 77.62759
              },
              {
                "name": "Nagavara Junction Petrol Bunk",
                "name_kn": "ನಗವರ ಜುಂಕ್ಟಿೊಂ ಪೆಟ್ರೊಲ್ ಬುಂಕ್",
                "stop_id": "22382",
                "lat": 13.04189,
                "lon": 77.62498
              },
              {
                "name": "Nagawara Junction",
                "name_kn": "ನಗವರ ಜುಂಕ್ಟಿೊಂ",
                "stop_id": "35838",
                "lat": 13.04042,
                "lon": 77.62445
              },
              {
                "name": "Hennur Junction",
                "name_kn": "ಹೆಂನುರ್ ಜುಂಕ್ಟಿೊಂ",
                "stop_id": "21522",
                "lat": 13.02964,
                "lon": 77.63134
              },
              {
                "name": "Kadugondanahalli Railway Gate",
                "name_kn": "ಕದುಗೊಂದನಹಲ್ಲಿ ರೈಲ್ವಯ್ ಗಟೆ",
                "stop_id": "22173",
                "lat": 13.02599,
                "lon": 77.62003
              },
              {
                "name": "Kadugondanahalli Police Station",
                "name_kn": "ಕದುಗೊಂದನಹಲ್ಲಿ ಪೊಲಿಕೆ ಸ್ಟಟಿೊಂ",
                "stop_id": "22136",
                "lat": 13.02055,
                "lon": 77.619
              },
              {
                "name": "Venkateshapura",
                "name_kn": "ವೆಂಕಟೆಶಪುರ",
                "stop_id": "22597",
                "lat": 13.01544,
                "lon": 77.61757
              },
              {
                "name": "Postal and Telecom Colony",
                "name_kn": "ಪೊಸ್ಟಲ್ ಂದ್ ಟೆಲೆಕೊಂ ಕೊಲೊನೆ",
                "stop_id": "22402",
                "lat": 13.01278,
                "lon": 77.61646
              },
              {
                "name": "Muslim Colony",
                "name_kn": "ಮುಸ್ಲಿಂ ಕೊಲೊನೆ",
                "stop_id": "22319",
                "lat": 13.01049,
                "lon": 77.61513
              },
              {
                "name": "Periyar Nagara Circle",
                "name_kn": "ಪೆರಿಯರ್ ನಗರ ಕಿರ್ಕ್ಲೆ",
                "stop_id": "22379",
                "lat": 13.00848,
                "lon": 77.61325
              },
              {
                "name": "Canara Bank Tannery Road",
                "name_kn": "ಕನರ ಬಂಕ್ ಟಂನೆರೆ ರೊದ್",
                "stop_id": "21802",
                "lat": 13.00622,
                "lon": 77.61242
              },
              {
                "name": "Doddy",
                "name_kn": "ದೊದ್ಠೆ",
                "stop_id": "21911",
                "lat": 13.00266,
                "lon": 77.61215
              },
              {
                "name": "Coles Park",
                "name_kn": "ಕೊಲೆಸ್ ಪರ್ಕ್",
                "stop_id": "21857",
                "lat": 12.99534,
                "lon": 77.60829
              },
              {
                "name": "St Johns High School Thomas Cafe",
                "name_kn": "ಸ್ಟ್ ಜೊಹ್ಂಸ್ ಹಿಘ್ ಸ್ಚೂಲ್ ತೊಮಸ್ ಕೞೆ",
                "stop_id": "37046",
                "lat": 12.99458,
                "lon": 77.60995
              }
            ]
          },
          {
            "Route": "CHAKRA-10A D10G-KLN",
            "RouteId": 13297,
            "RouteParentId": 7056,
            "Destination": "Kalyananagara",
            "Via": "",
            "Area": "Depot-10 Gate",
            "PlatformNumber": "3",
            "KannadaDestination": "ಕಲೆನನಗರ",
            "KannadaArea": "ಡಿಪೋಟ್-10 ಗೇಟ್",
            "KannadaVia": "",
            "FromStationId": 22640,
            "Stops": [
              {
                "name": "Yelahanka Santhe Circle",
                "name_kn": "ಯೆಲಹಂಕ ಸಂತೆ ಕಿರ್ಕ್ಲೆ",
                "stop_id": "22644",
                "lat": 13.0992,
                "lon": 77.59712
              },
              {
                "name": "Yelahanka Old Town",
                "name_kn": "ಯೆಲಹಂಕ ೊಲ್ದ್ ಟೌಂ",
                "stop_id": "22640",
                "lat": 13.10091,
                "lon": 77.59436
              },
              {
                "name": "Yelahanka Santhe Circle",
                "name_kn": "ಯೆಲಹಂಕ ಸಂತೆ ಕಿರ್ಕ್ಲೆ",
                "stop_id": "22643",
                "lat": 13.09919,
                "lon": 77.59731
              },
              {
                "name": "Kogilu Cross",
                "name_kn": "ಕೊಗಿಲು ಕ್ರೊಸ್ಸ್",
                "stop_id": "22183",
                "lat": 13.10362,
                "lon": 77.60102
              },
              {
                "name": "Maruthi Nagara",
                "name_kn": "ಮರುತಿ ನಗರ",
                "stop_id": "22266",
                "lat": 13.10445,
                "lon": 77.60632
              },
              {
                "name": "Sapthagiri Layout",
                "name_kn": "ಸಪ್ತಗಿರಿ ಲಯೌಟ್",
                "stop_id": "22457",
                "lat": 13.10457,
                "lon": 77.61045
              },
              {
                "name": "Kogilu",
                "name_kn": "ಕೊಗಿಲು",
                "stop_id": "22181",
                "lat": 13.10362,
                "lon": 77.616
              },
              {
                "name": "Srinivasapura Kogilu",
                "name_kn": "ಸ್ರಿನಿವಸಪುರ ಕೊಗಿಲು",
                "stop_id": "22513",
                "lat": 13.10347,
                "lon": 77.62349
              },
              {
                "name": "Ittige Factory",
                "name_kn": "ಇಟಿಗೆ ೞಕ್ಟೊರೆ",
                "stop_id": "22087",
                "lat": 13.10252,
                "lon": 77.62918
              },
              {
                "name": "Bellahalli Cross THS Main Road",
                "name_kn": "ಬೆಲ್ಲಹಲ್ಲಿ ಕ್ರೊಸ್ಸ್ ತ್ಸ್ ಮೈಂ ರೊದ್",
                "stop_id": "21740",
                "lat": 13.10113,
                "lon": 77.6351
              },
              {
                "name": "Purvankara Northern Destiny Bellahalli",
                "name_kn": "ಪುರ್ವಂಕರ ನೊರ್ತೆರ್ಂ ದೆಸ್ಟಿನೆ ಬೆಲ್ಲಹಲ್ಲಿ",
                "stop_id": "34294",
                "lat": 13.09606,
                "lon": 77.63604
              },
              {
                "name": "Thirumenahalli Cross (KNS College)",
                "name_kn": "ತಿರುಮೆನಹಲ್ಲಿ ಕ್ರೊಸ್ಸ್ (ಕ್ಂಸ್ ಕೊಲ್ಲೆಗೆ)",
                "stop_id": "22555",
                "lat": 13.08871,
                "lon": 77.6355
              },
              {
                "name": "Chokkanahalli Gate",
                "name_kn": "ಚೊಕ್ಕನಹಲ್ಲಿ ಗಟೆ",
                "stop_id": "21846",
                "lat": 13.08466,
                "lon": 77.63487
              },
              {
                "name": "Noor Nagara",
                "name_kn": "ನೂರ್ ನಗರ",
                "stop_id": "22365",
                "lat": 13.08003,
                "lon": 77.63413
              },
              {
                "name": "Koli Farm",
                "name_kn": "ಕೊಲಿ ೞರ್ಂ",
                "stop_id": "22186",
                "lat": 13.07404,
                "lon": 77.63376
              },
              {
                "name": "RK Hegde Nagara",
                "name_kn": "ರ್ಕ್ ಹೆಗ್ದೆ ನಗರ",
                "stop_id": "22430",
                "lat": 13.0719,
                "lon": 77.63376
              },
              {
                "name": "K Narayanapura Cross",
                "name_kn": "ಕ್ ನರಯನಪುರ ಕ್ರೊಸ್ಸ್",
                "stop_id": "22126",
                "lat": 13.06833,
                "lon": 77.63375
              },
              {
                "name": "Book Factory Thanisandra",
                "name_kn": "ಬೂಕ್ ೞಕ್ಟೊರೆ ತನಿಸಂದ್ರ",
                "stop_id": "21778",
                "lat": 13.06161,
                "lon": 77.63334
              },
              {
                "name": "Thanisandra",
                "name_kn": "ತನಿಸಂದ್ರ",
                "stop_id": "22541",
                "lat": 13.0561,
                "lon": 77.63291
              },
              {
                "name": "Ashwath Nagara",
                "name_kn": "ಅಶ್ವತ್ ನಗರ",
                "stop_id": "21666",
                "lat": 13.05289,
                "lon": 77.63144
              },
              {
                "name": "Sarayipalya",
                "name_kn": "ಸರಯಿಪಲೆ",
                "stop_id": "28167",
                "lat": 13.04745,
                "lon": 77.62868
              },
              {
                "name": "Vidyasagara",
                "name_kn": "ವಿಠೆಸಗರ",
                "stop_id": "22601",
                "lat": 13.04559,
                "lon": 77.62759
              },
              {
                "name": "Nagavara Junction Petrol Bunk",
                "name_kn": "ನಗವರ ಜುಂಕ್ಟಿೊಂ ಪೆಟ್ರೊಲ್ ಬುಂಕ್",
                "stop_id": "22382",
                "lat": 13.04189,
                "lon": 77.62498
              },
              {
                "name": "Nagawara Junction",
                "name_kn": "ನಗವರ ಜುಂಕ್ಟಿೊಂ",
                "stop_id": "20884",
                "lat": 13.0402,
                "lon": 77.62454
              },
              {
                "name": "HBR Layout",
                "name_kn": "ಹ್ಬ್ರ್ ಲಯೌಟ್",
                "stop_id": "20815",
                "lat": 13.03517,
                "lon": 77.62857
              },
              {
                "name": "Hennur Junction",
                "name_kn": "ಹೆಂನುರ್ ಜುಂಕ್ಟಿೊಂ",
                "stop_id": "21522",
                "lat": 13.02964,
                "lon": 77.63134
              },
              {
                "name": "Kalyananagara",
                "name_kn": "ಕಲೆನನಗರ",
                "stop_id": "20903",
                "lat": 13.02654,
                "lon": 77.63688
              }
            ]
          },
          {
            "Route": "292-A",
            "RouteId": 13427,
            "RouteParentId": 7131,
            "Destination": "Shivajinagara Bus Station",
            "Via": "",
            "Area": "Yelahanka Old Town",
            "PlatformNumber": "3",
            "KannadaDestination": "ಶಿವಜಿನಗರ ಬುಸ್ ಸ್ಟಟಿೊಂ",
            "KannadaArea": "ಯಲಹಂಕ ಓಲ್ಡ್ ಟೌನ್",
            "KannadaVia": "",
            "FromStationId": 22640,
            "Stops": [
              {
                "name": "Yelahanka Old Town",
                "name_kn": "ಯೆಲಹಂಕ ೊಲ್ದ್ ಟೌಂ",
                "stop_id": "22640",
                "lat": 13.10091,
                "lon": 77.59436
              },
              {
                "name": "Yelahanka Santhe Circle",
                "name_kn": "ಯೆಲಹಂಕ ಸಂತೆ ಕಿರ್ಕ್ಲೆ",
                "stop_id": "22643",
                "lat": 13.09919,
                "lon": 77.59731
              },
              {
                "name": "Kogilu Cross",
                "name_kn": "ಕೊಗಿಲು ಕ್ರೊಸ್ಸ್",
                "stop_id": "22183",
                "lat": 13.10362,
                "lon": 77.60102
              },
              {
                "name": "Maruthi Nagara",
                "name_kn": "ಮರುತಿ ನಗರ",
                "stop_id": "22266",
                "lat": 13.10445,
                "lon": 77.60632
              },
              {
                "name": "Sapthagiri Layout",
                "name_kn": "ಸಪ್ತಗಿರಿ ಲಯೌಟ್",
                "stop_id": "22457",
                "lat": 13.10457,
                "lon": 77.61045
              },
              {
                "name": "Kogilu",
                "name_kn": "ಕೊಗಿಲು",
                "stop_id": "22181",
                "lat": 13.10362,
                "lon": 77.616
              },
              {
                "name": "Srinivasapura Kogilu",
                "name_kn": "ಸ್ರಿನಿವಸಪುರ ಕೊಗಿಲು",
                "stop_id": "22513",
                "lat": 13.10347,
                "lon": 77.62349
              },
              {
                "name": "Ittige Factory",
                "name_kn": "ಇಟಿಗೆ ೞಕ್ಟೊರೆ",
                "stop_id": "22087",
                "lat": 13.10252,
                "lon": 77.62918
              },
              {
                "name": "Bellahalli Cross",
                "name_kn": "ಬೆಲ್ಲಹಲ್ಲಿ ಕ್ರೊಸ್ಸ್",
                "stop_id": "31951",
                "lat": 13.10207,
                "lon": 77.63351
              },
              {
                "name": "Purvankara Northern Destiny Bellahalli",
                "name_kn": "ಪುರ್ವಂಕರ ನೊರ್ತೆರ್ಂ ದೆಸ್ಟಿನೆ ಬೆಲ್ಲಹಲ್ಲಿ",
                "stop_id": "34294",
                "lat": 13.09606,
                "lon": 77.63604
              },
              {
                "name": "Thirumenahalli Cross (KNS College)",
                "name_kn": "ತಿರುಮೆನಹಲ್ಲಿ ಕ್ರೊಸ್ಸ್ (ಕ್ಂಸ್ ಕೊಲ್ಲೆಗೆ)",
                "stop_id": "22555",
                "lat": 13.08871,
                "lon": 77.6355
              },
              {
                "name": "Chokkanahalli Gate",
                "name_kn": "ಚೊಕ್ಕನಹಲ್ಲಿ ಗಟೆ",
                "stop_id": "21846",
                "lat": 13.08466,
                "lon": 77.63487
              },
              {
                "name": "Noor Nagara",
                "name_kn": "ನೂರ್ ನಗರ",
                "stop_id": "22365",
                "lat": 13.08003,
                "lon": 77.63413
              },
              {
                "name": "Koli Farm",
                "name_kn": "ಕೊಲಿ ೞರ್ಂ",
                "stop_id": "22186",
                "lat": 13.07404,
                "lon": 77.63376
              },
              {
                "name": "RK Hegde Nagara",
                "name_kn": "ರ್ಕ್ ಹೆಗ್ದೆ ನಗರ",
                "stop_id": "22429",
                "lat": 13.07158,
                "lon": 77.63362
              },
              {
                "name": "K Narayanapura Cross",
                "name_kn": "ಕ್ ನರಯನಪುರ ಕ್ರೊಸ್ಸ್",
                "stop_id": "33198",
                "lat": 13.06754,
                "lon": 77.63392
              },
              {
                "name": "Shirdi Sai Nagara",
                "name_kn": "ಶಿರ್ದಿ ಸೈ ನಗರ",
                "stop_id": "35158",
                "lat": 13.06676,
                "lon": 77.63803
              },
              {
                "name": "K Narayanapura Main Bus Stand",
                "name_kn": "ಕ್ ನರಯನಪುರ ಮೈಂ ಬುಸ್ ಸ್ಟಂದ್",
                "stop_id": "33200",
                "lat": 13.06632,
                "lon": 77.64075
              },
              {
                "name": "K Narayanapura",
                "name_kn": "ಕ್ ನರಯನಪುರ",
                "stop_id": "33197",
                "lat": 13.06332,
                "lon": 77.64226
              },
              {
                "name": "Kristu Jayanti College",
                "name_kn": "ಕ್ರಿಸ್ಟು ಜಯಂಟಿ ಕೊಲ್ಲೆಗೆ",
                "stop_id": "31279",
                "lat": 13.05855,
                "lon": 77.6431
              },
              {
                "name": "K Narayanapura Cross",
                "name_kn": "ಕ್ ನರಯನಪುರ ಕ್ರೊಸ್ಸ್",
                "stop_id": "22128",
                "lat": 13.05278,
                "lon": 77.64612
              },
              {
                "name": "Geddalahalli",
                "name_kn": "ಗೆದ್ದಲಹಲ್ಲಿ",
                "stop_id": "21956",
                "lat": 13.04838,
                "lon": 77.6454
              },
              {
                "name": "Janaki Rama Layout",
                "name_kn": "ಜನಕಿ ರಮ ಲಯೌಟ್",
                "stop_id": "22100",
                "lat": 13.04319,
                "lon": 77.6424
              },
              {
                "name": "Hennur",
                "name_kn": "ಹೆಂನುರ್",
                "stop_id": "35177",
                "lat": 13.03947,
                "lon": 77.64154
              },
              {
                "name": "Hennur Bande",
                "name_kn": "ಹೆಂನುರ್ ಬಂದೆ",
                "stop_id": "22028",
                "lat": 13.03663,
                "lon": 77.64072
              },
              {
                "name": "Hennuru Petrol Bunk",
                "name_kn": "ಹೆಂನುರು ಪೆಟ್ರೊಲ್ ಬುಂಕ್",
                "stop_id": "25862",
                "lat": 13.03294,
                "lon": 77.63755
              },
              {
                "name": "Hennur Cross",
                "name_kn": "ಹೆಂನುರ್ ಕ್ರೊಸ್ಸ್",
                "stop_id": "22030",
                "lat": 13.03158,
                "lon": 77.636
              },
              {
                "name": "Hennur Junction",
                "name_kn": "ಹೆಂನುರ್ ಜುಂಕ್ಟಿೊಂ",
                "stop_id": "35921",
                "lat": 13.02812,
                "lon": 77.63316
              },
              {
                "name": "Depot-10 Gate",
                "name_kn": "ದೆಪೊಟ್-10 ಗಟೆ",
                "stop_id": "39174",
                "lat": 13.02577,
                "lon": 77.63181
              },
              {
                "name": "Kacharakanahalli",
                "name_kn": "ಕಚರಕನಹಲ್ಲಿ",
                "stop_id": "39173",
                "lat": 13.02141,
                "lon": 77.62991
              },
              {
                "name": "Jyothi School",
                "name_kn": "ಜೆೊತಿ ಸ್ಚೂಲ್",
                "stop_id": "22124",
                "lat": 13.01447,
                "lon": 77.62716
              },
              {
                "name": "Lingarajapura",
                "name_kn": "ಲಿಙರಜಪುರ",
                "stop_id": "22228",
                "lat": 13.01255,
                "lon": 77.62589
              },
              {
                "name": "Lingarajapura Bridge",
                "name_kn": "ಲಿಙರಜಪುರ ಬ್ರಿದ್ಗೆ",
                "stop_id": "22230",
                "lat": 13.00905,
                "lon": 77.62333
              },
              {
                "name": "Charls School Toll Gate",
                "name_kn": "ಚರ್ಲ್ಸ್ ಸ್ಚೂಲ್ ಟೊಲ್ಲ್ ಗಟೆ",
                "stop_id": "21827",
                "lat": 13.00618,
                "lon": 77.62096
              },
              {
                "name": "Devis Road",
                "name_kn": "ದೆವಿಸ್ ರೊದ್",
                "stop_id": "21891",
                "lat": 13.00327,
                "lon": 77.61899
              },
              {
                "name": "Clarence School",
                "name_kn": "ಕ್ಲರೆಂಕೆ ಸ್ಚೂಲ್",
                "stop_id": "35922",
                "lat": 13.00309,
                "lon": 77.61666
              },
              {
                "name": "Frazer Town",
                "name_kn": "ೞ್ರಜ಼ೆರ್ ಟೌಂ",
                "stop_id": "21943",
                "lat": 13.00115,
                "lon": 77.61196
              },
              {
                "name": "Coles Park",
                "name_kn": "ಕೊಲೆಸ್ ಪರ್ಕ್",
                "stop_id": "21857",
                "lat": 12.99534,
                "lon": 77.60829
              },
              {
                "name": "Bamboo Bazar",
                "name_kn": "ಬಂಬೂ ಬಜ಼ರ್",
                "stop_id": "21706",
                "lat": 12.99204,
                "lon": 77.60397
              },
              {
                "name": "CSI Hospital",
                "name_kn": "ಕ್ಸಿ ಹೊಸ್ಪಿಟಲ್",
                "stop_id": "21868",
                "lat": 12.98983,
                "lon": 77.59938
              },
              {
                "name": "Indian Express",
                "name_kn": "ಇಂದಿಂ ೆಕ್ಸ್ಪ್ರೆಸ್ಸ್",
                "stop_id": "20855",
                "lat": 12.98408,
                "lon": 77.59827
              },
              {
                "name": "Shivajinagara Bus Station",
                "name_kn": "ಶಿವಜಿನಗರ ಬುಸ್ ಸ್ಟಟಿೊಂ",
                "stop_id": "21173",
                "lat": 12.98328,
                "lon": 77.60304
              }
            ]
          },
          {
            "Route": "290-E D10G-YHKOT",
            "RouteId": 16279,
            "RouteParentId": 8718,
            "Destination": "Depot-10 Gate",
            "Via": "",
            "Area": "Yelahanka Old Town",
            "PlatformNumber": "3",
            "KannadaDestination": "ದೆಪೊಟ್-10 ಗಟೆ",
            "KannadaArea": "ಯಲಹಂಕ ಓಲ್ಡ್ ಟೌನ್",
            "KannadaVia": "",
            "FromStationId": 22643,
            "Stops": [
              {
                "name": "Yelahanka Old Town",
                "name_kn": "ಯೆಲಹಂಕ ೊಲ್ದ್ ಟೌಂ",
                "stop_id": "22640",
                "lat": 13.10091,
                "lon": 77.59436
              },
              {
                "name": "Yelahanka Santhe Circle",
                "name_kn": "ಯೆಲಹಂಕ ಸಂತೆ ಕಿರ್ಕ್ಲೆ",
                "stop_id": "22643",
                "lat": 13.09919,
                "lon": 77.59731
              },
              {
                "name": "Kogilu Cross",
                "name_kn": "ಕೊಗಿಲು ಕ್ರೊಸ್ಸ್",
                "stop_id": "22183",
                "lat": 13.10362,
                "lon": 77.60102
              },
              {
                "name": "Maruthi Nagara",
                "name_kn": "ಮರುತಿ ನಗರ",
                "stop_id": "22266",
                "lat": 13.10445,
                "lon": 77.60632
              },
              {
                "name": "Sapthagiri Layout",
                "name_kn": "ಸಪ್ತಗಿರಿ ಲಯೌಟ್",
                "stop_id": "22457",
                "lat": 13.10457,
                "lon": 77.61045
              },
              {
                "name": "Kogilu",
                "name_kn": "ಕೊಗಿಲು",
                "stop_id": "22181",
                "lat": 13.10362,
                "lon": 77.616
              },
              {
                "name": "Srinivasapura Kogilu",
                "name_kn": "ಸ್ರಿನಿವಸಪುರ ಕೊಗಿಲು",
                "stop_id": "22513",
                "lat": 13.10347,
                "lon": 77.62349
              },
              {
                "name": "Ittige Factory",
                "name_kn": "ಇಟಿಗೆ ೞಕ್ಟೊರೆ",
                "stop_id": "22087",
                "lat": 13.10252,
                "lon": 77.62918
              },
              {
                "name": "Bellahalli Cross THS Main Road",
                "name_kn": "ಬೆಲ್ಲಹಲ್ಲಿ ಕ್ರೊಸ್ಸ್ ತ್ಸ್ ಮೈಂ ರೊದ್",
                "stop_id": "21740",
                "lat": 13.10113,
                "lon": 77.6351
              },
              {
                "name": "Purvankara Northern Destiny Bellahalli",
                "name_kn": "ಪುರ್ವಂಕರ ನೊರ್ತೆರ್ಂ ದೆಸ್ಟಿನೆ ಬೆಲ್ಲಹಲ್ಲಿ",
                "stop_id": "34294",
                "lat": 13.09606,
                "lon": 77.63604
              },
              {
                "name": "Thirumenahalli Cross (KNS College)",
                "name_kn": "ತಿರುಮೆನಹಲ್ಲಿ ಕ್ರೊಸ್ಸ್ (ಕ್ಂಸ್ ಕೊಲ್ಲೆಗೆ)",
                "stop_id": "22555",
                "lat": 13.08871,
                "lon": 77.6355
              },
              {
                "name": "Chokkanahalli Gate",
                "name_kn": "ಚೊಕ್ಕನಹಲ್ಲಿ ಗಟೆ",
                "stop_id": "21846",
                "lat": 13.08466,
                "lon": 77.63487
              },
              {
                "name": "Noor Nagara",
                "name_kn": "ನೂರ್ ನಗರ",
                "stop_id": "22365",
                "lat": 13.08003,
                "lon": 77.63413
              },
              {
                "name": "Koli Farm",
                "name_kn": "ಕೊಲಿ ೞರ್ಂ",
                "stop_id": "22186",
                "lat": 13.07404,
                "lon": 77.63376
              },
              {
                "name": "RK Hegde Nagara",
                "name_kn": "ರ್ಕ್ ಹೆಗ್ದೆ ನಗರ",
                "stop_id": "22430",
                "lat": 13.0719,
                "lon": 77.63376
              },
              {
                "name": "K Narayanapura Cross",
                "name_kn": "ಕ್ ನರಯನಪುರ ಕ್ರೊಸ್ಸ್",
                "stop_id": "22126",
                "lat": 13.06833,
                "lon": 77.63375
              },
              {
                "name": "Book Factory Thanisandra",
                "name_kn": "ಬೂಕ್ ೞಕ್ಟೊರೆ ತನಿಸಂದ್ರ",
                "stop_id": "21778",
                "lat": 13.06161,
                "lon": 77.63334
              },
              {
                "name": "Thanisandra",
                "name_kn": "ತನಿಸಂದ್ರ",
                "stop_id": "22541",
                "lat": 13.0561,
                "lon": 77.63291
              },
              {
                "name": "Ashwath Nagara",
                "name_kn": "ಅಶ್ವತ್ ನಗರ",
                "stop_id": "21666",
                "lat": 13.05289,
                "lon": 77.63144
              },
              {
                "name": "Sarayipalya",
                "name_kn": "ಸರಯಿಪಲೆ",
                "stop_id": "28167",
                "lat": 13.04745,
                "lon": 77.62868
              },
              {
                "name": "Vidyasagara",
                "name_kn": "ವಿಠೆಸಗರ",
                "stop_id": "22601",
                "lat": 13.04559,
                "lon": 77.62759
              },
              {
                "name": "Nagavara Junction Petrol Bunk",
                "name_kn": "ನಗವರ ಜುಂಕ್ಟಿೊಂ ಪೆಟ್ರೊಲ್ ಬುಂಕ್",
                "stop_id": "22382",
                "lat": 13.04189,
                "lon": 77.62498
              },
              {
                "name": "Nagawara Junction",
                "name_kn": "ನಗವರ ಜುಂಕ್ಟಿೊಂ",
                "stop_id": "20884",
                "lat": 13.0402,
                "lon": 77.62454
              },
              {
                "name": "HBR Layout",
                "name_kn": "ಹ್ಬ್ರ್ ಲಯೌಟ್",
                "stop_id": "20815",
                "lat": 13.03517,
                "lon": 77.62857
              },
              {
                "name": "Hennur Junction",
                "name_kn": "ಹೆಂನುರ್ ಜುಂಕ್ಟಿೊಂ",
                "stop_id": "21522",
                "lat": 13.02964,
                "lon": 77.63134
              },
              {
                "name": "Depot-10 Gate",
                "name_kn": "ದೆಪೊಟ್-10 ಗಟೆ",
                "stop_id": "39174",
                "lat": 13.02577,
                "lon": 77.63181
              }
            ]
          },
          {
            "Route": "401-E",
            "RouteId": 2578,
            "RouteParentId": 1484,
            "Destination": "Chandra Layout",
            "Via": "",
            "Area": "Yelahanka Old Town",
            "PlatformNumber": "3",
            "KannadaDestination": "ಚಂದ್ರ ಲಯೌಟ್",
            "KannadaArea": "ಯಲಹಂಕ ಓಲ್ಡ್ ಟೌನ್",
            "KannadaVia": "",
            "FromStationId": 22640,
            "Stops": [
              {
                "name": "Yelahanka Old Town",
                "name_kn": "ಯೆಲಹಂಕ ೊಲ್ದ್ ಟೌಂ",
                "stop_id": "22640",
                "lat": 13.10091,
                "lon": 77.59436
              },
              {
                "name": "Yelahanka Santhe Circle",
                "name_kn": "ಯೆಲಹಂಕ ಸಂತೆ ಕಿರ್ಕ್ಲೆ",
                "stop_id": "22645",
                "lat": 13.09852,
                "lon": 77.59698
              },
              {
                "name": "NES Office",
                "name_kn": "ನೆಸ್ ೊೞ್ೞಿಕೆ",
                "stop_id": "22356",
                "lat": 13.09766,
                "lon": 77.59166
              },
              {
                "name": "Sheshadripuram College",
                "name_kn": "ಶೆಶದ್ರಿಪುರಂ ಕೊಲ್ಲೆಗೆ",
                "stop_id": "22481",
                "lat": 13.09951,
                "lon": 77.58834
              },
              {
                "name": "Sharavathi Hotel",
                "name_kn": "ಶರವತಿ ಹೊಟೆಲ್",
                "stop_id": "22475",
                "lat": 13.09797,
                "lon": 77.58442
              },
              {
                "name": "Chikka Bommasandra Cross",
                "name_kn": "ಚಿಕ್ಕ ಬೊಮ್ಮಸಂದ್ರ ಕ್ರೊಸ್ಸ್",
                "stop_id": "21834",
                "lat": 13.09353,
                "lon": 77.58251
              },
              {
                "name": "Yelahanka Satellite Town",
                "name_kn": "ಯೆಲಹಂಕ ಸಟೆಲ್ಲಿಟೆ ಟೌಂ",
                "stop_id": "22646",
                "lat": 13.0958,
                "lon": 77.57921
              },
              {
                "name": "Mother Dairy Cross Yelahanka",
                "name_kn": "ಮೊತೆರ್ ದೈರೆ ಕ್ರೊಸ್ಸ್ ಯೆಲಹಂಕ",
                "stop_id": "22299",
                "lat": 13.09934,
                "lon": 77.57717
              },
              {
                "name": "Atturu Layout",
                "name_kn": "ಅಟುರು ಲಯೌಟ್",
                "stop_id": "21675",
                "lat": 13.09774,
                "lon": 77.56766
              },
              {
                "name": "Thirumala Dhaba",
                "name_kn": "ತಿರುಮಲ ಧಬ",
                "stop_id": "22551",
                "lat": 13.09762,
                "lon": 77.563
              },
              {
                "name": "Bettahalli Layout",
                "name_kn": "ಬೆಟಹಲ್ಲಿ ಲಯೌಟ್",
                "stop_id": "21749",
                "lat": 13.0923,
                "lon": 77.55954
              },
              {
                "name": "Chikka Bettahalli",
                "name_kn": "ಚಿಕ್ಕ ಬೆಟಹಲ್ಲಿ",
                "stop_id": "21832",
                "lat": 13.08945,
                "lon": 77.55629
              },
              {
                "name": "Jalli Machine",
                "name_kn": "ಜಲ್ಲಿ ಮಚಿನೆ",
                "stop_id": "22098",
                "lat": 13.08605,
                "lon": 77.5556
              },
              {
                "name": "Vidyaranyapura",
                "name_kn": "ವಿಠೆರನೆಪುರ",
                "stop_id": "22602",
                "lat": 13.08381,
                "lon": 77.56027
              },
              {
                "name": "Durga Parameshwari Temple",
                "name_kn": "ದುರ್ಗ ಪರಮೆಶ್ವರಿ ಟೆಂಪ್ಲೆ",
                "stop_id": "21927",
                "lat": 13.08182,
                "lon": 77.55979
              },
              {
                "name": "Echalamara Vidyaranyapura",
                "name_kn": "ಎಚಲಮರ ವಿಠೆರನೆಪುರ",
                "stop_id": "21930",
                "lat": 13.08005,
                "lon": 77.55933
              },
              {
                "name": "Vidyaranyapura Post Office",
                "name_kn": "ವಿಠೆರನೆಪುರ ಪೊಸ್ಟ್ ೊೞ್ೞಿಕೆ",
                "stop_id": "22399",
                "lat": 13.07654,
                "lon": 77.55829
              },
              {
                "name": "Lakshmi Venkateshwara Temple",
                "name_kn": "ಲಕ್ಷ್ಮಿ ವೆಂಕಟೆಶ್ವರ ಟೆಂಪ್ಲೆ",
                "stop_id": "22218",
                "lat": 13.07443,
                "lon": 77.55743
              },
              {
                "name": "3rd Block Vidyaranyapura",
                "name_kn": "3ರ್ದ್ ಬ್ಲೊಕ್ಕ್ ವಿಠೆರನೆಪುರ",
                "stop_id": "21633",
                "lat": 13.0723,
                "lon": 77.55641
              },
              {
                "name": "1st Block Vidyaranyapura",
                "name_kn": "1ಸ್ಟ್ ಬ್ಲೊಕ್ಕ್ ವಿಠೆರನೆಪುರ",
                "stop_id": "21631",
                "lat": 13.07024,
                "lon": 77.55543
              },
              {
                "name": "Nanjappa Circle",
                "name_kn": "ನಞಪ್ಪ ಕಿರ್ಕ್ಲೆ",
                "stop_id": "22343",
                "lat": 13.06849,
                "lon": 77.55995
              },
              {
                "name": "Chamundeshwari Layout",
                "name_kn": "ಚಮುಂದೆಶ್ವರಿ ಲಯೌಟ್",
                "stop_id": "21815",
                "lat": 13.06492,
                "lon": 77.55971
              },
              {
                "name": "Dodda Bommasandra",
                "name_kn": "ದೊದ್ದ ಬೊಮ್ಮಸಂದ್ರ",
                "stop_id": "21901",
                "lat": 13.06001,
                "lon": 77.559
              },
              {
                "name": "Dodda Bommasandra Arch",
                "name_kn": "ದೊದ್ದ ಬೊಮ್ಮಸಂದ್ರ ರ್ಚ್",
                "stop_id": "21903",
                "lat": 13.05872,
                "lon": 77.55927
              },
              {
                "name": "Nagaland Circle",
                "name_kn": "ನಗಲಂದ್ ಕಿರ್ಕ್ಲೆ",
                "stop_id": "22324",
                "lat": 13.05575,
                "lon": 77.55721
              },
              {
                "name": "BEL Hospital",
                "name_kn": "ಬೆಲ್ ಹೊಸ್ಪಿಟಲ್",
                "stop_id": "21736",
                "lat": 13.05016,
                "lon": 77.55749
              },
              {
                "name": "BEL Circle",
                "name_kn": "ಬೆಲ್ ಕಿರ್ಕ್ಲೆ",
                "stop_id": "20637",
                "lat": 13.0452,
                "lon": 77.55669
              },
              {
                "name": "Gokula",
                "name_kn": "ಗೊಕುಲ",
                "stop_id": "21968",
                "lat": 13.04152,
                "lon": 77.55725
              },
              {
                "name": "Mathikere",
                "name_kn": "ಮತಿಕೆರೆ",
                "stop_id": "22276",
                "lat": 13.03467,
                "lon": 77.55748
              },
              {
                "name": "MS Ramaiah College",
                "name_kn": "ಂಸ್ ರಮೈಹ್ ಕೊಲ್ಲೆಗೆ",
                "stop_id": "22306",
                "lat": 13.02867,
                "lon": 77.56161
              },
              {
                "name": "Diwanarapalya",
                "name_kn": "ದಿವನರಪಲೆ",
                "stop_id": "21899",
                "lat": 13.02677,
                "lon": 77.56181
              },
              {
                "name": "Ayyappa Temple Yeshawanthapura",
                "name_kn": "ಅಯೆಪ್ಪ ಟೆಂಪ್ಲೆ ಯೆಶವಂತಪುರ",
                "stop_id": "21690",
                "lat": 13.02164,
                "lon": 77.56317
              },
              {
                "name": "Yeshawanthapura Tollgate",
                "name_kn": "ಯೆಶವಂತಪುರ ಟೊಲ್ಲ್ಗಟೆ",
                "stop_id": "22647",
                "lat": 13.0179,
                "lon": 77.56099
              },
              {
                "name": "Yeshawanthapura Bus Station",
                "name_kn": "ಯೆಶವಂತಪುರ ಬುಸ್ ಸ್ಟಟಿೊಂ",
                "stop_id": "21288",
                "lat": 13.01801,
                "lon": 77.55662
              },
              {
                "name": "Govt Soap Factory",
                "name_kn": "ಗೊವ್ಟ್ ಸೊಪ್ ೞಕ್ಟೊರೆ",
                "stop_id": "20796",
                "lat": 13.01309,
                "lon": 77.55438
              },
              {
                "name": "Iskcon Temple",
                "name_kn": "ಇಸ್ಕ್ಕೊಂ ಟೆಂಪ್ಲೆ",
                "stop_id": "20859",
                "lat": 13.01174,
                "lon": 77.55174
              },
              {
                "name": "Mahalakshmi Layout Entrance",
                "name_kn": "ಮಹಲಕ್ಷ್ಮಿ ಲಯೌಟ್ ೆಂಟ್ರಂಕೆ",
                "stop_id": "20979",
                "lat": 13.00736,
                "lon": 77.54879
              },
              {
                "name": "1st Block Rajajinagara",
                "name_kn": "1ಸ್ಟ್ ಬ್ಲೊಕ್ಕ್ ರಜಜಿನಗರ",
                "stop_id": "20575",
                "lat": 13.0047,
                "lon": 77.54909
              },
              {
                "name": "Rajajinagara Metro Station",
                "name_kn": "ರಜಜಿನಗರ ಮೆಟ್ರೊ ಸ್ಟಟಿೊಂ",
                "stop_id": "34333",
                "lat": 12.99983,
                "lon": 77.54991
              },
              {
                "name": "Manjunatha Nagara",
                "name_kn": "ಮಞುನತ ನಗರ",
                "stop_id": "20995",
                "lat": 12.99593,
                "lon": 77.55068
              },
              {
                "name": "ESI Hospital Rajajinagara",
                "name_kn": "ಎಸಿ ಹೊಸ್ಪಿಟಲ್ ರಜಜಿನಗರ",
                "stop_id": "21935",
                "lat": 12.99075,
                "lon": 77.55091
              },
              {
                "name": "Dhobi Ghat Rajajinagara",
                "name_kn": "ಧೊಬಿ ಘಟ್ ರಜಜಿನಗರ",
                "stop_id": "21895",
                "lat": 12.98552,
                "lon": 77.54929
              },
              {
                "name": "Industrial Area Rajajinagara",
                "name_kn": "ಇಂದುಸ್ಟ್ರಿಲ್ ರೆ ರಜಜಿನಗರ",
                "stop_id": "22078",
                "lat": 12.98202,
                "lon": 77.54905
              },
              {
                "name": "Aralimara Industrial Area Rajajinagara",
                "name_kn": "ಅರಲಿಮರ ಿಂದುಸ್ಟ್ರಿಲ್ ರೆ ರಜಜಿನಗರ",
                "stop_id": "21654",
                "lat": 12.97858,
                "lon": 77.54902
              },
              {
                "name": "Magadi Road TollGate",
                "name_kn": "ಮಗದಿ ರೊದ್ ಟೊಲ್ಲ್ಗಟೆ",
                "stop_id": "23481",
                "lat": 12.97516,
                "lon": 77.54862
              },
              {
                "name": "Manuvana",
                "name_kn": "ಮನುವನ",
                "stop_id": "20996",
                "lat": 12.97401,
                "lon": 77.54656
              },
              {
                "name": "Vijayanagara Vijaya Bank",
                "name_kn": "ವಿಜಯನಗರ ವಿಜಯ ಬಂಕ್",
                "stop_id": "21269",
                "lat": 12.97359,
                "lon": 77.54155
              },
              {
                "name": "Vijayanagara",
                "name_kn": "ವಿಜಯನಗರ",
                "stop_id": "21623",
                "lat": 12.97197,
                "lon": 77.53786
              },
              {
                "name": "Maruthi Mandira",
                "name_kn": "ಮರುತಿ ಮಂದಿರ",
                "stop_id": "21010",
                "lat": 12.96784,
                "lon": 77.53629
              },
              {
                "name": "Vijayanagara Bus Station",
                "name_kn": "ವಿಜಯನಗರ ಬುಸ್ ಸ್ಟಟಿೊಂ",
                "stop_id": "21267",
                "lat": 12.966,
                "lon": 77.53555
              },
              {
                "name": "Income Tax Layout",
                "name_kn": "ಇಂಕೊಮೆ ಟಕ್ಸ್ ಲಯೌಟ್",
                "stop_id": "20852",
                "lat": 12.96007,
                "lon": 77.53112
              },
              {
                "name": "Chandra Public School",
                "name_kn": "ಚಂದ್ರ ಪುಬ್ಲಿಕ್ ಸ್ಚೂಲ್",
                "stop_id": "20714",
                "lat": 12.96046,
                "lon": 77.52963
              },
              {
                "name": "Ganesha Temple Chandra Layout",
                "name_kn": "ಗನೆಶ ಟೆಂಪ್ಲೆ ಚಂದ್ರ ಲಯೌಟ್",
                "stop_id": "20779",
                "lat": 12.95803,
                "lon": 77.52876
              },
              {
                "name": "Chandra Layout Circle",
                "name_kn": "ಚಂದ್ರ ಲಯೌಟ್ ಕಿರ್ಕ್ಲೆ",
                "stop_id": "20712",
                "lat": 12.95815,
                "lon": 77.5265
              },
              {
                "name": "Chandra Layout",
                "name_kn": "ಚಂದ್ರ ಲಯೌಟ್",
                "stop_id": "22776",
                "lat": 12.95925,
                "lon": 77.52671
              }
            ]
          },
          {
            "Route": "276-F",
            "RouteId": 4629,
            "RouteParentId": 2534,
            "Destination": "Kempegowda Bus Station",
            "Via": "",
            "Area": "Yelahanka Old Town",
            "PlatformNumber": "3",
            "KannadaDestination": "ಕೆಂಪೆಗೌದ ಬುಸ್ ಸ್ಟಟಿೊಂ",
            "KannadaArea": "ಯಲಹಂಕ ಓಲ್ಡ್ ಟೌನ್",
            "KannadaVia": "",
            "FromStationId": 22640,
            "Stops": [
              {
                "name": "Yelahanka Old Town",
                "name_kn": "ಯೆಲಹಂಕ ೊಲ್ದ್ ಟೌಂ",
                "stop_id": "22640",
                "lat": 13.10091,
                "lon": 77.59436
              },
              {
                "name": "Yelahanka Santhe Circle",
                "name_kn": "ಯೆಲಹಂಕ ಸಂತೆ ಕಿರ್ಕ್ಲೆ",
                "stop_id": "22645",
                "lat": 13.09852,
                "lon": 77.59698
              },
              {
                "name": "NES Office",
                "name_kn": "ನೆಸ್ ೊೞ್ೞಿಕೆ",
                "stop_id": "22356",
                "lat": 13.09766,
                "lon": 77.59166
              },
              {
                "name": "Sheshadripuram College",
                "name_kn": "ಶೆಶದ್ರಿಪುರಂ ಕೊಲ್ಲೆಗೆ",
                "stop_id": "22481",
                "lat": 13.09951,
                "lon": 77.58834
              },
              {
                "name": "Sharavathi Hotel",
                "name_kn": "ಶರವತಿ ಹೊಟೆಲ್",
                "stop_id": "22475",
                "lat": 13.09797,
                "lon": 77.58442
              },
              {
                "name": "Chikka Bommasandra Cross",
                "name_kn": "ಚಿಕ್ಕ ಬೊಮ್ಮಸಂದ್ರ ಕ್ರೊಸ್ಸ್",
                "stop_id": "21834",
                "lat": 13.09353,
                "lon": 77.58251
              },
              {
                "name": "Yelahanka Satellite Town",
                "name_kn": "ಯೆಲಹಂಕ ಸಟೆಲ್ಲಿಟೆ ಟೌಂ",
                "stop_id": "22646",
                "lat": 13.0958,
                "lon": 77.57921
              },
              {
                "name": "Mother Dairy Cross Yelahanka",
                "name_kn": "ಮೊತೆರ್ ದೈರೆ ಕ್ರೊಸ್ಸ್ ಯೆಲಹಂಕ",
                "stop_id": "22299",
                "lat": 13.09934,
                "lon": 77.57717
              },
              {
                "name": "Atturu Layout",
                "name_kn": "ಅಟುರು ಲಯೌಟ್",
                "stop_id": "21675",
                "lat": 13.09774,
                "lon": 77.56766
              },
              {
                "name": "Thirumala Dhaba",
                "name_kn": "ತಿರುಮಲ ಧಬ",
                "stop_id": "22551",
                "lat": 13.09762,
                "lon": 77.563
              },
              {
                "name": "Bettahalli Layout",
                "name_kn": "ಬೆಟಹಲ್ಲಿ ಲಯೌಟ್",
                "stop_id": "21749",
                "lat": 13.0923,
                "lon": 77.55954
              },
              {
                "name": "Chikka Bettahalli",
                "name_kn": "ಚಿಕ್ಕ ಬೆಟಹಲ್ಲಿ",
                "stop_id": "21832",
                "lat": 13.08945,
                "lon": 77.55629
              },
              {
                "name": "Jalli Machine",
                "name_kn": "ಜಲ್ಲಿ ಮಚಿನೆ",
                "stop_id": "22098",
                "lat": 13.08605,
                "lon": 77.5556
              },
              {
                "name": "Vidyaranyapura",
                "name_kn": "ವಿಠೆರನೆಪುರ",
                "stop_id": "22602",
                "lat": 13.08381,
                "lon": 77.56027
              },
              {
                "name": "Durga Parameshwari Temple",
                "name_kn": "ದುರ್ಗ ಪರಮೆಶ್ವರಿ ಟೆಂಪ್ಲೆ",
                "stop_id": "21927",
                "lat": 13.08182,
                "lon": 77.55979
              },
              {
                "name": "Echalamara Vidyaranyapura",
                "name_kn": "ಎಚಲಮರ ವಿಠೆರನೆಪುರ",
                "stop_id": "21930",
                "lat": 13.08005,
                "lon": 77.55933
              },
              {
                "name": "Vidyaranyapura Post Office",
                "name_kn": "ವಿಠೆರನೆಪುರ ಪೊಸ್ಟ್ ೊೞ್ೞಿಕೆ",
                "stop_id": "22399",
                "lat": 13.07654,
                "lon": 77.55829
              },
              {
                "name": "Lakshmi Venkateshwara Temple",
                "name_kn": "ಲಕ್ಷ್ಮಿ ವೆಂಕಟೆಶ್ವರ ಟೆಂಪ್ಲೆ",
                "stop_id": "22218",
                "lat": 13.07443,
                "lon": 77.55743
              },
              {
                "name": "Nanjappa Circle",
                "name_kn": "ನಞಪ್ಪ ಕಿರ್ಕ್ಲೆ",
                "stop_id": "22343",
                "lat": 13.06849,
                "lon": 77.55995
              },
              {
                "name": "Chamundeshwari Layout",
                "name_kn": "ಚಮುಂದೆಶ್ವರಿ ಲಯೌಟ್",
                "stop_id": "21815",
                "lat": 13.06492,
                "lon": 77.55971
              },
              {
                "name": "Dodda Bommasandra",
                "name_kn": "ದೊದ್ದ ಬೊಮ್ಮಸಂದ್ರ",
                "stop_id": "21901",
                "lat": 13.06001,
                "lon": 77.559
              },
              {
                "name": "Dodda Bommasandra Arch",
                "name_kn": "ದೊದ್ದ ಬೊಮ್ಮಸಂದ್ರ ರ್ಚ್",
                "stop_id": "21903",
                "lat": 13.05872,
                "lon": 77.55927
              },
              {
                "name": "Nagaland Circle",
                "name_kn": "ನಗಲಂದ್ ಕಿರ್ಕ್ಲೆ",
                "stop_id": "22324",
                "lat": 13.05575,
                "lon": 77.55721
              },
              {
                "name": "BEL Hospital",
                "name_kn": "ಬೆಲ್ ಹೊಸ್ಪಿಟಲ್",
                "stop_id": "21736",
                "lat": 13.05016,
                "lon": 77.55749
              },
              {
                "name": "BEL Circle",
                "name_kn": "ಬೆಲ್ ಕಿರ್ಕ್ಲೆ",
                "stop_id": "20637",
                "lat": 13.0452,
                "lon": 77.55669
              },
              {
                "name": "Gokula",
                "name_kn": "ಗೊಕುಲ",
                "stop_id": "21968",
                "lat": 13.04152,
                "lon": 77.55725
              },
              {
                "name": "Mathikere",
                "name_kn": "ಮತಿಕೆರೆ",
                "stop_id": "22276",
                "lat": 13.03467,
                "lon": 77.55748
              },
              {
                "name": "MS Ramaiah College",
                "name_kn": "ಂಸ್ ರಮೈಹ್ ಕೊಲ್ಲೆಗೆ",
                "stop_id": "22306",
                "lat": 13.02867,
                "lon": 77.56161
              },
              {
                "name": "Diwanarapalya",
                "name_kn": "ದಿವನರಪಲೆ",
                "stop_id": "21899",
                "lat": 13.02677,
                "lon": 77.56181
              },
              {
                "name": "Ayyappa Temple Yeshawanthapura",
                "name_kn": "ಅಯೆಪ್ಪ ಟೆಂಪ್ಲೆ ಯೆಶವಂತಪುರ",
                "stop_id": "21690",
                "lat": 13.02164,
                "lon": 77.56317
              },
              {
                "name": "Yeshawanthapura Tollgate",
                "name_kn": "ಯೆಶವಂತಪುರ ಟೊಲ್ಲ್ಗಟೆ",
                "stop_id": "22647",
                "lat": 13.0179,
                "lon": 77.56099
              },
              {
                "name": "Tata Institute",
                "name_kn": "ಟಟ ಿಂಸ್ಟಿಟುಟೆ",
                "stop_id": "21214",
                "lat": 13.01313,
                "lon": 77.56755
              },
              {
                "name": "Malleshwaram 18th Cross",
                "name_kn": "ಮಲ್ಲೆಶ್ವರಂ 18ತ್ ಕ್ರೊಸ್ಸ್",
                "stop_id": "20573",
                "lat": 13.00894,
                "lon": 77.56918
              },
              {
                "name": "Malleshwaram 13th Cross",
                "name_kn": "ಮಲ್ಲೆಶ್ವರಂ 13ತ್ ಕ್ರೊಸ್ಸ್",
                "stop_id": "20564",
                "lat": 13.00408,
                "lon": 77.56923
              },
              {
                "name": "Malleshwaram 11th Cross",
                "name_kn": "ಮಲ್ಲೆಶ್ವರಂ 11ತ್ ಕ್ರೊಸ್ಸ್",
                "stop_id": "20562",
                "lat": 13.00238,
                "lon": 77.5693
              },
              {
                "name": "Malleshwara 8th Cross",
                "name_kn": "ಮಲ್ಲೆಶ್ವರ 8ತ್ ಕ್ರೊಸ್ಸ್",
                "stop_id": "20589",
                "lat": 12.99969,
                "lon": 77.56933
              },
              {
                "name": "Malleshwara Circle",
                "name_kn": "ಮಲ್ಲೆಶ್ವರ ಕಿರ್ಕ್ಲೆ",
                "stop_id": "20989",
                "lat": 12.99727,
                "lon": 77.56945
              },
              {
                "name": "Link Road",
                "name_kn": "ಲಿಂಕ್ ರೊದ್",
                "stop_id": "20971",
                "lat": 12.99426,
                "lon": 77.57388
              },
              {
                "name": "Central",
                "name_kn": "ಕೆಂಟ್ರಲ್",
                "stop_id": "20703",
                "lat": 12.9898,
                "lon": 77.57204
              },
              {
                "name": "Kempegowda Bus Station",
                "name_kn": "ಕೆಂಪೆಗೌದ ಬುಸ್ ಸ್ಟಟಿೊಂ",
                "stop_id": "20922",
                "lat": 12.97749,
                "lon": 77.57327
              }
            ]
          },
          {
            "Route": "401-RD",
            "RouteId": 14467,
            "RouteParentId": 7747,
            "Destination": "BEML Layout 5th stage",
            "Via": "",
            "Area": "Yelahanka Old Town",
            "PlatformNumber": "3",
            "KannadaDestination": "ಬೆಂಲ್ ಲಯೌಟ್ 5ತ್ ಸ್ಟಗೆ",
            "KannadaArea": "ಯಲಹಂಕ ಓಲ್ಡ್ ಟೌನ್",
            "KannadaVia": "",
            "FromStationId": 22640,
            "Stops": [
              {
                "name": "Yelahanka Old Town",
                "name_kn": "ಯೆಲಹಂಕ ೊಲ್ದ್ ಟೌಂ",
                "stop_id": "22640",
                "lat": 13.10091,
                "lon": 77.59436
              },
              {
                "name": "Yelahanka Santhe Circle",
                "name_kn": "ಯೆಲಹಂಕ ಸಂತೆ ಕಿರ್ಕ್ಲೆ",
                "stop_id": "22645",
                "lat": 13.09852,
                "lon": 77.59698
              },
              {
                "name": "NES Office",
                "name_kn": "ನೆಸ್ ೊೞ್ೞಿಕೆ",
                "stop_id": "22356",
                "lat": 13.09766,
                "lon": 77.59166
              },
              {
                "name": "Sheshadripuram College",
                "name_kn": "ಶೆಶದ್ರಿಪುರಂ ಕೊಲ್ಲೆಗೆ",
                "stop_id": "22481",
                "lat": 13.09951,
                "lon": 77.58834
              },
              {
                "name": "Sharavathi Hotel",
                "name_kn": "ಶರವತಿ ಹೊಟೆಲ್",
                "stop_id": "22475",
                "lat": 13.09797,
                "lon": 77.58442
              },
              {
                "name": "Chikka Bommasandra Cross",
                "name_kn": "ಚಿಕ್ಕ ಬೊಮ್ಮಸಂದ್ರ ಕ್ರೊಸ್ಸ್",
                "stop_id": "21834",
                "lat": 13.09353,
                "lon": 77.58251
              },
              {
                "name": "Yelahanka Satellite Town",
                "name_kn": "ಯೆಲಹಂಕ ಸಟೆಲ್ಲಿಟೆ ಟೌಂ",
                "stop_id": "22646",
                "lat": 13.0958,
                "lon": 77.57921
              },
              {
                "name": "Mother Dairy Cross Yelahanka",
                "name_kn": "ಮೊತೆರ್ ದೈರೆ ಕ್ರೊಸ್ಸ್ ಯೆಲಹಂಕ",
                "stop_id": "22299",
                "lat": 13.09934,
                "lon": 77.57717
              },
              {
                "name": "Atturu Layout",
                "name_kn": "ಅಟುರು ಲಯೌಟ್",
                "stop_id": "21675",
                "lat": 13.09774,
                "lon": 77.56766
              },
              {
                "name": "Thirumala Dhaba",
                "name_kn": "ತಿರುಮಲ ಧಬ",
                "stop_id": "22551",
                "lat": 13.09762,
                "lon": 77.563
              },
              {
                "name": "Bettahalli Layout",
                "name_kn": "ಬೆಟಹಲ್ಲಿ ಲಯೌಟ್",
                "stop_id": "21749",
                "lat": 13.0923,
                "lon": 77.55954
              },
              {
                "name": "Chikka Bettahalli",
                "name_kn": "ಚಿಕ್ಕ ಬೆಟಹಲ್ಲಿ",
                "stop_id": "21832",
                "lat": 13.08945,
                "lon": 77.55629
              },
              {
                "name": "Jalli Machine",
                "name_kn": "ಜಲ್ಲಿ ಮಚಿನೆ",
                "stop_id": "22098",
                "lat": 13.08605,
                "lon": 77.5556
              },
              {
                "name": "Vidyaranyapura",
                "name_kn": "ವಿಠೆರನೆಪುರ",
                "stop_id": "22602",
                "lat": 13.08381,
                "lon": 77.56027
              },
              {
                "name": "Durga Parameshwari Temple",
                "name_kn": "ದುರ್ಗ ಪರಮೆಶ್ವರಿ ಟೆಂಪ್ಲೆ",
                "stop_id": "21927",
                "lat": 13.08182,
                "lon": 77.55979
              },
              {
                "name": "Echalamara Vidyaranyapura",
                "name_kn": "ಎಚಲಮರ ವಿಠೆರನೆಪುರ",
                "stop_id": "21930",
                "lat": 13.08005,
                "lon": 77.55933
              },
              {
                "name": "Vidyaranyapura Post Office",
                "name_kn": "ವಿಠೆರನೆಪುರ ಪೊಸ್ಟ್ ೊೞ್ೞಿಕೆ",
                "stop_id": "22399",
                "lat": 13.07654,
                "lon": 77.55829
              },
              {
                "name": "Lakshmi Venkateshwara Temple",
                "name_kn": "ಲಕ್ಷ್ಮಿ ವೆಂಕಟೆಶ್ವರ ಟೆಂಪ್ಲೆ",
                "stop_id": "22218",
                "lat": 13.07443,
                "lon": 77.55743
              },
              {
                "name": "3rd Block Vidyaranyapura",
                "name_kn": "3ರ್ದ್ ಬ್ಲೊಕ್ಕ್ ವಿಠೆರನೆಪುರ",
                "stop_id": "21633",
                "lat": 13.0723,
                "lon": 77.55641
              },
              {
                "name": "Canara Bank Vidyaranyapura",
                "name_kn": "ಕನರ ಬಂಕ್ ವಿಠೆರನೆಪುರ",
                "stop_id": "21804",
                "lat": 13.07171,
                "lon": 77.55609
              },
              {
                "name": "1st Block Vidyaranyapura",
                "name_kn": "1ಸ್ಟ್ ಬ್ಲೊಕ್ಕ್ ವಿಠೆರನೆಪುರ",
                "stop_id": "21631",
                "lat": 13.07024,
                "lon": 77.55543
              },
              {
                "name": "Nanjappa Circle",
                "name_kn": "ನಞಪ್ಪ ಕಿರ್ಕ್ಲೆ",
                "stop_id": "22343",
                "lat": 13.06849,
                "lon": 77.55995
              },
              {
                "name": "Chamundeshwari Layout",
                "name_kn": "ಚಮುಂದೆಶ್ವರಿ ಲಯೌಟ್",
                "stop_id": "21815",
                "lat": 13.06492,
                "lon": 77.55971
              },
              {
                "name": "Dodda Bommasandra",
                "name_kn": "ದೊದ್ದ ಬೊಮ್ಮಸಂದ್ರ",
                "stop_id": "21902",
                "lat": 13.06016,
                "lon": 77.55878
              },
              {
                "name": "Dodda Bommasandra Arch",
                "name_kn": "ದೊದ್ದ ಬೊಮ್ಮಸಂದ್ರ ರ್ಚ್",
                "stop_id": "21903",
                "lat": 13.05872,
                "lon": 77.55927
              },
              {
                "name": "Nagaland Circle",
                "name_kn": "ನಗಲಂದ್ ಕಿರ್ಕ್ಲೆ",
                "stop_id": "22324",
                "lat": 13.05575,
                "lon": 77.55721
              },
              {
                "name": "BEL Hospital",
                "name_kn": "ಬೆಲ್ ಹೊಸ್ಪಿಟಲ್",
                "stop_id": "21736",
                "lat": 13.05016,
                "lon": 77.55749
              },
              {
                "name": "BEL Circle",
                "name_kn": "ಬೆಲ್ ಕಿರ್ಕ್ಲೆ",
                "stop_id": "20637",
                "lat": 13.0452,
                "lon": 77.55669
              },
              {
                "name": "Gokula",
                "name_kn": "ಗೊಕುಲ",
                "stop_id": "21968",
                "lat": 13.04152,
                "lon": 77.55725
              },
              {
                "name": "Mathikere",
                "name_kn": "ಮತಿಕೆರೆ",
                "stop_id": "22276",
                "lat": 13.03467,
                "lon": 77.55748
              },
              {
                "name": "MS Ramaiah College",
                "name_kn": "ಂಸ್ ರಮೈಹ್ ಕೊಲ್ಲೆಗೆ",
                "stop_id": "22306",
                "lat": 13.02867,
                "lon": 77.56161
              },
              {
                "name": "Diwanarapalya",
                "name_kn": "ದಿವನರಪಲೆ",
                "stop_id": "21899",
                "lat": 13.02677,
                "lon": 77.56181
              },
              {
                "name": "Ayyappa Temple Yeshawanthapura",
                "name_kn": "ಅಯೆಪ್ಪ ಟೆಂಪ್ಲೆ ಯೆಶವಂತಪುರ",
                "stop_id": "21690",
                "lat": 13.02164,
                "lon": 77.56317
              },
              {
                "name": "Yeshawanthapura Tollgate",
                "name_kn": "ಯೆಶವಂತಪುರ ಟೊಲ್ಲ್ಗಟೆ",
                "stop_id": "22647",
                "lat": 13.0179,
                "lon": 77.56099
              },
              {
                "name": "Yeshawanthapura Bus Station",
                "name_kn": "ಯೆಶವಂತಪುರ ಬುಸ್ ಸ್ಟಟಿೊಂ",
                "stop_id": "21288",
                "lat": 13.01801,
                "lon": 77.55662
              },
              {
                "name": "Govt Soap Factory",
                "name_kn": "ಗೊವ್ಟ್ ಸೊಪ್ ೞಕ್ಟೊರೆ",
                "stop_id": "20796",
                "lat": 13.01309,
                "lon": 77.55438
              },
              {
                "name": "Iskcon Temple",
                "name_kn": "ಇಸ್ಕ್ಕೊಂ ಟೆಂಪ್ಲೆ",
                "stop_id": "20859",
                "lat": 13.01174,
                "lon": 77.55174
              },
              {
                "name": "Mahalakshmi Layout Entrance",
                "name_kn": "ಮಹಲಕ್ಷ್ಮಿ ಲಯೌಟ್ ೆಂಟ್ರಂಕೆ",
                "stop_id": "20979",
                "lat": 13.00736,
                "lon": 77.54879
              },
              {
                "name": "1st Block Rajajinagara",
                "name_kn": "1ಸ್ಟ್ ಬ್ಲೊಕ್ಕ್ ರಜಜಿನಗರ",
                "stop_id": "20575",
                "lat": 13.0047,
                "lon": 77.54909
              },
              {
                "name": "Rajajinagara Metro Station",
                "name_kn": "ರಜಜಿನಗರ ಮೆಟ್ರೊ ಸ್ಟಟಿೊಂ",
                "stop_id": "34333",
                "lat": 12.99983,
                "lon": 77.54991
              },
              {
                "name": "Manjunatha Nagara",
                "name_kn": "ಮಞುನತ ನಗರ",
                "stop_id": "20995",
                "lat": 12.99593,
                "lon": 77.55068
              },
              {
                "name": "ESI Hospital Rajajinagara",
                "name_kn": "ಎಸಿ ಹೊಸ್ಪಿಟಲ್ ರಜಜಿನಗರ",
                "stop_id": "21935",
                "lat": 12.99075,
                "lon": 77.55091
              },
              {
                "name": "Dhobi Ghat Rajajinagara",
                "name_kn": "ಧೊಬಿ ಘಟ್ ರಜಜಿನಗರ",
                "stop_id": "21895",
                "lat": 12.98552,
                "lon": 77.54929
              },
              {
                "name": "Industrial Area Rajajinagara",
                "name_kn": "ಇಂದುಸ್ಟ್ರಿಲ್ ರೆ ರಜಜಿನಗರ",
                "stop_id": "22078",
                "lat": 12.98202,
                "lon": 77.54905
              },
              {
                "name": "Aralimara Industrial Area Rajajinagara",
                "name_kn": "ಅರಲಿಮರ ಿಂದುಸ್ಟ್ರಿಲ್ ರೆ ರಜಜಿನಗರ",
                "stop_id": "21654",
                "lat": 12.97858,
                "lon": 77.54902
              },
              {
                "name": "Magadi Road TollGate",
                "name_kn": "ಮಗದಿ ರೊದ್ ಟೊಲ್ಲ್ಗಟೆ",
                "stop_id": "23481",
                "lat": 12.97516,
                "lon": 77.54862
              },
              {
                "name": "Manuvana",
                "name_kn": "ಮನುವನ",
                "stop_id": "20996",
                "lat": 12.97401,
                "lon": 77.54656
              },
              {
                "name": "Vijayanagara Vijaya Bank",
                "name_kn": "ವಿಜಯನಗರ ವಿಜಯ ಬಂಕ್",
                "stop_id": "21269",
                "lat": 12.97359,
                "lon": 77.54155
              },
              {
                "name": "Vijayanagara",
                "name_kn": "ವಿಜಯನಗರ",
                "stop_id": "21623",
                "lat": 12.97197,
                "lon": 77.53786
              },
              {
                "name": "Maruthi Mandira",
                "name_kn": "ಮರುತಿ ಮಂದಿರ",
                "stop_id": "21010",
                "lat": 12.96784,
                "lon": 77.53629
              },
              {
                "name": "Vijayanagara Bus Station",
                "name_kn": "ವಿಜಯನಗರ ಬುಸ್ ಸ್ಟಟಿೊಂ",
                "stop_id": "21267",
                "lat": 12.966,
                "lon": 77.53555
              },
              {
                "name": "Attiguppe",
                "name_kn": "ಅಟಿಗುಪ್ಪೆ",
                "stop_id": "35427",
                "lat": 12.95809,
                "lon": 77.53395
              },
              {
                "name": "Deepanjalinagara",
                "name_kn": "ದೀಪಞಲಿನಗರ",
                "stop_id": "20738",
                "lat": 12.95375,
                "lon": 77.53624
              },
              {
                "name": "BHEL",
                "name_kn": "ಭೆಲ್",
                "stop_id": "20664",
                "lat": 12.94872,
                "lon": 77.53583
              },
              {
                "name": "Mysore Road Metro Station",
                "name_kn": "ಮೆಸೊರೆ ರೊದ್ ಮೆಟ್ರೊ ಸ್ಟಟಿೊಂ",
                "stop_id": "23370",
                "lat": 12.94636,
                "lon": 77.53046
              },
              {
                "name": "Nayandahalli",
                "name_kn": "ನಯಂದಹಲ್ಲಿ",
                "stop_id": "21052",
                "lat": 12.94268,
                "lon": 77.52589
              },
              {
                "name": "BWSSB Quarters Nayandahalli",
                "name_kn": "ಬ್ವ್ಸ್ಸ್ಬ್ qುರ್ಟೆರ್ಸ್ ನಯಂದಹಲ್ಲಿ",
                "stop_id": "20690",
                "lat": 12.94013,
                "lon": 77.52412
              },
              {
                "name": "Rajarajeshwari nagara Gate",
                "name_kn": "ರಜರಜೆಶ್ವರಿ ನಗರ ಗಟೆ",
                "stop_id": "37654",
                "lat": 12.93554,
                "lon": 77.51842
              },
              {
                "name": "RR Nagara Petrol Bunk",
                "name_kn": "ರ್ರ್ ನಗರ ಪೆಟ್ರೊಲ್ ಬುಂಕ್",
                "stop_id": "27673",
                "lat": 12.93275,
                "lon": 77.51626
              },
              {
                "name": "RR School",
                "name_kn": "ರ್ರ್ ಸ್ಚೂಲ್",
                "stop_id": "28066",
                "lat": 12.92776,
                "lon": 77.51413
              },
              {
                "name": "RR Temple",
                "name_kn": "ರ್ರ್ ಟೆಂಪ್ಲೆ",
                "stop_id": "28068",
                "lat": 12.92681,
                "lon": 77.51112
              },
              {
                "name": "Maramma Temple Halage Vaderahalli",
                "name_kn": "ಮರಮ್ಮ ಟೆಂಪ್ಲೆ ಹಲಗೆ ವದೆರಹಲ್ಲಿ",
                "stop_id": "28799",
                "lat": 12.92279,
                "lon": 77.51438
              },
              {
                "name": "Halage Vaderahalli",
                "name_kn": "ಹಲಗೆ ವದೆರಹಲ್ಲಿ",
                "stop_id": "25679",
                "lat": 12.92018,
                "lon": 77.51404
              },
              {
                "name": "Double Road BEML Layout",
                "name_kn": "ದೌಬ್ಲೆ ರೊದ್ ಬೆಂಲ್ ಲಯೌಟ್",
                "stop_id": "32566",
                "lat": 12.91559,
                "lon": 77.51341
              },
              {
                "name": "Double Road BEML Layout",
                "name_kn": "ದೌಬ್ಲೆ ರೊದ್ ಬೆಂಲ್ ಲಯೌಟ್",
                "stop_id": "32567",
                "lat": 12.91492,
                "lon": 77.52067
              },
              {
                "name": "Kuvempu Circle",
                "name_kn": "ಕುವೆಂಪು ಕಿರ್ಕ್ಲೆ",
                "stop_id": "33644",
                "lat": 12.90995,
                "lon": 77.52104
              },
              {
                "name": "BEML Layout 5th stage",
                "name_kn": "ಬೆಂಲ್ ಲಯೌಟ್ 5ತ್ ಸ್ಟಗೆ",
                "stop_id": "29871",
                "lat": 12.90685,
                "lon": 77.52137
              }
            ]
          },
          {
            "Route": "401-PS",
            "RouteId": 2690,
            "RouteParentId": 1550,
            "Destination": "Peenya Satellite Bus Station (Basaveshwara)",
            "Via": "",
            "Area": "Yelahanka Old Town",
            "PlatformNumber": "3",
            "KannadaDestination": "ಪೀನೆ ಸಟೆಲ್ಲಿಟೆ ಬುಸ್ ಸ್ಟಟಿೊಂ (ಬಸವೆಶ್ವರ)",
            "KannadaArea": "ಯಲಹಂಕ ಓಲ್ಡ್ ಟೌನ್",
            "KannadaVia": "",
            "FromStationId": 22640,
            "Stops": [
              {
                "name": "Yelahanka Old Town",
                "name_kn": "ಯೆಲಹಂಕ ೊಲ್ದ್ ಟೌಂ",
                "stop_id": "22640",
                "lat": 13.10091,
                "lon": 77.59436
              },
              {
                "name": "Yelahanka Santhe Circle",
                "name_kn": "ಯೆಲಹಂಕ ಸಂತೆ ಕಿರ್ಕ್ಲೆ",
                "stop_id": "22645",
                "lat": 13.09852,
                "lon": 77.59698
              },
              {
                "name": "NES Office",
                "name_kn": "ನೆಸ್ ೊೞ್ೞಿಕೆ",
                "stop_id": "22356",
                "lat": 13.09766,
                "lon": 77.59166
              },
              {
                "name": "Sheshadripuram College",
                "name_kn": "ಶೆಶದ್ರಿಪುರಂ ಕೊಲ್ಲೆಗೆ",
                "stop_id": "22481",
                "lat": 13.09951,
                "lon": 77.58834
              },
              {
                "name": "Sharavathi Hotel",
                "name_kn": "ಶರವತಿ ಹೊಟೆಲ್",
                "stop_id": "22475",
                "lat": 13.09797,
                "lon": 77.58442
              },
              {
                "name": "Chikka Bommasandra Cross",
                "name_kn": "ಚಿಕ್ಕ ಬೊಮ್ಮಸಂದ್ರ ಕ್ರೊಸ್ಸ್",
                "stop_id": "21834",
                "lat": 13.09353,
                "lon": 77.58251
              },
              {
                "name": "Yelahanka Satellite Town",
                "name_kn": "ಯೆಲಹಂಕ ಸಟೆಲ್ಲಿಟೆ ಟೌಂ",
                "stop_id": "22646",
                "lat": 13.0958,
                "lon": 77.57921
              },
              {
                "name": "Mother Dairy Cross Yelahanka",
                "name_kn": "ಮೊತೆರ್ ದೈರೆ ಕ್ರೊಸ್ಸ್ ಯೆಲಹಂಕ",
                "stop_id": "22299",
                "lat": 13.09934,
                "lon": 77.57717
              },
              {
                "name": "Mother Dairy Yelahanka",
                "name_kn": "ಮೊತೆರ್ ದೈರೆ ಯೆಲಹಂಕ",
                "stop_id": "33952",
                "lat": 13.09883,
                "lon": 77.57476
              },
              {
                "name": "Atturu Layout",
                "name_kn": "ಅಟುರು ಲಯೌಟ್",
                "stop_id": "21675",
                "lat": 13.09774,
                "lon": 77.56766
              },
              {
                "name": "Thirumala Dhaba",
                "name_kn": "ತಿರುಮಲ ಧಬ",
                "stop_id": "22551",
                "lat": 13.09762,
                "lon": 77.563
              },
              {
                "name": "Bettahalli Layout",
                "name_kn": "ಬೆಟಹಲ್ಲಿ ಲಯೌಟ್",
                "stop_id": "21749",
                "lat": 13.0923,
                "lon": 77.55954
              },
              {
                "name": "Chikka Bettahalli",
                "name_kn": "ಚಿಕ್ಕ ಬೆಟಹಲ್ಲಿ",
                "stop_id": "21832",
                "lat": 13.08945,
                "lon": 77.55629
              },
              {
                "name": "Jalli Machine",
                "name_kn": "ಜಲ್ಲಿ ಮಚಿನೆ",
                "stop_id": "22096",
                "lat": 13.08601,
                "lon": 77.55551
              },
              {
                "name": "Depot-45 Gate",
                "name_kn": "ದೆಪೊಟ್-45 ಗಟೆ",
                "stop_id": "36327",
                "lat": 13.0829,
                "lon": 77.55072
              },
              {
                "name": "MS Palya",
                "name_kn": "ಂಸ್ ಪಲೆ",
                "stop_id": "33957",
                "lat": 13.08145,
                "lon": 77.54831
              },
              {
                "name": "SBI Bank",
                "name_kn": "ಸ್ಬಿ ಬಂಕ್",
                "stop_id": "22467",
                "lat": 13.07239,
                "lon": 77.54625
              },
              {
                "name": "Jalahalli East",
                "name_kn": "ಜಲಹಲ್ಲಿ ೆಸ್ಟ್",
                "stop_id": "22092",
                "lat": 13.06759,
                "lon": 77.54464
              },
              {
                "name": "Kendriya Vidyalaya",
                "name_kn": "ಕೆಂದ್ರಿಯ ವಿಠೆಲಯ",
                "stop_id": "22163",
                "lat": 13.06556,
                "lon": 77.54428
              },
              {
                "name": "Gangamma Circle",
                "name_kn": "ಗಙಮ್ಮ ಕಿರ್ಕ್ಲೆ",
                "stop_id": "21946",
                "lat": 13.05663,
                "lon": 77.54672
              },
              {
                "name": "Fathima Church",
                "name_kn": "ೞತಿಮ ಚುರ್ಚ್",
                "stop_id": "21940",
                "lat": 13.05474,
                "lon": 77.54148
              },
              {
                "name": "Kammagondanahalli Bridge",
                "name_kn": "ಕಮ್ಮಗೊಂದನಹಲ್ಲಿ ಬ್ರಿದ್ಗೆ",
                "stop_id": "22144",
                "lat": 13.05486,
                "lon": 77.53482
              },
              {
                "name": "IAF Jalahalli",
                "name_kn": "ಇೞ್ ಜಲಹಲ್ಲಿ",
                "stop_id": "22065",
                "lat": 13.0536,
                "lon": 77.5308
              },
              {
                "name": "Shettyhalli Cross",
                "name_kn": "ಶೆಟೆಹಲ್ಲಿ ಕ್ರೊಸ್ಸ್",
                "stop_id": "22483",
                "lat": 13.05024,
                "lon": 77.52568
              },
              {
                "name": "Ayyappa Temple Jalahalli Cross",
                "name_kn": "ಅಯೆಪ್ಪ ಟೆಂಪ್ಲೆ ಜಲಹಲ್ಲಿ ಕ್ರೊಸ್ಸ್",
                "stop_id": "21688",
                "lat": 13.04623,
                "lon": 77.52243
              },
              {
                "name": "Jalahalli Cross",
                "name_kn": "ಜಲಹಲ್ಲಿ ಕ್ರೊಸ್ಸ್",
                "stop_id": "20869",
                "lat": 13.0399,
                "lon": 77.51879
              },
              {
                "name": "Peenya Satellite Bus Station (Basaveshwara)",
                "name_kn": "ಪೀನೆ ಸಟೆಲ್ಲಿಟೆ ಬುಸ್ ಸ್ಟಟಿೊಂ (ಬಸವೆಶ್ವರ)",
                "stop_id": "21084",
                "lat": 13.04375,
                "lon": 77.5253
              }
            ]
          },
          {
            "Route": "401-AN",
            "RouteId": 5575,
            "RouteParentId": 1512,
            "Destination": "Nelamangala Bus Station",
            "Via": "",
            "Area": "Yelahanka Old Town",
            "PlatformNumber": "3",
            "KannadaDestination": "ನೆಲಮಙಲ ಬುಸ್ ಸ್ಟಟಿೊಂ",
            "KannadaArea": "ಯಲಹಂಕ ಓಲ್ಡ್ ಟೌನ್",
            "KannadaVia": "",
            "FromStationId": 22640,
            "Stops": [
              {
                "name": "Yelahanka Old Town",
                "name_kn": "ಯೆಲಹಂಕ ೊಲ್ದ್ ಟೌಂ",
                "stop_id": "22640",
                "lat": 13.10091,
                "lon": 77.59436
              },
              {
                "name": "Yelahanka Santhe Circle",
                "name_kn": "ಯೆಲಹಂಕ ಸಂತೆ ಕಿರ್ಕ್ಲೆ",
                "stop_id": "22645",
                "lat": 13.09852,
                "lon": 77.59698
              },
              {
                "name": "NES Office",
                "name_kn": "ನೆಸ್ ೊೞ್ೞಿಕೆ",
                "stop_id": "22356",
                "lat": 13.09766,
                "lon": 77.59166
              },
              {
                "name": "Sheshadripuram College",
                "name_kn": "ಶೆಶದ್ರಿಪುರಂ ಕೊಲ್ಲೆಗೆ",
                "stop_id": "22481",
                "lat": 13.09951,
                "lon": 77.58834
              },
              {
                "name": "Sharavathi Hotel",
                "name_kn": "ಶರವತಿ ಹೊಟೆಲ್",
                "stop_id": "22475",
                "lat": 13.09797,
                "lon": 77.58442
              },
              {
                "name": "Chikka Bommasandra Cross",
                "name_kn": "ಚಿಕ್ಕ ಬೊಮ್ಮಸಂದ್ರ ಕ್ರೊಸ್ಸ್",
                "stop_id": "21834",
                "lat": 13.09353,
                "lon": 77.58251
              },
              {
                "name": "Yelahanka Satellite Town",
                "name_kn": "ಯೆಲಹಂಕ ಸಟೆಲ್ಲಿಟೆ ಟೌಂ",
                "stop_id": "22646",
                "lat": 13.0958,
                "lon": 77.57921
              },
              {
                "name": "Mother Dairy Cross Yelahanka",
                "name_kn": "ಮೊತೆರ್ ದೈರೆ ಕ್ರೊಸ್ಸ್ ಯೆಲಹಂಕ",
                "stop_id": "22299",
                "lat": 13.09934,
                "lon": 77.57717
              },
              {
                "name": "Mother Dairy Yelahanka",
                "name_kn": "ಮೊತೆರ್ ದೈರೆ ಯೆಲಹಂಕ",
                "stop_id": "33952",
                "lat": 13.09883,
                "lon": 77.57476
              },
              {
                "name": "Atturu Layout",
                "name_kn": "ಅಟುರು ಲಯೌಟ್",
                "stop_id": "21675",
                "lat": 13.09774,
                "lon": 77.56766
              },
              {
                "name": "Thirumala Dhaba",
                "name_kn": "ತಿರುಮಲ ಧಬ",
                "stop_id": "22551",
                "lat": 13.09762,
                "lon": 77.563
              },
              {
                "name": "Bettahalli Layout",
                "name_kn": "ಬೆಟಹಲ್ಲಿ ಲಯೌಟ್",
                "stop_id": "21749",
                "lat": 13.0923,
                "lon": 77.55954
              },
              {
                "name": "Chikka Bettahalli",
                "name_kn": "ಚಿಕ್ಕ ಬೆಟಹಲ್ಲಿ",
                "stop_id": "21832",
                "lat": 13.08945,
                "lon": 77.55629
              },
              {
                "name": "Jalli Machine",
                "name_kn": "ಜಲ್ಲಿ ಮಚಿನೆ",
                "stop_id": "22096",
                "lat": 13.08601,
                "lon": 77.55551
              },
              {
                "name": "Depot-45 Gate",
                "name_kn": "ದೆಪೊಟ್-45 ಗಟೆ",
                "stop_id": "36327",
                "lat": 13.0829,
                "lon": 77.55072
              },
              {
                "name": "MS Palya",
                "name_kn": "ಂಸ್ ಪಲೆ",
                "stop_id": "33957",
                "lat": 13.08145,
                "lon": 77.54831
              },
              {
                "name": "SBI Bank",
                "name_kn": "ಸ್ಬಿ ಬಂಕ್",
                "stop_id": "22467",
                "lat": 13.07239,
                "lon": 77.54625
              },
              {
                "name": "Jalahalli East",
                "name_kn": "ಜಲಹಲ್ಲಿ ೆಸ್ಟ್",
                "stop_id": "22092",
                "lat": 13.06759,
                "lon": 77.54464
              },
              {
                "name": "Kendriya Vidyalaya",
                "name_kn": "ಕೆಂದ್ರಿಯ ವಿಠೆಲಯ",
                "stop_id": "22163",
                "lat": 13.06556,
                "lon": 77.54428
              },
              {
                "name": "Gangamma Circle",
                "name_kn": "ಗಙಮ್ಮ ಕಿರ್ಕ್ಲೆ",
                "stop_id": "21946",
                "lat": 13.05663,
                "lon": 77.54672
              },
              {
                "name": "Fathima Church",
                "name_kn": "ೞತಿಮ ಚುರ್ಚ್",
                "stop_id": "21940",
                "lat": 13.05474,
                "lon": 77.54148
              },
              {
                "name": "Kammagondanahalli Bridge",
                "name_kn": "ಕಮ್ಮಗೊಂದನಹಲ್ಲಿ ಬ್ರಿದ್ಗೆ",
                "stop_id": "22144",
                "lat": 13.05486,
                "lon": 77.53482
              },
              {
                "name": "IAF Jalahalli",
                "name_kn": "ಇೞ್ ಜಲಹಲ್ಲಿ",
                "stop_id": "22065",
                "lat": 13.0536,
                "lon": 77.5308
              },
              {
                "name": "Shettyhalli Cross",
                "name_kn": "ಶೆಟೆಹಲ್ಲಿ ಕ್ರೊಸ್ಸ್",
                "stop_id": "22483",
                "lat": 13.05024,
                "lon": 77.52568
              },
              {
                "name": "Ayyappa Temple Jalahalli Cross",
                "name_kn": "ಅಯೆಪ್ಪ ಟೆಂಪ್ಲೆ ಜಲಹಲ್ಲಿ ಕ್ರೊಸ್ಸ್",
                "stop_id": "21688",
                "lat": 13.04623,
                "lon": 77.52243
              },
              {
                "name": "Jalahalli Cross",
                "name_kn": "ಜಲಹಲ್ಲಿ ಕ್ರೊಸ್ಸ್",
                "stop_id": "39856",
                "lat": 13.03989,
                "lon": 77.51828
              },
              {
                "name": "T Dasarahalli",
                "name_kn": "ಟ್ ದಸರಹಲ್ಲಿ",
                "stop_id": "21211",
                "lat": 13.04283,
                "lon": 77.51276
              },
              {
                "name": "8th Mile Dasarahalli",
                "name_kn": "8ತ್ ಮಿಲೆ ದಸರಹಲ್ಲಿ",
                "stop_id": "35570",
                "lat": 13.0451,
                "lon": 77.50748
              },
              {
                "name": "Deepak Factory",
                "name_kn": "ದೀಪಕ್ ೞಕ್ಟೊರೆ",
                "stop_id": "24818",
                "lat": 13.04704,
                "lon": 77.50159
              },
              {
                "name": "Widia Factory",
                "name_kn": "ವಿದಿ ೞಕ್ಟೊರೆ",
                "stop_id": "23313",
                "lat": 13.04877,
                "lon": 77.49664
              },
              {
                "name": "Marison Factory",
                "name_kn": "ಮರಿಸೊಂ ೞಕ್ಟೊರೆ",
                "stop_id": "28839",
                "lat": 13.0502,
                "lon": 77.49252
              },
              {
                "name": "Chikkabidarakallu",
                "name_kn": "ಚಿಕ್ಕಬಿದರಕಲ್ಲು",
                "stop_id": "24566",
                "lat": 13.05196,
                "lon": 77.48778
              },
              {
                "name": "Jindal",
                "name_kn": "ಜಿಂದಲ್",
                "stop_id": "26340",
                "lat": 13.05353,
                "lon": 77.48338
              },
              {
                "name": "Anchepalya",
                "name_kn": "ಅಂಚೆಪಲೆ",
                "stop_id": "23084",
                "lat": 13.05497,
                "lon": 77.47936
              },
              {
                "name": "Madavara",
                "name_kn": "ಮದವರ",
                "stop_id": "28598",
                "lat": 13.05665,
                "lon": 77.47343
              },
              {
                "name": "TCI",
                "name_kn": "ಟ್ಕಿ",
                "stop_id": "26844",
                "lat": 13.05906,
                "lon": 77.46474
              },
              {
                "name": "Madanayakanahalli",
                "name_kn": "ಮದನಯಕನಹಲ್ಲಿ",
                "stop_id": "33724",
                "lat": 13.06102,
                "lon": 77.46102
              },
              {
                "name": "Makali",
                "name_kn": "ಮಕಲಿ",
                "stop_id": "33748",
                "lat": 13.06564,
                "lon": 77.45325
              },
              {
                "name": "Adakimaranahalli",
                "name_kn": "ಅದಕಿಮರನಹಲ್ಲಿ",
                "stop_id": "29439",
                "lat": 13.07028,
                "lon": 77.44482
              },
              {
                "name": "Ravuthanahalli Cross",
                "name_kn": "ರವುತನಹಲ್ಲಿ ಕ್ರೊಸ್ಸ್",
                "stop_id": "38537",
                "lat": 13.07334,
                "lon": 77.43938
              },
              {
                "name": "Dasanapura",
                "name_kn": "ದಸನಪುರ",
                "stop_id": "24788",
                "lat": 13.07523,
                "lon": 77.43599
              },
              {
                "name": "Devannanapalya",
                "name_kn": "ದೆವಂನನಪಲೆ",
                "stop_id": "24942",
                "lat": 13.07734,
                "lon": 77.43133
              },
              {
                "name": "Arishinakunte",
                "name_kn": "ಅರಿಶಿನಕುಂಟೆ",
                "stop_id": "29571",
                "lat": 13.07966,
                "lon": 77.42419
              },
              {
                "name": "Vishwa Shanti Ashrama",
                "name_kn": "ವಿಶ್ವ ಶಂಟಿ ಶ್ರಮ",
                "stop_id": "27343",
                "lat": 13.08402,
                "lon": 77.41724
              },
              {
                "name": "Binnamangala",
                "name_kn": "ಬಿಂನಮಙಲ",
                "stop_id": "30108",
                "lat": 13.08744,
                "lon": 77.41242
              },
              {
                "name": "Nursery Nelamangala",
                "name_kn": "ನುರ್ಸೆರೆ ನೆಲಮಙಲ",
                "stop_id": "27520",
                "lat": 13.09011,
                "lon": 77.40928
              },
              {
                "name": "Weavers Colony Nelamangala",
                "name_kn": "ವೆವೆರ್ಸ್ ಕೊಲೊನೆ ನೆಲಮಙಲ",
                "stop_id": "27377",
                "lat": 13.09403,
                "lon": 77.40561
              },
              {
                "name": "TB Nelamangala",
                "name_kn": "ಟ್ಬ್ ನೆಲಮಙಲ",
                "stop_id": "26838",
                "lat": 13.09706,
                "lon": 77.40148
              },
              {
                "name": "Anjaneya Temple Nelamangala",
                "name_kn": "ಅಞನೆಯ ಟೆಂಪ್ಲೆ ನೆಲಮಙಲ",
                "stop_id": "29533",
                "lat": 13.09723,
                "lon": 77.39774
              },
              {
                "name": "Nelamangala Bus Station",
                "name_kn": "ನೆಲಮಙಲ ಬುಸ್ ಸ್ಟಟಿೊಂ",
                "stop_id": "27411",
                "lat": 13.09803,
                "lon": 77.39387
              }
            ]
          },
          {
            "Route": "401-A D43G-YHKOT",
            "RouteId": 14788,
            "RouteParentId": 7923,
            "Destination": "Depot-43 Gate",
            "Via": "",
            "Area": "Yelahanka Old Town",
            "PlatformNumber": "3",
            "KannadaDestination": "ದೆಪೊಟ್-43 ಗಟೆ",
            "KannadaArea": "ಯಲಹಂಕ ಓಲ್ಡ್ ಟೌನ್",
            "KannadaVia": "",
            "FromStationId": 22640,
            "Stops": [
              {
                "name": "Yelahanka Old Town",
                "name_kn": "ಯೆಲಹಂಕ ೊಲ್ದ್ ಟೌಂ",
                "stop_id": "22640",
                "lat": 13.10091,
                "lon": 77.59436
              },
              {
                "name": "Yelahanka Santhe Circle",
                "name_kn": "ಯೆಲಹಂಕ ಸಂತೆ ಕಿರ್ಕ್ಲೆ",
                "stop_id": "22645",
                "lat": 13.09852,
                "lon": 77.59698
              },
              {
                "name": "NES Office",
                "name_kn": "ನೆಸ್ ೊೞ್ೞಿಕೆ",
                "stop_id": "22356",
                "lat": 13.09766,
                "lon": 77.59166
              },
              {
                "name": "Sheshadripuram College",
                "name_kn": "ಶೆಶದ್ರಿಪುರಂ ಕೊಲ್ಲೆಗೆ",
                "stop_id": "22481",
                "lat": 13.09951,
                "lon": 77.58834
              },
              {
                "name": "Sharavathi Hotel",
                "name_kn": "ಶರವತಿ ಹೊಟೆಲ್",
                "stop_id": "22475",
                "lat": 13.09797,
                "lon": 77.58442
              },
              {
                "name": "Chikka Bommasandra Cross",
                "name_kn": "ಚಿಕ್ಕ ಬೊಮ್ಮಸಂದ್ರ ಕ್ರೊಸ್ಸ್",
                "stop_id": "21834",
                "lat": 13.09353,
                "lon": 77.58251
              },
              {
                "name": "Yelahanka Satellite Town",
                "name_kn": "ಯೆಲಹಂಕ ಸಟೆಲ್ಲಿಟೆ ಟೌಂ",
                "stop_id": "22646",
                "lat": 13.0958,
                "lon": 77.57921
              },
              {
                "name": "Mother Dairy Cross Yelahanka",
                "name_kn": "ಮೊತೆರ್ ದೈರೆ ಕ್ರೊಸ್ಸ್ ಯೆಲಹಂಕ",
                "stop_id": "22299",
                "lat": 13.09934,
                "lon": 77.57717
              },
              {
                "name": "Mother Dairy Yelahanka",
                "name_kn": "ಮೊತೆರ್ ದೈರೆ ಯೆಲಹಂಕ",
                "stop_id": "33952",
                "lat": 13.09883,
                "lon": 77.57476
              },
              {
                "name": "Atturu Layout",
                "name_kn": "ಅಟುರು ಲಯೌಟ್",
                "stop_id": "21675",
                "lat": 13.09774,
                "lon": 77.56766
              },
              {
                "name": "Thirumala Dhaba",
                "name_kn": "ತಿರುಮಲ ಧಬ",
                "stop_id": "22551",
                "lat": 13.09762,
                "lon": 77.563
              },
              {
                "name": "Bettahalli Layout",
                "name_kn": "ಬೆಟಹಲ್ಲಿ ಲಯೌಟ್",
                "stop_id": "21749",
                "lat": 13.0923,
                "lon": 77.55954
              },
              {
                "name": "Chikka Bettahalli",
                "name_kn": "ಚಿಕ್ಕ ಬೆಟಹಲ್ಲಿ",
                "stop_id": "21832",
                "lat": 13.08945,
                "lon": 77.55629
              },
              {
                "name": "Jalli Machine",
                "name_kn": "ಜಲ್ಲಿ ಮಚಿನೆ",
                "stop_id": "22096",
                "lat": 13.08601,
                "lon": 77.55551
              },
              {
                "name": "Depot-45 Gate",
                "name_kn": "ದೆಪೊಟ್-45 ಗಟೆ",
                "stop_id": "36327",
                "lat": 13.0829,
                "lon": 77.55072
              },
              {
                "name": "MS Palya",
                "name_kn": "ಂಸ್ ಪಲೆ",
                "stop_id": "33957",
                "lat": 13.08145,
                "lon": 77.54831
              },
              {
                "name": "SBI Bank",
                "name_kn": "ಸ್ಬಿ ಬಂಕ್",
                "stop_id": "22467",
                "lat": 13.07239,
                "lon": 77.54625
              },
              {
                "name": "Jalahalli East",
                "name_kn": "ಜಲಹಲ್ಲಿ ೆಸ್ಟ್",
                "stop_id": "22092",
                "lat": 13.06759,
                "lon": 77.54464
              },
              {
                "name": "Kendriya Vidyalaya",
                "name_kn": "ಕೆಂದ್ರಿಯ ವಿಠೆಲಯ",
                "stop_id": "22163",
                "lat": 13.06556,
                "lon": 77.54428
              },
              {
                "name": "Gangamma Circle",
                "name_kn": "ಗಙಮ್ಮ ಕಿರ್ಕ್ಲೆ",
                "stop_id": "21946",
                "lat": 13.05663,
                "lon": 77.54672
              },
              {
                "name": "Fathima Church",
                "name_kn": "ೞತಿಮ ಚುರ್ಚ್",
                "stop_id": "21940",
                "lat": 13.05474,
                "lon": 77.54148
              },
              {
                "name": "Kammagondanahalli Bridge",
                "name_kn": "ಕಮ್ಮಗೊಂದನಹಲ್ಲಿ ಬ್ರಿದ್ಗೆ",
                "stop_id": "22144",
                "lat": 13.05486,
                "lon": 77.53482
              },
              {
                "name": "IAF Jalahalli",
                "name_kn": "ಇೞ್ ಜಲಹಲ್ಲಿ",
                "stop_id": "22065",
                "lat": 13.0536,
                "lon": 77.5308
              },
              {
                "name": "Shettyhalli Cross",
                "name_kn": "ಶೆಟೆಹಲ್ಲಿ ಕ್ರೊಸ್ಸ್",
                "stop_id": "22483",
                "lat": 13.05024,
                "lon": 77.52568
              },
              {
                "name": "Ayyappa Temple Jalahalli Cross",
                "name_kn": "ಅಯೆಪ್ಪ ಟೆಂಪ್ಲೆ ಜಲಹಲ್ಲಿ ಕ್ರೊಸ್ಸ್",
                "stop_id": "21688",
                "lat": 13.04623,
                "lon": 77.52243
              },
              {
                "name": "Jalahalli Cross",
                "name_kn": "ಜಲಹಲ್ಲಿ ಕ್ರೊಸ್ಸ್",
                "stop_id": "39856",
                "lat": 13.03989,
                "lon": 77.51828
              },
              {
                "name": "T Dasarahalli",
                "name_kn": "ಟ್ ದಸರಹಲ್ಲಿ",
                "stop_id": "21211",
                "lat": 13.04283,
                "lon": 77.51276
              },
              {
                "name": "8th Mile Dasarahalli",
                "name_kn": "8ತ್ ಮಿಲೆ ದಸರಹಲ್ಲಿ",
                "stop_id": "35570",
                "lat": 13.0451,
                "lon": 77.50748
              },
              {
                "name": "Deepak Factory",
                "name_kn": "ದೀಪಕ್ ೞಕ್ಟೊರೆ",
                "stop_id": "24818",
                "lat": 13.04704,
                "lon": 77.50159
              },
              {
                "name": "Widia Factory",
                "name_kn": "ವಿದಿ ೞಕ್ಟೊರೆ",
                "stop_id": "23313",
                "lat": 13.04877,
                "lon": 77.49664
              },
              {
                "name": "Marison Factory",
                "name_kn": "ಮರಿಸೊಂ ೞಕ್ಟೊರೆ",
                "stop_id": "28839",
                "lat": 13.0502,
                "lon": 77.49252
              },
              {
                "name": "Chikkabidarakallu",
                "name_kn": "ಚಿಕ್ಕಬಿದರಕಲ್ಲು",
                "stop_id": "24566",
                "lat": 13.05196,
                "lon": 77.48778
              },
              {
                "name": "Jindal",
                "name_kn": "ಜಿಂದಲ್",
                "stop_id": "26340",
                "lat": 13.05353,
                "lon": 77.48338
              },
              {
                "name": "Anchepalya",
                "name_kn": "ಅಂಚೆಪಲೆ",
                "stop_id": "23084",
                "lat": 13.05497,
                "lon": 77.47936
              },
              {
                "name": "Madavara",
                "name_kn": "ಮದವರ",
                "stop_id": "28598",
                "lat": 13.05665,
                "lon": 77.47343
              },
              {
                "name": "TCI",
                "name_kn": "ಟ್ಕಿ",
                "stop_id": "26844",
                "lat": 13.05906,
                "lon": 77.46474
              },
              {
                "name": "Madanayakanahalli",
                "name_kn": "ಮದನಯಕನಹಲ್ಲಿ",
                "stop_id": "33724",
                "lat": 13.06102,
                "lon": 77.46102
              },
              {
                "name": "Makali",
                "name_kn": "ಮಕಲಿ",
                "stop_id": "33748",
                "lat": 13.06564,
                "lon": 77.45325
              },
              {
                "name": "Depot-40 Gate",
                "name_kn": "ದೆಪೊಟ್-40 ಗಟೆ",
                "stop_id": "22973",
                "lat": 13.06872,
                "lon": 77.44766
              },
              {
                "name": "Adakimaranahalli",
                "name_kn": "ಅದಕಿಮರನಹಲ್ಲಿ",
                "stop_id": "29439",
                "lat": 13.07028,
                "lon": 77.44482
              },
              {
                "name": "Ravuthanahalli Cross",
                "name_kn": "ರವುತನಹಲ್ಲಿ ಕ್ರೊಸ್ಸ್",
                "stop_id": "38537",
                "lat": 13.07334,
                "lon": 77.43938
              },
              {
                "name": "Dasanapura",
                "name_kn": "ದಸನಪುರ",
                "stop_id": "24788",
                "lat": 13.07523,
                "lon": 77.43599
              },
              {
                "name": "Devannanapalya",
                "name_kn": "ದೆವಂನನಪಲೆ",
                "stop_id": "24942",
                "lat": 13.07734,
                "lon": 77.43133
              },
              {
                "name": "Arishinakunte",
                "name_kn": "ಅರಿಶಿನಕುಂಟೆ",
                "stop_id": "29571",
                "lat": 13.07966,
                "lon": 77.42419
              },
              {
                "name": "Adarshanagara",
                "name_kn": "ಅದರ್ಶನಗರ",
                "stop_id": "35552",
                "lat": 13.07621,
                "lon": 77.42378
              },
              {
                "name": "Veeraiah Enclave Arishinakunte",
                "name_kn": "ವೀರೈಹ್ ೆಂಕ್ಲವೆ ರಿಶಿನಕುಂಟೆ",
                "stop_id": "34909",
                "lat": 13.07408,
                "lon": 77.4233
              },
              {
                "name": "Sundara Nagara",
                "name_kn": "ಸುಂದರ ನಗರ",
                "stop_id": "26760",
                "lat": 13.07151,
                "lon": 77.42296
              },
              {
                "name": "Vinayaka Nagara Cross",
                "name_kn": "ವಿನಯಕ ನಗರ ಕ್ರೊಸ್ಸ್",
                "stop_id": "34868",
                "lat": 13.06756,
                "lon": 77.42245
              },
              {
                "name": "Depot-43 Gate",
                "name_kn": "ದೆಪೊಟ್-43 ಗಟೆ",
                "stop_id": "24875",
                "lat": 13.06595,
                "lon": 77.42564
              }
            ]
          },
          {
            "Route": "289-A UP",
            "RouteId": 2463,
            "RouteParentId": 1423,
            "Destination": "Bagalur",
            "Via": "",
            "Area": "Yelahanka Old Town",
            "PlatformNumber": "3",
            "KannadaDestination": "ಬಗಲುರ್",
            "KannadaArea": "ಯಲಹಂಕ ಓಲ್ಡ್ ಟೌನ್",
            "KannadaVia": "",
            "FromStationId": 22640,
            "Stops": [
              {
                "name": "Yelahanka Old Town",
                "name_kn": "ಯೆಲಹಂಕ ೊಲ್ದ್ ಟೌಂ",
                "stop_id": "22640",
                "lat": 13.10091,
                "lon": 77.59436
              },
              {
                "name": "Yelahanka Santhe Circle",
                "name_kn": "ಯೆಲಹಂಕ ಸಂತೆ ಕಿರ್ಕ್ಲೆ",
                "stop_id": "22643",
                "lat": 13.09919,
                "lon": 77.59731
              },
              {
                "name": "Kogilu Cross",
                "name_kn": "ಕೊಗಿಲು ಕ್ರೊಸ್ಸ್",
                "stop_id": "31172",
                "lat": 13.10386,
                "lon": 77.60028
              },
              {
                "name": "Kendriya Vihara",
                "name_kn": "ಕೆಂದ್ರಿಯ ವಿಹರ",
                "stop_id": "33453",
                "lat": 13.10653,
                "lon": 77.60161
              },
              {
                "name": "Venkatala",
                "name_kn": "ವೆಂಕಟಲ",
                "stop_id": "31579",
                "lat": 13.11139,
                "lon": 77.60456
              },
              {
                "name": "Palanahalli Gate",
                "name_kn": "ಪಲನಹಲ್ಲಿ ಗಟೆ",
                "stop_id": "34203",
                "lat": 13.11708,
                "lon": 77.60807
              },
              {
                "name": "Bagalur Cross",
                "name_kn": "ಬಗಲುರ್ ಕ್ರೊಸ್ಸ್",
                "stop_id": "31858",
                "lat": 13.12182,
                "lon": 77.61128
              },
              {
                "name": "Dwaraka Nagara",
                "name_kn": "ದ್ವರಕ ನಗರ",
                "stop_id": "32574",
                "lat": 13.12137,
                "lon": 77.61807
              },
              {
                "name": "Kattigenahalli Cross",
                "name_kn": "ಕಟಿಗೆನಹಲ್ಲಿ ಕ್ರೊಸ್ಸ್",
                "stop_id": "30900",
                "lat": 13.12187,
                "lon": 77.62562
              },
              {
                "name": "Reva College Gate",
                "name_kn": "ರೆವ ಕೊಲ್ಲೆಗೆ ಗಟೆ",
                "stop_id": "34416",
                "lat": 13.12228,
                "lon": 77.63051
              },
              {
                "name": "Country Club Bagaluru",
                "name_kn": "ಕೌಂಟ್ರೆ ಕ್ಲುಬ್ ಬಗಲುರು",
                "stop_id": "32381",
                "lat": 13.12358,
                "lon": 77.63932
              },
              {
                "name": "Srinivasapura Cross",
                "name_kn": "ಸ್ರಿನಿವಸಪುರ ಕ್ರೊಸ್ಸ್",
                "stop_id": "34690",
                "lat": 13.12602,
                "lon": 77.64512
              },
              {
                "name": "Sathanur Colony",
                "name_kn": "ಸತನುರ್ ಕೊಲೊನೆ",
                "stop_id": "34479",
                "lat": 13.12788,
                "lon": 77.64651
              },
              {
                "name": "Sathanur",
                "name_kn": "ಸತನುರ್",
                "stop_id": "28176",
                "lat": 13.13186,
                "lon": 77.6474
              },
              {
                "name": "Bagalur Sante/ CMR University Cross",
                "name_kn": "ಬಗಲುರ್ ಸಂಟೆ/ ಕ್ಂರ್ ುನಿವೆರ್ಸಿಟೆ ಕ್ರೊಸ್ಸ್",
                "stop_id": "39920",
                "lat": 13.13211,
                "lon": 77.66222
              },
              {
                "name": "Bagalur Santhe Circle",
                "name_kn": "ಬಗಲುರ್ ಸಂತೆ ಕಿರ್ಕ್ಲೆ",
                "stop_id": "31859",
                "lat": 13.13351,
                "lon": 77.66675
              },
              {
                "name": "Bagalur",
                "name_kn": "ಬಗಲುರ್",
                "stop_id": "23267",
                "lat": 13.13461,
                "lon": 77.66794
              }
            ]
          },
          {
            "Route": "298-MY DVH-YHKOT DOWN",
            "RouteId": 4739,
            "RouteParentId": 7820,
            "Destination": "Devanahalli Old Bus Stand",
            "Via": "",
            "Area": "Yelahanka Old Town",
            "PlatformNumber": "3",
            "KannadaDestination": "ದೆವನಹಲ್ಲಿ ೊಲ್ದ್ ಬುಸ್ ಸ್ಟಂದ್",
            "KannadaArea": "ಯಲಹಂಕ ಓಲ್ಡ್ ಟೌನ್",
            "KannadaVia": "",
            "FromStationId": 22640,
            "Stops": [
              {
                "name": "Raitarasanthe Yelahanka",
                "name_kn": "ರೈಟರಸಂತೆ ಯೆಲಹಂಕ",
                "stop_id": "27854",
                "lat": 13.09807,
                "lon": 77.59866
              },
              {
                "name": "Yelahanka Santhe Circle",
                "name_kn": "ಯೆಲಹಂಕ ಸಂತೆ ಕಿರ್ಕ್ಲೆ",
                "stop_id": "22643",
                "lat": 13.09919,
                "lon": 77.59731
              },
              {
                "name": "Kogilu Cross",
                "name_kn": "ಕೊಗಿಲು ಕ್ರೊಸ್ಸ್",
                "stop_id": "31172",
                "lat": 13.10386,
                "lon": 77.60028
              },
              {
                "name": "Kendriya Vihara",
                "name_kn": "ಕೆಂದ್ರಿಯ ವಿಹರ",
                "stop_id": "33453",
                "lat": 13.10653,
                "lon": 77.60161
              },
              {
                "name": "Venkatala",
                "name_kn": "ವೆಂಕಟಲ",
                "stop_id": "31579",
                "lat": 13.11139,
                "lon": 77.60456
              },
              {
                "name": "Palanahalli Gate",
                "name_kn": "ಪಲನಹಲ್ಲಿ ಗಟೆ",
                "stop_id": "34203",
                "lat": 13.11708,
                "lon": 77.60807
              },
              {
                "name": "Bagalur Cross",
                "name_kn": "ಬಗಲುರ್ ಕ್ರೊಸ್ಸ್",
                "stop_id": "29626",
                "lat": 13.12198,
                "lon": 77.61061
              },
              {
                "name": "Indian Air Force",
                "name_kn": "ಇಂದಿಂ ೈರ್ ೞೊರ್ಕೆ",
                "stop_id": "33030",
                "lat": 13.13103,
                "lon": 77.61503
              },
              {
                "name": "Bharathi Nagara",
                "name_kn": "ಭರತಿ ನಗರ",
                "stop_id": "29992",
                "lat": 13.1374,
                "lon": 77.61746
              },
              {
                "name": "Hunasamaranahalli",
                "name_kn": "ಹುನಸಮರನಹಲ್ಲಿ",
                "stop_id": "33001",
                "lat": 13.14519,
                "lon": 77.6174
              },
              {
                "name": "SMVIT Cross",
                "name_kn": "ಸ್ಂವಿಟ್ ಕ್ರೊಸ್ಸ್",
                "stop_id": "34626",
                "lat": 13.15209,
                "lon": 77.62015
              },
              {
                "name": "Bettahalasuru Cross",
                "name_kn": "ಬೆಟಹಲಸುರು ಕ್ರೊಸ್ಸ್",
                "stop_id": "31981",
                "lat": 13.1571,
                "lon": 77.62336
              },
              {
                "name": "Vidyanagara Cross Chikkajala",
                "name_kn": "ವಿಠೆನಗರ ಕ್ರೊಸ್ಸ್ ಚಿಕ್ಕಜಲ",
                "stop_id": "31590",
                "lat": 13.16137,
                "lon": 77.62657
              },
              {
                "name": "Chikkajala",
                "name_kn": "ಚಿಕ್ಕಜಲ",
                "stop_id": "24574",
                "lat": 13.17277,
                "lon": 77.63318
              },
              {
                "name": "Meenakunte Hosuru",
                "name_kn": "ಮೀನಕುಂಟೆ ಹೊಸುರು",
                "stop_id": "28956",
                "lat": 13.18452,
                "lon": 77.64142
              },
              {
                "name": "ITC Factory",
                "name_kn": "ಇಟ್ಕ್ ೞಕ್ಟೊರೆ",
                "stop_id": "26177",
                "lat": 13.18669,
                "lon": 77.64285
              },
              {
                "name": "Thabarahalli",
                "name_kn": "ತಬರಹಲ್ಲಿ",
                "stop_id": "34774",
                "lat": 13.18861,
                "lon": 77.64427
              },
              {
                "name": "Sadahalli Gate",
                "name_kn": "ಸದಹಲ್ಲಿ ಗಟೆ",
                "stop_id": "34443",
                "lat": 13.19072,
                "lon": 77.64583
              },
              {
                "name": "Airport Trumpet",
                "name_kn": "ಐರ್ಪೊರ್ಟ್ ಟ್ರುಂಪೆಟ್",
                "stop_id": "29465",
                "lat": 13.19908,
                "lon": 77.65792
              },
              {
                "name": "Navayuga Toll",
                "name_kn": "ನವಯುಗ ಟೊಲ್ಲ್",
                "stop_id": "35728",
                "lat": 13.20103,
                "lon": 77.66089
              },
              {
                "name": "Kannamangala Gate",
                "name_kn": "ಕಂನಮಙಲ ಗಟೆ",
                "stop_id": "33323",
                "lat": 13.20708,
                "lon": 77.66833
              },
              {
                "name": "Bachahalli Gate",
                "name_kn": "ಬಚಹಲ್ಲಿ ಗಟೆ",
                "stop_id": "29620",
                "lat": 13.21219,
                "lon": 77.6732
              },
              {
                "name": "Bhuvanahalli Gate",
                "name_kn": "ಭುವನಹಲ್ಲಿ ಗಟೆ",
                "stop_id": "32051",
                "lat": 13.2187,
                "lon": 77.67964
              },
              {
                "name": "Palya Gate",
                "name_kn": "ಪಲೆ ಗಟೆ",
                "stop_id": "34208",
                "lat": 13.22145,
                "lon": 77.68232
              },
              {
                "name": "Dhaba Gate",
                "name_kn": "ಧಬ ಗಟೆ",
                "stop_id": "32476",
                "lat": 13.22644,
                "lon": 77.68707
              },
              {
                "name": "Chikka Sanne Gate",
                "name_kn": "ಚಿಕ್ಕ ಸಂನೆ ಗಟೆ",
                "stop_id": "32286",
                "lat": 13.23038,
                "lon": 77.69093
              },
              {
                "name": "Sanna Amanikere",
                "name_kn": "ಸಂನ ಮನಿಕೆರೆ",
                "stop_id": "28143",
                "lat": 13.23419,
                "lon": 77.6946
              },
              {
                "name": "Hiranandani Villas",
                "name_kn": "ಹಿರನಂದನಿ ವಿಲ್ಲಸ್",
                "stop_id": "25887",
                "lat": 13.23894,
                "lon": 77.69951
              },
              {
                "name": "Devanahalli Bypass NH-7",
                "name_kn": "ದೆವನಹಲ್ಲಿ ಬೆಪಸ್ಸ್ ಂಹ್-7",
                "stop_id": "24922",
                "lat": 13.24207,
                "lon": 77.70346
              },
              {
                "name": "Devanahalli Talluk Office",
                "name_kn": "ದೆವನಹಲ್ಲಿ ಟಲ್ಲುಕ್ ೊೞ್ೞಿಕೆ",
                "stop_id": "24936",
                "lat": 13.24363,
                "lon": 77.70877
              },
              {
                "name": "Devanahalli New Bus Station",
                "name_kn": "ದೆವನಹಲ್ಲಿ ನೆವ್ ಬುಸ್ ಸ್ಟಟಿೊಂ",
                "stop_id": "32458",
                "lat": 13.24543,
                "lon": 77.71274
              },
              {
                "name": "Devanahalli Old Bus Stand",
                "name_kn": "ದೆವನಹಲ್ಲಿ ೊಲ್ದ್ ಬುಸ್ ಸ್ಟಂದ್",
                "stop_id": "32461",
                "lat": 13.24853,
                "lon": 77.71547
              }
            ]
          },
          {
            "Route": "289-F UP",
            "RouteId": 4795,
            "RouteParentId": 2627,
            "Destination": "Hosakote Bus Stand (Old)",
            "Via": "",
            "Area": "Yelahanka Old Town",
            "PlatformNumber": "3",
            "KannadaDestination": "ಹೊಸಕೊಟೆ ಬುಸ್ ಸ್ಟಂದ್ (ೊಲ್ದ್)",
            "KannadaArea": "ಯಲಹಂಕ ಓಲ್ಡ್ ಟೌನ್",
            "KannadaVia": "",
            "FromStationId": 22640,
            "Stops": [
              {
                "name": "Yelahanka Old Town",
                "name_kn": "ಯೆಲಹಂಕ ೊಲ್ದ್ ಟೌಂ",
                "stop_id": "22640",
                "lat": 13.10091,
                "lon": 77.59436
              },
              {
                "name": "Yelahanka Santhe Circle",
                "name_kn": "ಯೆಲಹಂಕ ಸಂತೆ ಕಿರ್ಕ್ಲೆ",
                "stop_id": "22643",
                "lat": 13.09919,
                "lon": 77.59731
              },
              {
                "name": "Kogilu Cross",
                "name_kn": "ಕೊಗಿಲು ಕ್ರೊಸ್ಸ್",
                "stop_id": "31172",
                "lat": 13.10386,
                "lon": 77.60028
              },
              {
                "name": "Kendriya Vihara",
                "name_kn": "ಕೆಂದ್ರಿಯ ವಿಹರ",
                "stop_id": "33453",
                "lat": 13.10653,
                "lon": 77.60161
              },
              {
                "name": "Venkatala",
                "name_kn": "ವೆಂಕಟಲ",
                "stop_id": "31579",
                "lat": 13.11139,
                "lon": 77.60456
              },
              {
                "name": "Palanahalli Gate",
                "name_kn": "ಪಲನಹಲ್ಲಿ ಗಟೆ",
                "stop_id": "34203",
                "lat": 13.11708,
                "lon": 77.60807
              },
              {
                "name": "Bagalur Cross",
                "name_kn": "ಬಗಲುರ್ ಕ್ರೊಸ್ಸ್",
                "stop_id": "31858",
                "lat": 13.12182,
                "lon": 77.61128
              },
              {
                "name": "Dwaraka Nagara",
                "name_kn": "ದ್ವರಕ ನಗರ",
                "stop_id": "32574",
                "lat": 13.12137,
                "lon": 77.61807
              },
              {
                "name": "Kattigenahalli Cross",
                "name_kn": "ಕಟಿಗೆನಹಲ್ಲಿ ಕ್ರೊಸ್ಸ್",
                "stop_id": "30900",
                "lat": 13.12187,
                "lon": 77.62562
              },
              {
                "name": "Reva College Gate",
                "name_kn": "ರೆವ ಕೊಲ್ಲೆಗೆ ಗಟೆ",
                "stop_id": "34416",
                "lat": 13.12228,
                "lon": 77.63051
              },
              {
                "name": "Country Club Bagaluru",
                "name_kn": "ಕೌಂಟ್ರೆ ಕ್ಲುಬ್ ಬಗಲುರು",
                "stop_id": "32381",
                "lat": 13.12358,
                "lon": 77.63932
              },
              {
                "name": "Srinivasapura Cross",
                "name_kn": "ಸ್ರಿನಿವಸಪುರ ಕ್ರೊಸ್ಸ್",
                "stop_id": "34690",
                "lat": 13.12602,
                "lon": 77.64512
              },
              {
                "name": "Sathanur Colony",
                "name_kn": "ಸತನುರ್ ಕೊಲೊನೆ",
                "stop_id": "34479",
                "lat": 13.12788,
                "lon": 77.64651
              },
              {
                "name": "Sathanur",
                "name_kn": "ಸತನುರ್",
                "stop_id": "28176",
                "lat": 13.13186,
                "lon": 77.6474
              },
              {
                "name": "Bagalur Sante/ CMR University Cross",
                "name_kn": "ಬಗಲುರ್ ಸಂಟೆ/ ಕ್ಂರ್ ುನಿವೆರ್ಸಿಟೆ ಕ್ರೊಸ್ಸ್",
                "stop_id": "39920",
                "lat": 13.13211,
                "lon": 77.66222
              },
              {
                "name": "Bagalur Santhe Circle",
                "name_kn": "ಬಗಲುರ್ ಸಂತೆ ಕಿರ್ಕ್ಲೆ",
                "stop_id": "31859",
                "lat": 13.13351,
                "lon": 77.66675
              },
              {
                "name": "Bagalur",
                "name_kn": "ಬಗಲುರ್",
                "stop_id": "21698",
                "lat": 13.13456,
                "lon": 77.66816
              },
              {
                "name": "Gopalapura",
                "name_kn": "ಗೊಪಲಪುರ",
                "stop_id": "21972",
                "lat": 13.13294,
                "lon": 77.68847
              },
              {
                "name": "Yadiyuru Bagalur",
                "name_kn": "ಯದಿಯುರು ಬಗಲುರ್",
                "stop_id": "22636",
                "lat": 13.13091,
                "lon": 77.69547
              },
              {
                "name": "Maralakunte",
                "name_kn": "ಮರಲಕುಂಟೆ",
                "stop_id": "22258",
                "lat": 13.13225,
                "lon": 77.70593
              },
              {
                "name": "Hosahalli",
                "name_kn": "ಹೊಸಹಲ್ಲಿ",
                "stop_id": "22041",
                "lat": 13.13567,
                "lon": 77.71774
              },
              {
                "name": "Manchappanahalli Cross",
                "name_kn": "ಮಂಚಪ್ಪನಹಲ್ಲಿ ಕ್ರೊಸ್ಸ್",
                "stop_id": "22251",
                "lat": 13.13527,
                "lon": 77.72547
              },
              {
                "name": "Spriling School",
                "name_kn": "ಸ್ಪ್ರಿಲಿಙ್ ಸ್ಚೂಲ್",
                "stop_id": "26600",
                "lat": 13.1377,
                "lon": 77.74422
              },
              {
                "name": "Deshnarayanaswamy Temple",
                "name_kn": "ದೆಶ್ನರಯನಸ್ವಮೆ ಟೆಂಪ್ಲೆ",
                "stop_id": "24892",
                "lat": 13.13726,
                "lon": 77.74569
              },
              {
                "name": "Budigere",
                "name_kn": "ಬುದಿಗೆರೆ",
                "stop_id": "21788",
                "lat": 13.13511,
                "lon": 77.74756
              },
              {
                "name": "Hittarahalli Gate",
                "name_kn": "ಹಿಟರಹಲ್ಲಿ ಗಟೆ",
                "stop_id": "25730",
                "lat": 13.12337,
                "lon": 77.74425
              },
              {
                "name": "Andhrahalli Gate",
                "name_kn": "ಅಂಧ್ರಹಲ್ಲಿ ಗಟೆ",
                "stop_id": "35481",
                "lat": 13.11547,
                "lon": 77.74531
              },
              {
                "name": "Thirumenahalli Gate",
                "name_kn": "ತಿರುಮೆನಹಲ್ಲಿ ಗಟೆ",
                "stop_id": "31464",
                "lat": 13.11051,
                "lon": 77.74517
              },
              {
                "name": "Jyothipura Gate",
                "name_kn": "ಜೆೊತಿಪುರ ಗಟೆ",
                "stop_id": "33190",
                "lat": 13.10274,
                "lon": 77.74419
              },
              {
                "name": "Singarapura",
                "name_kn": "ಸಿಙರಪುರ",
                "stop_id": "34615",
                "lat": 13.09961,
                "lon": 77.74378
              },
              {
                "name": "Kattu Gollahalli Gate",
                "name_kn": "ಕಟು ಗೊಲ್ಲಹಲ್ಲಿ ಗಟೆ",
                "stop_id": "30906",
                "lat": 13.0944,
                "lon": 77.7429
              },
              {
                "name": "Hancharahalli Gate",
                "name_kn": "ಹಂಚರಹಲ್ಲಿ ಗಟೆ",
                "stop_id": "25722",
                "lat": 13.09183,
                "lon": 77.74168
              },
              {
                "name": "Gnana Jyothi school",
                "name_kn": "ಗ್ನನ ಜೆೊತಿ ಸ್ಚೂಲ್",
                "stop_id": "39027",
                "lat": 13.08458,
                "lon": 77.73919
              },
              {
                "name": "Mandur",
                "name_kn": "ಮಂದುರ್",
                "stop_id": "33809",
                "lat": 13.08221,
                "lon": 77.73862
              },
              {
                "name": "Premium Farm Mandur",
                "name_kn": "ಪ್ರೆಮಿುಂ ೞರ್ಂ ಮಂದುರ್",
                "stop_id": "27752",
                "lat": 13.0792,
                "lon": 77.73702
              },
              {
                "name": "New Baldwin International School",
                "name_kn": "ನೆವ್ ಬಲ್ದ್ವಿಂ ಿಂಟೆರ್ನಟಿೊನಲ್ ಸ್ಚೂಲ್",
                "stop_id": "34151",
                "lat": 13.07254,
                "lon": 77.73721
              },
              {
                "name": "Grandwell",
                "name_kn": "ಗ್ರಂದ್ವೆಲ್ಲ್",
                "stop_id": "25553",
                "lat": 13.06328,
                "lon": 77.73988
              },
              {
                "name": "SKF Factory",
                "name_kn": "ಸ್ಕ್ೞ್ ೞಕ್ಟೊರೆ",
                "stop_id": "34621",
                "lat": 13.06124,
                "lon": 77.74195
              },
              {
                "name": "Budigere Cross",
                "name_kn": "ಬುದಿಗೆರೆ ಕ್ರೊಸ್ಸ್",
                "stop_id": "21791",
                "lat": 13.04651,
                "lon": 77.75054
              },
              {
                "name": "Sapthagiri Convention Hall",
                "name_kn": "ಸಪ್ತಗಿರಿ ಕೊಂವೆಂಟಿೊಂ ಹಲ್ಲ್",
                "stop_id": "22456",
                "lat": 13.0509,
                "lon": 77.75676
              },
              {
                "name": "Katamanallur Gate",
                "name_kn": "ಕಟಮನಲ್ಲುರ್ ಗಟೆ",
                "stop_id": "22155",
                "lat": 13.05373,
                "lon": 77.76177
              },
              {
                "name": "Hosakote Kodi",
                "name_kn": "ಹೊಸಕೊಟೆ ಕೊದಿ",
                "stop_id": "22054",
                "lat": 13.0565,
                "lon": 77.76741
              },
              {
                "name": "Hosakote Toll",
                "name_kn": "ಹೊಸಕೊಟೆ ಟೊಲ್ಲ್",
                "stop_id": "22056",
                "lat": 13.05963,
                "lon": 77.77057
              },
              {
                "name": "Hosakote High School",
                "name_kn": "ಹೊಸಕೊಟೆ ಹಿಘ್ ಸ್ಚೂಲ್",
                "stop_id": "22050",
                "lat": 13.07048,
                "lon": 77.78364
              },
              {
                "name": "Hosakote BEO office",
                "name_kn": "ಹೊಸಕೊಟೆ ಬೆೊ ೊೞ್ೞಿಕೆ",
                "stop_id": "37604",
                "lat": 13.07339,
                "lon": 77.78294
              },
              {
                "name": "Hosakote Flower Market",
                "name_kn": "ಹೊಸಕೊಟೆ ೞ್ಲೌೆರ್ ಮರ್ಕೆಟ್",
                "stop_id": "22048",
                "lat": 13.07531,
                "lon": 77.78637
              },
              {
                "name": "Hosakote Bus Stand (Old)",
                "name_kn": "ಹೊಸಕೊಟೆ ಬುಸ್ ಸ್ಟಂದ್ (ೊಲ್ದ್)",
                "stop_id": "22046",
                "lat": 13.0787,
                "lon": 77.78774
              }
            ]
          },
          {
            "Route": "289-P UP",
            "RouteId": 6847,
            "RouteParentId": 3684,
            "Destination": "Hunasuru",
            "Via": "",
            "Area": "Yelahanka Old Town",
            "PlatformNumber": "3",
            "KannadaDestination": "ಹುನಸುರು",
            "KannadaArea": "ಯಲಹಂಕ ಓಲ್ಡ್ ಟೌನ್",
            "KannadaVia": "",
            "FromStationId": 22640,
            "Stops": [
              {
                "name": "Yelahanka Old Town",
                "name_kn": "ಯೆಲಹಂಕ ೊಲ್ದ್ ಟೌಂ",
                "stop_id": "22640",
                "lat": 13.10091,
                "lon": 77.59436
              },
              {
                "name": "Yelahanka Santhe Circle",
                "name_kn": "ಯೆಲಹಂಕ ಸಂತೆ ಕಿರ್ಕ್ಲೆ",
                "stop_id": "22643",
                "lat": 13.09919,
                "lon": 77.59731
              },
              {
                "name": "Kogilu Cross",
                "name_kn": "ಕೊಗಿಲು ಕ್ರೊಸ್ಸ್",
                "stop_id": "31172",
                "lat": 13.10386,
                "lon": 77.60028
              },
              {
                "name": "Kendriya Vihara",
                "name_kn": "ಕೆಂದ್ರಿಯ ವಿಹರ",
                "stop_id": "33453",
                "lat": 13.10653,
                "lon": 77.60161
              },
              {
                "name": "Venkatala",
                "name_kn": "ವೆಂಕಟಲ",
                "stop_id": "31579",
                "lat": 13.11139,
                "lon": 77.60456
              },
              {
                "name": "Palanahalli Gate",
                "name_kn": "ಪಲನಹಲ್ಲಿ ಗಟೆ",
                "stop_id": "34203",
                "lat": 13.11708,
                "lon": 77.60807
              },
              {
                "name": "Bagalur Cross",
                "name_kn": "ಬಗಲುರ್ ಕ್ರೊಸ್ಸ್",
                "stop_id": "31858",
                "lat": 13.12182,
                "lon": 77.61128
              },
              {
                "name": "Dwaraka Nagara",
                "name_kn": "ದ್ವರಕ ನಗರ",
                "stop_id": "32574",
                "lat": 13.12137,
                "lon": 77.61807
              },
              {
                "name": "Kattigenahalli Cross",
                "name_kn": "ಕಟಿಗೆನಹಲ್ಲಿ ಕ್ರೊಸ್ಸ್",
                "stop_id": "30900",
                "lat": 13.12187,
                "lon": 77.62562
              },
              {
                "name": "Reva College Gate",
                "name_kn": "ರೆವ ಕೊಲ್ಲೆಗೆ ಗಟೆ",
                "stop_id": "34416",
                "lat": 13.12228,
                "lon": 77.63051
              },
              {
                "name": "Country Club Bagaluru",
                "name_kn": "ಕೌಂಟ್ರೆ ಕ್ಲುಬ್ ಬಗಲುರು",
                "stop_id": "32381",
                "lat": 13.12358,
                "lon": 77.63932
              },
              {
                "name": "Srinivasapura Cross",
                "name_kn": "ಸ್ರಿನಿವಸಪುರ ಕ್ರೊಸ್ಸ್",
                "stop_id": "34690",
                "lat": 13.12602,
                "lon": 77.64512
              },
              {
                "name": "Sathanur Colony",
                "name_kn": "ಸತನುರ್ ಕೊಲೊನೆ",
                "stop_id": "34479",
                "lat": 13.12788,
                "lon": 77.64651
              },
              {
                "name": "Sathanur",
                "name_kn": "ಸತನುರ್",
                "stop_id": "28176",
                "lat": 13.13186,
                "lon": 77.6474
              },
              {
                "name": "Bagalur Sante/ CMR University Cross",
                "name_kn": "ಬಗಲುರ್ ಸಂಟೆ/ ಕ್ಂರ್ ುನಿವೆರ್ಸಿಟೆ ಕ್ರೊಸ್ಸ್",
                "stop_id": "39920",
                "lat": 13.13211,
                "lon": 77.66222
              },
              {
                "name": "Bagalur Santhe Circle",
                "name_kn": "ಬಗಲುರ್ ಸಂತೆ ಕಿರ್ಕ್ಲೆ",
                "stop_id": "31859",
                "lat": 13.13351,
                "lon": 77.66675
              },
              {
                "name": "Bagalur",
                "name_kn": "ಬಗಲುರ್",
                "stop_id": "23267",
                "lat": 13.13461,
                "lon": 77.66794
              },
              {
                "name": "Bagalur Colony",
                "name_kn": "ಬಗಲುರ್ ಕೊಲೊನೆ",
                "stop_id": "29624",
                "lat": 13.14146,
                "lon": 77.67118
              },
              {
                "name": "Navodaya School Bagalur",
                "name_kn": "ನವೊದಯ ಸ್ಚೂಲ್ ಬಗಲುರ್",
                "stop_id": "34119",
                "lat": 13.14888,
                "lon": 77.67468
              },
              {
                "name": "KIADB Hoovinayakanahalli Gate",
                "name_kn": "ಕಿದ್ಬ್ ಹೂವಿನಯಕನಹಲ್ಲಿ ಗಟೆ",
                "stop_id": "31081",
                "lat": 13.15591,
                "lon": 77.68091
              },
              {
                "name": "Basavanna Temple Hoovinayakanahalli",
                "name_kn": "ಬಸವಂನ ಟೆಂಪ್ಲೆ ಹೂವಿನಯಕನಹಲ್ಲಿ",
                "stop_id": "31911",
                "lat": 13.1679,
                "lon": 77.6885
              },
              {
                "name": "Bayalahalli Gate(Bande kodigehalli)",
                "name_kn": "ಬಯಲಹಲ್ಲಿ ಗಟೆ(ಬಂದೆ ಕೊದಿಗೆಹಲ್ಲಿ)",
                "stop_id": "31922",
                "lat": 13.17001,
                "lon": 77.68996
              },
              {
                "name": "Bande kodigehalli",
                "name_kn": "ಬಂದೆ ಕೊದಿಗೆಹಲ್ಲಿ",
                "stop_id": "29685",
                "lat": 13.17202,
                "lon": 77.69075
              },
              {
                "name": "Bande Kodigehallipalya Cross",
                "name_kn": "ಬಂದೆ ಕೊದಿಗೆಹಲ್ಲಿಪಲೆ ಕ್ರೊಸ್ಸ್",
                "stop_id": "31876",
                "lat": 13.17275,
                "lon": 77.691
              },
              {
                "name": "Mylanahalli",
                "name_kn": "ಮೆಲನಹಲ್ಲಿ",
                "stop_id": "34015",
                "lat": 13.1855,
                "lon": 77.69695
              },
              {
                "name": "Kadayarappanahalli Cross",
                "name_kn": "ಕದಯರಪ್ಪನಹಲ್ಲಿ ಕ್ರೊಸ್ಸ್",
                "stop_id": "33227",
                "lat": 13.1841,
                "lon": 77.70429
              },
              {
                "name": "Kadayarappanahalli",
                "name_kn": "ಕದಯರಪ್ಪನಹಲ್ಲಿ",
                "stop_id": "30565",
                "lat": 13.1841,
                "lon": 77.70522
              },
              {
                "name": "Hunasuru",
                "name_kn": "ಹುನಸುರು",
                "stop_id": "26064",
                "lat": 13.18006,
                "lon": 77.71258
              }
            ]
          },
          {
            "Route": "289-G YHK-MRS UP",
            "RouteId": 6938,
            "RouteParentId": 3727,
            "Destination": "Marasandra",
            "Via": "",
            "Area": "Yelahanka Old Town",
            "PlatformNumber": "3",
            "KannadaDestination": "ಮರಸಂದ್ರ",
            "KannadaArea": "ಯಲಹಂಕ ಓಲ್ಡ್ ಟೌನ್",
            "KannadaVia": "",
            "FromStationId": 22640,
            "Stops": [
              {
                "name": "Raitarasanthe Yelahanka",
                "name_kn": "ರೈಟರಸಂತೆ ಯೆಲಹಂಕ",
                "stop_id": "27854",
                "lat": 13.09807,
                "lon": 77.59866
              },
              {
                "name": "Yelahanka Santhe Circle",
                "name_kn": "ಯೆಲಹಂಕ ಸಂತೆ ಕಿರ್ಕ್ಲೆ",
                "stop_id": "22643",
                "lat": 13.09919,
                "lon": 77.59731
              },
              {
                "name": "Kogilu Cross",
                "name_kn": "ಕೊಗಿಲು ಕ್ರೊಸ್ಸ್",
                "stop_id": "31172",
                "lat": 13.10386,
                "lon": 77.60028
              },
              {
                "name": "Kendriya Vihara",
                "name_kn": "ಕೆಂದ್ರಿಯ ವಿಹರ",
                "stop_id": "33453",
                "lat": 13.10653,
                "lon": 77.60161
              },
              {
                "name": "Venkatala",
                "name_kn": "ವೆಂಕಟಲ",
                "stop_id": "31579",
                "lat": 13.11139,
                "lon": 77.60456
              },
              {
                "name": "Palanahalli Gate",
                "name_kn": "ಪಲನಹಲ್ಲಿ ಗಟೆ",
                "stop_id": "34203",
                "lat": 13.11708,
                "lon": 77.60807
              },
              {
                "name": "Bagalur Cross",
                "name_kn": "ಬಗಲುರ್ ಕ್ರೊಸ್ಸ್",
                "stop_id": "31858",
                "lat": 13.12182,
                "lon": 77.61128
              },
              {
                "name": "Dwaraka Nagara",
                "name_kn": "ದ್ವರಕ ನಗರ",
                "stop_id": "32574",
                "lat": 13.12137,
                "lon": 77.61807
              },
              {
                "name": "Kattigenahalli Cross",
                "name_kn": "ಕಟಿಗೆನಹಲ್ಲಿ ಕ್ರೊಸ್ಸ್",
                "stop_id": "30900",
                "lat": 13.12187,
                "lon": 77.62562
              },
              {
                "name": "Reva College Gate",
                "name_kn": "ರೆವ ಕೊಲ್ಲೆಗೆ ಗಟೆ",
                "stop_id": "34416",
                "lat": 13.12228,
                "lon": 77.63051
              },
              {
                "name": "Country Club Bagaluru",
                "name_kn": "ಕೌಂಟ್ರೆ ಕ್ಲುಬ್ ಬಗಲುರು",
                "stop_id": "32381",
                "lat": 13.12358,
                "lon": 77.63932
              },
              {
                "name": "Srinivasapura Cross",
                "name_kn": "ಸ್ರಿನಿವಸಪುರ ಕ್ರೊಸ್ಸ್",
                "stop_id": "34690",
                "lat": 13.12602,
                "lon": 77.64512
              },
              {
                "name": "Sathanur Colony",
                "name_kn": "ಸತನುರ್ ಕೊಲೊನೆ",
                "stop_id": "34479",
                "lat": 13.12788,
                "lon": 77.64651
              },
              {
                "name": "Sathanur",
                "name_kn": "ಸತನುರ್",
                "stop_id": "28176",
                "lat": 13.13186,
                "lon": 77.6474
              },
              {
                "name": "Bagalur Sante/ CMR University Cross",
                "name_kn": "ಬಗಲುರ್ ಸಂಟೆ/ ಕ್ಂರ್ ುನಿವೆರ್ಸಿಟೆ ಕ್ರೊಸ್ಸ್",
                "stop_id": "39920",
                "lat": 13.13211,
                "lon": 77.66222
              },
              {
                "name": "Bagalur Santhe Circle",
                "name_kn": "ಬಗಲುರ್ ಸಂತೆ ಕಿರ್ಕ್ಲೆ",
                "stop_id": "31859",
                "lat": 13.13351,
                "lon": 77.66675
              },
              {
                "name": "Bagalur",
                "name_kn": "ಬಗಲುರ್",
                "stop_id": "23267",
                "lat": 13.13461,
                "lon": 77.66794
              },
              {
                "name": "Marenahalli Gate",
                "name_kn": "ಮರೆನಹಲ್ಲಿ ಗಟೆ",
                "stop_id": "28831",
                "lat": 13.13318,
                "lon": 77.67031
              },
              {
                "name": "Vijaya School",
                "name_kn": "ವಿಜಯ ಸ್ಚೂಲ್",
                "stop_id": "31597",
                "lat": 13.13048,
                "lon": 77.6725
              },
              {
                "name": "Marenahalli",
                "name_kn": "ಮರೆನಹಲ್ಲಿ",
                "stop_id": "35157",
                "lat": 13.1196,
                "lon": 77.67869
              },
              {
                "name": "Chokkanahalli",
                "name_kn": "ಚೊಕ್ಕನಹಲ್ಲಿ",
                "stop_id": "32343",
                "lat": 13.11355,
                "lon": 77.68756
              },
              {
                "name": "Chokkanahali Government School",
                "name_kn": "ಚೊಕ್ಕನಹಲಿ ಗೊವೆರ್ಂಮೆಂಟ್ ಸ್ಚೂಲ್",
                "stop_id": "33826",
                "lat": 13.11135,
                "lon": 77.69133
              },
              {
                "name": "Puttanna Badavane",
                "name_kn": "ಪುಟಂನ ಬದವನೆ",
                "stop_id": "39228",
                "lat": 13.09966,
                "lon": 77.70782
              },
              {
                "name": "Marasandra",
                "name_kn": "ಮರಸಂದ್ರ",
                "stop_id": "33833",
                "lat": 13.09966,
                "lon": 77.71519
              }
            ]
          },
          {
            "Route": "289-L UP",
            "RouteId": 7006,
            "RouteParentId": 3764,
            "Destination": "MVJ Medical Hospital",
            "Via": "",
            "Area": "Yelahanka Old Town",
            "PlatformNumber": "3",
            "KannadaDestination": "ಂವ್ಜ್ ಮೆದಿಕಲ್ ಹೊಸ್ಪಿಟಲ್",
            "KannadaArea": "ಯಲಹಂಕ ಓಲ್ಡ್ ಟೌನ್",
            "KannadaVia": "",
            "FromStationId": 22640,
            "Stops": [
              {
                "name": "Yelahanka Old Town",
                "name_kn": "ಯೆಲಹಂಕ ೊಲ್ದ್ ಟೌಂ",
                "stop_id": "22640",
                "lat": 13.10091,
                "lon": 77.59436
              },
              {
                "name": "Yelahanka Santhe Circle",
                "name_kn": "ಯೆಲಹಂಕ ಸಂತೆ ಕಿರ್ಕ್ಲೆ",
                "stop_id": "22643",
                "lat": 13.09919,
                "lon": 77.59731
              },
              {
                "name": "Kogilu Cross",
                "name_kn": "ಕೊಗಿಲು ಕ್ರೊಸ್ಸ್",
                "stop_id": "31172",
                "lat": 13.10386,
                "lon": 77.60028
              },
              {
                "name": "Kendriya Vihara",
                "name_kn": "ಕೆಂದ್ರಿಯ ವಿಹರ",
                "stop_id": "33453",
                "lat": 13.10653,
                "lon": 77.60161
              },
              {
                "name": "Venkatala",
                "name_kn": "ವೆಂಕಟಲ",
                "stop_id": "31579",
                "lat": 13.11139,
                "lon": 77.60456
              },
              {
                "name": "Palanahalli Gate",
                "name_kn": "ಪಲನಹಲ್ಲಿ ಗಟೆ",
                "stop_id": "34203",
                "lat": 13.11708,
                "lon": 77.60807
              },
              {
                "name": "Bagalur Cross",
                "name_kn": "ಬಗಲುರ್ ಕ್ರೊಸ್ಸ್",
                "stop_id": "29626",
                "lat": 13.12198,
                "lon": 77.61061
              },
              {
                "name": "Dwaraka Nagara",
                "name_kn": "ದ್ವರಕ ನಗರ",
                "stop_id": "32574",
                "lat": 13.12137,
                "lon": 77.61807
              },
              {
                "name": "Kattigenahalli Cross",
                "name_kn": "ಕಟಿಗೆನಹಲ್ಲಿ ಕ್ರೊಸ್ಸ್",
                "stop_id": "30900",
                "lat": 13.12187,
                "lon": 77.62562
              },
              {
                "name": "Reva College Gate",
                "name_kn": "ರೆವ ಕೊಲ್ಲೆಗೆ ಗಟೆ",
                "stop_id": "34416",
                "lat": 13.12228,
                "lon": 77.63051
              },
              {
                "name": "Country Club Bagaluru",
                "name_kn": "ಕೌಂಟ್ರೆ ಕ್ಲುಬ್ ಬಗಲುರು",
                "stop_id": "32381",
                "lat": 13.12358,
                "lon": 77.63932
              },
              {
                "name": "Srinivasapura Cross",
                "name_kn": "ಸ್ರಿನಿವಸಪುರ ಕ್ರೊಸ್ಸ್",
                "stop_id": "34690",
                "lat": 13.12602,
                "lon": 77.64512
              },
              {
                "name": "Sathanur Colony",
                "name_kn": "ಸತನುರ್ ಕೊಲೊನೆ",
                "stop_id": "34479",
                "lat": 13.12788,
                "lon": 77.64651
              },
              {
                "name": "Sathanur",
                "name_kn": "ಸತನುರ್",
                "stop_id": "28176",
                "lat": 13.13186,
                "lon": 77.6474
              },
              {
                "name": "Bagalur Sante/ CMR University Cross",
                "name_kn": "ಬಗಲುರ್ ಸಂಟೆ/ ಕ್ಂರ್ ುನಿವೆರ್ಸಿಟೆ ಕ್ರೊಸ್ಸ್",
                "stop_id": "39920",
                "lat": 13.13211,
                "lon": 77.66222
              },
              {
                "name": "Bagalur Santhe Circle",
                "name_kn": "ಬಗಲುರ್ ಸಂತೆ ಕಿರ್ಕ್ಲೆ",
                "stop_id": "31859",
                "lat": 13.13351,
                "lon": 77.66675
              },
              {
                "name": "Bagalur",
                "name_kn": "ಬಗಲುರ್",
                "stop_id": "23267",
                "lat": 13.13461,
                "lon": 77.66794
              },
              {
                "name": "Marenahalli Gate",
                "name_kn": "ಮರೆನಹಲ್ಲಿ ಗಟೆ",
                "stop_id": "28831",
                "lat": 13.13318,
                "lon": 77.67031
              },
              {
                "name": "Vijaya School",
                "name_kn": "ವಿಜಯ ಸ್ಚೂಲ್",
                "stop_id": "31597",
                "lat": 13.13048,
                "lon": 77.6725
              },
              {
                "name": "Marenahalli",
                "name_kn": "ಮರೆನಹಲ್ಲಿ",
                "stop_id": "35157",
                "lat": 13.1196,
                "lon": 77.67869
              },
              {
                "name": "Chokkanahalli",
                "name_kn": "ಚೊಕ್ಕನಹಲ್ಲಿ",
                "stop_id": "32343",
                "lat": 13.11355,
                "lon": 77.68756
              },
              {
                "name": "Chokkanahali Government School",
                "name_kn": "ಚೊಕ್ಕನಹಲಿ ಗೊವೆರ್ಂಮೆಂಟ್ ಸ್ಚೂಲ್",
                "stop_id": "33826",
                "lat": 13.11135,
                "lon": 77.69133
              },
              {
                "name": "Puttanna Badavane",
                "name_kn": "ಪುಟಂನ ಬದವನೆ",
                "stop_id": "39228",
                "lat": 13.09966,
                "lon": 77.70782
              },
              {
                "name": "Marasandra",
                "name_kn": "ಮರಸಂದ್ರ",
                "stop_id": "33833",
                "lat": 13.09966,
                "lon": 77.71519
              },
              {
                "name": "Gundur",
                "name_kn": "ಗುಂದುರ್",
                "stop_id": "32791",
                "lat": 13.08676,
                "lon": 77.71507
              },
              {
                "name": "Kammasandra Gate",
                "name_kn": "ಕಮ್ಮಸಂದ್ರ ಗಟೆ",
                "stop_id": "30724",
                "lat": 13.0817,
                "lon": 77.71596
              },
              {
                "name": "Kammasandra",
                "name_kn": "ಕಮ್ಮಸಂದ್ರ",
                "stop_id": "33301",
                "lat": 13.07863,
                "lon": 77.71643
              },
              {
                "name": "Amogha Layout",
                "name_kn": "ಅಮೊಘ ಲಯೌಟ್",
                "stop_id": "35499",
                "lat": 13.0751,
                "lon": 77.71814
              },
              {
                "name": "Bayyappanahalli",
                "name_kn": "ಬಯೆಪ್ಪನಹಲ್ಲಿ",
                "stop_id": "29801",
                "lat": 13.07156,
                "lon": 77.72081
              },
              {
                "name": "Bidarahalli",
                "name_kn": "ಬಿದರಹಲ್ಲಿ",
                "stop_id": "25040",
                "lat": 13.06538,
                "lon": 77.71704
              },
              {
                "name": "Bidarahalli School",
                "name_kn": "ಬಿದರಹಲ್ಲಿ ಸ್ಚೂಲ್",
                "stop_id": "32068",
                "lat": 13.06013,
                "lon": 77.71626
              },
              {
                "name": "Bidarahalli Cross",
                "name_kn": "ಬಿದರಹಲ್ಲಿ ಕ್ರೊಸ್ಸ್",
                "stop_id": "32069",
                "lat": 13.05694,
                "lon": 77.71522
              },
              {
                "name": "East Point College",
                "name_kn": "ಎಸ್ಟ್ ಪೊಿಂಟ್ ಕೊಲ್ಲೆಗೆ",
                "stop_id": "32584",
                "lat": 13.05012,
                "lon": 77.72
              },
              {
                "name": "Hirandahalli",
                "name_kn": "ಹಿರಂದಹಲ್ಲಿ",
                "stop_id": "25863",
                "lat": 13.04578,
                "lon": 77.72276
              },
              {
                "name": "Srirama Layout Avalahalli Road",
                "name_kn": "ಸ್ರಿರಮ ಲಯೌಟ್ ವಲಹಲ್ಲಿ ರೊದ್",
                "stop_id": "26611",
                "lat": 13.03981,
                "lon": 77.72938
              },
              {
                "name": "Avalahalli Hosakote",
                "name_kn": "ಅವಲಹಲ್ಲಿ ಹೊಸಕೊಟೆ",
                "stop_id": "23221",
                "lat": 13.03591,
                "lon": 77.73531
              },
              {
                "name": "Cheemasandra Gate",
                "name_kn": "ಚೀಮಸಂದ್ರ ಗಟೆ",
                "stop_id": "24455",
                "lat": 13.03903,
                "lon": 77.74008
              },
              {
                "name": "Bandapura Gate",
                "name_kn": "ಬಂದಪುರ ಗಟೆ",
                "stop_id": "21715",
                "lat": 13.04228,
                "lon": 77.74459
              },
              {
                "name": "Budigere Cross",
                "name_kn": "ಬುದಿಗೆರೆ ಕ್ರೊಸ್ಸ್",
                "stop_id": "21791",
                "lat": 13.04651,
                "lon": 77.75054
              },
              {
                "name": "Sapthagiri Convention Hall",
                "name_kn": "ಸಪ್ತಗಿರಿ ಕೊಂವೆಂಟಿೊಂ ಹಲ್ಲ್",
                "stop_id": "22456",
                "lat": 13.0509,
                "lon": 77.75676
              },
              {
                "name": "Katamanallur Gate",
                "name_kn": "ಕಟಮನಲ್ಲುರ್ ಗಟೆ",
                "stop_id": "22155",
                "lat": 13.05373,
                "lon": 77.76177
              },
              {
                "name": "Hosakote Kodi",
                "name_kn": "ಹೊಸಕೊಟೆ ಕೊದಿ",
                "stop_id": "22054",
                "lat": 13.0565,
                "lon": 77.76741
              },
              {
                "name": "Hosakote Toll",
                "name_kn": "ಹೊಸಕೊಟೆ ಟೊಲ್ಲ್",
                "stop_id": "22056",
                "lat": 13.05963,
                "lon": 77.77057
              },
              {
                "name": "Hosakote High School",
                "name_kn": "ಹೊಸಕೊಟೆ ಹಿಘ್ ಸ್ಚೂಲ್",
                "stop_id": "22050",
                "lat": 13.07048,
                "lon": 77.78364
              },
              {
                "name": "Hosakote BEO office",
                "name_kn": "ಹೊಸಕೊಟೆ ಬೆೊ ೊೞ್ೞಿಕೆ",
                "stop_id": "37604",
                "lat": 13.07339,
                "lon": 77.78294
              },
              {
                "name": "Hosakote Flower Market",
                "name_kn": "ಹೊಸಕೊಟೆ ೞ್ಲೌೆರ್ ಮರ್ಕೆಟ್",
                "stop_id": "22048",
                "lat": 13.07531,
                "lon": 77.78637
              },
              {
                "name": "Hosakote Bus Stand (Old)",
                "name_kn": "ಹೊಸಕೊಟೆ ಬುಸ್ ಸ್ಟಂದ್ (ೊಲ್ದ್)",
                "stop_id": "22046",
                "lat": 13.0787,
                "lon": 77.78774
              },
              {
                "name": "Hosakote Flower Market",
                "name_kn": "ಹೊಸಕೊಟೆ ೞ್ಲೌೆರ್ ಮರ್ಕೆಟ್",
                "stop_id": "22049",
                "lat": 13.07531,
                "lon": 77.78639
              },
              {
                "name": "Hosakote K E B Circle",
                "name_kn": "ಹೊಸಕೊಟೆ ಕ್ ೆ ಬ್ ಕಿರ್ಕ್ಲೆ",
                "stop_id": "32978",
                "lat": 13.07232,
                "lon": 77.78701
              },
              {
                "name": "Santhe Gate",
                "name_kn": "ಸಂತೆ ಗಟೆ",
                "stop_id": "28146",
                "lat": 13.07696,
                "lon": 77.79507
              },
              {
                "name": "Hosakote Govt Hospital",
                "name_kn": "ಹೊಸಕೊಟೆ ಗೊವ್ಟ್ ಹೊಸ್ಪಿಟಲ್",
                "stop_id": "32977",
                "lat": 13.07754,
                "lon": 77.80208
              },
              {
                "name": "Dandupalya Gate",
                "name_kn": "ದಂದುಪಲೆ ಗಟೆ",
                "stop_id": "32403",
                "lat": 13.07728,
                "lon": 77.80786
              },
              {
                "name": "MVJ Medical Hospital",
                "name_kn": "ಂವ್ಜ್ ಮೆದಿಕಲ್ ಹೊಸ್ಪಿಟಲ್",
                "stop_id": "34014",
                "lat": 13.07944,
                "lon": 77.81199
              }
            ]
          },
          {
            "Route": "298-M YHK-DVHOB UP",
            "RouteId": 7103,
            "RouteParentId": 1174,
            "Destination": "Devanahalli Old Bus Stand",
            "Via": "",
            "Area": "Yelahanka Old Town",
            "PlatformNumber": "3",
            "KannadaDestination": "ದೆವನಹಲ್ಲಿ ೊಲ್ದ್ ಬುಸ್ ಸ್ಟಂದ್",
            "KannadaArea": "ಯಲಹಂಕ ಓಲ್ಡ್ ಟೌನ್",
            "KannadaVia": "",
            "FromStationId": 22640,
            "Stops": [
              {
                "name": "Raitarasanthe Yelahanka",
                "name_kn": "ರೈಟರಸಂತೆ ಯೆಲಹಂಕ",
                "stop_id": "27854",
                "lat": 13.09807,
                "lon": 77.59866
              },
              {
                "name": "Yelahanka Santhe Circle",
                "name_kn": "ಯೆಲಹಂಕ ಸಂತೆ ಕಿರ್ಕ್ಲೆ",
                "stop_id": "22643",
                "lat": 13.09919,
                "lon": 77.59731
              },
              {
                "name": "Kogilu Cross",
                "name_kn": "ಕೊಗಿಲು ಕ್ರೊಸ್ಸ್",
                "stop_id": "31172",
                "lat": 13.10386,
                "lon": 77.60028
              },
              {
                "name": "Kendriya Vihara",
                "name_kn": "ಕೆಂದ್ರಿಯ ವಿಹರ",
                "stop_id": "33453",
                "lat": 13.10653,
                "lon": 77.60161
              },
              {
                "name": "Venkatala",
                "name_kn": "ವೆಂಕಟಲ",
                "stop_id": "31579",
                "lat": 13.11139,
                "lon": 77.60456
              },
              {
                "name": "Palanahalli Gate",
                "name_kn": "ಪಲನಹಲ್ಲಿ ಗಟೆ",
                "stop_id": "34203",
                "lat": 13.11708,
                "lon": 77.60807
              },
              {
                "name": "Bagalur Cross",
                "name_kn": "ಬಗಲುರ್ ಕ್ರೊಸ್ಸ್",
                "stop_id": "29626",
                "lat": 13.12198,
                "lon": 77.61061
              },
              {
                "name": "Indian Air Force",
                "name_kn": "ಇಂದಿಂ ೈರ್ ೞೊರ್ಕೆ",
                "stop_id": "33030",
                "lat": 13.13103,
                "lon": 77.61503
              },
              {
                "name": "Bharathi Nagara",
                "name_kn": "ಭರತಿ ನಗರ",
                "stop_id": "29992",
                "lat": 13.1374,
                "lon": 77.61746
              },
              {
                "name": "Hunasamaranahalli",
                "name_kn": "ಹುನಸಮರನಹಲ್ಲಿ",
                "stop_id": "33001",
                "lat": 13.14519,
                "lon": 77.6174
              },
              {
                "name": "SMVIT Cross",
                "name_kn": "ಸ್ಂವಿಟ್ ಕ್ರೊಸ್ಸ್",
                "stop_id": "34626",
                "lat": 13.15209,
                "lon": 77.62015
              },
              {
                "name": "Bettahalasuru Cross",
                "name_kn": "ಬೆಟಹಲಸುರು ಕ್ರೊಸ್ಸ್",
                "stop_id": "31981",
                "lat": 13.1571,
                "lon": 77.62336
              },
              {
                "name": "Vidyanagara Cross Chikkajala",
                "name_kn": "ವಿಠೆನಗರ ಕ್ರೊಸ್ಸ್ ಚಿಕ್ಕಜಲ",
                "stop_id": "31590",
                "lat": 13.16137,
                "lon": 77.62657
              },
              {
                "name": "Chikkajala",
                "name_kn": "ಚಿಕ್ಕಜಲ",
                "stop_id": "24574",
                "lat": 13.17277,
                "lon": 77.63318
              },
              {
                "name": "Meenakunte Hosuru",
                "name_kn": "ಮೀನಕುಂಟೆ ಹೊಸುರು",
                "stop_id": "28956",
                "lat": 13.18452,
                "lon": 77.64142
              },
              {
                "name": "ITC Factory",
                "name_kn": "ಇಟ್ಕ್ ೞಕ್ಟೊರೆ",
                "stop_id": "26177",
                "lat": 13.18669,
                "lon": 77.64285
              },
              {
                "name": "Thabarahalli",
                "name_kn": "ತಬರಹಲ್ಲಿ",
                "stop_id": "34774",
                "lat": 13.18861,
                "lon": 77.64427
              },
              {
                "name": "Sadahalli Gate",
                "name_kn": "ಸದಹಲ್ಲಿ ಗಟೆ",
                "stop_id": "34443",
                "lat": 13.19072,
                "lon": 77.64583
              },
              {
                "name": "Airport Trumpet",
                "name_kn": "ಐರ್ಪೊರ್ಟ್ ಟ್ರುಂಪೆಟ್",
                "stop_id": "29465",
                "lat": 13.19908,
                "lon": 77.65792
              },
              {
                "name": "Navayuga Toll",
                "name_kn": "ನವಯುಗ ಟೊಲ್ಲ್",
                "stop_id": "35728",
                "lat": 13.20103,
                "lon": 77.66089
              },
              {
                "name": "Kannamangala Gate",
                "name_kn": "ಕಂನಮಙಲ ಗಟೆ",
                "stop_id": "33323",
                "lat": 13.20708,
                "lon": 77.66833
              },
              {
                "name": "Bachahalli Gate",
                "name_kn": "ಬಚಹಲ್ಲಿ ಗಟೆ",
                "stop_id": "29620",
                "lat": 13.21219,
                "lon": 77.6732
              },
              {
                "name": "Bhuvanahalli Gate",
                "name_kn": "ಭುವನಹಲ್ಲಿ ಗಟೆ",
                "stop_id": "32051",
                "lat": 13.2187,
                "lon": 77.67964
              },
              {
                "name": "Palya Gate",
                "name_kn": "ಪಲೆ ಗಟೆ",
                "stop_id": "34208",
                "lat": 13.22145,
                "lon": 77.68232
              },
              {
                "name": "Dhaba Gate",
                "name_kn": "ಧಬ ಗಟೆ",
                "stop_id": "32476",
                "lat": 13.22644,
                "lon": 77.68707
              },
              {
                "name": "Chikka Sanne Gate",
                "name_kn": "ಚಿಕ್ಕ ಸಂನೆ ಗಟೆ",
                "stop_id": "32286",
                "lat": 13.23038,
                "lon": 77.69093
              },
              {
                "name": "Sanna Amanikere",
                "name_kn": "ಸಂನ ಮನಿಕೆರೆ",
                "stop_id": "28143",
                "lat": 13.23419,
                "lon": 77.6946
              },
              {
                "name": "Hiranandani Villas",
                "name_kn": "ಹಿರನಂದನಿ ವಿಲ್ಲಸ್",
                "stop_id": "25887",
                "lat": 13.23894,
                "lon": 77.69951
              },
              {
                "name": "Devanahalli Bypass NH-7",
                "name_kn": "ದೆವನಹಲ್ಲಿ ಬೆಪಸ್ಸ್ ಂಹ್-7",
                "stop_id": "24922",
                "lat": 13.24207,
                "lon": 77.70346
              },
              {
                "name": "Devanahalli Talluk Office",
                "name_kn": "ದೆವನಹಲ್ಲಿ ಟಲ್ಲುಕ್ ೊೞ್ೞಿಕೆ",
                "stop_id": "24936",
                "lat": 13.24363,
                "lon": 77.70877
              },
              {
                "name": "Devanahalli New Bus Station",
                "name_kn": "ದೆವನಹಲ್ಲಿ ನೆವ್ ಬುಸ್ ಸ್ಟಟಿೊಂ",
                "stop_id": "32458",
                "lat": 13.24543,
                "lon": 77.71274
              },
              {
                "name": "Devanahalli Old Bus Stand",
                "name_kn": "ದೆವನಹಲ್ಲಿ ೊಲ್ದ್ ಬುಸ್ ಸ್ಟಂದ್",
                "stop_id": "32461",
                "lat": 13.24853,
                "lon": 77.71547
              }
            ]
          },
          {
            "Route": "289-CA UP",
            "RouteId": 8349,
            "RouteParentId": 4483,
            "Destination": "Hoovinayakanahalli",
            "Via": "",
            "Area": "Yelahanka Old Town",
            "PlatformNumber": "3",
            "KannadaDestination": "ಹೂವಿನಯಕನಹಲ್ಲಿ",
            "KannadaArea": "ಯಲಹಂಕ ಓಲ್ಡ್ ಟೌನ್",
            "KannadaVia": "",
            "FromStationId": 22640,
            "Stops": [
              {
                "name": "Yelahanka Old Town",
                "name_kn": "ಯೆಲಹಂಕ ೊಲ್ದ್ ಟೌಂ",
                "stop_id": "22640",
                "lat": 13.10091,
                "lon": 77.59436
              },
              {
                "name": "Yelahanka Santhe Circle",
                "name_kn": "ಯೆಲಹಂಕ ಸಂತೆ ಕಿರ್ಕ್ಲೆ",
                "stop_id": "22643",
                "lat": 13.09919,
                "lon": 77.59731
              },
              {
                "name": "Kogilu Cross",
                "name_kn": "ಕೊಗಿಲು ಕ್ರೊಸ್ಸ್",
                "stop_id": "31172",
                "lat": 13.10386,
                "lon": 77.60028
              },
              {
                "name": "Kendriya Vihara",
                "name_kn": "ಕೆಂದ್ರಿಯ ವಿಹರ",
                "stop_id": "33453",
                "lat": 13.10653,
                "lon": 77.60161
              },
              {
                "name": "Venkatala",
                "name_kn": "ವೆಂಕಟಲ",
                "stop_id": "31579",
                "lat": 13.11139,
                "lon": 77.60456
              },
              {
                "name": "Palanahalli Gate",
                "name_kn": "ಪಲನಹಲ್ಲಿ ಗಟೆ",
                "stop_id": "34203",
                "lat": 13.11708,
                "lon": 77.60807
              },
              {
                "name": "Bagalur Cross",
                "name_kn": "ಬಗಲುರ್ ಕ್ರೊಸ್ಸ್",
                "stop_id": "31858",
                "lat": 13.12182,
                "lon": 77.61128
              },
              {
                "name": "Dwaraka Nagara",
                "name_kn": "ದ್ವರಕ ನಗರ",
                "stop_id": "32574",
                "lat": 13.12137,
                "lon": 77.61807
              },
              {
                "name": "Kattigenahalli Cross",
                "name_kn": "ಕಟಿಗೆನಹಲ್ಲಿ ಕ್ರೊಸ್ಸ್",
                "stop_id": "30900",
                "lat": 13.12187,
                "lon": 77.62562
              },
              {
                "name": "Reva College Gate",
                "name_kn": "ರೆವ ಕೊಲ್ಲೆಗೆ ಗಟೆ",
                "stop_id": "34416",
                "lat": 13.12228,
                "lon": 77.63051
              },
              {
                "name": "Country Club Bagaluru",
                "name_kn": "ಕೌಂಟ್ರೆ ಕ್ಲುಬ್ ಬಗಲುರು",
                "stop_id": "32381",
                "lat": 13.12358,
                "lon": 77.63932
              },
              {
                "name": "Srinivasapura Cross",
                "name_kn": "ಸ್ರಿನಿವಸಪುರ ಕ್ರೊಸ್ಸ್",
                "stop_id": "34690",
                "lat": 13.12602,
                "lon": 77.64512
              },
              {
                "name": "Sathanur Colony",
                "name_kn": "ಸತನುರ್ ಕೊಲೊನೆ",
                "stop_id": "34479",
                "lat": 13.12788,
                "lon": 77.64651
              },
              {
                "name": "Sathanur",
                "name_kn": "ಸತನುರ್",
                "stop_id": "28176",
                "lat": 13.13186,
                "lon": 77.6474
              },
              {
                "name": "Bagalur Sante/ CMR University Cross",
                "name_kn": "ಬಗಲುರ್ ಸಂಟೆ/ ಕ್ಂರ್ ುನಿವೆರ್ಸಿಟೆ ಕ್ರೊಸ್ಸ್",
                "stop_id": "39920",
                "lat": 13.13211,
                "lon": 77.66222
              },
              {
                "name": "Bagalur Santhe Circle",
                "name_kn": "ಬಗಲುರ್ ಸಂತೆ ಕಿರ್ಕ್ಲೆ",
                "stop_id": "31859",
                "lat": 13.13351,
                "lon": 77.66675
              },
              {
                "name": "Bagalur",
                "name_kn": "ಬಗಲುರ್",
                "stop_id": "23267",
                "lat": 13.13461,
                "lon": 77.66794
              },
              {
                "name": "Bagalur Colony",
                "name_kn": "ಬಗಲುರ್ ಕೊಲೊನೆ",
                "stop_id": "29624",
                "lat": 13.14146,
                "lon": 77.67118
              },
              {
                "name": "Navodaya School Bagalur",
                "name_kn": "ನವೊದಯ ಸ್ಚೂಲ್ ಬಗಲುರ್",
                "stop_id": "34119",
                "lat": 13.14888,
                "lon": 77.67468
              },
              {
                "name": "KIADB Hoovinayakanahalli Gate",
                "name_kn": "ಕಿದ್ಬ್ ಹೂವಿನಯಕನಹಲ್ಲಿ ಗಟೆ",
                "stop_id": "31081",
                "lat": 13.15591,
                "lon": 77.68091
              },
              {
                "name": "Hoovinayakanahalli",
                "name_kn": "ಹೂವಿನಯಕನಹಲ್ಲಿ",
                "stop_id": "32942",
                "lat": 13.148,
                "lon": 77.68982
              }
            ]
          },
          {
            "Route": "289-AB UP",
            "RouteId": 8356,
            "RouteParentId": 4486,
            "Destination": "Byalahalli",
            "Via": "",
            "Area": "Yelahanka Old Town",
            "PlatformNumber": "3",
            "KannadaDestination": "ಬೆಲಹಲ್ಲಿ",
            "KannadaArea": "ಯಲಹಂಕ ಓಲ್ಡ್ ಟೌನ್",
            "KannadaVia": "",
            "FromStationId": 22640,
            "Stops": [
              {
                "name": "Yelahanka Old Town",
                "name_kn": "ಯೆಲಹಂಕ ೊಲ್ದ್ ಟೌಂ",
                "stop_id": "22640",
                "lat": 13.10091,
                "lon": 77.59436
              },
              {
                "name": "Yelahanka Santhe Circle",
                "name_kn": "ಯೆಲಹಂಕ ಸಂತೆ ಕಿರ್ಕ್ಲೆ",
                "stop_id": "22643",
                "lat": 13.09919,
                "lon": 77.59731
              },
              {
                "name": "Kogilu Cross",
                "name_kn": "ಕೊಗಿಲು ಕ್ರೊಸ್ಸ್",
                "stop_id": "31172",
                "lat": 13.10386,
                "lon": 77.60028
              },
              {
                "name": "Kendriya Vihara",
                "name_kn": "ಕೆಂದ್ರಿಯ ವಿಹರ",
                "stop_id": "33453",
                "lat": 13.10653,
                "lon": 77.60161
              },
              {
                "name": "Venkatala",
                "name_kn": "ವೆಂಕಟಲ",
                "stop_id": "31579",
                "lat": 13.11139,
                "lon": 77.60456
              },
              {
                "name": "Palanahalli Gate",
                "name_kn": "ಪಲನಹಲ್ಲಿ ಗಟೆ",
                "stop_id": "34203",
                "lat": 13.11708,
                "lon": 77.60807
              },
              {
                "name": "Bagalur Cross",
                "name_kn": "ಬಗಲುರ್ ಕ್ರೊಸ್ಸ್",
                "stop_id": "31858",
                "lat": 13.12182,
                "lon": 77.61128
              },
              {
                "name": "Dwaraka Nagara",
                "name_kn": "ದ್ವರಕ ನಗರ",
                "stop_id": "32574",
                "lat": 13.12137,
                "lon": 77.61807
              },
              {
                "name": "Kattigenahalli Cross",
                "name_kn": "ಕಟಿಗೆನಹಲ್ಲಿ ಕ್ರೊಸ್ಸ್",
                "stop_id": "30900",
                "lat": 13.12187,
                "lon": 77.62562
              },
              {
                "name": "Reva College Gate",
                "name_kn": "ರೆವ ಕೊಲ್ಲೆಗೆ ಗಟೆ",
                "stop_id": "34416",
                "lat": 13.12228,
                "lon": 77.63051
              },
              {
                "name": "Country Club Bagaluru",
                "name_kn": "ಕೌಂಟ್ರೆ ಕ್ಲುಬ್ ಬಗಲುರು",
                "stop_id": "32381",
                "lat": 13.12358,
                "lon": 77.63932
              },
              {
                "name": "Srinivasapura Cross",
                "name_kn": "ಸ್ರಿನಿವಸಪುರ ಕ್ರೊಸ್ಸ್",
                "stop_id": "34690",
                "lat": 13.12602,
                "lon": 77.64512
              },
              {
                "name": "Sathanur Colony",
                "name_kn": "ಸತನುರ್ ಕೊಲೊನೆ",
                "stop_id": "34479",
                "lat": 13.12788,
                "lon": 77.64651
              },
              {
                "name": "Sathanur",
                "name_kn": "ಸತನುರ್",
                "stop_id": "28176",
                "lat": 13.13186,
                "lon": 77.6474
              },
              {
                "name": "Bagalur Sante/ CMR University Cross",
                "name_kn": "ಬಗಲುರ್ ಸಂಟೆ/ ಕ್ಂರ್ ುನಿವೆರ್ಸಿಟೆ ಕ್ರೊಸ್ಸ್",
                "stop_id": "39920",
                "lat": 13.13211,
                "lon": 77.66222
              },
              {
                "name": "Bagalur Santhe Circle",
                "name_kn": "ಬಗಲುರ್ ಸಂತೆ ಕಿರ್ಕ್ಲೆ",
                "stop_id": "31859",
                "lat": 13.13351,
                "lon": 77.66675
              },
              {
                "name": "Bagalur",
                "name_kn": "ಬಗಲುರ್",
                "stop_id": "23267",
                "lat": 13.13461,
                "lon": 77.66794
              },
              {
                "name": "Bagalur Colony",
                "name_kn": "ಬಗಲುರ್ ಕೊಲೊನೆ",
                "stop_id": "29624",
                "lat": 13.14146,
                "lon": 77.67118
              },
              {
                "name": "Navodaya School Bagalur",
                "name_kn": "ನವೊದಯ ಸ್ಚೂಲ್ ಬಗಲುರ್",
                "stop_id": "34119",
                "lat": 13.14888,
                "lon": 77.67468
              },
              {
                "name": "KIADB Hoovinayakanahalli Gate",
                "name_kn": "ಕಿದ್ಬ್ ಹೂವಿನಯಕನಹಲ್ಲಿ ಗಟೆ",
                "stop_id": "31081",
                "lat": 13.15591,
                "lon": 77.68091
              },
              {
                "name": "Basavanna Temple Hoovinayakanahalli",
                "name_kn": "ಬಸವಂನ ಟೆಂಪ್ಲೆ ಹೂವಿನಯಕನಹಲ್ಲಿ",
                "stop_id": "31911",
                "lat": 13.1679,
                "lon": 77.6885
              },
              {
                "name": "Bayalahalli Gate(Bande kodigehalli)",
                "name_kn": "ಬಯಲಹಲ್ಲಿ ಗಟೆ(ಬಂದೆ ಕೊದಿಗೆಹಲ್ಲಿ)",
                "stop_id": "31922",
                "lat": 13.17001,
                "lon": 77.68996
              },
              {
                "name": "Byalahalli",
                "name_kn": "ಬೆಲಹಲ್ಲಿ",
                "stop_id": "32157",
                "lat": 13.16975,
                "lon": 77.6813
              }
            ]
          },
          {
            "Route": "289-A YHKOT-RZKP UP",
            "RouteId": 8817,
            "RouteParentId": 1423,
            "Destination": "Bagalur",
            "Via": "",
            "Area": "Yelahanka Old Town",
            "PlatformNumber": "3",
            "KannadaDestination": "ಬಗಲುರ್",
            "KannadaArea": "ಯಲಹಂಕ ಓಲ್ಡ್ ಟೌನ್",
            "KannadaVia": "",
            "FromStationId": 22640,
            "Stops": [
              {
                "name": "Yelahanka Old Town",
                "name_kn": "ಯೆಲಹಂಕ ೊಲ್ದ್ ಟೌಂ",
                "stop_id": "22640",
                "lat": 13.10091,
                "lon": 77.59436
              },
              {
                "name": "Yelahanka Santhe Circle",
                "name_kn": "ಯೆಲಹಂಕ ಸಂತೆ ಕಿರ್ಕ್ಲೆ",
                "stop_id": "22643",
                "lat": 13.09919,
                "lon": 77.59731
              },
              {
                "name": "Kogilu Cross",
                "name_kn": "ಕೊಗಿಲು ಕ್ರೊಸ್ಸ್",
                "stop_id": "31172",
                "lat": 13.10386,
                "lon": 77.60028
              },
              {
                "name": "Kendriya Vihara",
                "name_kn": "ಕೆಂದ್ರಿಯ ವಿಹರ",
                "stop_id": "33453",
                "lat": 13.10653,
                "lon": 77.60161
              },
              {
                "name": "Venkatala",
                "name_kn": "ವೆಂಕಟಲ",
                "stop_id": "31579",
                "lat": 13.11139,
                "lon": 77.60456
              },
              {
                "name": "Palanahalli Gate",
                "name_kn": "ಪಲನಹಲ್ಲಿ ಗಟೆ",
                "stop_id": "34203",
                "lat": 13.11708,
                "lon": 77.60807
              },
              {
                "name": "Bagalur Cross",
                "name_kn": "ಬಗಲುರ್ ಕ್ರೊಸ್ಸ್",
                "stop_id": "31858",
                "lat": 13.12182,
                "lon": 77.61128
              },
              {
                "name": "Dwaraka Nagara",
                "name_kn": "ದ್ವರಕ ನಗರ",
                "stop_id": "32574",
                "lat": 13.12137,
                "lon": 77.61807
              },
              {
                "name": "Kattigenahalli Cross",
                "name_kn": "ಕಟಿಗೆನಹಲ್ಲಿ ಕ್ರೊಸ್ಸ್",
                "stop_id": "30900",
                "lat": 13.12187,
                "lon": 77.62562
              },
              {
                "name": "Reva College Gate",
                "name_kn": "ರೆವ ಕೊಲ್ಲೆಗೆ ಗಟೆ",
                "stop_id": "34416",
                "lat": 13.12228,
                "lon": 77.63051
              },
              {
                "name": "Country Club Bagaluru",
                "name_kn": "ಕೌಂಟ್ರೆ ಕ್ಲುಬ್ ಬಗಲುರು",
                "stop_id": "32381",
                "lat": 13.12358,
                "lon": 77.63932
              },
              {
                "name": "Srinivasapura Cross",
                "name_kn": "ಸ್ರಿನಿವಸಪುರ ಕ್ರೊಸ್ಸ್",
                "stop_id": "34690",
                "lat": 13.12602,
                "lon": 77.64512
              },
              {
                "name": "Sathanur Colony",
                "name_kn": "ಸತನುರ್ ಕೊಲೊನೆ",
                "stop_id": "34479",
                "lat": 13.12788,
                "lon": 77.64651
              },
              {
                "name": "Sathanur",
                "name_kn": "ಸತನುರ್",
                "stop_id": "28176",
                "lat": 13.13186,
                "lon": 77.6474
              },
              {
                "name": "Bagalur Sante/ CMR University Cross",
                "name_kn": "ಬಗಲುರ್ ಸಂಟೆ/ ಕ್ಂರ್ ುನಿವೆರ್ಸಿಟೆ ಕ್ರೊಸ್ಸ್",
                "stop_id": "39920",
                "lat": 13.13211,
                "lon": 77.66222
              },
              {
                "name": "Bagalur Santhe Circle",
                "name_kn": "ಬಗಲುರ್ ಸಂತೆ ಕಿರ್ಕ್ಲೆ",
                "stop_id": "31859",
                "lat": 13.13351,
                "lon": 77.66675
              },
              {
                "name": "Bagalur",
                "name_kn": "ಬಗಲುರ್",
                "stop_id": "23267",
                "lat": 13.13461,
                "lon": 77.66794
              }
            ]
          },
          {
            "Route": "298-E UP",
            "RouteId": 9490,
            "RouteParentId": 5084,
            "Destination": "Kundana Circle",
            "Via": "",
            "Area": "Yelahanka Old Town",
            "PlatformNumber": "3",
            "KannadaDestination": "ಕುಂದನ ಕಿರ್ಕ್ಲೆ",
            "KannadaArea": "ಯಲಹಂಕ ಓಲ್ಡ್ ಟೌನ್",
            "KannadaVia": "",
            "FromStationId": 22640,
            "Stops": [
              {
                "name": "Yelahanka Old Town",
                "name_kn": "ಯೆಲಹಂಕ ೊಲ್ದ್ ಟೌಂ",
                "stop_id": "22640",
                "lat": 13.10091,
                "lon": 77.59436
              },
              {
                "name": "Yelahanka Santhe Circle",
                "name_kn": "ಯೆಲಹಂಕ ಸಂತೆ ಕಿರ್ಕ್ಲೆ",
                "stop_id": "22643",
                "lat": 13.09919,
                "lon": 77.59731
              },
              {
                "name": "Kogilu Cross",
                "name_kn": "ಕೊಗಿಲು ಕ್ರೊಸ್ಸ್",
                "stop_id": "31172",
                "lat": 13.10386,
                "lon": 77.60028
              },
              {
                "name": "Kendriya Vihara",
                "name_kn": "ಕೆಂದ್ರಿಯ ವಿಹರ",
                "stop_id": "33453",
                "lat": 13.10653,
                "lon": 77.60161
              },
              {
                "name": "Venkatala",
                "name_kn": "ವೆಂಕಟಲ",
                "stop_id": "31579",
                "lat": 13.11139,
                "lon": 77.60456
              },
              {
                "name": "Palanahalli Gate",
                "name_kn": "ಪಲನಹಲ್ಲಿ ಗಟೆ",
                "stop_id": "34203",
                "lat": 13.11708,
                "lon": 77.60807
              },
              {
                "name": "Bagalur Cross",
                "name_kn": "ಬಗಲುರ್ ಕ್ರೊಸ್ಸ್",
                "stop_id": "29626",
                "lat": 13.12198,
                "lon": 77.61061
              },
              {
                "name": "Indian Air Force",
                "name_kn": "ಇಂದಿಂ ೈರ್ ೞೊರ್ಕೆ",
                "stop_id": "33030",
                "lat": 13.13103,
                "lon": 77.61503
              },
              {
                "name": "Bharathi Nagara",
                "name_kn": "ಭರತಿ ನಗರ",
                "stop_id": "29992",
                "lat": 13.1374,
                "lon": 77.61746
              },
              {
                "name": "Hunasamaranahalli",
                "name_kn": "ಹುನಸಮರನಹಲ್ಲಿ",
                "stop_id": "33001",
                "lat": 13.14519,
                "lon": 77.6174
              },
              {
                "name": "SMVIT Cross",
                "name_kn": "ಸ್ಂವಿಟ್ ಕ್ರೊಸ್ಸ್",
                "stop_id": "34626",
                "lat": 13.15209,
                "lon": 77.62015
              },
              {
                "name": "Bettahalasuru Cross",
                "name_kn": "ಬೆಟಹಲಸುರು ಕ್ರೊಸ್ಸ್",
                "stop_id": "31981",
                "lat": 13.1571,
                "lon": 77.62336
              },
              {
                "name": "Vidyanagara Cross Chikkajala",
                "name_kn": "ವಿಠೆನಗರ ಕ್ರೊಸ್ಸ್ ಚಿಕ್ಕಜಲ",
                "stop_id": "31590",
                "lat": 13.16137,
                "lon": 77.62657
              },
              {
                "name": "Chikkajala",
                "name_kn": "ಚಿಕ್ಕಜಲ",
                "stop_id": "24574",
                "lat": 13.17277,
                "lon": 77.63318
              },
              {
                "name": "Meenakunte Hosuru",
                "name_kn": "ಮೀನಕುಂಟೆ ಹೊಸುರು",
                "stop_id": "28956",
                "lat": 13.18452,
                "lon": 77.64142
              },
              {
                "name": "ITC Factory",
                "name_kn": "ಇಟ್ಕ್ ೞಕ್ಟೊರೆ",
                "stop_id": "26177",
                "lat": 13.18669,
                "lon": 77.64285
              },
              {
                "name": "Thabarahalli",
                "name_kn": "ತಬರಹಲ್ಲಿ",
                "stop_id": "34774",
                "lat": 13.18861,
                "lon": 77.64427
              },
              {
                "name": "Sadahalli Gate",
                "name_kn": "ಸದಹಲ್ಲಿ ಗಟೆ",
                "stop_id": "34443",
                "lat": 13.19072,
                "lon": 77.64583
              },
              {
                "name": "Sadahalli",
                "name_kn": "ಸದಹಲ್ಲಿ",
                "stop_id": "34442",
                "lat": 13.21204,
                "lon": 77.64729
              },
              {
                "name": "Pujanahalli Gate",
                "name_kn": "ಪುಜನಹಲ್ಲಿ ಗಟೆ",
                "stop_id": "27764",
                "lat": 13.21703,
                "lon": 77.65068
              },
              {
                "name": "Kempathimmanahalli Cross",
                "name_kn": "ಕೆಂಪತಿಮ್ಮನಹಲ್ಲಿ ಕ್ರೊಸ್ಸ್",
                "stop_id": "33441",
                "lat": 13.22207,
                "lon": 77.65103
              },
              {
                "name": "Kempathimmanahalli",
                "name_kn": "ಕೆಂಪತಿಮ್ಮನಹಲ್ಲಿ",
                "stop_id": "30982",
                "lat": 13.22322,
                "lon": 77.65455
              },
              {
                "name": "Uganawadi Cross",
                "name_kn": "ಉಗನವದಿ ಕ್ರೊಸ್ಸ್",
                "stop_id": "34947",
                "lat": 13.23208,
                "lon": 77.65594
              },
              {
                "name": "Uganawadi",
                "name_kn": "ಉಗನವದಿ",
                "stop_id": "34948",
                "lat": 13.23921,
                "lon": 77.6569
              },
              {
                "name": "Peddanahalli",
                "name_kn": "ಪೆದ್ದನಹಲ್ಲಿ",
                "stop_id": "34237",
                "lat": 13.24693,
                "lon": 77.64812
              },
              {
                "name": "Devaganahalli",
                "name_kn": "ದೆವಗನಹಲ್ಲಿ",
                "stop_id": "24898",
                "lat": 13.25331,
                "lon": 77.64888
              },
              {
                "name": "Kundana Cross",
                "name_kn": "ಕುಂದನ ಕ್ರೊಸ್ಸ್",
                "stop_id": "33628",
                "lat": 13.25476,
                "lon": 77.64965
              },
              {
                "name": "Sikayanahalli",
                "name_kn": "ಸಿಕಯನಹಲ್ಲಿ",
                "stop_id": "34603",
                "lat": 13.25555,
                "lon": 77.64546
              },
              {
                "name": "Sugalla",
                "name_kn": "ಸುಗಲ್ಲ",
                "stop_id": "26720",
                "lat": 13.2574,
                "lon": 77.63232
              },
              {
                "name": "Kundana",
                "name_kn": "ಕುಂದನ",
                "stop_id": "33626",
                "lat": 13.25728,
                "lon": 77.6283
              },
              {
                "name": "Kundana Circle",
                "name_kn": "ಕುಂದನ ಕಿರ್ಕ್ಲೆ",
                "stop_id": "28395",
                "lat": 13.25708,
                "lon": 77.61703
              }
            ]
          },
          {
            "Route": "298-MF YHKOT-BSR UP",
            "RouteId": 9669,
            "RouteParentId": 5156,
            "Destination": "Beerasandra Chapradakallu",
            "Via": "",
            "Area": "Yelahanka Old Town",
            "PlatformNumber": "3",
            "KannadaDestination": "ಬೀರಸಂದ್ರ ಚಪ್ರದಕಲ್ಲು",
            "KannadaArea": "ಯಲಹಂಕ ಓಲ್ಡ್ ಟೌನ್",
            "KannadaVia": "",
            "FromStationId": 22640,
            "Stops": [
              {
                "name": "Raitarasanthe Yelahanka",
                "name_kn": "ರೈಟರಸಂತೆ ಯೆಲಹಂಕ",
                "stop_id": "27854",
                "lat": 13.09807,
                "lon": 77.59866
              },
              {
                "name": "Yelahanka Santhe Circle",
                "name_kn": "ಯೆಲಹಂಕ ಸಂತೆ ಕಿರ್ಕ್ಲೆ",
                "stop_id": "22643",
                "lat": 13.09919,
                "lon": 77.59731
              },
              {
                "name": "Kogilu Cross",
                "name_kn": "ಕೊಗಿಲು ಕ್ರೊಸ್ಸ್",
                "stop_id": "31172",
                "lat": 13.10386,
                "lon": 77.60028
              },
              {
                "name": "Kendriya Vihara",
                "name_kn": "ಕೆಂದ್ರಿಯ ವಿಹರ",
                "stop_id": "33453",
                "lat": 13.10653,
                "lon": 77.60161
              },
              {
                "name": "Venkatala",
                "name_kn": "ವೆಂಕಟಲ",
                "stop_id": "31579",
                "lat": 13.11139,
                "lon": 77.60456
              },
              {
                "name": "Palanahalli Gate",
                "name_kn": "ಪಲನಹಲ್ಲಿ ಗಟೆ",
                "stop_id": "34203",
                "lat": 13.11708,
                "lon": 77.60807
              },
              {
                "name": "Bagalur Cross",
                "name_kn": "ಬಗಲುರ್ ಕ್ರೊಸ್ಸ್",
                "stop_id": "29626",
                "lat": 13.12198,
                "lon": 77.61061
              },
              {
                "name": "Indian Air Force",
                "name_kn": "ಇಂದಿಂ ೈರ್ ೞೊರ್ಕೆ",
                "stop_id": "33030",
                "lat": 13.13103,
                "lon": 77.61503
              },
              {
                "name": "Bharathi Nagara",
                "name_kn": "ಭರತಿ ನಗರ",
                "stop_id": "29992",
                "lat": 13.1374,
                "lon": 77.61746
              },
              {
                "name": "Hunasamaranahalli",
                "name_kn": "ಹುನಸಮರನಹಲ್ಲಿ",
                "stop_id": "33001",
                "lat": 13.14519,
                "lon": 77.6174
              },
              {
                "name": "SMVIT Cross",
                "name_kn": "ಸ್ಂವಿಟ್ ಕ್ರೊಸ್ಸ್",
                "stop_id": "34626",
                "lat": 13.15209,
                "lon": 77.62015
              },
              {
                "name": "Bettahalasuru Cross",
                "name_kn": "ಬೆಟಹಲಸುರು ಕ್ರೊಸ್ಸ್",
                "stop_id": "31981",
                "lat": 13.1571,
                "lon": 77.62336
              },
              {
                "name": "Vidyanagara Cross Chikkajala",
                "name_kn": "ವಿಠೆನಗರ ಕ್ರೊಸ್ಸ್ ಚಿಕ್ಕಜಲ",
                "stop_id": "31590",
                "lat": 13.16137,
                "lon": 77.62657
              },
              {
                "name": "Chikkajala",
                "name_kn": "ಚಿಕ್ಕಜಲ",
                "stop_id": "24574",
                "lat": 13.17277,
                "lon": 77.63318
              },
              {
                "name": "Meenakunte Hosuru",
                "name_kn": "ಮೀನಕುಂಟೆ ಹೊಸುರು",
                "stop_id": "28956",
                "lat": 13.18452,
                "lon": 77.64142
              },
              {
                "name": "ITC Factory",
                "name_kn": "ಇಟ್ಕ್ ೞಕ್ಟೊರೆ",
                "stop_id": "26177",
                "lat": 13.18669,
                "lon": 77.64285
              },
              {
                "name": "Thabarahalli",
                "name_kn": "ತಬರಹಲ್ಲಿ",
                "stop_id": "34774",
                "lat": 13.18861,
                "lon": 77.64427
              },
              {
                "name": "Sadahalli Gate",
                "name_kn": "ಸದಹಲ್ಲಿ ಗಟೆ",
                "stop_id": "34443",
                "lat": 13.19072,
                "lon": 77.64583
              },
              {
                "name": "Airport Trumpet",
                "name_kn": "ಐರ್ಪೊರ್ಟ್ ಟ್ರುಂಪೆಟ್",
                "stop_id": "29465",
                "lat": 13.19908,
                "lon": 77.65792
              },
              {
                "name": "Navayuga Toll",
                "name_kn": "ನವಯುಗ ಟೊಲ್ಲ್",
                "stop_id": "35728",
                "lat": 13.20103,
                "lon": 77.66089
              },
              {
                "name": "Kannamangala Gate",
                "name_kn": "ಕಂನಮಙಲ ಗಟೆ",
                "stop_id": "33323",
                "lat": 13.20708,
                "lon": 77.66833
              },
              {
                "name": "Bachahalli Gate",
                "name_kn": "ಬಚಹಲ್ಲಿ ಗಟೆ",
                "stop_id": "29620",
                "lat": 13.21219,
                "lon": 77.6732
              },
              {
                "name": "Bhuvanahalli Gate",
                "name_kn": "ಭುವನಹಲ್ಲಿ ಗಟೆ",
                "stop_id": "32051",
                "lat": 13.2187,
                "lon": 77.67964
              },
              {
                "name": "Palya Gate",
                "name_kn": "ಪಲೆ ಗಟೆ",
                "stop_id": "34208",
                "lat": 13.22145,
                "lon": 77.68232
              },
              {
                "name": "Dhaba Gate",
                "name_kn": "ಧಬ ಗಟೆ",
                "stop_id": "32476",
                "lat": 13.22644,
                "lon": 77.68707
              },
              {
                "name": "Chikka Sanne Gate",
                "name_kn": "ಚಿಕ್ಕ ಸಂನೆ ಗಟೆ",
                "stop_id": "32286",
                "lat": 13.23038,
                "lon": 77.69093
              },
              {
                "name": "Sanna Amanikere",
                "name_kn": "ಸಂನ ಮನಿಕೆರೆ",
                "stop_id": "28143",
                "lat": 13.23419,
                "lon": 77.6946
              },
              {
                "name": "Hiranandani Villas",
                "name_kn": "ಹಿರನಂದನಿ ವಿಲ್ಲಸ್",
                "stop_id": "25887",
                "lat": 13.23894,
                "lon": 77.69951
              },
              {
                "name": "Devanahalli Bypass NH-7",
                "name_kn": "ದೆವನಹಲ್ಲಿ ಬೆಪಸ್ಸ್ ಂಹ್-7",
                "stop_id": "24922",
                "lat": 13.24207,
                "lon": 77.70346
              },
              {
                "name": "Devanahalli Talluk Office",
                "name_kn": "ದೆವನಹಲ್ಲಿ ಟಲ್ಲುಕ್ ೊೞ್ೞಿಕೆ",
                "stop_id": "24936",
                "lat": 13.24363,
                "lon": 77.70877
              },
              {
                "name": "Devanahalli New Bus Station",
                "name_kn": "ದೆವನಹಲ್ಲಿ ನೆವ್ ಬುಸ್ ಸ್ಟಟಿೊಂ",
                "stop_id": "32458",
                "lat": 13.24543,
                "lon": 77.71274
              },
              {
                "name": "Devanahalli Old Bus Stand",
                "name_kn": "ದೆವನಹಲ್ಲಿ ೊಲ್ದ್ ಬುಸ್ ಸ್ಟಂದ್",
                "stop_id": "32461",
                "lat": 13.24853,
                "lon": 77.71547
              },
              {
                "name": "Vijayapura Cross",
                "name_kn": "ವಿಜಯಪುರ ಕ್ರೊಸ್ಸ್",
                "stop_id": "31600",
                "lat": 13.25678,
                "lon": 77.71718
              },
              {
                "name": "Parvatapura Devanahalli",
                "name_kn": "ಪರ್ವಟಪುರ ದೆವನಹಲ್ಲಿ",
                "stop_id": "27622",
                "lat": 13.25749,
                "lon": 77.71211
              },
              {
                "name": "Neeleri Gate",
                "name_kn": "ನೀಲೆರಿ ಗಟೆ",
                "stop_id": "34129",
                "lat": 13.25857,
                "lon": 77.70602
              },
              {
                "name": "Kodimanchanahalli Gate",
                "name_kn": "ಕೊದಿಮಂಚನಹಲ್ಲಿ ಗಟೆ",
                "stop_id": "31158",
                "lat": 13.2578,
                "lon": 77.6989
              },
              {
                "name": "Savukanahalli Gate",
                "name_kn": "ಸವುಕನಹಲ್ಲಿ ಗಟೆ",
                "stop_id": "34483",
                "lat": 13.25801,
                "lon": 77.6956
              },
              {
                "name": "Bommawara Gate",
                "name_kn": "ಬೊಮ್ಮವರ ಗಟೆ",
                "stop_id": "32119",
                "lat": 13.26488,
                "lon": 77.68053
              },
              {
                "name": "Pandurangapura",
                "name_kn": "ಪಂದುರಙಪುರ",
                "stop_id": "34214",
                "lat": 13.26936,
                "lon": 77.66061
              },
              {
                "name": "Vishwanathapura",
                "name_kn": "ವಿಶ್ವನತಪುರ",
                "stop_id": "31621",
                "lat": 13.27181,
                "lon": 77.64928
              },
              {
                "name": "Chapparadakallu",
                "name_kn": "ಚಪ್ಪರದಕಲ್ಲು",
                "stop_id": "31940",
                "lat": 13.27904,
                "lon": 77.62536
              },
              {
                "name": "Beerasandra Chapradakallu",
                "name_kn": "ಬೀರಸಂದ್ರ ಚಪ್ರದಕಲ್ಲು",
                "stop_id": "31939",
                "lat": 13.28005,
                "lon": 77.62042
              }
            ]
          },
          {
            "Route": "289-F YHKOT-MRC UP",
            "RouteId": 11771,
            "RouteParentId": 2627,
            "Destination": "Hosakote Bus Stand (Old)",
            "Via": "",
            "Area": "Yelahanka Old Town",
            "PlatformNumber": "3",
            "KannadaDestination": "ಹೊಸಕೊಟೆ ಬುಸ್ ಸ್ಟಂದ್ (ೊಲ್ದ್)",
            "KannadaArea": "ಯಲಹಂಕ ಓಲ್ಡ್ ಟೌನ್",
            "KannadaVia": "",
            "FromStationId": 22640,
            "Stops": [
              {
                "name": "Yelahanka Old Town",
                "name_kn": "ಯೆಲಹಂಕ ೊಲ್ದ್ ಟೌಂ",
                "stop_id": "22640",
                "lat": 13.10091,
                "lon": 77.59436
              },
              {
                "name": "Yelahanka Santhe Circle",
                "name_kn": "ಯೆಲಹಂಕ ಸಂತೆ ಕಿರ್ಕ್ಲೆ",
                "stop_id": "22643",
                "lat": 13.09919,
                "lon": 77.59731
              },
              {
                "name": "Kogilu Cross",
                "name_kn": "ಕೊಗಿಲು ಕ್ರೊಸ್ಸ್",
                "stop_id": "31172",
                "lat": 13.10386,
                "lon": 77.60028
              },
              {
                "name": "Kendriya Vihara",
                "name_kn": "ಕೆಂದ್ರಿಯ ವಿಹರ",
                "stop_id": "33453",
                "lat": 13.10653,
                "lon": 77.60161
              },
              {
                "name": "Venkatala",
                "name_kn": "ವೆಂಕಟಲ",
                "stop_id": "31579",
                "lat": 13.11139,
                "lon": 77.60456
              },
              {
                "name": "Palanahalli Gate",
                "name_kn": "ಪಲನಹಲ್ಲಿ ಗಟೆ",
                "stop_id": "34203",
                "lat": 13.11708,
                "lon": 77.60807
              },
              {
                "name": "Bagalur Cross",
                "name_kn": "ಬಗಲುರ್ ಕ್ರೊಸ್ಸ್",
                "stop_id": "31858",
                "lat": 13.12182,
                "lon": 77.61128
              },
              {
                "name": "Dwaraka Nagara",
                "name_kn": "ದ್ವರಕ ನಗರ",
                "stop_id": "32574",
                "lat": 13.12137,
                "lon": 77.61807
              },
              {
                "name": "Kattigenahalli Cross",
                "name_kn": "ಕಟಿಗೆನಹಲ್ಲಿ ಕ್ರೊಸ್ಸ್",
                "stop_id": "30900",
                "lat": 13.12187,
                "lon": 77.62562
              },
              {
                "name": "Reva College Gate",
                "name_kn": "ರೆವ ಕೊಲ್ಲೆಗೆ ಗಟೆ",
                "stop_id": "34416",
                "lat": 13.12228,
                "lon": 77.63051
              },
              {
                "name": "Country Club Bagaluru",
                "name_kn": "ಕೌಂಟ್ರೆ ಕ್ಲುಬ್ ಬಗಲುರು",
                "stop_id": "32381",
                "lat": 13.12358,
                "lon": 77.63932
              },
              {
                "name": "Srinivasapura Cross",
                "name_kn": "ಸ್ರಿನಿವಸಪುರ ಕ್ರೊಸ್ಸ್",
                "stop_id": "34690",
                "lat": 13.12602,
                "lon": 77.64512
              },
              {
                "name": "Sathanur Colony",
                "name_kn": "ಸತನುರ್ ಕೊಲೊನೆ",
                "stop_id": "34479",
                "lat": 13.12788,
                "lon": 77.64651
              },
              {
                "name": "Sathanur",
                "name_kn": "ಸತನುರ್",
                "stop_id": "28176",
                "lat": 13.13186,
                "lon": 77.6474
              },
              {
                "name": "Bagalur Sante/ CMR University Cross",
                "name_kn": "ಬಗಲುರ್ ಸಂಟೆ/ ಕ್ಂರ್ ುನಿವೆರ್ಸಿಟೆ ಕ್ರೊಸ್ಸ್",
                "stop_id": "39920",
                "lat": 13.13211,
                "lon": 77.66222
              },
              {
                "name": "Bagalur Santhe Circle",
                "name_kn": "ಬಗಲುರ್ ಸಂತೆ ಕಿರ್ಕ್ಲೆ",
                "stop_id": "31859",
                "lat": 13.13351,
                "lon": 77.66675
              },
              {
                "name": "Bagalur",
                "name_kn": "ಬಗಲುರ್",
                "stop_id": "21698",
                "lat": 13.13456,
                "lon": 77.66816
              },
              {
                "name": "Gopalapura",
                "name_kn": "ಗೊಪಲಪುರ",
                "stop_id": "21972",
                "lat": 13.13294,
                "lon": 77.68847
              },
              {
                "name": "Yadiyuru Bagalur",
                "name_kn": "ಯದಿಯುರು ಬಗಲುರ್",
                "stop_id": "22636",
                "lat": 13.13091,
                "lon": 77.69547
              },
              {
                "name": "Maralakunte",
                "name_kn": "ಮರಲಕುಂಟೆ",
                "stop_id": "22258",
                "lat": 13.13225,
                "lon": 77.70593
              },
              {
                "name": "Hosahalli",
                "name_kn": "ಹೊಸಹಲ್ಲಿ",
                "stop_id": "22041",
                "lat": 13.13567,
                "lon": 77.71774
              },
              {
                "name": "Manchappanahalli Cross",
                "name_kn": "ಮಂಚಪ್ಪನಹಲ್ಲಿ ಕ್ರೊಸ್ಸ್",
                "stop_id": "22251",
                "lat": 13.13527,
                "lon": 77.72547
              },
              {
                "name": "Spriling School",
                "name_kn": "ಸ್ಪ್ರಿಲಿಙ್ ಸ್ಚೂಲ್",
                "stop_id": "26600",
                "lat": 13.1377,
                "lon": 77.74422
              },
              {
                "name": "Deshnarayanaswamy Temple",
                "name_kn": "ದೆಶ್ನರಯನಸ್ವಮೆ ಟೆಂಪ್ಲೆ",
                "stop_id": "24892",
                "lat": 13.13726,
                "lon": 77.74569
              },
              {
                "name": "Budigere",
                "name_kn": "ಬುದಿಗೆರೆ",
                "stop_id": "21788",
                "lat": 13.13511,
                "lon": 77.74756
              },
              {
                "name": "Hittarahalli Gate",
                "name_kn": "ಹಿಟರಹಲ್ಲಿ ಗಟೆ",
                "stop_id": "25730",
                "lat": 13.12337,
                "lon": 77.74425
              },
              {
                "name": "Andhrahalli Gate",
                "name_kn": "ಅಂಧ್ರಹಲ್ಲಿ ಗಟೆ",
                "stop_id": "35481",
                "lat": 13.11547,
                "lon": 77.74531
              },
              {
                "name": "Thirumenahalli Gate",
                "name_kn": "ತಿರುಮೆನಹಲ್ಲಿ ಗಟೆ",
                "stop_id": "31464",
                "lat": 13.11051,
                "lon": 77.74517
              },
              {
                "name": "Jyothipura Gate",
                "name_kn": "ಜೆೊತಿಪುರ ಗಟೆ",
                "stop_id": "33190",
                "lat": 13.10274,
                "lon": 77.74419
              },
              {
                "name": "Singarapura",
                "name_kn": "ಸಿಙರಪುರ",
                "stop_id": "34615",
                "lat": 13.09961,
                "lon": 77.74378
              },
              {
                "name": "Kattu Gollahalli Gate",
                "name_kn": "ಕಟು ಗೊಲ್ಲಹಲ್ಲಿ ಗಟೆ",
                "stop_id": "30906",
                "lat": 13.0944,
                "lon": 77.7429
              },
              {
                "name": "Hancharahalli Gate",
                "name_kn": "ಹಂಚರಹಲ್ಲಿ ಗಟೆ",
                "stop_id": "25722",
                "lat": 13.09183,
                "lon": 77.74168
              },
              {
                "name": "Gnana Jyothi school",
                "name_kn": "ಗ್ನನ ಜೆೊತಿ ಸ್ಚೂಲ್",
                "stop_id": "39027",
                "lat": 13.08458,
                "lon": 77.73919
              },
              {
                "name": "Mandur",
                "name_kn": "ಮಂದುರ್",
                "stop_id": "33809",
                "lat": 13.08221,
                "lon": 77.73862
              },
              {
                "name": "Premium Farm Mandur",
                "name_kn": "ಪ್ರೆಮಿುಂ ೞರ್ಂ ಮಂದುರ್",
                "stop_id": "27752",
                "lat": 13.0792,
                "lon": 77.73702
              },
              {
                "name": "New Baldwin International School",
                "name_kn": "ನೆವ್ ಬಲ್ದ್ವಿಂ ಿಂಟೆರ್ನಟಿೊನಲ್ ಸ್ಚೂಲ್",
                "stop_id": "34151",
                "lat": 13.07254,
                "lon": 77.73721
              },
              {
                "name": "Grandwell",
                "name_kn": "ಗ್ರಂದ್ವೆಲ್ಲ್",
                "stop_id": "25553",
                "lat": 13.06328,
                "lon": 77.73988
              },
              {
                "name": "SKF Factory",
                "name_kn": "ಸ್ಕ್ೞ್ ೞಕ್ಟೊರೆ",
                "stop_id": "34621",
                "lat": 13.06124,
                "lon": 77.74195
              },
              {
                "name": "Budigere Cross",
                "name_kn": "ಬುದಿಗೆರೆ ಕ್ರೊಸ್ಸ್",
                "stop_id": "21791",
                "lat": 13.04651,
                "lon": 77.75054
              },
              {
                "name": "Sapthagiri Convention Hall",
                "name_kn": "ಸಪ್ತಗಿರಿ ಕೊಂವೆಂಟಿೊಂ ಹಲ್ಲ್",
                "stop_id": "22456",
                "lat": 13.0509,
                "lon": 77.75676
              },
              {
                "name": "Katamanallur Gate",
                "name_kn": "ಕಟಮನಲ್ಲುರ್ ಗಟೆ",
                "stop_id": "22155",
                "lat": 13.05373,
                "lon": 77.76177
              },
              {
                "name": "Hosakote Kodi",
                "name_kn": "ಹೊಸಕೊಟೆ ಕೊದಿ",
                "stop_id": "22054",
                "lat": 13.0565,
                "lon": 77.76741
              },
              {
                "name": "Hosakote Toll",
                "name_kn": "ಹೊಸಕೊಟೆ ಟೊಲ್ಲ್",
                "stop_id": "22056",
                "lat": 13.05963,
                "lon": 77.77057
              },
              {
                "name": "Hosakote High School",
                "name_kn": "ಹೊಸಕೊಟೆ ಹಿಘ್ ಸ್ಚೂಲ್",
                "stop_id": "22050",
                "lat": 13.07048,
                "lon": 77.78364
              },
              {
                "name": "Hosakote BEO office",
                "name_kn": "ಹೊಸಕೊಟೆ ಬೆೊ ೊೞ್ೞಿಕೆ",
                "stop_id": "37604",
                "lat": 13.07339,
                "lon": 77.78294
              },
              {
                "name": "Hosakote Flower Market",
                "name_kn": "ಹೊಸಕೊಟೆ ೞ್ಲೌೆರ್ ಮರ್ಕೆಟ್",
                "stop_id": "22048",
                "lat": 13.07531,
                "lon": 77.78637
              },
              {
                "name": "Hosakote Bus Stand (Old)",
                "name_kn": "ಹೊಸಕೊಟೆ ಬುಸ್ ಸ್ಟಂದ್ (ೊಲ್ದ್)",
                "stop_id": "22046",
                "lat": 13.0787,
                "lon": 77.78774
              }
            ]
          },
          {
            "Route": "289-AK UP",
            "RouteId": 14966,
            "RouteParentId": 8020,
            "Destination": "Bagalur",
            "Via": "",
            "Area": "Yelahanka Old Town",
            "PlatformNumber": "3",
            "KannadaDestination": "ಬಗಲುರ್",
            "KannadaArea": "ಯಲಹಂಕ ಓಲ್ಡ್ ಟೌನ್",
            "KannadaVia": "",
            "FromStationId": 22640,
            "Stops": [
              {
                "name": "Yelahanka Old Town",
                "name_kn": "ಯೆಲಹಂಕ ೊಲ್ದ್ ಟೌಂ",
                "stop_id": "22640",
                "lat": 13.10091,
                "lon": 77.59436
              },
              {
                "name": "Yelahanka Santhe Circle",
                "name_kn": "ಯೆಲಹಂಕ ಸಂತೆ ಕಿರ್ಕ್ಲೆ",
                "stop_id": "22643",
                "lat": 13.09919,
                "lon": 77.59731
              },
              {
                "name": "Kogilu Cross",
                "name_kn": "ಕೊಗಿಲು ಕ್ರೊಸ್ಸ್",
                "stop_id": "22183",
                "lat": 13.10362,
                "lon": 77.60102
              },
              {
                "name": "Maruthi Nagara",
                "name_kn": "ಮರುತಿ ನಗರ",
                "stop_id": "22266",
                "lat": 13.10445,
                "lon": 77.60632
              },
              {
                "name": "Sapthagiri Layout",
                "name_kn": "ಸಪ್ತಗಿರಿ ಲಯೌಟ್",
                "stop_id": "22457",
                "lat": 13.10457,
                "lon": 77.61045
              },
              {
                "name": "Kogilu",
                "name_kn": "ಕೊಗಿಲು",
                "stop_id": "22181",
                "lat": 13.10362,
                "lon": 77.616
              },
              {
                "name": "DTDC Wear House (Godown)",
                "name_kn": "ದ್ಟ್ದ್ಕ್ ವೆರ್ ಹೌಸೆ (ಗೊದೌಂ)",
                "stop_id": "39323",
                "lat": 13.10745,
                "lon": 77.61864
              },
              {
                "name": "Ambabhavani Badavane",
                "name_kn": "ಅಂಬಭವನಿ ಬದವನೆ",
                "stop_id": "39321",
                "lat": 13.11013,
                "lon": 77.62408
              },
              {
                "name": "Amruthaya central school",
                "name_kn": "ಅಂರುತಯ ಕೆಂಟ್ರಲ್ ಸ್ಚೂಲ್",
                "stop_id": "39318",
                "lat": 13.11346,
                "lon": 77.62438
              },
              {
                "name": "Lumbini International Public School",
                "name_kn": "ಲುಂಬಿನಿ ಿಂಟೆರ್ನಟಿೊನಲ್ ಪುಬ್ಲಿಕ್ ಸ್ಚೂಲ್",
                "stop_id": "39317",
                "lat": 13.11591,
                "lon": 77.62463
              },
              {
                "name": "Kattigenahalli",
                "name_kn": "ಕಟಿಗೆನಹಲ್ಲಿ",
                "stop_id": "39314",
                "lat": 13.11699,
                "lon": 77.62538
              },
              {
                "name": "Kattigenahalli Cross",
                "name_kn": "ಕಟಿಗೆನಹಲ್ಲಿ ಕ್ರೊಸ್ಸ್",
                "stop_id": "39324",
                "lat": 13.12171,
                "lon": 77.62591
              },
              {
                "name": "Reva College Gate",
                "name_kn": "ರೆವ ಕೊಲ್ಲೆಗೆ ಗಟೆ",
                "stop_id": "34416",
                "lat": 13.12228,
                "lon": 77.63051
              },
              {
                "name": "Country Club Bagaluru",
                "name_kn": "ಕೌಂಟ್ರೆ ಕ್ಲುಬ್ ಬಗಲುರು",
                "stop_id": "32381",
                "lat": 13.12358,
                "lon": 77.63932
              },
              {
                "name": "Srinivasapura Cross",
                "name_kn": "ಸ್ರಿನಿವಸಪುರ ಕ್ರೊಸ್ಸ್",
                "stop_id": "34690",
                "lat": 13.12602,
                "lon": 77.64512
              },
              {
                "name": "Sathanur Colony",
                "name_kn": "ಸತನುರ್ ಕೊಲೊನೆ",
                "stop_id": "34479",
                "lat": 13.12788,
                "lon": 77.64651
              },
              {
                "name": "Sathanur",
                "name_kn": "ಸತನುರ್",
                "stop_id": "28176",
                "lat": 13.13186,
                "lon": 77.6474
              },
              {
                "name": "Bagalur Sante/ CMR University Cross",
                "name_kn": "ಬಗಲುರ್ ಸಂಟೆ/ ಕ್ಂರ್ ುನಿವೆರ್ಸಿಟೆ ಕ್ರೊಸ್ಸ್",
                "stop_id": "39920",
                "lat": 13.13211,
                "lon": 77.66222
              },
              {
                "name": "Bagalur Santhe Circle",
                "name_kn": "ಬಗಲುರ್ ಸಂತೆ ಕಿರ್ಕ್ಲೆ",
                "stop_id": "31859",
                "lat": 13.13351,
                "lon": 77.66675
              },
              {
                "name": "Bagalur",
                "name_kn": "ಬಗಲುರ್",
                "stop_id": "23267",
                "lat": 13.13461,
                "lon": 77.66794
              }
            ]
          }
        ]
      }
    }
  ]
}