{
  "type": "FeatureCollection",
  "features": [
    {
      "type": "Feature",
      "geometry": {
        "coordinates": [
          77.59248095490932,
          12.954526302946533
        ],
        "type": "Point"
      },
      "properties": {
        "Platform": "2",
        "Color": "#B50000",
        "Icon": "2",
        "OpenHour": 0,
        "CloseHour": 0,
        "ApiIds": [
          "21166",
          "21167",
          "23640"
        ],
        "Routes": [
          {
            "Route": "MF-16A",
            "RouteId": 13401,
            "RouteParentId": 7117,
            "Destination": "Shanthinagara Bus Station",
            "Via": "",
            "Area": "Shanthinagara Bus Station",
            "PlatformNumber": "2",
            "KannadaDestination": "ಶಂತಿನಗರ ಬುಸ್ ಸ್ಟಟಿೊಂ",
            "KannadaArea": "ಶಾಂತಿನಗರ ಬಸ್ ನಿಲ್ದಾಣ",
            "KannadaVia": "",
            "FromStationId": 21167,
            "Stops": [
              {
                "name": "Shanthinagara Bus Station",
                "name_kn": "ಶಂತಿನಗರ ಬುಸ್ ಸ್ಟಟಿೊಂ",
                "stop_id": "21167",
                "lat": 12.95483,
                "lon": 77.59235
              },
              {
                "name": "Shanthinagara KH Road",
                "name_kn": "ಶಂತಿನಗರ ಖ್ ರೊದ್",
                "stop_id": "23640",
                "lat": 12.95501,
                "lon": 77.59193
              },
              {
                "name": "Lalbagh Hopcoms",
                "name_kn": "ಲಲ್ಬಘ್ ಹೊಪ್ಕೊಂಸ್",
                "stop_id": "36140",
                "lat": 12.95184,
                "lon": 77.59079
              },
              {
                "name": "Lalbagh Main Gate",
                "name_kn": "ಲಲ್ಬಘ್ ಮೈಂ ಗಟೆ",
                "stop_id": "23675",
                "lat": 12.95249,
                "lon": 77.58335
              },
              {
                "name": "Lalbagh West Gate",
                "name_kn": "ಲಲ್ಬಘ್ ವೆಸ್ಟ್ ಗಟೆ",
                "stop_id": "20968",
                "lat": 12.94826,
                "lon": 77.57918
              },
              {
                "name": "North Road",
                "name_kn": "ನೊರ್ತ್ ರೊದ್",
                "stop_id": "21067",
                "lat": 12.94816,
                "lon": 77.57055
              },
              {
                "name": "Ramakrishna Ashrama",
                "name_kn": "ರಮಕ್ರಿಶ್ನ ಶ್ರಮ",
                "stop_id": "21118",
                "lat": 12.94715,
                "lon": 77.56783
              },
              {
                "name": "Hanumanthanagara Ward Office",
                "name_kn": "ಹನುಮಂತನಗರ ವರ್ದ್ ೊೞ್ೞಿಕೆ",
                "stop_id": "20808",
                "lat": 12.94339,
                "lon": 77.56602
              },
              {
                "name": "Subramanya Swamy Temple",
                "name_kn": "ಸುಬ್ರಮನೆ ಸ್ವಮೆ ಟೆಂಪ್ಲೆ",
                "stop_id": "21197",
                "lat": 12.94171,
                "lon": 77.562
              },
              {
                "name": "Nirmala Store",
                "name_kn": "ನಿರ್ಮಲ ಸ್ಟೊರೆ",
                "stop_id": "21066",
                "lat": 12.94162,
                "lon": 77.55957
              },
              {
                "name": "Srinivasa Nagara",
                "name_kn": "ಸ್ರಿನಿವಸ ನಗರ",
                "stop_id": "22512",
                "lat": 12.93787,
                "lon": 77.55717
              },
              {
                "name": "Bank Colony",
                "name_kn": "ಬಂಕ್ ಕೊಲೊನೆ",
                "stop_id": "21716",
                "lat": 12.93864,
                "lon": 77.55305
              },
              {
                "name": "Seetha Circle",
                "name_kn": "ಸೀತ ಕಿರ್ಕ್ಲೆ",
                "stop_id": "22472",
                "lat": 12.93779,
                "lon": 77.54968
              },
              {
                "name": "Hoskerehalli Cross",
                "name_kn": "ಹೊಸ್ಕೆರೆಹಲ್ಲಿ ಕ್ರೊಸ್ಸ್",
                "stop_id": "22044",
                "lat": 12.93247,
                "lon": 77.54519
              },
              {
                "name": "Hosakerehalli  Junction",
                "name_kn": "ಹೊಸಕೆರೆಹಲ್ಲಿ  ಜುಂಕ್ಟಿೊಂ",
                "stop_id": "20843",
                "lat": 12.93044,
                "lon": 77.54342
              },
              {
                "name": "Hosakerehalli Petrol Bunk",
                "name_kn": "ಹೊಸಕೆರೆಹಲ್ಲಿ ಪೆಟ್ರೊಲ್ ಬುಂಕ್",
                "stop_id": "20845",
                "lat": 12.933,
                "lon": 77.54018
              },
              {
                "name": "PES College",
                "name_kn": "ಪೆಸ್ ಕೊಲ್ಲೆಗೆ",
                "stop_id": "21089",
                "lat": 12.93489,
                "lon": 77.53707
              },
              {
                "name": "Veerabhadranagara",
                "name_kn": "ವೀರಭದ್ರನಗರ",
                "stop_id": "21250",
                "lat": 12.93828,
                "lon": 77.53343
              },
              {
                "name": "Nayandahalli Junction",
                "name_kn": "ನಯಂದಹಲ್ಲಿ ಜುಂಕ್ಟಿೊಂ",
                "stop_id": "20887",
                "lat": 12.94509,
                "lon": 77.52857
              },
              {
                "name": "Mysore Road Metro Station",
                "name_kn": "ಮೆಸೊರೆ ರೊದ್ ಮೆಟ್ರೊ ಸ್ಟಟಿೊಂ",
                "stop_id": "21580",
                "lat": 12.94633,
                "lon": 77.52972
              },
              {
                "name": "BHEL",
                "name_kn": "ಭೆಲ್",
                "stop_id": "20661",
                "lat": 12.94874,
                "lon": 77.53559
              },
              {
                "name": "Bapujinagara",
                "name_kn": "ಬಪುಜಿನಗರ",
                "stop_id": "20626",
                "lat": 12.95321,
                "lon": 77.54182
              },
              {
                "name": "New Guddadahalli",
                "name_kn": "ನೆವ್ ಗುದ್ದದಹಲ್ಲಿ",
                "stop_id": "21056",
                "lat": 12.95587,
                "lon": 77.54596
              },
              {
                "name": "Mysore Road TollGate",
                "name_kn": "ಮೆಸೊರೆ ರೊದ್ ಟೊಲ್ಲ್ಗಟೆ",
                "stop_id": "21044",
                "lat": 12.95738,
                "lon": 77.55178
              },
              {
                "name": "Sirsi Circle",
                "name_kn": "ಸಿರ್ಸಿ ಕಿರ್ಕ್ಲೆ",
                "stop_id": "35393",
                "lat": 12.96036,
                "lon": 77.55687
              },
              {
                "name": "Vinayaka Talkies",
                "name_kn": "ವಿನಯಕ ಟಲ್ಕಿೆಸ್",
                "stop_id": "35396",
                "lat": 12.96374,
                "lon": 77.56825
              },
              {
                "name": "KR Market",
                "name_kn": "ಕ್ರ್ ಮರ್ಕೆಟ್",
                "stop_id": "22199",
                "lat": 12.96437,
                "lon": 77.57736
              },
              {
                "name": "Town Hall",
                "name_kn": "ಟೌಂ ಹಲ್ಲ್",
                "stop_id": "31416",
                "lat": 12.96409,
                "lon": 77.58404
              },
              {
                "name": "Corporation",
                "name_kn": "ಕೊರ್ಪೊರಟಿೊಂ",
                "stop_id": "20728",
                "lat": 12.9648,
                "lon": 77.58778
              },
              {
                "name": "Subbaiah Circle",
                "name_kn": "ಸುಬ್ಬೈಹ್ ಕಿರ್ಕ್ಲೆ",
                "stop_id": "21196",
                "lat": 12.96262,
                "lon": 77.59111
              },
              {
                "name": "KH Road",
                "name_kn": "ಖ್ ರೊದ್",
                "stop_id": "20927",
                "lat": 12.95759,
                "lon": 77.59286
              },
              {
                "name": "Shanthinagara Bus Station",
                "name_kn": "ಶಂತಿನಗರ ಬುಸ್ ಸ್ಟಟಿೊಂ",
                "stop_id": "21166",
                "lat": 12.95449,
                "lon": 77.59258
              }
            ]
          },
          {
            "Route": "SNBS-LBGM-KMT",
            "RouteId": 1791,
            "RouteParentId": 1064,
            "Destination": "KR Market (Kalasipalya)",
            "Via": "",
            "Area": "Shanthinagara Bus Station",
            "PlatformNumber": "2",
            "KannadaDestination": "ಕ್ರ್ ಮರ್ಕೆಟ್ (ಕಲಸಿಪಲೆ)",
            "KannadaArea": "ಶಾಂತಿನಗರ ಬಸ್ ನಿಲ್ದಾಣ",
            "KannadaVia": "",
            "FromStationId": 21167,
            "Stops": [
              {
                "name": "Shanthinagara Bus Station",
                "name_kn": "ಶಂತಿನಗರ ಬುಸ್ ಸ್ಟಟಿೊಂ",
                "stop_id": "21167",
                "lat": 12.95483,
                "lon": 77.59235
              },
              {
                "name": "Lalbagh Hopcoms",
                "name_kn": "ಲಲ್ಬಘ್ ಹೊಪ್ಕೊಂಸ್",
                "stop_id": "36140",
                "lat": 12.95184,
                "lon": 77.59079
              },
              {
                "name": "Lalbagh Main Gate",
                "name_kn": "ಲಲ್ಬಘ್ ಮೈಂ ಗಟೆ",
                "stop_id": "20967",
                "lat": 12.95427,
                "lon": 77.58449
              },
              {
                "name": "Town Hall",
                "name_kn": "ಟೌಂ ಹಲ್ಲ್",
                "stop_id": "21232",
                "lat": 12.96355,
                "lon": 77.58375
              },
              {
                "name": "KR Market (Kalasipalya)",
                "name_kn": "ಕ್ರ್ ಮರ್ಕೆಟ್ (ಕಲಸಿಪಲೆ)",
                "stop_id": "20945",
                "lat": 12.96154,
                "lon": 77.57736
              }
            ]
          },
          {
            "Route": "D2-SNBS",
            "RouteId": 1677,
            "RouteParentId": 1001,
            "Destination": "Depot-02 Shanthinagara",
            "Via": "",
            "Area": "Shanthinagara Bus Station",
            "PlatformNumber": "2",
            "KannadaDestination": "ದೆಪೊಟ್-02 ಶಂತಿನಗರ",
            "KannadaArea": "ಶಾಂತಿನಗರ ಬಸ್ ನಿಲ್ದಾಣ",
            "KannadaVia": "",
            "FromStationId": 21167,
            "Stops": [
              {
                "name": "Shanthinagara Bus Station",
                "name_kn": "ಶಂತಿನಗರ ಬುಸ್ ಸ್ಟಟಿೊಂ",
                "stop_id": "21167",
                "lat": 12.95483,
                "lon": 77.59235
              },
              {
                "name": "Depot-02 Shanthinagara",
                "name_kn": "ದೆಪೊಟ್-02 ಶಂತಿನಗರ",
                "stop_id": "24824",
                "lat": 12.95442,
                "lon": 77.59488
              }
            ]
          },
          {
            "Route": "D3-SNBS",
            "RouteId": 1661,
            "RouteParentId": 994,
            "Destination": "Depot-03 Shanthinagara",
            "Via": "",
            "Area": "Shanthinagara Bus Station",
            "PlatformNumber": "2",
            "KannadaDestination": "ದೆಪೊಟ್-03 ಶಂತಿನಗರ",
            "KannadaArea": "ಶಾಂತಿನಗರ ಬಸ್ ನಿಲ್ದಾಣ",
            "KannadaVia": "",
            "FromStationId": 21167,
            "Stops": [
              {
                "name": "Shanthinagara Bus Station",
                "name_kn": "ಶಂತಿನಗರ ಬುಸ್ ಸ್ಟಟಿೊಂ",
                "stop_id": "21167",
                "lat": 12.95483,
                "lon": 77.59235
              },
              {
                "name": "Depot-03 Shanthinagara",
                "name_kn": "ದೆಪೊಟ್-03 ಶಂತಿನಗರ",
                "stop_id": "23652",
                "lat": 12.95532,
                "lon": 77.596
              }
            ]
          },
          {
            "Route": "13",
            "RouteId": 1670,
            "RouteParentId": 993,
            "Destination": "Shivajinagara Bus Station",
            "Via": "",
            "Area": "Banashankari Bus Station",
            "PlatformNumber": "2",
            "KannadaDestination": "ಶಿವಜಿನಗರ ಬುಸ್ ಸ್ಟಟಿೊಂ",
            "KannadaArea": "ಬನಶಂಕರಿ ಬಸ್ ನಿಲ್ದಾಣ",
            "KannadaVia": "",
            "FromStationId": 21167,
            "Stops": [
              {
                "name": "Shanthinagara Bus Station",
                "name_kn": "ಶಂತಿನಗರ ಬುಸ್ ಸ್ಟಟಿೊಂ",
                "stop_id": "21167",
                "lat": 12.95483,
                "lon": 77.59235
              },
              {
                "name": "KH Road",
                "name_kn": "ಖ್ ರೊದ್",
                "stop_id": "20928",
                "lat": 12.95815,
                "lon": 77.59299
              },
              {
                "name": "Richmond Circle",
                "name_kn": "ರಿಚ್ಮೊಂದ್ ಕಿರ್ಕ್ಲೆ",
                "stop_id": "21125",
                "lat": 12.96738,
                "lon": 77.59946
              },
              {
                "name": "St Joseph College",
                "name_kn": "ಸ್ಟ್ ಜೊಸೆಫ್ ಕೊಲ್ಲೆಗೆ",
                "stop_id": "21194",
                "lat": 12.97036,
                "lon": 77.60368
              },
              {
                "name": "St Joseph Boys High School Musuem Road",
                "name_kn": "ಸ್ಟ್ ಜೊಸೆಫ್ ಬೊಯ್ಸ್ ಹಿಘ್ ಸ್ಚೂಲ್ ಮುಸುೆಂ ರೊದ್",
                "stop_id": "23433",
                "lat": 12.97176,
                "lon": 77.60441
              },
              {
                "name": "State Bank India Garage",
                "name_kn": "ಸ್ಟಟೆ ಬಂಕ್ ಿಂದಿ ಗರಗೆ",
                "stop_id": "21608",
                "lat": 12.97465,
                "lon": 77.60154
              },
              {
                "name": "MG Road",
                "name_kn": "ಂಗ್ ರೊದ್",
                "stop_id": "21572",
                "lat": 12.97779,
                "lon": 77.60204
              },
              {
                "name": "Shivajinagara Bus Station",
                "name_kn": "ಶಿವಜಿನಗರ ಬುಸ್ ಸ್ಟಟಿೊಂ",
                "stop_id": "21173",
                "lat": 12.98328,
                "lon": 77.60304
              }
            ]
          },
          {
            "Route": "13-C",
            "RouteId": 1674,
            "RouteParentId": 999,
            "Destination": "Shivajinagara Bus Station",
            "Via": "",
            "Area": "Kumaraswamy Layout",
            "PlatformNumber": "2",
            "KannadaDestination": "ಶಿವಜಿನಗರ ಬುಸ್ ಸ್ಟಟಿೊಂ",
            "KannadaArea": "ಕುಮಾರಸ್ವಾಮಿ ಬಡಾವಣೆ",
            "KannadaVia": "",
            "FromStationId": 21167,
            "Stops": [
              {
                "name": "Shanthinagara Bus Station",
                "name_kn": "ಶಂತಿನಗರ ಬುಸ್ ಸ್ಟಟಿೊಂ",
                "stop_id": "21167",
                "lat": 12.95483,
                "lon": 77.59235
              },
              {
                "name": "KH Road",
                "name_kn": "ಖ್ ರೊದ್",
                "stop_id": "20928",
                "lat": 12.95815,
                "lon": 77.59299
              },
              {
                "name": "Richmond Circle",
                "name_kn": "ರಿಚ್ಮೊಂದ್ ಕಿರ್ಕ್ಲೆ",
                "stop_id": "21125",
                "lat": 12.96738,
                "lon": 77.59946
              },
              {
                "name": "St Joseph Boys High School Musuem Road",
                "name_kn": "ಸ್ಟ್ ಜೊಸೆಫ್ ಬೊಯ್ಸ್ ಹಿಘ್ ಸ್ಚೂಲ್ ಮುಸುೆಂ ರೊದ್",
                "stop_id": "23433",
                "lat": 12.97176,
                "lon": 77.60441
              },
              {
                "name": "State Bank India Garage",
                "name_kn": "ಸ್ಟಟೆ ಬಂಕ್ ಿಂದಿ ಗರಗೆ",
                "stop_id": "21608",
                "lat": 12.97465,
                "lon": 77.60154
              },
              {
                "name": "MG Road",
                "name_kn": "ಂಗ್ ರೊದ್",
                "stop_id": "21572",
                "lat": 12.97779,
                "lon": 77.60204
              },
              {
                "name": "Shivajinagara Bus Station",
                "name_kn": "ಶಿವಜಿನಗರ ಬುಸ್ ಸ್ಟಟಿೊಂ",
                "stop_id": "21173",
                "lat": 12.98328,
                "lon": 77.60304
              }
            ]
          },
          {
            "Route": "13 SNBS-BGRD",
            "RouteId": 1751,
            "RouteParentId": 1042,
            "Destination": "Brigade Road",
            "Via": "",
            "Area": "Shanthinagara Bus Station",
            "PlatformNumber": "2",
            "KannadaDestination": "ಬ್ರಿಗದೆ ರೊದ್",
            "KannadaArea": "ಶಾಂತಿನಗರ ಬಸ್ ನಿಲ್ದಾಣ",
            "KannadaVia": "",
            "FromStationId": 21167,
            "Stops": [
              {
                "name": "Shanthinagara Bus Station",
                "name_kn": "ಶಂತಿನಗರ ಬುಸ್ ಸ್ಟಟಿೊಂ",
                "stop_id": "21167",
                "lat": 12.95483,
                "lon": 77.59235
              },
              {
                "name": "KH Road",
                "name_kn": "ಖ್ ರೊದ್",
                "stop_id": "20928",
                "lat": 12.95815,
                "lon": 77.59299
              },
              {
                "name": "Richmond Circle",
                "name_kn": "ರಿಚ್ಮೊಂದ್ ಕಿರ್ಕ್ಲೆ",
                "stop_id": "21125",
                "lat": 12.96738,
                "lon": 77.59946
              },
              {
                "name": "St Joseph College",
                "name_kn": "ಸ್ಟ್ ಜೊಸೆಫ್ ಕೊಲ್ಲೆಗೆ",
                "stop_id": "21194",
                "lat": 12.97036,
                "lon": 77.60368
              },
              {
                "name": "Brigade Road",
                "name_kn": "ಬ್ರಿಗದೆ ರೊದ್",
                "stop_id": "23657",
                "lat": 12.97145,
                "lon": 77.60675
              }
            ]
          },
          {
            "Route": "286-K SNBS-SBS-HBLB",
            "RouteId": 1755,
            "RouteParentId": 1045,
            "Destination": "Hebbala Bridge",
            "Via": "",
            "Area": "Shanthinagara Bus Station",
            "PlatformNumber": "2",
            "KannadaDestination": "ಹೆಬ್ಬಲ ಬ್ರಿದ್ಗೆ",
            "KannadaArea": "ಶಾಂತಿನಗರ ಬಸ್ ನಿಲ್ದಾಣ",
            "KannadaVia": "",
            "FromStationId": 21167,
            "Stops": [
              {
                "name": "Shanthinagara Bus Station",
                "name_kn": "ಶಂತಿನಗರ ಬುಸ್ ಸ್ಟಟಿೊಂ",
                "stop_id": "21167",
                "lat": 12.95483,
                "lon": 77.59235
              },
              {
                "name": "KH Road",
                "name_kn": "ಖ್ ರೊದ್",
                "stop_id": "20928",
                "lat": 12.95815,
                "lon": 77.59299
              },
              {
                "name": "Richmond Circle",
                "name_kn": "ರಿಚ್ಮೊಂದ್ ಕಿರ್ಕ್ಲೆ",
                "stop_id": "21125",
                "lat": 12.96738,
                "lon": 77.59946
              },
              {
                "name": "St Joseph College",
                "name_kn": "ಸ್ಟ್ ಜೊಸೆಫ್ ಕೊಲ್ಲೆಗೆ",
                "stop_id": "21194",
                "lat": 12.97036,
                "lon": 77.60368
              },
              {
                "name": "St Joseph Boys High School Musuem Road",
                "name_kn": "ಸ್ಟ್ ಜೊಸೆಫ್ ಬೊಯ್ಸ್ ಹಿಘ್ ಸ್ಚೂಲ್ ಮುಸುೆಂ ರೊದ್",
                "stop_id": "23433",
                "lat": 12.97176,
                "lon": 77.60441
              },
              {
                "name": "State Bank India Garage",
                "name_kn": "ಸ್ಟಟೆ ಬಂಕ್ ಿಂದಿ ಗರಗೆ",
                "stop_id": "21608",
                "lat": 12.97465,
                "lon": 77.60154
              },
              {
                "name": "MG Road",
                "name_kn": "ಂಗ್ ರೊದ್",
                "stop_id": "21572",
                "lat": 12.97779,
                "lon": 77.60204
              },
              {
                "name": "Shivajinagara Bus Station",
                "name_kn": "ಶಿವಜಿನಗರ ಬುಸ್ ಸ್ಟಟಿೊಂ",
                "stop_id": "21172",
                "lat": 12.98396,
                "lon": 77.60323
              },
              {
                "name": "Indian Express",
                "name_kn": "ಇಂದಿಂ ೆಕ್ಸ್ಪ್ರೆಸ್ಸ್",
                "stop_id": "22068",
                "lat": 12.98421,
                "lon": 77.59735
              },
              {
                "name": "Cunningham Road",
                "name_kn": "ಕುಂನಿಙ್ಹಂ ರೊದ್",
                "stop_id": "21869",
                "lat": 12.98788,
                "lon": 77.59423
              },
              {
                "name": "Vasantha Nagara",
                "name_kn": "ವಸಂತ ನಗರ",
                "stop_id": "22585",
                "lat": 12.99278,
                "lon": 77.59503
              },
              {
                "name": "Jayamahal",
                "name_kn": "ಜಯಮಹಲ್",
                "stop_id": "24018",
                "lat": 13.00034,
                "lon": 77.59478
              },
              {
                "name": "Munireddy Palya J C Nagara",
                "name_kn": "ಮುನಿರೆದ್ಠೆ ಪಲೆ ಜ್ ಕ್ ನಗರ",
                "stop_id": "24019",
                "lat": 13.00413,
                "lon": 77.59359
              },
              {
                "name": "TV Tower",
                "name_kn": "ಟ್ವ್ ಟೌೆರ್",
                "stop_id": "24020",
                "lat": 13.00999,
                "lon": 77.59058
              },
              {
                "name": "C‌ Q A L",
                "name_kn": "ಕ್‌ q  ಲ್",
                "stop_id": "23341",
                "lat": 13.0118,
                "lon": 77.59321
              },
              {
                "name": "Matadahalli",
                "name_kn": "ಮಟದಹಲ್ಲಿ",
                "stop_id": "23342",
                "lat": 13.01364,
                "lon": 77.59362
              },
              {
                "name": "Rahamathnagara",
                "name_kn": "ರಹಮತ್ನಗರ",
                "stop_id": "23343",
                "lat": 13.01751,
                "lon": 77.5918
              },
              {
                "name": "R T Nagara Post Office",
                "name_kn": "ರ್ ಟ್ ನಗರ ಪೊಸ್ಟ್ ೊೞ್ೞಿಕೆ",
                "stop_id": "23344",
                "lat": 13.02197,
                "lon": 77.59251
              },
              {
                "name": "RT Nagara Police Station",
                "name_kn": "ರ್ಟ್ ನಗರ ಪೊಲಿಕೆ ಸ್ಟಟಿೊಂ",
                "stop_id": "21096",
                "lat": 13.02566,
                "lon": 77.59301
              },
              {
                "name": "Vasanthappa Block",
                "name_kn": "ವಸಂತಪ್ಪ ಬ್ಲೊಕ್ಕ್",
                "stop_id": "21246",
                "lat": 13.02624,
                "lon": 77.58909
              },
              {
                "name": "CBI",
                "name_kn": "ಕ್ಬಿ",
                "stop_id": "20701",
                "lat": 13.02695,
                "lon": 77.58587
              },
              {
                "name": "Veterinary Hospital",
                "name_kn": "ವೆಟೆರಿನರೆ ಹೊಸ್ಪಿಟಲ್",
                "stop_id": "21254",
                "lat": 13.03242,
                "lon": 77.58777
              },
              {
                "name": "Hebbala Canara Bank",
                "name_kn": "ಹೆಬ್ಬಲ ಕನರ ಬಂಕ್",
                "stop_id": "20695",
                "lat": 13.03581,
                "lon": 77.58892
              },
              {
                "name": "Hebbala Bridge",
                "name_kn": "ಹೆಬ್ಬಲ ಬ್ರಿದ್ಗೆ",
                "stop_id": "20822",
                "lat": 13.04218,
                "lon": 77.59387
              }
            ]
          },
          {
            "Route": "329-J SNBS-SNH",
            "RouteId": 1824,
            "RouteParentId": 1081,
            "Destination": "Sheganayakanahalli",
            "Via": "",
            "Area": "Shanthinagara Bus Station",
            "PlatformNumber": "2",
            "KannadaDestination": "ಶೆಗನಯಕನಹಲ್ಲಿ",
            "KannadaArea": "ಶಾಂತಿನಗರ ಬಸ್ ನಿಲ್ದಾಣ",
            "KannadaVia": "",
            "FromStationId": 21167,
            "Stops": [
              {
                "name": "Shanthinagara Bus Station",
                "name_kn": "ಶಂತಿನಗರ ಬುಸ್ ಸ್ಟಟಿೊಂ",
                "stop_id": "21167",
                "lat": 12.95483,
                "lon": 77.59235
              },
              {
                "name": "KH Road",
                "name_kn": "ಖ್ ರೊದ್",
                "stop_id": "20928",
                "lat": 12.95815,
                "lon": 77.59299
              },
              {
                "name": "Richmond Circle",
                "name_kn": "ರಿಚ್ಮೊಂದ್ ಕಿರ್ಕ್ಲೆ",
                "stop_id": "21125",
                "lat": 12.96738,
                "lon": 77.59946
              },
              {
                "name": "St Joseph College",
                "name_kn": "ಸ್ಟ್ ಜೊಸೆಫ್ ಕೊಲ್ಲೆಗೆ",
                "stop_id": "21194",
                "lat": 12.97036,
                "lon": 77.60368
              },
              {
                "name": "Mayohall",
                "name_kn": "ಮಯೊಹಲ್ಲ್",
                "stop_id": "22278",
                "lat": 12.97336,
                "lon": 77.6099
              },
              {
                "name": "Garuda Mall",
                "name_kn": "ಗರುದ ಮಲ್ಲ್",
                "stop_id": "22697",
                "lat": 12.97026,
                "lon": 77.61066
              },
              {
                "name": "Hosmat Hospital",
                "name_kn": "ಹೊಸ್ಮಟ್ ಹೊಸ್ಪಿಟಲ್",
                "stop_id": "22058",
                "lat": 12.96879,
                "lon": 77.61333
              },
              {
                "name": "Military Accounts Office",
                "name_kn": "ಮಿಲಿಟರೆ ಕ್ಕೌಂಟ್ಸ್ ೊೞ್ೞಿಕೆ",
                "stop_id": "22287",
                "lat": 12.96694,
                "lon": 77.62089
              },
              {
                "name": "Commando Hospital",
                "name_kn": "ಕೊಮ್ಮಂದೊ ಹೊಸ್ಪಿಟಲ್",
                "stop_id": "21864",
                "lat": 12.96364,
                "lon": 77.62641
              },
              {
                "name": "Domlur",
                "name_kn": "ದೊಂಲುರ್",
                "stop_id": "21914",
                "lat": 12.96111,
                "lon": 77.63809
              },
              {
                "name": "Domlur Flyover",
                "name_kn": "ದೊಂಲುರ್ ೞ್ಲೆೊವೆರ್",
                "stop_id": "21917",
                "lat": 12.96048,
                "lon": 77.64352
              },
              {
                "name": "Kodihalli",
                "name_kn": "ಕೊದಿಹಲ್ಲಿ",
                "stop_id": "22178",
                "lat": 12.96,
                "lon": 77.64758
              },
              {
                "name": "NAL/Manipal Hospital",
                "name_kn": "ನಲ್/ಮನಿಪಲ್ ಹೊಸ್ಪಿಟಲ್",
                "stop_id": "22336",
                "lat": 12.95964,
                "lon": 77.65076
              },
              {
                "name": "Murugeshpalya",
                "name_kn": "ಮುರುಗೆಶ್ಪಲೆ",
                "stop_id": "22316",
                "lat": 12.95936,
                "lon": 77.65618
              },
              {
                "name": "Konena Agrahara",
                "name_kn": "ಕೊನೆನ ಗ್ರಹರ",
                "stop_id": "22193",
                "lat": 12.95914,
                "lon": 77.65962
              },
              {
                "name": "HAL Main Gate",
                "name_kn": "ಹಲ್ ಮೈಂ ಗಟೆ",
                "stop_id": "22003",
                "lat": 12.95821,
                "lon": 77.66821
              },
              {
                "name": "Helicopter Division",
                "name_kn": "ಹೆಲಿಕೊಪ್ಟೆರ್ ದಿವಿಸಿೊಂ",
                "stop_id": "22021",
                "lat": 12.95582,
                "lon": 77.67735
              },
              {
                "name": "HAL Kalyana Mantap",
                "name_kn": "ಹಲ್ ಕಲೆನ ಮಂಟಪ್",
                "stop_id": "22001",
                "lat": 12.9546,
                "lon": 77.68215
              },
              {
                "name": "Yamalur Cross",
                "name_kn": "ಯಮಲುರ್ ಕ್ರೊಸ್ಸ್",
                "stop_id": "22627",
                "lat": 12.95525,
                "lon": 77.68829
              },
              {
                "name": "Marathahalli",
                "name_kn": "ಮರತಹಲ್ಲಿ",
                "stop_id": "22260",
                "lat": 12.95626,
                "lon": 77.69409
              },
              {
                "name": "Marathahalli Bridge",
                "name_kn": "ಮರತಹಲ್ಲಿ ಬ್ರಿದ್ಗೆ",
                "stop_id": "22668",
                "lat": 12.9569,
                "lon": 77.70215
              },
              {
                "name": "Munnekolalu Cross (Spice Garden)",
                "name_kn": "ಮುಂನೆಕೊಲಲು ಕ್ರೊಸ್ಸ್ (ಸ್ಪಿಕೆ ಗರ್ದೆಂ)",
                "stop_id": "21038",
                "lat": 12.9564,
                "lon": 77.70927
              },
              {
                "name": "Kundalahalli Gate",
                "name_kn": "ಕುಂದಲಹಲ್ಲಿ ಗಟೆ",
                "stop_id": "22215",
                "lat": 12.95593,
                "lon": 77.71574
              },
              {
                "name": "Thubarahalli",
                "name_kn": "ತುಬರಹಲ್ಲಿ",
                "stop_id": "22557",
                "lat": 12.95592,
                "lon": 77.72057
              },
              {
                "name": "Siddapura",
                "name_kn": "ಸಿದ್ದಪುರ",
                "stop_id": "22487",
                "lat": 12.95634,
                "lon": 77.73191
              },
              {
                "name": "Ramagondanahalli",
                "name_kn": "ರಮಗೊಂದನಹಲ್ಲಿ",
                "stop_id": "22412",
                "lat": 12.95704,
                "lon": 77.74039
              },
              {
                "name": "Varthur Kodi",
                "name_kn": "ವರ್ತುರ್ ಕೊದಿ",
                "stop_id": "22578",
                "lat": 12.95642,
                "lon": 77.74524
              },
              {
                "name": "Varthuru Govt College",
                "name_kn": "ವರ್ತುರು ಗೊವ್ಟ್ ಕೊಲ್ಲೆಗೆ",
                "stop_id": "22581",
                "lat": 12.94221,
                "lon": 77.74711
              },
              {
                "name": "Varthuru",
                "name_kn": "ವರ್ತುರು",
                "stop_id": "22579",
                "lat": 12.94011,
                "lon": 77.74735
              },
              {
                "name": "Varthuru Police Station",
                "name_kn": "ವರ್ತುರು ಪೊಲಿಕೆ ಸ್ಟಟಿೊಂ",
                "stop_id": "31562",
                "lat": 12.93773,
                "lon": 77.74638
              },
              {
                "name": "Halasahalli Cross",
                "name_kn": "ಹಲಸಹಲ್ಲಿ ಕ್ರೊಸ್ಸ್",
                "stop_id": "35064",
                "lat": 12.93294,
                "lon": 77.75824
              },
              {
                "name": "Vagdevi Vilas School",
                "name_kn": "ವಗ್ದೆವಿ ವಿಲಸ್ ಸ್ಚೂಲ್",
                "stop_id": "24317",
                "lat": 12.93238,
                "lon": 77.7606
              },
              {
                "name": "Surya Nagara Apartment",
                "name_kn": "ಸುರೆ ನಗರ ಪರ್ಟ್ಮೆಂಟ್",
                "stop_id": "24318",
                "lat": 12.9314,
                "lon": 77.76252
              },
              {
                "name": "Chikka Nekkundi",
                "name_kn": "ಚಿಕ್ಕ ನೆಕ್ಕುಂದಿ",
                "stop_id": "35329",
                "lat": 12.92992,
                "lon": 77.76569
              },
              {
                "name": "Nekkundi Dommasandra",
                "name_kn": "ನೆಕ್ಕುಂದಿ ದೊಮ್ಮಸಂದ್ರ",
                "stop_id": "24320",
                "lat": 12.92787,
                "lon": 77.77594
              },
              {
                "name": "Janthagundanahalli Cross",
                "name_kn": "ಜಂತಗುಂದನಹಲ್ಲಿ ಕ್ರೊಸ್ಸ್",
                "stop_id": "24321",
                "lat": 12.92663,
                "lon": 77.78176
              },
              {
                "name": "Janthagundanahalli",
                "name_kn": "ಜಂತಗುಂದನಹಲ್ಲಿ",
                "stop_id": "24322",
                "lat": 12.92431,
                "lon": 77.78545
              },
              {
                "name": "Madappanahalli Cross",
                "name_kn": "ಮದಪ್ಪನಹಲ್ಲಿ ಕ್ರೊಸ್ಸ್",
                "stop_id": "35159",
                "lat": 12.91773,
                "lon": 77.79622
              },
              {
                "name": "Sheganayakanahalli Cross",
                "name_kn": "ಶೆಗನಯಕನಹಲ್ಲಿ ಕ್ರೊಸ್ಸ್",
                "stop_id": "24324",
                "lat": 12.92269,
                "lon": 77.80882
              },
              {
                "name": "Sheganayakanahalli",
                "name_kn": "ಶೆಗನಯಕನಹಲ್ಲಿ",
                "stop_id": "35330",
                "lat": 12.9263,
                "lon": 77.80927
              }
            ]
          },
          {
            "Route": "13-A",
            "RouteId": 1975,
            "RouteParentId": 1161,
            "Destination": "Shivajinagara Bus Station",
            "Via": "",
            "Area": "Kumaraswamy Layout 2nd Stage",
            "PlatformNumber": "2",
            "KannadaDestination": "ಶಿವಜಿನಗರ ಬುಸ್ ಸ್ಟಟಿೊಂ",
            "KannadaArea": "ಕುಮಾರಸ್ವಾಮಿ ಬಡಾವಣೆ 2ನೇ ಹಂತ",
            "KannadaVia": "",
            "FromStationId": 21167,
            "Stops": [
              {
                "name": "Shanthinagara Bus Station",
                "name_kn": "ಶಂತಿನಗರ ಬುಸ್ ಸ್ಟಟಿೊಂ",
                "stop_id": "21167",
                "lat": 12.95483,
                "lon": 77.59235
              },
              {
                "name": "KH Road",
                "name_kn": "ಖ್ ರೊದ್",
                "stop_id": "20928",
                "lat": 12.95815,
                "lon": 77.59299
              },
              {
                "name": "Richmond Circle",
                "name_kn": "ರಿಚ್ಮೊಂದ್ ಕಿರ್ಕ್ಲೆ",
                "stop_id": "21125",
                "lat": 12.96738,
                "lon": 77.59946
              },
              {
                "name": "St Joseph College",
                "name_kn": "ಸ್ಟ್ ಜೊಸೆಫ್ ಕೊಲ್ಲೆಗೆ",
                "stop_id": "21194",
                "lat": 12.97036,
                "lon": 77.60368
              },
              {
                "name": "St Joseph Boys High School Musuem Road",
                "name_kn": "ಸ್ಟ್ ಜೊಸೆಫ್ ಬೊಯ್ಸ್ ಹಿಘ್ ಸ್ಚೂಲ್ ಮುಸುೆಂ ರೊದ್",
                "stop_id": "23433",
                "lat": 12.97176,
                "lon": 77.60441
              },
              {
                "name": "State Bank India Garage",
                "name_kn": "ಸ್ಟಟೆ ಬಂಕ್ ಿಂದಿ ಗರಗೆ",
                "stop_id": "21608",
                "lat": 12.97465,
                "lon": 77.60154
              },
              {
                "name": "MG Road",
                "name_kn": "ಂಗ್ ರೊದ್",
                "stop_id": "21572",
                "lat": 12.97779,
                "lon": 77.60204
              },
              {
                "name": "Shivajinagara Bus Station",
                "name_kn": "ಶಿವಜಿನಗರ ಬುಸ್ ಸ್ಟಟಿೊಂ",
                "stop_id": "21173",
                "lat": 12.98328,
                "lon": 77.60304
              }
            ]
          },
          {
            "Route": "13-B",
            "RouteId": 2160,
            "RouteParentId": 1163,
            "Destination": "Shivajinagara Bus Station",
            "Via": "",
            "Area": "Padmanabha Nagara Rock",
            "PlatformNumber": "2",
            "KannadaDestination": "ಶಿವಜಿನಗರ ಬುಸ್ ಸ್ಟಟಿೊಂ",
            "KannadaArea": "ಪದ್ಮನಾಭ ನಗರ ಬಂಡೆ",
            "KannadaVia": "",
            "FromStationId": 21167,
            "Stops": [
              {
                "name": "Shanthinagara Bus Station",
                "name_kn": "ಶಂತಿನಗರ ಬುಸ್ ಸ್ಟಟಿೊಂ",
                "stop_id": "21167",
                "lat": 12.95483,
                "lon": 77.59235
              },
              {
                "name": "KH Road",
                "name_kn": "ಖ್ ರೊದ್",
                "stop_id": "20928",
                "lat": 12.95815,
                "lon": 77.59299
              },
              {
                "name": "Richmond Circle",
                "name_kn": "ರಿಚ್ಮೊಂದ್ ಕಿರ್ಕ್ಲೆ",
                "stop_id": "21125",
                "lat": 12.96738,
                "lon": 77.59946
              },
              {
                "name": "St Joseph College",
                "name_kn": "ಸ್ಟ್ ಜೊಸೆಫ್ ಕೊಲ್ಲೆಗೆ",
                "stop_id": "21194",
                "lat": 12.97036,
                "lon": 77.60368
              },
              {
                "name": "St Joseph Boys High School Musuem Road",
                "name_kn": "ಸ್ಟ್ ಜೊಸೆಫ್ ಬೊಯ್ಸ್ ಹಿಘ್ ಸ್ಚೂಲ್ ಮುಸುೆಂ ರೊದ್",
                "stop_id": "23433",
                "lat": 12.97176,
                "lon": 77.60441
              },
              {
                "name": "State Bank India Garage",
                "name_kn": "ಸ್ಟಟೆ ಬಂಕ್ ಿಂದಿ ಗರಗೆ",
                "stop_id": "21608",
                "lat": 12.97465,
                "lon": 77.60154
              },
              {
                "name": "MG Road",
                "name_kn": "ಂಗ್ ರೊದ್",
                "stop_id": "21572",
                "lat": 12.97779,
                "lon": 77.60204
              },
              {
                "name": "Shivajinagara Bus Station",
                "name_kn": "ಶಿವಜಿನಗರ ಬುಸ್ ಸ್ಟಟಿೊಂ",
                "stop_id": "21173",
                "lat": 12.98328,
                "lon": 77.60304
              }
            ]
          },
          {
            "Route": "13-F",
            "RouteId": 2861,
            "RouteParentId": 1631,
            "Destination": "Shivajinagara Bus Station",
            "Via": "",
            "Area": "Channammanakere Achukattu",
            "PlatformNumber": "2",
            "KannadaDestination": "ಶಿವಜಿನಗರ ಬುಸ್ ಸ್ಟಟಿೊಂ",
            "KannadaArea": "ಚನ್ನಮ್ಮನಕೆರೆ ಅಚ್ಚುಕಟ್ಟು",
            "KannadaVia": "",
            "FromStationId": 21167,
            "Stops": [
              {
                "name": "Shanthinagara Bus Station",
                "name_kn": "ಶಂತಿನಗರ ಬುಸ್ ಸ್ಟಟಿೊಂ",
                "stop_id": "21167",
                "lat": 12.95483,
                "lon": 77.59235
              },
              {
                "name": "KH Road",
                "name_kn": "ಖ್ ರೊದ್",
                "stop_id": "20928",
                "lat": 12.95815,
                "lon": 77.59299
              },
              {
                "name": "Richmond Circle",
                "name_kn": "ರಿಚ್ಮೊಂದ್ ಕಿರ್ಕ್ಲೆ",
                "stop_id": "21125",
                "lat": 12.96738,
                "lon": 77.59946
              },
              {
                "name": "St Joseph College",
                "name_kn": "ಸ್ಟ್ ಜೊಸೆಫ್ ಕೊಲ್ಲೆಗೆ",
                "stop_id": "21194",
                "lat": 12.97036,
                "lon": 77.60368
              },
              {
                "name": "St Joseph Boys High School Musuem Road",
                "name_kn": "ಸ್ಟ್ ಜೊಸೆಫ್ ಬೊಯ್ಸ್ ಹಿಘ್ ಸ್ಚೂಲ್ ಮುಸುೆಂ ರೊದ್",
                "stop_id": "23433",
                "lat": 12.97176,
                "lon": 77.60441
              },
              {
                "name": "State Bank India Garage",
                "name_kn": "ಸ್ಟಟೆ ಬಂಕ್ ಿಂದಿ ಗರಗೆ",
                "stop_id": "21608",
                "lat": 12.97465,
                "lon": 77.60154
              },
              {
                "name": "MG Road",
                "name_kn": "ಂಗ್ ರೊದ್",
                "stop_id": "21572",
                "lat": 12.97779,
                "lon": 77.60204
              },
              {
                "name": "Shivajinagara Bus Station",
                "name_kn": "ಶಿವಜಿನಗರ ಬುಸ್ ಸ್ಟಟಿೊಂ",
                "stop_id": "21173",
                "lat": 12.98328,
                "lon": 77.60304
              }
            ]
          },
          {
            "Route": "13-K",
            "RouteId": 2876,
            "RouteParentId": 1638,
            "Destination": "Shivajinagara Bus Station",
            "Via": "",
            "Area": "Minaznagara",
            "PlatformNumber": "2",
            "KannadaDestination": "ಶಿವಜಿನಗರ ಬುಸ್ ಸ್ಟಟಿೊಂ",
            "KannadaArea": "ಮಿನಾಜ್‌ ನಗರ",
            "KannadaVia": "",
            "FromStationId": 21167,
            "Stops": [
              {
                "name": "Shanthinagara Bus Station",
                "name_kn": "ಶಂತಿನಗರ ಬುಸ್ ಸ್ಟಟಿೊಂ",
                "stop_id": "21167",
                "lat": 12.95483,
                "lon": 77.59235
              },
              {
                "name": "KH Road",
                "name_kn": "ಖ್ ರೊದ್",
                "stop_id": "20928",
                "lat": 12.95815,
                "lon": 77.59299
              },
              {
                "name": "Richmond Circle",
                "name_kn": "ರಿಚ್ಮೊಂದ್ ಕಿರ್ಕ್ಲೆ",
                "stop_id": "21125",
                "lat": 12.96738,
                "lon": 77.59946
              },
              {
                "name": "St Joseph Boys High School Musuem Road",
                "name_kn": "ಸ್ಟ್ ಜೊಸೆಫ್ ಬೊಯ್ಸ್ ಹಿಘ್ ಸ್ಚೂಲ್ ಮುಸುೆಂ ರೊದ್",
                "stop_id": "23433",
                "lat": 12.97176,
                "lon": 77.60441
              },
              {
                "name": "State Bank India Garage",
                "name_kn": "ಸ್ಟಟೆ ಬಂಕ್ ಿಂದಿ ಗರಗೆ",
                "stop_id": "21608",
                "lat": 12.97465,
                "lon": 77.60154
              },
              {
                "name": "MG Road",
                "name_kn": "ಂಗ್ ರೊದ್",
                "stop_id": "21572",
                "lat": 12.97779,
                "lon": 77.60204
              },
              {
                "name": "Shivajinagara Bus Station",
                "name_kn": "ಶಿವಜಿನಗರ ಬುಸ್ ಸ್ಟಟಿೊಂ",
                "stop_id": "21173",
                "lat": 12.98328,
                "lon": 77.60304
              }
            ]
          },
          {
            "Route": "210-FA",
            "RouteId": 3471,
            "RouteParentId": 1945,
            "Destination": "Shivajinagara Bus Station",
            "Via": "",
            "Area": "Poornaprajna Layout",
            "PlatformNumber": "2",
            "KannadaDestination": "ಶಿವಜಿನಗರ ಬುಸ್ ಸ್ಟಟಿೊಂ",
            "KannadaArea": "ಪೂರ್ಣಪ್ರಜ್ಞಾ ಬಡಾವಣೆ",
            "KannadaVia": "",
            "FromStationId": 21167,
            "Stops": [
              {
                "name": "Shanthinagara Bus Station",
                "name_kn": "ಶಂತಿನಗರ ಬುಸ್ ಸ್ಟಟಿೊಂ",
                "stop_id": "21167",
                "lat": 12.95483,
                "lon": 77.59235
              },
              {
                "name": "KH Road",
                "name_kn": "ಖ್ ರೊದ್",
                "stop_id": "20928",
                "lat": 12.95815,
                "lon": 77.59299
              },
              {
                "name": "Richmond Circle",
                "name_kn": "ರಿಚ್ಮೊಂದ್ ಕಿರ್ಕ್ಲೆ",
                "stop_id": "21125",
                "lat": 12.96738,
                "lon": 77.59946
              },
              {
                "name": "St Joseph Boys High School Musuem Road",
                "name_kn": "ಸ್ಟ್ ಜೊಸೆಫ್ ಬೊಯ್ಸ್ ಹಿಘ್ ಸ್ಚೂಲ್ ಮುಸುೆಂ ರೊದ್",
                "stop_id": "23433",
                "lat": 12.97176,
                "lon": 77.60441
              },
              {
                "name": "MG Road",
                "name_kn": "ಂಗ್ ರೊದ್",
                "stop_id": "21572",
                "lat": 12.97779,
                "lon": 77.60204
              },
              {
                "name": "Shivajinagara Bus Station",
                "name_kn": "ಶಿವಜಿನಗರ ಬುಸ್ ಸ್ಟಟಿೊಂ",
                "stop_id": "21173",
                "lat": 12.98328,
                "lon": 77.60304
              }
            ]
          },
          {
            "Route": "210-G",
            "RouteId": 3791,
            "RouteParentId": 2113,
            "Destination": "Shivajinagara Bus Station",
            "Via": "",
            "Area": "Vasanthapura",
            "PlatformNumber": "2",
            "KannadaDestination": "ಶಿವಜಿನಗರ ಬುಸ್ ಸ್ಟಟಿೊಂ",
            "KannadaArea": "ವಸಂತಪುರ",
            "KannadaVia": "",
            "FromStationId": 21167,
            "Stops": [
              {
                "name": "Shanthinagara Bus Station",
                "name_kn": "ಶಂತಿನಗರ ಬುಸ್ ಸ್ಟಟಿೊಂ",
                "stop_id": "21167",
                "lat": 12.95483,
                "lon": 77.59235
              },
              {
                "name": "KH Road",
                "name_kn": "ಖ್ ರೊದ್",
                "stop_id": "20928",
                "lat": 12.95815,
                "lon": 77.59299
              },
              {
                "name": "Richmond Circle",
                "name_kn": "ರಿಚ್ಮೊಂದ್ ಕಿರ್ಕ್ಲೆ",
                "stop_id": "21125",
                "lat": 12.96738,
                "lon": 77.59946
              },
              {
                "name": "St Joseph College",
                "name_kn": "ಸ್ಟ್ ಜೊಸೆಫ್ ಕೊಲ್ಲೆಗೆ",
                "stop_id": "21194",
                "lat": 12.97036,
                "lon": 77.60368
              },
              {
                "name": "St Joseph Boys High School Musuem Road",
                "name_kn": "ಸ್ಟ್ ಜೊಸೆಫ್ ಬೊಯ್ಸ್ ಹಿಘ್ ಸ್ಚೂಲ್ ಮುಸುೆಂ ರೊದ್",
                "stop_id": "23433",
                "lat": 12.97176,
                "lon": 77.60441
              },
              {
                "name": "State Bank India Garage",
                "name_kn": "ಸ್ಟಟೆ ಬಂಕ್ ಿಂದಿ ಗರಗೆ",
                "stop_id": "21608",
                "lat": 12.97465,
                "lon": 77.60154
              },
              {
                "name": "MG Road",
                "name_kn": "ಂಗ್ ರೊದ್",
                "stop_id": "21572",
                "lat": 12.97779,
                "lon": 77.60204
              },
              {
                "name": "Shivajinagara Bus Station",
                "name_kn": "ಶಿವಜಿನಗರ ಬುಸ್ ಸ್ಟಟಿೊಂ",
                "stop_id": "21173",
                "lat": 12.98328,
                "lon": 77.60304
              }
            ]
          },
          {
            "Route": "210-Q",
            "RouteId": 3800,
            "RouteParentId": 2118,
            "Destination": "Shivajinagara Bus Station",
            "Via": "",
            "Area": "Chikkallasandra",
            "PlatformNumber": "2",
            "KannadaDestination": "ಶಿವಜಿನಗರ ಬುಸ್ ಸ್ಟಟಿೊಂ",
            "KannadaArea": "ಚಿಕ್ಕಲ್ಲಸಂದ್ರ",
            "KannadaVia": "",
            "FromStationId": 21167,
            "Stops": [
              {
                "name": "Shanthinagara Bus Station",
                "name_kn": "ಶಂತಿನಗರ ಬುಸ್ ಸ್ಟಟಿೊಂ",
                "stop_id": "21167",
                "lat": 12.95483,
                "lon": 77.59235
              },
              {
                "name": "KH Road",
                "name_kn": "ಖ್ ರೊದ್",
                "stop_id": "20928",
                "lat": 12.95815,
                "lon": 77.59299
              },
              {
                "name": "Richmond Circle",
                "name_kn": "ರಿಚ್ಮೊಂದ್ ಕಿರ್ಕ್ಲೆ",
                "stop_id": "21125",
                "lat": 12.96738,
                "lon": 77.59946
              },
              {
                "name": "St Joseph College",
                "name_kn": "ಸ್ಟ್ ಜೊಸೆಫ್ ಕೊಲ್ಲೆಗೆ",
                "stop_id": "21194",
                "lat": 12.97036,
                "lon": 77.60368
              },
              {
                "name": "St Joseph Boys High School Musuem Road",
                "name_kn": "ಸ್ಟ್ ಜೊಸೆಫ್ ಬೊಯ್ಸ್ ಹಿಘ್ ಸ್ಚೂಲ್ ಮುಸುೆಂ ರೊದ್",
                "stop_id": "23433",
                "lat": 12.97176,
                "lon": 77.60441
              },
              {
                "name": "State Bank India Garage",
                "name_kn": "ಸ್ಟಟೆ ಬಂಕ್ ಿಂದಿ ಗರಗೆ",
                "stop_id": "21608",
                "lat": 12.97465,
                "lon": 77.60154
              },
              {
                "name": "MG Road",
                "name_kn": "ಂಗ್ ರೊದ್",
                "stop_id": "21572",
                "lat": 12.97779,
                "lon": 77.60204
              },
              {
                "name": "Shivajinagara Bus Station",
                "name_kn": "ಶಿವಜಿನಗರ ಬುಸ್ ಸ್ಟಟಿೊಂ",
                "stop_id": "21173",
                "lat": 12.98328,
                "lon": 77.60304
              }
            ]
          },
          {
            "Route": "KIA-5",
            "RouteId": 3914,
            "RouteParentId": 2164,
            "Destination": "Kempegowda International Airport",
            "Via": "",
            "Area": "Banashankari Bus Station",
            "PlatformNumber": "2",
            "KannadaDestination": "ಕೆಂಪೆಗೌದ ಿಂಟೆರ್ನಟಿೊನಲ್ ೈರ್ಪೊರ್ಟ್",
            "KannadaArea": "ಬನಶಂಕರಿ ಬಸ್ ನಿಲ್ದಾಣ",
            "KannadaVia": "",
            "FromStationId": 21167,
            "Stops": [
              {
                "name": "Shanthinagara Bus Station",
                "name_kn": "ಶಂತಿನಗರ ಬುಸ್ ಸ್ಟಟಿೊಂ",
                "stop_id": "21167",
                "lat": 12.95483,
                "lon": 77.59235
              },
              {
                "name": "KH Road",
                "name_kn": "ಖ್ ರೊದ್",
                "stop_id": "20928",
                "lat": 12.95815,
                "lon": 77.59299
              },
              {
                "name": "Richmond Circle",
                "name_kn": "ರಿಚ್ಮೊಂದ್ ಕಿರ್ಕ್ಲೆ",
                "stop_id": "21125",
                "lat": 12.96738,
                "lon": 77.59946
              },
              {
                "name": "St Joseph Boys High School Musuem Road",
                "name_kn": "ಸ್ಟ್ ಜೊಸೆಫ್ ಬೊಯ್ಸ್ ಹಿಘ್ ಸ್ಚೂಲ್ ಮುಸುೆಂ ರೊದ್",
                "stop_id": "23433",
                "lat": 12.97176,
                "lon": 77.60441
              },
              {
                "name": "State Bank India Garage",
                "name_kn": "ಸ್ಟಟೆ ಬಂಕ್ ಿಂದಿ ಗರಗೆ",
                "stop_id": "21608",
                "lat": 12.97465,
                "lon": 77.60154
              },
              {
                "name": "Chinnaswamy Stadium",
                "name_kn": "ಚಿಂನಸ್ವಮೆ ಸ್ಟದಿುಂ",
                "stop_id": "22694",
                "lat": 12.97742,
                "lon": 77.59885
              },
              {
                "name": "Raj Bhavan",
                "name_kn": "ರಜ್ ಭವಂ",
                "stop_id": "35302",
                "lat": 12.98307,
                "lon": 77.59206
              },
              {
                "name": "Sophiya School",
                "name_kn": "ಸೊಫಿಯ ಸ್ಚೂಲ್",
                "stop_id": "23356",
                "lat": 12.98609,
                "lon": 77.58864
              },
              {
                "name": "RM Guttahalli",
                "name_kn": "ರ್ಂ ಗುಟಹಲ್ಲಿ",
                "stop_id": "21130",
                "lat": 12.99977,
                "lon": 77.58392
              },
              {
                "name": "Palace Ground",
                "name_kn": "ಪಲಕೆ ಗ್ರೌಂದ್",
                "stop_id": "21076",
                "lat": 13.01057,
                "lon": 77.58378
              },
              {
                "name": "Mekhri Circle",
                "name_kn": "ಮೆಖ್ರಿ ಕಿರ್ಕ್ಲೆ",
                "stop_id": "21019",
                "lat": 13.0175,
                "lon": 77.58385
              },
              {
                "name": "CBI",
                "name_kn": "ಕ್ಬಿ",
                "stop_id": "20698",
                "lat": 13.02613,
                "lon": 77.58514
              },
              {
                "name": "Veterinary Hospital",
                "name_kn": "ವೆಟೆರಿನರೆ ಹೊಸ್ಪಿಟಲ್",
                "stop_id": "21254",
                "lat": 13.03242,
                "lon": 77.58777
              },
              {
                "name": "Hebbala Canara Bank",
                "name_kn": "ಹೆಬ್ಬಲ ಕನರ ಬಂಕ್",
                "stop_id": "20695",
                "lat": 13.03581,
                "lon": 77.58892
              },
              {
                "name": "Hebbala",
                "name_kn": "ಹೆಬ್ಬಲ",
                "stop_id": "20820",
                "lat": 13.03851,
                "lon": 77.58928
              },
              {
                "name": "Military Dairy Farm (Esteem Mall)",
                "name_kn": "ಮಿಲಿಟರೆ ದೈರೆ ೞರ್ಂ (ೆಸ್ಟೀಂ ಮಲ್ಲ್)",
                "stop_id": "33931",
                "lat": 13.04974,
                "lon": 77.59271
              },
              {
                "name": "Navayuga Toll  (Military Dairy Farm)",
                "name_kn": "ನವಯುಗ ಟೊಲ್ಲ್  (ಮಿಲಿಟರೆ ದೈರೆ ೞರ್ಂ)",
                "stop_id": "38168",
                "lat": 13.04998,
                "lon": 77.59277
              },
              {
                "name": "Byatarayanapura FLY",
                "name_kn": "ಬೆಟರಯನಪುರ ೞ್ಲೆ",
                "stop_id": "39269",
                "lat": 13.06723,
                "lon": 77.59298
              },
              {
                "name": "Allalasandra Gate FLY",
                "name_kn": "ಅಲ್ಲಲಸಂದ್ರ ಗಟೆ ೞ್ಲೆ",
                "stop_id": "35151",
                "lat": 13.08483,
                "lon": 77.59415
              },
              {
                "name": "Kogilu Cross FLY",
                "name_kn": "ಕೊಗಿಲು ಕ್ರೊಸ್ಸ್ ೞ್ಲೆ",
                "stop_id": "39273",
                "lat": 13.10383,
                "lon": 77.60039
              },
              {
                "name": "Venkatala FLY",
                "name_kn": "ವೆಂಕಟಲ ೞ್ಲೆ",
                "stop_id": "39274",
                "lat": 13.11138,
                "lon": 77.6047
              },
              {
                "name": "Indian Air Force FLY",
                "name_kn": "ಇಂದಿಂ ೈರ್ ೞೊರ್ಕೆ ೞ್ಲೆ",
                "stop_id": "39276",
                "lat": 13.13116,
                "lon": 77.61509
              },
              {
                "name": "Hunasamaranahalli FLY",
                "name_kn": "ಹುನಸಮರನಹಲ್ಲಿ ೞ್ಲೆ",
                "stop_id": "39280",
                "lat": 13.1443,
                "lon": 77.61742
              },
              {
                "name": "Bettahalasuru Cross FLY",
                "name_kn": "ಬೆಟಹಲಸುರು ಕ್ರೊಸ್ಸ್ ೞ್ಲೆ",
                "stop_id": "39282",
                "lat": 13.15666,
                "lon": 77.6232
              },
              {
                "name": "Chikkajala  FLY",
                "name_kn": "ಚಿಕ್ಕಜಲ  ೞ್ಲೆ",
                "stop_id": "39285",
                "lat": 13.17288,
                "lon": 77.63336
              },
              {
                "name": "Sadahalli Gate",
                "name_kn": "ಸದಹಲ್ಲಿ ಗಟೆ",
                "stop_id": "34443",
                "lat": 13.19072,
                "lon": 77.64583
              },
              {
                "name": "Trumpet (KIA)",
                "name_kn": "ಟ್ರುಂಪೆಟ್ (ಕಿ)",
                "stop_id": "35806",
                "lat": 13.19762,
                "lon": 77.65547
              },
              {
                "name": "Cargo Village",
                "name_kn": "ಕರ್ಗೊ ವಿಲ್ಲಗೆ",
                "stop_id": "37968",
                "lat": 13.19967,
                "lon": 77.68231
              },
              {
                "name": "DHFL",
                "name_kn": "ಧ್ೞ್ಲ್",
                "stop_id": "37969",
                "lat": 13.19963,
                "lon": 77.69561
              },
              {
                "name": "Kempegowda International Airport",
                "name_kn": "ಕೆಂಪೆಗೌದ ಿಂಟೆರ್ನಟಿೊನಲ್ ೈರ್ಪೊರ್ಟ್",
                "stop_id": "35805",
                "lat": 13.19916,
                "lon": 77.70774
              }
            ]
          },
          {
            "Route": "215-U",
            "RouteId": 4215,
            "RouteParentId": 2316,
            "Destination": "Shivajinagara Bus Station",
            "Via": "",
            "Area": "Kothanuru Hari Nagara",
            "PlatformNumber": "2",
            "KannadaDestination": "ಶಿವಜಿನಗರ ಬುಸ್ ಸ್ಟಟಿೊಂ",
            "KannadaArea": "ಕೊತ್ತನೂರು ಹರಿನಗರ",
            "KannadaVia": "",
            "FromStationId": 21167,
            "Stops": [
              {
                "name": "Shanthinagara Bus Station",
                "name_kn": "ಶಂತಿನಗರ ಬುಸ್ ಸ್ಟಟಿೊಂ",
                "stop_id": "21167",
                "lat": 12.95483,
                "lon": 77.59235
              },
              {
                "name": "KH Road",
                "name_kn": "ಖ್ ರೊದ್",
                "stop_id": "20928",
                "lat": 12.95815,
                "lon": 77.59299
              },
              {
                "name": "Richmond Circle",
                "name_kn": "ರಿಚ್ಮೊಂದ್ ಕಿರ್ಕ್ಲೆ",
                "stop_id": "21125",
                "lat": 12.96738,
                "lon": 77.59946
              },
              {
                "name": "St Joseph Boys High School Musuem Road",
                "name_kn": "ಸ್ಟ್ ಜೊಸೆಫ್ ಬೊಯ್ಸ್ ಹಿಘ್ ಸ್ಚೂಲ್ ಮುಸುೆಂ ರೊದ್",
                "stop_id": "23433",
                "lat": 12.97176,
                "lon": 77.60441
              },
              {
                "name": "State Bank India Garage",
                "name_kn": "ಸ್ಟಟೆ ಬಂಕ್ ಿಂದಿ ಗರಗೆ",
                "stop_id": "21608",
                "lat": 12.97465,
                "lon": 77.60154
              },
              {
                "name": "MG Road",
                "name_kn": "ಂಗ್ ರೊದ್",
                "stop_id": "21572",
                "lat": 12.97779,
                "lon": 77.60204
              },
              {
                "name": "Shivajinagara Bus Station",
                "name_kn": "ಶಿವಜಿನಗರ ಬುಸ್ ಸ್ಟಟಿೊಂ",
                "stop_id": "21173",
                "lat": 12.98328,
                "lon": 77.60304
              }
            ]
          },
          {
            "Route": "368",
            "RouteId": 4302,
            "RouteParentId": 2373,
            "Destination": "Shivajinagara Bus Station",
            "Via": "",
            "Area": "Bannerughatta National Park",
            "PlatformNumber": "2",
            "KannadaDestination": "ಶಿವಜಿನಗರ ಬುಸ್ ಸ್ಟಟಿೊಂ",
            "KannadaArea": "ಬನ್ನೇರುಘಟ್ಟ ರಾಷ್ಟ್ರೀಯ ಉದ್ಯಾನವನ",
            "KannadaVia": "",
            "FromStationId": 21167,
            "Stops": [
              {
                "name": "Shanthinagara Bus Station",
                "name_kn": "ಶಂತಿನಗರ ಬುಸ್ ಸ್ಟಟಿೊಂ",
                "stop_id": "21167",
                "lat": 12.95483,
                "lon": 77.59235
              },
              {
                "name": "KH Road",
                "name_kn": "ಖ್ ರೊದ್",
                "stop_id": "20928",
                "lat": 12.95815,
                "lon": 77.59299
              },
              {
                "name": "Richmond Circle",
                "name_kn": "ರಿಚ್ಮೊಂದ್ ಕಿರ್ಕ್ಲೆ",
                "stop_id": "21125",
                "lat": 12.96738,
                "lon": 77.59946
              },
              {
                "name": "St Joseph College",
                "name_kn": "ಸ್ಟ್ ಜೊಸೆಫ್ ಕೊಲ್ಲೆಗೆ",
                "stop_id": "21194",
                "lat": 12.97036,
                "lon": 77.60368
              },
              {
                "name": "St Joseph Boys High School Musuem Road",
                "name_kn": "ಸ್ಟ್ ಜೊಸೆಫ್ ಬೊಯ್ಸ್ ಹಿಘ್ ಸ್ಚೂಲ್ ಮುಸುೆಂ ರೊದ್",
                "stop_id": "23433",
                "lat": 12.97176,
                "lon": 77.60441
              },
              {
                "name": "State Bank India Garage",
                "name_kn": "ಸ್ಟಟೆ ಬಂಕ್ ಿಂದಿ ಗರಗೆ",
                "stop_id": "21608",
                "lat": 12.97465,
                "lon": 77.60154
              },
              {
                "name": "MG Road",
                "name_kn": "ಂಗ್ ರೊದ್",
                "stop_id": "21572",
                "lat": 12.97779,
                "lon": 77.60204
              },
              {
                "name": "Shivajinagara Bus Station",
                "name_kn": "ಶಿವಜಿನಗರ ಬುಸ್ ಸ್ಟಟಿೊಂ",
                "stop_id": "21173",
                "lat": 12.98328,
                "lon": 77.60304
              }
            ]
          },
          {
            "Route": "368 SBS-D34G",
            "RouteId": 4318,
            "RouteParentId": 2382,
            "Destination": "Shivajinagara Bus Station",
            "Via": "",
            "Area": "Depot-34 Gate",
            "PlatformNumber": "2",
            "KannadaDestination": "ಶಿವಜಿನಗರ ಬುಸ್ ಸ್ಟಟಿೊಂ",
            "KannadaArea": "ಘಟಕ -34 ಗೇಟ್",
            "KannadaVia": "",
            "FromStationId": 21167,
            "Stops": [
              {
                "name": "Shanthinagara Bus Station",
                "name_kn": "ಶಂತಿನಗರ ಬುಸ್ ಸ್ಟಟಿೊಂ",
                "stop_id": "21167",
                "lat": 12.95483,
                "lon": 77.59235
              },
              {
                "name": "KH Road",
                "name_kn": "ಖ್ ರೊದ್",
                "stop_id": "20928",
                "lat": 12.95815,
                "lon": 77.59299
              },
              {
                "name": "Richmond Circle",
                "name_kn": "ರಿಚ್ಮೊಂದ್ ಕಿರ್ಕ್ಲೆ",
                "stop_id": "21125",
                "lat": 12.96738,
                "lon": 77.59946
              },
              {
                "name": "St Joseph College",
                "name_kn": "ಸ್ಟ್ ಜೊಸೆಫ್ ಕೊಲ್ಲೆಗೆ",
                "stop_id": "21194",
                "lat": 12.97036,
                "lon": 77.60368
              },
              {
                "name": "St Joseph Boys High School Musuem Road",
                "name_kn": "ಸ್ಟ್ ಜೊಸೆಫ್ ಬೊಯ್ಸ್ ಹಿಘ್ ಸ್ಚೂಲ್ ಮುಸುೆಂ ರೊದ್",
                "stop_id": "23433",
                "lat": 12.97176,
                "lon": 77.60441
              },
              {
                "name": "State Bank India Garage",
                "name_kn": "ಸ್ಟಟೆ ಬಂಕ್ ಿಂದಿ ಗರಗೆ",
                "stop_id": "21608",
                "lat": 12.97465,
                "lon": 77.60154
              },
              {
                "name": "MG Road",
                "name_kn": "ಂಗ್ ರೊದ್",
                "stop_id": "21572",
                "lat": 12.97779,
                "lon": 77.60204
              },
              {
                "name": "Shivajinagara Bus Station",
                "name_kn": "ಶಿವಜಿನಗರ ಬುಸ್ ಸ್ಟಟಿೊಂ",
                "stop_id": "21173",
                "lat": 12.98328,
                "lon": 77.60304
              }
            ]
          },
          {
            "Route": "210-T",
            "RouteId": 4358,
            "RouteParentId": 2400,
            "Destination": "Shivajinagara Bus Station",
            "Via": "",
            "Area": "Pratyangira Temple Turahalli",
            "PlatformNumber": "2",
            "KannadaDestination": "ಶಿವಜಿನಗರ ಬುಸ್ ಸ್ಟಟಿೊಂ",
            "KannadaArea": "ಪ್ರತ್ಯಂಗಿರ ದೇವಸ್ಥಾನ ತುರಹಳ್ಳಿ",
            "KannadaVia": "",
            "FromStationId": 21167,
            "Stops": [
              {
                "name": "Shanthinagara Bus Station",
                "name_kn": "ಶಂತಿನಗರ ಬುಸ್ ಸ್ಟಟಿೊಂ",
                "stop_id": "21167",
                "lat": 12.95483,
                "lon": 77.59235
              },
              {
                "name": "KH Road",
                "name_kn": "ಖ್ ರೊದ್",
                "stop_id": "20928",
                "lat": 12.95815,
                "lon": 77.59299
              },
              {
                "name": "Richmond Circle",
                "name_kn": "ರಿಚ್ಮೊಂದ್ ಕಿರ್ಕ್ಲೆ",
                "stop_id": "21125",
                "lat": 12.96738,
                "lon": 77.59946
              },
              {
                "name": "St Joseph College",
                "name_kn": "ಸ್ಟ್ ಜೊಸೆಫ್ ಕೊಲ್ಲೆಗೆ",
                "stop_id": "21194",
                "lat": 12.97036,
                "lon": 77.60368
              },
              {
                "name": "St Joseph Boys High School Musuem Road",
                "name_kn": "ಸ್ಟ್ ಜೊಸೆಫ್ ಬೊಯ್ಸ್ ಹಿಘ್ ಸ್ಚೂಲ್ ಮುಸುೆಂ ರೊದ್",
                "stop_id": "23433",
                "lat": 12.97176,
                "lon": 77.60441
              },
              {
                "name": "State Bank India Garage",
                "name_kn": "ಸ್ಟಟೆ ಬಂಕ್ ಿಂದಿ ಗರಗೆ",
                "stop_id": "21608",
                "lat": 12.97465,
                "lon": 77.60154
              },
              {
                "name": "MG Road",
                "name_kn": "ಂಗ್ ರೊದ್",
                "stop_id": "21572",
                "lat": 12.97779,
                "lon": 77.60204
              },
              {
                "name": "Shivajinagara Bus Station",
                "name_kn": "ಶಿವಜಿನಗರ ಬುಸ್ ಸ್ಟಟಿೊಂ",
                "stop_id": "21173",
                "lat": 12.98328,
                "lon": 77.60304
              }
            ]
          },
          {
            "Route": "210-G SBS-ISRLO-PPLO",
            "RouteId": 4480,
            "RouteParentId": 2461,
            "Destination": "Shivajinagara Bus Station",
            "Via": "",
            "Area": "Poornaprajna Layout",
            "PlatformNumber": "2",
            "KannadaDestination": "ಶಿವಜಿನಗರ ಬುಸ್ ಸ್ಟಟಿೊಂ",
            "KannadaArea": "ಪೂರ್ಣಪ್ರಜ್ಞಾ ಬಡಾವಣೆ",
            "KannadaVia": "",
            "FromStationId": 21167,
            "Stops": [
              {
                "name": "Shanthinagara Bus Station",
                "name_kn": "ಶಂತಿನಗರ ಬುಸ್ ಸ್ಟಟಿೊಂ",
                "stop_id": "21167",
                "lat": 12.95483,
                "lon": 77.59235
              },
              {
                "name": "KH Road",
                "name_kn": "ಖ್ ರೊದ್",
                "stop_id": "20928",
                "lat": 12.95815,
                "lon": 77.59299
              },
              {
                "name": "Richmond Circle",
                "name_kn": "ರಿಚ್ಮೊಂದ್ ಕಿರ್ಕ್ಲೆ",
                "stop_id": "21125",
                "lat": 12.96738,
                "lon": 77.59946
              },
              {
                "name": "St Joseph College",
                "name_kn": "ಸ್ಟ್ ಜೊಸೆಫ್ ಕೊಲ್ಲೆಗೆ",
                "stop_id": "21194",
                "lat": 12.97036,
                "lon": 77.60368
              },
              {
                "name": "St Joseph Boys High School Musuem Road",
                "name_kn": "ಸ್ಟ್ ಜೊಸೆಫ್ ಬೊಯ್ಸ್ ಹಿಘ್ ಸ್ಚೂಲ್ ಮುಸುೆಂ ರೊದ್",
                "stop_id": "23433",
                "lat": 12.97176,
                "lon": 77.60441
              },
              {
                "name": "State Bank India Garage",
                "name_kn": "ಸ್ಟಟೆ ಬಂಕ್ ಿಂದಿ ಗರಗೆ",
                "stop_id": "21608",
                "lat": 12.97465,
                "lon": 77.60154
              },
              {
                "name": "MG Road",
                "name_kn": "ಂಗ್ ರೊದ್",
                "stop_id": "21572",
                "lat": 12.97779,
                "lon": 77.60204
              },
              {
                "name": "Shivajinagara Bus Station",
                "name_kn": "ಶಿವಜಿನಗರ ಬುಸ್ ಸ್ಟಟಿೊಂ",
                "stop_id": "21173",
                "lat": 12.98328,
                "lon": 77.60304
              }
            ]
          },
          {
            "Route": "215-U SBS-ANP",
            "RouteId": 8186,
            "RouteParentId": 4397,
            "Destination": "Shivajinagara Bus Station",
            "Via": "",
            "Area": "Anjanapura",
            "PlatformNumber": "2",
            "KannadaDestination": "ಶಿವಜಿನಗರ ಬುಸ್ ಸ್ಟಟಿೊಂ",
            "KannadaArea": "ಅಂಜನಾಪುರ",
            "KannadaVia": "",
            "FromStationId": 21167,
            "Stops": [
              {
                "name": "Shanthinagara Bus Station",
                "name_kn": "ಶಂತಿನಗರ ಬುಸ್ ಸ್ಟಟಿೊಂ",
                "stop_id": "21167",
                "lat": 12.95483,
                "lon": 77.59235
              },
              {
                "name": "KH Road",
                "name_kn": "ಖ್ ರೊದ್",
                "stop_id": "20928",
                "lat": 12.95815,
                "lon": 77.59299
              },
              {
                "name": "Richmond Circle",
                "name_kn": "ರಿಚ್ಮೊಂದ್ ಕಿರ್ಕ್ಲೆ",
                "stop_id": "21125",
                "lat": 12.96738,
                "lon": 77.59946
              },
              {
                "name": "St Joseph Boys High School Musuem Road",
                "name_kn": "ಸ್ಟ್ ಜೊಸೆಫ್ ಬೊಯ್ಸ್ ಹಿಘ್ ಸ್ಚೂಲ್ ಮುಸುೆಂ ರೊದ್",
                "stop_id": "23433",
                "lat": 12.97176,
                "lon": 77.60441
              },
              {
                "name": "MG Road",
                "name_kn": "ಂಗ್ ರೊದ್",
                "stop_id": "21572",
                "lat": 12.97779,
                "lon": 77.60204
              },
              {
                "name": "Shivajinagara Bus Station",
                "name_kn": "ಶಿವಜಿನಗರ ಬುಸ್ ಸ್ಟಟಿೊಂ",
                "stop_id": "21173",
                "lat": 12.98328,
                "lon": 77.60304
              }
            ]
          },
          {
            "Route": "MYH-SNBS",
            "RouteId": 10681,
            "RouteParentId": 1250,
            "Destination": "Mayohall",
            "Via": "",
            "Area": "Shanthinagara Bus Station",
            "PlatformNumber": "2",
            "KannadaDestination": "ಮಯೊಹಲ್ಲ್",
            "KannadaArea": "ಶಾಂತಿನಗರ ಬಸ್ ನಿಲ್ದಾಣ",
            "KannadaVia": "",
            "FromStationId": 21167,
            "Stops": [
              {
                "name": "Shanthinagara Bus Station",
                "name_kn": "ಶಂತಿನಗರ ಬುಸ್ ಸ್ಟಟಿೊಂ",
                "stop_id": "21167",
                "lat": 12.95483,
                "lon": 77.59235
              },
              {
                "name": "KH Road",
                "name_kn": "ಖ್ ರೊದ್",
                "stop_id": "20928",
                "lat": 12.95815,
                "lon": 77.59299
              },
              {
                "name": "Richmond Circle",
                "name_kn": "ರಿಚ್ಮೊಂದ್ ಕಿರ್ಕ್ಲೆ",
                "stop_id": "21125",
                "lat": 12.96738,
                "lon": 77.59946
              },
              {
                "name": "St Joseph College",
                "name_kn": "ಸ್ಟ್ ಜೊಸೆಫ್ ಕೊಲ್ಲೆಗೆ",
                "stop_id": "21194",
                "lat": 12.97036,
                "lon": 77.60368
              },
              {
                "name": "Mayohall",
                "name_kn": "ಮಯೊಹಲ್ಲ್",
                "stop_id": "22278",
                "lat": 12.97336,
                "lon": 77.6099
              }
            ]
          },
          {
            "Route": "G-2 MH-SNBS",
            "RouteId": 10934,
            "RouteParentId": 5830,
            "Destination": "Mayohall",
            "Via": "",
            "Area": "Shanthinagara Bus Station",
            "PlatformNumber": "2",
            "KannadaDestination": "ಮಯೊಹಲ್ಲ್",
            "KannadaArea": "ಶಾಂತಿನಗರ ಬಸ್ ನಿಲ್ದಾಣ",
            "KannadaVia": "",
            "FromStationId": 21167,
            "Stops": [
              {
                "name": "Shanthinagara Bus Station",
                "name_kn": "ಶಂತಿನಗರ ಬುಸ್ ಸ್ಟಟಿೊಂ",
                "stop_id": "21167",
                "lat": 12.95483,
                "lon": 77.59235
              },
              {
                "name": "KH Road",
                "name_kn": "ಖ್ ರೊದ್",
                "stop_id": "20928",
                "lat": 12.95815,
                "lon": 77.59299
              },
              {
                "name": "Richmond Circle",
                "name_kn": "ರಿಚ್ಮೊಂದ್ ಕಿರ್ಕ್ಲೆ",
                "stop_id": "21125",
                "lat": 12.96738,
                "lon": 77.59946
              },
              {
                "name": "Bishop Coton Girls High School",
                "name_kn": "ಬಿಶೊಪ್ ಕೊಟೊಂ ಗಿರ್ಲ್ಸ್ ಹಿಘ್ ಸ್ಚೂಲ್",
                "stop_id": "36208",
                "lat": 12.96889,
                "lon": 77.6014
              },
              {
                "name": "St Joseph College",
                "name_kn": "ಸ್ಟ್ ಜೊಸೆಫ್ ಕೊಲ್ಲೆಗೆ",
                "stop_id": "21194",
                "lat": 12.97036,
                "lon": 77.60368
              },
              {
                "name": "Mayohall",
                "name_kn": "ಮಯೊಹಲ್ಲ್",
                "stop_id": "22278",
                "lat": 12.97336,
                "lon": 77.6099
              }
            ]
          },
          {
            "Route": "215-S",
            "RouteId": 11900,
            "RouteParentId": 6339,
            "Destination": "Shivajinagara Bus Station",
            "Via": "",
            "Area": "Jambu Savari Dinne",
            "PlatformNumber": "2",
            "KannadaDestination": "ಶಿವಜಿನಗರ ಬುಸ್ ಸ್ಟಟಿೊಂ",
            "KannadaArea": "ಜಂಬು ಸವಾರಿ ದಿಣ್ಣೆ",
            "KannadaVia": "",
            "FromStationId": 21167,
            "Stops": [
              {
                "name": "Shanthinagara Bus Station",
                "name_kn": "ಶಂತಿನಗರ ಬುಸ್ ಸ್ಟಟಿೊಂ",
                "stop_id": "21167",
                "lat": 12.95483,
                "lon": 77.59235
              },
              {
                "name": "KH Road",
                "name_kn": "ಖ್ ರೊದ್",
                "stop_id": "20928",
                "lat": 12.95815,
                "lon": 77.59299
              },
              {
                "name": "Richmond Circle",
                "name_kn": "ರಿಚ್ಮೊಂದ್ ಕಿರ್ಕ್ಲೆ",
                "stop_id": "21125",
                "lat": 12.96738,
                "lon": 77.59946
              },
              {
                "name": "St Joseph College",
                "name_kn": "ಸ್ಟ್ ಜೊಸೆಫ್ ಕೊಲ್ಲೆಗೆ",
                "stop_id": "21194",
                "lat": 12.97036,
                "lon": 77.60368
              },
              {
                "name": "St Joseph Boys High School Musuem Road",
                "name_kn": "ಸ್ಟ್ ಜೊಸೆಫ್ ಬೊಯ್ಸ್ ಹಿಘ್ ಸ್ಚೂಲ್ ಮುಸುೆಂ ರೊದ್",
                "stop_id": "23433",
                "lat": 12.97176,
                "lon": 77.60441
              },
              {
                "name": "State Bank India Garage",
                "name_kn": "ಸ್ಟಟೆ ಬಂಕ್ ಿಂದಿ ಗರಗೆ",
                "stop_id": "21608",
                "lat": 12.97465,
                "lon": 77.60154
              },
              {
                "name": "MG Road",
                "name_kn": "ಂಗ್ ರೊದ್",
                "stop_id": "21572",
                "lat": 12.97779,
                "lon": 77.60204
              },
              {
                "name": "Shivajinagara Bus Station",
                "name_kn": "ಶಿವಜಿನಗರ ಬುಸ್ ಸ್ಟಟಿೊಂ",
                "stop_id": "21173",
                "lat": 12.98328,
                "lon": 77.60304
              }
            ]
          },
          {
            "Route": "368 SBS-D27G",
            "RouteId": 13300,
            "RouteParentId": 7059,
            "Destination": "Shivajinagara Bus Station",
            "Via": "",
            "Area": "Depot-27 Gate",
            "PlatformNumber": "2",
            "KannadaDestination": "ಶಿವಜಿನಗರ ಬುಸ್ ಸ್ಟಟಿೊಂ",
            "KannadaArea": "ಘಟಕ-27 ಜಿಗಣಿ",
            "KannadaVia": "",
            "FromStationId": 21167,
            "Stops": [
              {
                "name": "Shanthinagara Bus Station",
                "name_kn": "ಶಂತಿನಗರ ಬುಸ್ ಸ್ಟಟಿೊಂ",
                "stop_id": "21167",
                "lat": 12.95483,
                "lon": 77.59235
              },
              {
                "name": "KH Road",
                "name_kn": "ಖ್ ರೊದ್",
                "stop_id": "20928",
                "lat": 12.95815,
                "lon": 77.59299
              },
              {
                "name": "Richmond Circle",
                "name_kn": "ರಿಚ್ಮೊಂದ್ ಕಿರ್ಕ್ಲೆ",
                "stop_id": "21125",
                "lat": 12.96738,
                "lon": 77.59946
              },
              {
                "name": "St Joseph College",
                "name_kn": "ಸ್ಟ್ ಜೊಸೆಫ್ ಕೊಲ್ಲೆಗೆ",
                "stop_id": "21194",
                "lat": 12.97036,
                "lon": 77.60368
              },
              {
                "name": "St Joseph Boys High School Musuem Road",
                "name_kn": "ಸ್ಟ್ ಜೊಸೆಫ್ ಬೊಯ್ಸ್ ಹಿಘ್ ಸ್ಚೂಲ್ ಮುಸುೆಂ ರೊದ್",
                "stop_id": "23433",
                "lat": 12.97176,
                "lon": 77.60441
              },
              {
                "name": "State Bank India Garage",
                "name_kn": "ಸ್ಟಟೆ ಬಂಕ್ ಿಂದಿ ಗರಗೆ",
                "stop_id": "21608",
                "lat": 12.97465,
                "lon": 77.60154
              },
              {
                "name": "MG Road",
                "name_kn": "ಂಗ್ ರೊದ್",
                "stop_id": "21572",
                "lat": 12.97779,
                "lon": 77.60204
              },
              {
                "name": "Shivajinagara Bus Station",
                "name_kn": "ಶಿವಜಿನಗರ ಬುಸ್ ಸ್ಟಟಿೊಂ",
                "stop_id": "21173",
                "lat": 12.98328,
                "lon": 77.60304
              }
            ]
          },
          {
            "Route": "KIA-5D",
            "RouteId": 15792,
            "RouteParentId": 8468,
            "Destination": "Kempegowda International Airport",
            "Via": "",
            "Area": "Art of Living Sri Ravishankar Ashram",
            "PlatformNumber": "2",
            "KannadaDestination": "ಕೆಂಪೆಗೌದ ಿಂಟೆರ್ನಟಿೊನಲ್ ೈರ್ಪೊರ್ಟ್",
            "KannadaArea": "ಆರ್ಟ್ ಆಫ್ ಲಿವಿಂಗ್ ಶ್ರೀ ರವಿಶಂಕರ್ ಆಶ್ರಮ",
            "KannadaVia": "",
            "FromStationId": 21167,
            "Stops": [
              {
                "name": "Shanthinagara Bus Station",
                "name_kn": "ಶಂತಿನಗರ ಬುಸ್ ಸ್ಟಟಿೊಂ",
                "stop_id": "21167",
                "lat": 12.95483,
                "lon": 77.59235
              },
              {
                "name": "Richmond Circle",
                "name_kn": "ರಿಚ್ಮೊಂದ್ ಕಿರ್ಕ್ಲೆ",
                "stop_id": "21125",
                "lat": 12.96738,
                "lon": 77.59946
              },
              {
                "name": "St Joseph Boys High School Musuem Road",
                "name_kn": "ಸ್ಟ್ ಜೊಸೆಫ್ ಬೊಯ್ಸ್ ಹಿಘ್ ಸ್ಚೂಲ್ ಮುಸುೆಂ ರೊದ್",
                "stop_id": "23433",
                "lat": 12.97176,
                "lon": 77.60441
              },
              {
                "name": "State Bank India Garage",
                "name_kn": "ಸ್ಟಟೆ ಬಂಕ್ ಿಂದಿ ಗರಗೆ",
                "stop_id": "21608",
                "lat": 12.97465,
                "lon": 77.60154
              },
              {
                "name": "Chinnaswamy Stadium",
                "name_kn": "ಚಿಂನಸ್ವಮೆ ಸ್ಟದಿುಂ",
                "stop_id": "22694",
                "lat": 12.97742,
                "lon": 77.59885
              },
              {
                "name": "Sophiya School",
                "name_kn": "ಸೊಫಿಯ ಸ್ಚೂಲ್",
                "stop_id": "23356",
                "lat": 12.98609,
                "lon": 77.58864
              },
              {
                "name": "RM Guttahalli",
                "name_kn": "ರ್ಂ ಗುಟಹಲ್ಲಿ",
                "stop_id": "21130",
                "lat": 12.99977,
                "lon": 77.58392
              },
              {
                "name": "Palace Ground",
                "name_kn": "ಪಲಕೆ ಗ್ರೌಂದ್",
                "stop_id": "21076",
                "lat": 13.01057,
                "lon": 77.58378
              },
              {
                "name": "Mekhri Circle",
                "name_kn": "ಮೆಖ್ರಿ ಕಿರ್ಕ್ಲೆ",
                "stop_id": "21019",
                "lat": 13.0175,
                "lon": 77.58385
              },
              {
                "name": "CBI",
                "name_kn": "ಕ್ಬಿ",
                "stop_id": "20698",
                "lat": 13.02613,
                "lon": 77.58514
              },
              {
                "name": "Veterinary Hospital",
                "name_kn": "ವೆಟೆರಿನರೆ ಹೊಸ್ಪಿಟಲ್",
                "stop_id": "21254",
                "lat": 13.03242,
                "lon": 77.58777
              },
              {
                "name": "Hebbala Canara Bank",
                "name_kn": "ಹೆಬ್ಬಲ ಕನರ ಬಂಕ್",
                "stop_id": "20695",
                "lat": 13.03581,
                "lon": 77.58892
              },
              {
                "name": "Hebbala",
                "name_kn": "ಹೆಬ್ಬಲ",
                "stop_id": "20820",
                "lat": 13.03851,
                "lon": 77.58928
              },
              {
                "name": "Military Dairy Farm (Esteem Mall)",
                "name_kn": "ಮಿಲಿಟರೆ ದೈರೆ ೞರ್ಂ (ೆಸ್ಟೀಂ ಮಲ್ಲ್)",
                "stop_id": "33931",
                "lat": 13.04974,
                "lon": 77.59271
              },
              {
                "name": "Navayuga Toll  (Military Dairy Farm)",
                "name_kn": "ನವಯುಗ ಟೊಲ್ಲ್  (ಮಿಲಿಟರೆ ದೈರೆ ೞರ್ಂ)",
                "stop_id": "38168",
                "lat": 13.04998,
                "lon": 77.59277
              },
              {
                "name": "Byatarayanapura FLY",
                "name_kn": "ಬೆಟರಯನಪುರ ೞ್ಲೆ",
                "stop_id": "39269",
                "lat": 13.06723,
                "lon": 77.59298
              },
              {
                "name": "Allalasandra Gate FLY",
                "name_kn": "ಅಲ್ಲಲಸಂದ್ರ ಗಟೆ ೞ್ಲೆ",
                "stop_id": "35151",
                "lat": 13.08483,
                "lon": 77.59415
              },
              {
                "name": "Kogilu Cross FLY",
                "name_kn": "ಕೊಗಿಲು ಕ್ರೊಸ್ಸ್ ೞ್ಲೆ",
                "stop_id": "39273",
                "lat": 13.10383,
                "lon": 77.60039
              },
              {
                "name": "Venkatala FLY",
                "name_kn": "ವೆಂಕಟಲ ೞ್ಲೆ",
                "stop_id": "39274",
                "lat": 13.11138,
                "lon": 77.6047
              },
              {
                "name": "Indian Air Force FLY",
                "name_kn": "ಇಂದಿಂ ೈರ್ ೞೊರ್ಕೆ ೞ್ಲೆ",
                "stop_id": "39276",
                "lat": 13.13116,
                "lon": 77.61509
              },
              {
                "name": "Hunasamaranahalli FLY",
                "name_kn": "ಹುನಸಮರನಹಲ್ಲಿ ೞ್ಲೆ",
                "stop_id": "39280",
                "lat": 13.1443,
                "lon": 77.61742
              },
              {
                "name": "Bettahalasuru Cross FLY",
                "name_kn": "ಬೆಟಹಲಸುರು ಕ್ರೊಸ್ಸ್ ೞ್ಲೆ",
                "stop_id": "39282",
                "lat": 13.15666,
                "lon": 77.6232
              },
              {
                "name": "Chikkajala  FLY",
                "name_kn": "ಚಿಕ್ಕಜಲ  ೞ್ಲೆ",
                "stop_id": "39285",
                "lat": 13.17288,
                "lon": 77.63336
              },
              {
                "name": "Sadahalli Gate",
                "name_kn": "ಸದಹಲ್ಲಿ ಗಟೆ",
                "stop_id": "34443",
                "lat": 13.19072,
                "lon": 77.64583
              },
              {
                "name": "Trumpet (KIA)",
                "name_kn": "ಟ್ರುಂಪೆಟ್ (ಕಿ)",
                "stop_id": "35806",
                "lat": 13.19762,
                "lon": 77.65547
              },
              {
                "name": "Cargo Village",
                "name_kn": "ಕರ್ಗೊ ವಿಲ್ಲಗೆ",
                "stop_id": "37968",
                "lat": 13.19967,
                "lon": 77.68231
              },
              {
                "name": "DHFL",
                "name_kn": "ಧ್ೞ್ಲ್",
                "stop_id": "37969",
                "lat": 13.19963,
                "lon": 77.69561
              },
              {
                "name": "Kempegowda International Airport",
                "name_kn": "ಕೆಂಪೆಗೌದ ಿಂಟೆರ್ನಟಿೊನಲ್ ೈರ್ಪೊರ್ಟ್",
                "stop_id": "35805",
                "lat": 13.19916,
                "lon": 77.70774
              }
            ]
          },
          {
            "Route": "214-A SBS-JBS-TTG",
            "RouteId": 16385,
            "RouteParentId": 8775,
            "Destination": "Shivajinagara Bus Station",
            "Via": "",
            "Area": "Tattaguppe",
            "PlatformNumber": "2",
            "KannadaDestination": "ಶಿವಜಿನಗರ ಬುಸ್ ಸ್ಟಟಿೊಂ",
            "KannadaArea": "ತಟ್ಟಗುಪ್ಪೆ",
            "KannadaVia": "",
            "FromStationId": 21167,
            "Stops": [
              {
                "name": "Shanthinagara Bus Station",
                "name_kn": "ಶಂತಿನಗರ ಬುಸ್ ಸ್ಟಟಿೊಂ",
                "stop_id": "21167",
                "lat": 12.95483,
                "lon": 77.59235
              },
              {
                "name": "KH Road",
                "name_kn": "ಖ್ ರೊದ್",
                "stop_id": "20928",
                "lat": 12.95815,
                "lon": 77.59299
              },
              {
                "name": "Richmond Circle",
                "name_kn": "ರಿಚ್ಮೊಂದ್ ಕಿರ್ಕ್ಲೆ",
                "stop_id": "21125",
                "lat": 12.96738,
                "lon": 77.59946
              },
              {
                "name": "St Joseph College",
                "name_kn": "ಸ್ಟ್ ಜೊಸೆಫ್ ಕೊಲ್ಲೆಗೆ",
                "stop_id": "21194",
                "lat": 12.97036,
                "lon": 77.60368
              },
              {
                "name": "St Joseph Boys High School Musuem Road",
                "name_kn": "ಸ್ಟ್ ಜೊಸೆಫ್ ಬೊಯ್ಸ್ ಹಿಘ್ ಸ್ಚೂಲ್ ಮುಸುೆಂ ರೊದ್",
                "stop_id": "23433",
                "lat": 12.97176,
                "lon": 77.60441
              },
              {
                "name": "State Bank India Garage",
                "name_kn": "ಸ್ಟಟೆ ಬಂಕ್ ಿಂದಿ ಗರಗೆ",
                "stop_id": "21608",
                "lat": 12.97465,
                "lon": 77.60154
              },
              {
                "name": "MG Road",
                "name_kn": "ಂಗ್ ರೊದ್",
                "stop_id": "21572",
                "lat": 12.97779,
                "lon": 77.60204
              },
              {
                "name": "Shivajinagara Bus Station",
                "name_kn": "ಶಿವಜಿನಗರ ಬುಸ್ ಸ್ಟಟಿೊಂ",
                "stop_id": "21173",
                "lat": 12.98328,
                "lon": 77.60304
              }
            ]
          },
          {
            "Route": "KMT-SNBS",
            "RouteId": 1687,
            "RouteParentId": 1006,
            "Destination": "KR Market (Kalasipalya)",
            "Via": "",
            "Area": "Shanthinagara Bus Station",
            "PlatformNumber": "2",
            "KannadaDestination": "ಕ್ರ್ ಮರ್ಕೆಟ್ (ಕಲಸಿಪಲೆ)",
            "KannadaArea": "ಶಾಂತಿನಗರ ಬಸ್ ನಿಲ್ದಾಣ",
            "KannadaVia": "",
            "FromStationId": 21167,
            "Stops": [
              {
                "name": "Shanthinagara Bus Station",
                "name_kn": "ಶಂತಿನಗರ ಬುಸ್ ಸ್ಟಟಿೊಂ",
                "stop_id": "21167",
                "lat": 12.95483,
                "lon": 77.59235
              },
              {
                "name": "KH Road",
                "name_kn": "ಖ್ ರೊದ್",
                "stop_id": "20928",
                "lat": 12.95815,
                "lon": 77.59299
              },
              {
                "name": "Subbaiah Circle",
                "name_kn": "ಸುಬ್ಬೈಹ್ ಕಿರ್ಕ್ಲೆ",
                "stop_id": "23999",
                "lat": 12.96255,
                "lon": 77.5911
              },
              {
                "name": "Jai Bheem Circle (Poornima Theatre)",
                "name_kn": "ಜೈ ಭೀಂ ಕಿರ್ಕ್ಲೆ (ಪೂರ್ನಿಮ ತೆಟ್ರೆ)",
                "stop_id": "21100",
                "lat": 12.961,
                "lon": 77.58802
              },
              {
                "name": "Town Hall",
                "name_kn": "ಟೌಂ ಹಲ್ಲ್",
                "stop_id": "21232",
                "lat": 12.96355,
                "lon": 77.58375
              },
              {
                "name": "KR Market (Kalasipalya)",
                "name_kn": "ಕ್ರ್ ಮರ್ಕೆಟ್ (ಕಲಸಿಪಲೆ)",
                "stop_id": "20945",
                "lat": 12.96154,
                "lon": 77.57736
              }
            ]
          },
          {
            "Route": "G-6B",
            "RouteId": 15151,
            "RouteParentId": 8117,
            "Destination": "BEML Layout 5th stage",
            "Via": "",
            "Area": "Shanthinagara Bus Station",
            "PlatformNumber": "2",
            "KannadaDestination": "ಬೆಂಲ್ ಲಯೌಟ್ 5ತ್ ಸ್ಟಗೆ",
            "KannadaArea": "ಶಾಂತಿನಗರ ಬಸ್ ನಿಲ್ದಾಣ",
            "KannadaVia": "",
            "FromStationId": 21167,
            "Stops": [
              {
                "name": "Shanthinagara Bus Station",
                "name_kn": "ಶಂತಿನಗರ ಬುಸ್ ಸ್ಟಟಿೊಂ",
                "stop_id": "21167",
                "lat": 12.95483,
                "lon": 77.59235
              },
              {
                "name": "KH Road",
                "name_kn": "ಖ್ ರೊದ್",
                "stop_id": "20928",
                "lat": 12.95815,
                "lon": 77.59299
              },
              {
                "name": "Jai Bheem Circle (Poornima Theatre)",
                "name_kn": "ಜೈ ಭೀಂ ಕಿರ್ಕ್ಲೆ (ಪೂರ್ನಿಮ ತೆಟ್ರೆ)",
                "stop_id": "21100",
                "lat": 12.961,
                "lon": 77.58802
              },
              {
                "name": "Town Hall",
                "name_kn": "ಟೌಂ ಹಲ್ಲ್",
                "stop_id": "21232",
                "lat": 12.96355,
                "lon": 77.58375
              },
              {
                "name": "KR Market",
                "name_kn": "ಕ್ರ್ ಮರ್ಕೆಟ್",
                "stop_id": "20942",
                "lat": 12.96406,
                "lon": 77.5768
              },
              {
                "name": "Vinayaka Talkies",
                "name_kn": "ವಿನಯಕ ಟಲ್ಕಿೆಸ್",
                "stop_id": "34866",
                "lat": 12.96333,
                "lon": 77.56779
              },
              {
                "name": "Sirsi Circle 1",
                "name_kn": "ಸಿರ್ಸಿ ಕಿರ್ಕ್ಲೆ 1",
                "stop_id": "23761",
                "lat": 12.9603,
                "lon": 77.55696
              },
              {
                "name": "Mysore Road TollGate",
                "name_kn": "ಮೆಸೊರೆ ರೊದ್ ಟೊಲ್ಲ್ಗಟೆ",
                "stop_id": "21043",
                "lat": 12.95768,
                "lon": 77.55319
              },
              {
                "name": "New Guddadahalli",
                "name_kn": "ನೆವ್ ಗುದ್ದದಹಲ್ಲಿ",
                "stop_id": "21057",
                "lat": 12.95641,
                "lon": 77.54761
              },
              {
                "name": "Mysore Road Bus Station",
                "name_kn": "ಮೆಸೊರೆ ರೊದ್ ಬುಸ್ ಸ್ಟಟಿೊಂ",
                "stop_id": "21042",
                "lat": 12.9536,
                "lon": 77.54378
              },
              {
                "name": "BHEL",
                "name_kn": "ಭೆಲ್",
                "stop_id": "20664",
                "lat": 12.94872,
                "lon": 77.53583
              },
              {
                "name": "Mysore Road Metro Station",
                "name_kn": "ಮೆಸೊರೆ ರೊದ್ ಮೆಟ್ರೊ ಸ್ಟಟಿೊಂ",
                "stop_id": "23370",
                "lat": 12.94636,
                "lon": 77.53046
              },
              {
                "name": "Nayandahalli",
                "name_kn": "ನಯಂದಹಲ್ಲಿ",
                "stop_id": "21052",
                "lat": 12.94268,
                "lon": 77.52589
              },
              {
                "name": "BWSSB Quarters Nayandahalli",
                "name_kn": "ಬ್ವ್ಸ್ಸ್ಬ್ qುರ್ಟೆರ್ಸ್ ನಯಂದಹಲ್ಲಿ",
                "stop_id": "20690",
                "lat": 12.94013,
                "lon": 77.52412
              },
              {
                "name": "Rajarajeshwari nagara Metro Station",
                "name_kn": "ರಜರಜೆಶ್ವರಿ ನಗರ ಮೆಟ್ರೊ ಸ್ಟಟಿೊಂ",
                "stop_id": "36458",
                "lat": 12.93635,
                "lon": 77.51948
              },
              {
                "name": "Rajarajeshwari nagara Gate",
                "name_kn": "ರಜರಜೆಶ್ವರಿ ನಗರ ಗಟೆ",
                "stop_id": "37654",
                "lat": 12.93554,
                "lon": 77.51842
              },
              {
                "name": "RR Nagara Petrol Bunk",
                "name_kn": "ರ್ರ್ ನಗರ ಪೆಟ್ರೊಲ್ ಬುಂಕ್",
                "stop_id": "27673",
                "lat": 12.93275,
                "lon": 77.51626
              },
              {
                "name": "RR School",
                "name_kn": "ರ್ರ್ ಸ್ಚೂಲ್",
                "stop_id": "28066",
                "lat": 12.92776,
                "lon": 77.51413
              },
              {
                "name": "RR Temple",
                "name_kn": "ರ್ರ್ ಟೆಂಪ್ಲೆ",
                "stop_id": "28068",
                "lat": 12.92681,
                "lon": 77.51112
              },
              {
                "name": "Pattanagere Jayanna Circle",
                "name_kn": "ಪಟನಗೆರೆ ಜಯಂನ ಕಿರ್ಕ್ಲೆ",
                "stop_id": "34234",
                "lat": 12.92644,
                "lon": 77.51466
              },
              {
                "name": "Nimishamba Temple",
                "name_kn": "ನಿಮಿಶಂಬ ಟೆಂಪ್ಲೆ",
                "stop_id": "34164",
                "lat": 12.92491,
                "lon": 77.51788
              },
              {
                "name": "Ideal Homes",
                "name_kn": "ಇದೆಲ್ ಹೊಮೆಸ್",
                "stop_id": "26103",
                "lat": 12.92282,
                "lon": 77.51845
              },
              {
                "name": "BEML Complex",
                "name_kn": "ಬೆಂಲ್ ಕೊಂಪ್ಲೆಕ್ಸ್",
                "stop_id": "29870",
                "lat": 12.91968,
                "lon": 77.52026
              },
              {
                "name": "Double Road BEML Layout",
                "name_kn": "ದೌಬ್ಲೆ ರೊದ್ ಬೆಂಲ್ ಲಯೌಟ್",
                "stop_id": "32567",
                "lat": 12.91492,
                "lon": 77.52067
              },
              {
                "name": "Kuvempu Circle",
                "name_kn": "ಕುವೆಂಪು ಕಿರ್ಕ್ಲೆ",
                "stop_id": "33644",
                "lat": 12.90995,
                "lon": 77.52104
              },
              {
                "name": "BEML Layout 5th stage",
                "name_kn": "ಬೆಂಲ್ ಲಯೌಟ್ 5ತ್ ಸ್ಟಗೆ",
                "stop_id": "29871",
                "lat": 12.90685,
                "lon": 77.52137
              }
            ]
          },
          {
            "Route": "285-MA SNBS-DBP",
            "RouteId": 4468,
            "RouteParentId": 2456,
            "Destination": "Doddaballapura Bus Stand",
            "Via": "",
            "Area": "Shanthinagara Bus Station",
            "PlatformNumber": "2",
            "KannadaDestination": "ದೊದ್ದಬಲ್ಲಪುರ ಬುಸ್ ಸ್ಟಂದ್",
            "KannadaArea": "ಶಾಂತಿನಗರ ಬಸ್ ನಿಲ್ದಾಣ",
            "KannadaVia": "",
            "FromStationId": 21167,
            "Stops": [
              {
                "name": "Shanthinagara Bus Station",
                "name_kn": "ಶಂತಿನಗರ ಬುಸ್ ಸ್ಟಟಿೊಂ",
                "stop_id": "21167",
                "lat": 12.95483,
                "lon": 77.59235
              },
              {
                "name": "KH Road",
                "name_kn": "ಖ್ ರೊದ್",
                "stop_id": "20928",
                "lat": 12.95815,
                "lon": 77.59299
              },
              {
                "name": "Pallavi Talkies",
                "name_kn": "ಪಲ್ಲವಿ ಟಲ್ಕಿೆಸ್",
                "stop_id": "22667",
                "lat": 12.9679,
                "lon": 77.59102
              },
              {
                "name": "Corporation",
                "name_kn": "ಕೊರ್ಪೊರಟಿೊಂ",
                "stop_id": "20725",
                "lat": 12.96839,
                "lon": 77.58675
              },
              {
                "name": "Cauvery Bhavana",
                "name_kn": "ಕೌವೆರೆ ಭವನ",
                "stop_id": "20696",
                "lat": 12.97438,
                "lon": 77.58183
              },
              {
                "name": "Maharani College",
                "name_kn": "ಮಹರನಿ ಕೊಲ್ಲೆಗೆ",
                "stop_id": "20982",
                "lat": 12.97903,
                "lon": 77.5849
              },
              {
                "name": "Vidhana Soudha",
                "name_kn": "ವಿಧನ ಸೌಧ",
                "stop_id": "27263",
                "lat": 12.98104,
                "lon": 77.58853
              },
              {
                "name": "Telephone Exchange AGO/VSD",
                "name_kn": "ಟೆಲೆಫೊನೆ ೆಕ್ಸ್ಚಙೆ ಗೊ/ವ್ಸ್ದ್",
                "stop_id": "21216",
                "lat": 12.98225,
                "lon": 77.58852
              },
              {
                "name": "Sophiya School",
                "name_kn": "ಸೊಫಿಯ ಸ್ಚೂಲ್",
                "stop_id": "23356",
                "lat": 12.98609,
                "lon": 77.58864
              },
              {
                "name": "RM Guttahalli",
                "name_kn": "ರ್ಂ ಗುಟಹಲ್ಲಿ",
                "stop_id": "21130",
                "lat": 12.99977,
                "lon": 77.58392
              },
              {
                "name": "Palace Ground",
                "name_kn": "ಪಲಕೆ ಗ್ರೌಂದ್",
                "stop_id": "21076",
                "lat": 13.01057,
                "lon": 77.58378
              },
              {
                "name": "Mekhri Circle",
                "name_kn": "ಮೆಖ್ರಿ ಕಿರ್ಕ್ಲೆ",
                "stop_id": "21019",
                "lat": 13.0175,
                "lon": 77.58385
              },
              {
                "name": "CBI",
                "name_kn": "ಕ್ಬಿ",
                "stop_id": "20698",
                "lat": 13.02613,
                "lon": 77.58514
              },
              {
                "name": "Veterinary Hospital",
                "name_kn": "ವೆಟೆರಿನರೆ ಹೊಸ್ಪಿಟಲ್",
                "stop_id": "21254",
                "lat": 13.03242,
                "lon": 77.58777
              },
              {
                "name": "Hebbala Canara Bank",
                "name_kn": "ಹೆಬ್ಬಲ ಕನರ ಬಂಕ್",
                "stop_id": "20695",
                "lat": 13.03581,
                "lon": 77.58892
              },
              {
                "name": "Hebbala",
                "name_kn": "ಹೆಬ್ಬಲ",
                "stop_id": "20820",
                "lat": 13.03851,
                "lon": 77.58928
              },
              {
                "name": "Military Dairy Farm (Esteem Mall)",
                "name_kn": "ಮಿಲಿಟರೆ ದೈರೆ ೞರ್ಂ (ೆಸ್ಟೀಂ ಮಲ್ಲ್)",
                "stop_id": "33931",
                "lat": 13.04974,
                "lon": 77.59271
              },
              {
                "name": "Kodigehalli Gate",
                "name_kn": "ಕೊದಿಗೆಹಲ್ಲಿ ಗಟೆ",
                "stop_id": "23528",
                "lat": 13.05711,
                "lon": 77.59323
              },
              {
                "name": "Byatarayanapura",
                "name_kn": "ಬೆಟರಯನಪುರ",
                "stop_id": "35107",
                "lat": 13.06646,
                "lon": 77.59299
              },
              {
                "name": "GKVK GATE",
                "name_kn": "ಗ್ಕ್ವ್ಕ್ ಗಟೆ",
                "stop_id": "25432",
                "lat": 13.07254,
                "lon": 77.59245
              },
              {
                "name": "Jakkur Aerodrum",
                "name_kn": "ಜಕ್ಕುರ್ ೆರೊದ್ರುಂ",
                "stop_id": "26250",
                "lat": 13.07701,
                "lon": 77.59258
              },
              {
                "name": "Allalasandra Gate",
                "name_kn": "ಅಲ್ಲಲಸಂದ್ರ ಗಟೆ",
                "stop_id": "29481",
                "lat": 13.08664,
                "lon": 77.59375
              },
              {
                "name": "Yelahanka Police Station",
                "name_kn": "ಯೆಲಹಂಕ ಪೊಲಿಕೆ ಸ್ಟಟಿೊಂ",
                "stop_id": "22844",
                "lat": 13.09462,
                "lon": 77.59425
              },
              {
                "name": "NES Office",
                "name_kn": "ನೆಸ್ ೊೞ್ೞಿಕೆ",
                "stop_id": "22356",
                "lat": 13.09766,
                "lon": 77.59166
              },
              {
                "name": "Escorts",
                "name_kn": "ಎಸ್ಕೊರ್ಟ್ಸ್",
                "stop_id": "32598",
                "lat": 13.10271,
                "lon": 77.58558
              },
              {
                "name": "Wheel And Axle Plant",
                "name_kn": "ವ್ಹೀಲ್ ಂದ್ ಕ್ಸ್ಲೆ ಪ್ಲಂಟ್",
                "stop_id": "31633",
                "lat": 13.10572,
                "lon": 77.58241
              },
              {
                "name": "Puttenahalli",
                "name_kn": "ಪುಟೆನಹಲ್ಲಿ",
                "stop_id": "34299",
                "lat": 13.10995,
                "lon": 77.58022
              },
              {
                "name": "Ananthapura Gate",
                "name_kn": "ಅನಂತಪುರ ಗಟೆ",
                "stop_id": "23081",
                "lat": 13.1146,
                "lon": 77.57901
              },
              {
                "name": "C R P F Yelahanka",
                "name_kn": "ಕ್ ರ್ ಪ್ ೞ್ ಯೆಲಹಂಕ",
                "stop_id": "32384",
                "lat": 13.12278,
                "lon": 77.57552
              },
              {
                "name": "Nagenahalli Gate",
                "name_kn": "ನಗೆನಹಲ್ಲಿ ಗಟೆ",
                "stop_id": "34069",
                "lat": 13.13001,
                "lon": 77.57132
              },
              {
                "name": "Avalahalli",
                "name_kn": "ಅವಲಹಲ್ಲಿ",
                "stop_id": "23217",
                "lat": 13.1353,
                "lon": 77.5691
              },
              {
                "name": "Singanayakanahalli Gate",
                "name_kn": "ಸಿಙನಯಕನಹಲ್ಲಿ ಗಟೆ",
                "stop_id": "26477",
                "lat": 13.1476,
                "lon": 77.56967
              },
              {
                "name": "Honnenahalli",
                "name_kn": "ಹೊಂನೆನಹಲ್ಲಿ",
                "stop_id": "25933",
                "lat": 13.15971,
                "lon": 77.5666
              },
              {
                "name": "Rajanukunte",
                "name_kn": "ರಜನುಕುಂಟೆ",
                "stop_id": "34338",
                "lat": 13.17307,
                "lon": 77.56432
              },
              {
                "name": "Sri Ramanahalli",
                "name_kn": "ಸ್ರಿ ರಮನಹಲ್ಲಿ",
                "stop_id": "26613",
                "lat": 13.19505,
                "lon": 77.56285
              },
              {
                "name": "Suradenapura Gate",
                "name_kn": "ಸುರದೆನಪುರ ಗಟೆ",
                "stop_id": "34736",
                "lat": 13.20426,
                "lon": 77.55907
              },
              {
                "name": "YAPB Toll",
                "name_kn": "ಯಪ್ಬ್ ಟೊಲ್ಲ್",
                "stop_id": "35748",
                "lat": 13.21317,
                "lon": 77.55414
              },
              {
                "name": "Aradeshanahalli Gate",
                "name_kn": "ಅರದೆಶನಹಲ್ಲಿ ಗಟೆ",
                "stop_id": "23137",
                "lat": 13.21637,
                "lon": 77.55258
              },
              {
                "name": "Marasandra Circle",
                "name_kn": "ಮರಸಂದ್ರ ಕಿರ್ಕ್ಲೆ",
                "stop_id": "33837",
                "lat": 13.22269,
                "lon": 77.54963
              },
              {
                "name": "Marasandra Govt School",
                "name_kn": "ಮರಸಂದ್ರ ಗೊವ್ಟ್ ಸ್ಚೂಲ್",
                "stop_id": "28815",
                "lat": 13.23098,
                "lon": 77.55013
              },
              {
                "name": "Hosa Hudya",
                "name_kn": "ಹೊಸ ಹುಠೆ",
                "stop_id": "32950",
                "lat": 13.23658,
                "lon": 77.55096
              },
              {
                "name": "Jinke Bachahalli Gate",
                "name_kn": "ಜಿಂಕೆ ಬಚಹಲ್ಲಿ ಗಟೆ",
                "stop_id": "33136",
                "lat": 13.246,
                "lon": 77.55248
              },
              {
                "name": "Railway Gate Bashettihalli",
                "name_kn": "ರೈಲ್ವಯ್ ಗಟೆ ಬಶೆಟಿಹಲ್ಲಿ",
                "stop_id": "27832",
                "lat": 13.25152,
                "lon": 77.55379
              },
              {
                "name": "Bank Circle Bashettyhalli",
                "name_kn": "ಬಂಕ್ ಕಿರ್ಕ್ಲೆ ಬಶೆಟೆಹಲ್ಲಿ",
                "stop_id": "29713",
                "lat": 13.258,
                "lon": 77.55271
              },
              {
                "name": "Bashettihalli",
                "name_kn": "ಬಶೆಟಿಹಲ್ಲಿ",
                "stop_id": "31918",
                "lat": 13.26164,
                "lon": 77.5526
              },
              {
                "name": "Navodaya School Doddaballapura",
                "name_kn": "ನವೊದಯ ಸ್ಚೂಲ್ ದೊದ್ದಬಲ್ಲಪುರ",
                "stop_id": "34120",
                "lat": 13.2691,
                "lon": 77.55217
              },
              {
                "name": "Aparel Park",
                "name_kn": "ಅಪರೆಲ್ ಪರ್ಕ್",
                "stop_id": "29548",
                "lat": 13.27257,
                "lon": 77.55193
              },
              {
                "name": "Doddaballapura Railway Station",
                "name_kn": "ದೊದ್ದಬಲ್ಲಪುರ ರೈಲ್ವಯ್ ಸ್ಟಟಿೊಂ",
                "stop_id": "34325",
                "lat": 13.28041,
                "lon": 77.55162
              },
              {
                "name": "Mutturu",
                "name_kn": "ಮುಟುರು",
                "stop_id": "29150",
                "lat": 13.28671,
                "lon": 77.55166
              },
              {
                "name": "Siddanayakanahalli",
                "name_kn": "ಸಿದ್ದನಯಕನಹಲ್ಲಿ",
                "stop_id": "26436",
                "lat": 13.2982,
                "lon": 77.54978
              },
              {
                "name": "D Cross Doddaballapura",
                "name_kn": "ದ್ ಕ್ರೊಸ್ಸ್ ದೊದ್ದಬಲ್ಲಪುರ",
                "stop_id": "32387",
                "lat": 13.30654,
                "lon": 77.54584
              },
              {
                "name": "Doddaballapura Bus Stand",
                "name_kn": "ದೊದ್ದಬಲ್ಲಪುರ ಬುಸ್ ಸ್ಟಂದ್",
                "stop_id": "25068",
                "lat": 13.29346,
                "lon": 77.54224
              }
            ]
          },
          {
            "Route": "343-K VPL-VSD-KBS",
            "RouteId": 15938,
            "RouteParentId": 8542,
            "Destination": "Kempegowda Bus Station",
            "Via": "",
            "Area": "Vishwapriya Layout Cross",
            "PlatformNumber": "2",
            "KannadaDestination": "ಕೆಂಪೆಗೌದ ಬುಸ್ ಸ್ಟಟಿೊಂ",
            "KannadaArea": "ವಿಶ್ವಪ್ರಿಯ ಬಡಾವಣೆ ಕ್ರಾಸ್",
            "KannadaVia": "",
            "FromStationId": 21167,
            "Stops": [
              {
                "name": "Shanthinagara Bus Station",
                "name_kn": "ಶಂತಿನಗರ ಬುಸ್ ಸ್ಟಟಿೊಂ",
                "stop_id": "21167",
                "lat": 12.95483,
                "lon": 77.59235
              },
              {
                "name": "KH Road",
                "name_kn": "ಖ್ ರೊದ್",
                "stop_id": "20928",
                "lat": 12.95815,
                "lon": 77.59299
              },
              {
                "name": "Pallavi Talkies",
                "name_kn": "ಪಲ್ಲವಿ ಟಲ್ಕಿೆಸ್",
                "stop_id": "22667",
                "lat": 12.9679,
                "lon": 77.59102
              },
              {
                "name": "Corporation",
                "name_kn": "ಕೊರ್ಪೊರಟಿೊಂ",
                "stop_id": "20725",
                "lat": 12.96839,
                "lon": 77.58675
              },
              {
                "name": "Cauvery Bhavana",
                "name_kn": "ಕೌವೆರೆ ಭವನ",
                "stop_id": "20696",
                "lat": 12.97438,
                "lon": 77.58183
              },
              {
                "name": "Maharani College",
                "name_kn": "ಮಹರನಿ ಕೊಲ್ಲೆಗೆ",
                "stop_id": "20982",
                "lat": 12.97903,
                "lon": 77.5849
              },
              {
                "name": "Vidhana Soudha",
                "name_kn": "ವಿಧನ ಸೌಧ",
                "stop_id": "27263",
                "lat": 12.98104,
                "lon": 77.58853
              },
              {
                "name": "Maharani College",
                "name_kn": "ಮಹರನಿ ಕೊಲ್ಲೆಗೆ",
                "stop_id": "20985",
                "lat": 12.97907,
                "lon": 77.58511
              },
              {
                "name": "Cauvery Bhavana",
                "name_kn": "ಕೌವೆರೆ ಭವನ",
                "stop_id": "20697",
                "lat": 12.97372,
                "lon": 77.58157
              },
              {
                "name": "Kempegowda Bus Station",
                "name_kn": "ಕೆಂಪೆಗೌದ ಬುಸ್ ಸ್ಟಟಿೊಂ",
                "stop_id": "20922",
                "lat": 12.97749,
                "lon": 77.57327
              }
            ]
          },
          {
            "Route": "271-T SNBS-JGA",
            "RouteId": 10814,
            "RouteParentId": 5765,
            "Destination": "Janapriya Greenwood Apartment",
            "Via": "",
            "Area": "Shanthinagara Bus Station",
            "PlatformNumber": "2",
            "KannadaDestination": "ಜನಪ್ರಿಯ ಗ್ರೀಂವೂದ್ ಪರ್ಟ್ಮೆಂಟ್",
            "KannadaArea": "ಶಾಂತಿನಗರ ಬಸ್ ನಿಲ್ದಾಣ",
            "KannadaVia": "",
            "FromStationId": 21167,
            "Stops": [
              {
                "name": "Shanthinagara Bus Station",
                "name_kn": "ಶಂತಿನಗರ ಬುಸ್ ಸ್ಟಟಿೊಂ",
                "stop_id": "21167",
                "lat": 12.95483,
                "lon": 77.59235
              },
              {
                "name": "KH Road",
                "name_kn": "ಖ್ ರೊದ್",
                "stop_id": "20928",
                "lat": 12.95815,
                "lon": 77.59299
              },
              {
                "name": "Pallavi Talkies",
                "name_kn": "ಪಲ್ಲವಿ ಟಲ್ಕಿೆಸ್",
                "stop_id": "22667",
                "lat": 12.9679,
                "lon": 77.59102
              },
              {
                "name": "Mysore Bank",
                "name_kn": "ಮೆಸೊರೆ ಬಂಕ್",
                "stop_id": "35383",
                "lat": 12.97253,
                "lon": 77.58199
              },
              {
                "name": "Kempegowda Bus Station",
                "name_kn": "ಕೆಂಪೆಗೌದ ಬುಸ್ ಸ್ಟಟಿೊಂ",
                "stop_id": "20922",
                "lat": 12.97749,
                "lon": 77.57327
              },
              {
                "name": "Ananda Rao Circle",
                "name_kn": "ಅನಂದ ರೊ ಕಿರ್ಕ್ಲೆ",
                "stop_id": "20603",
                "lat": 12.98115,
                "lon": 77.57466
              },
              {
                "name": "Swastik Sheshadripuram College",
                "name_kn": "ಸ್ವಸ್ಟಿಕ್ ಶೆಶದ್ರಿಪುರಂ ಕೊಲ್ಲೆಗೆ",
                "stop_id": "35303",
                "lat": 12.98798,
                "lon": 77.57422
              },
              {
                "name": "Central",
                "name_kn": "ಕೆಂಟ್ರಲ್",
                "stop_id": "20702",
                "lat": 12.99006,
                "lon": 77.57199
              },
              {
                "name": "Malleshwara Circle",
                "name_kn": "ಮಲ್ಲೆಶ್ವರ ಕಿರ್ಕ್ಲೆ",
                "stop_id": "20988",
                "lat": 12.99782,
                "lon": 77.5714
              },
              {
                "name": "Malleshwara 8th Cross (Sampige Road)",
                "name_kn": "ಮಲ್ಲೆಶ್ವರ 8ತ್ ಕ್ರೊಸ್ಸ್ (ಸಂಪಿಗೆ ರೊದ್)",
                "stop_id": "20590",
                "lat": 13.00009,
                "lon": 77.57131
              },
              {
                "name": "Malleshwaram11th Cross",
                "name_kn": "ಮಲ್ಲೆಶ್ವರಂ11ತ್ ಕ್ರೊಸ್ಸ್",
                "stop_id": "20561",
                "lat": 13.00233,
                "lon": 77.57133
              },
              {
                "name": "Malleshwaram 15th Cross",
                "name_kn": "ಮಲ್ಲೆಶ್ವರಂ 15ತ್ ಕ್ರೊಸ್ಸ್",
                "stop_id": "20570",
                "lat": 13.00541,
                "lon": 77.57119
              },
              {
                "name": "Malleshwaram 18th Cross",
                "name_kn": "ಮಲ್ಲೆಶ್ವರಂ 18ತ್ ಕ್ರೊಸ್ಸ್",
                "stop_id": "20574",
                "lat": 13.00906,
                "lon": 77.57112
              },
              {
                "name": "Tata Institute",
                "name_kn": "ಟಟ ಿಂಸ್ಟಿಟುಟೆ",
                "stop_id": "21213",
                "lat": 13.01514,
                "lon": 77.56382
              },
              {
                "name": "Yeshawanthapura Circle",
                "name_kn": "ಯೆಶವಂತಪುರ ಕಿರ್ಕ್ಲೆ",
                "stop_id": "36187",
                "lat": 13.0186,
                "lon": 77.55827
              },
              {
                "name": "Yeshawanthapura Tollgate",
                "name_kn": "ಯೆಶವಂತಪುರ ಟೊಲ್ಲ್ಗಟೆ",
                "stop_id": "22564",
                "lat": 13.01788,
                "lon": 77.56092
              },
              {
                "name": "Yeshawanthapura Ayyappa Temple",
                "name_kn": "ಯೆಶವಂತಪುರ ಯೆಪ್ಪ ಟೆಂಪ್ಲೆ",
                "stop_id": "21691",
                "lat": 13.02162,
                "lon": 77.56312
              },
              {
                "name": "Diwanarapalya",
                "name_kn": "ದಿವನರಪಲೆ",
                "stop_id": "21900",
                "lat": 13.02673,
                "lon": 77.56177
              },
              {
                "name": "MS Ramaiah College",
                "name_kn": "ಂಸ್ ರಮೈಹ್ ಕೊಲ್ಲೆಗೆ",
                "stop_id": "22307",
                "lat": 13.02857,
                "lon": 77.56162
              },
              {
                "name": "Mathikere",
                "name_kn": "ಮತಿಕೆರೆ",
                "stop_id": "22277",
                "lat": 13.03455,
                "lon": 77.55741
              },
              {
                "name": "Gokula",
                "name_kn": "ಗೊಕುಲ",
                "stop_id": "21968",
                "lat": 13.04152,
                "lon": 77.55725
              },
              {
                "name": "BEL Circle",
                "name_kn": "ಬೆಲ್ ಕಿರ್ಕ್ಲೆ",
                "stop_id": "20636",
                "lat": 13.04639,
                "lon": 77.55583
              },
              {
                "name": "State Bank of India",
                "name_kn": "ಸ್ಟಟೆ ಬಂಕ್ ೊೞ್ ಿಂದಿ",
                "stop_id": "22519",
                "lat": 13.04999,
                "lon": 77.55345
              },
              {
                "name": "BEL Market",
                "name_kn": "ಬೆಲ್ ಮರ್ಕೆಟ್",
                "stop_id": "31947",
                "lat": 13.0518,
                "lon": 77.55189
              },
              {
                "name": "HMT Club House",
                "name_kn": "ಹ್ಂಟ್ ಕ್ಲುಬ್ ಹೌಸೆ",
                "stop_id": "22034",
                "lat": 13.05339,
                "lon": 77.55072
              },
              {
                "name": "Gangamma Circle",
                "name_kn": "ಗಙಮ್ಮ ಕಿರ್ಕ್ಲೆ",
                "stop_id": "21946",
                "lat": 13.05663,
                "lon": 77.54672
              },
              {
                "name": "Fathima Church",
                "name_kn": "ೞತಿಮ ಚುರ್ಚ್",
                "stop_id": "21940",
                "lat": 13.05472,
                "lon": 77.54155
              },
              {
                "name": "Kammagondanahalli Bridge",
                "name_kn": "ಕಮ್ಮಗೊಂದನಹಲ್ಲಿ ಬ್ರಿದ್ಗೆ",
                "stop_id": "22144",
                "lat": 13.05486,
                "lon": 77.53482
              },
              {
                "name": "KG Halli Post Office",
                "name_kn": "ಕ್ಗ್ ಹಲ್ಲಿ ಪೊಸ್ಟ್ ೊೞ್ೞಿಕೆ",
                "stop_id": "31054",
                "lat": 13.05691,
                "lon": 77.53269
              },
              {
                "name": "S R S Mathikere",
                "name_kn": "ಸ್ ರ್ ಸ್ ಮತಿಕೆರೆ",
                "stop_id": "34701",
                "lat": 13.06144,
                "lon": 77.53109
              },
              {
                "name": "Kammagondanahalli Rama Temple",
                "name_kn": "ಕಮ್ಮಗೊಂದನಹಲ್ಲಿ ರಮ ಟೆಂಪ್ಲೆ",
                "stop_id": "30714",
                "lat": 13.06372,
                "lon": 77.53064
              },
              {
                "name": "WIMAC Junction",
                "name_kn": "ವಿಮಕ್ ಜುಂಕ್ಟಿೊಂ",
                "stop_id": "34846",
                "lat": 13.06872,
                "lon": 77.52996
              },
              {
                "name": "Abbigere Cross",
                "name_kn": "ಅಬ್ಬಿಗೆರೆ ಕ್ರೊಸ್ಸ್",
                "stop_id": "29431",
                "lat": 13.07068,
                "lon": 77.52978
              },
              {
                "name": "Abbigere Dinne",
                "name_kn": "ಅಬ್ಬಿಗೆರೆ ದಿಂನೆ",
                "stop_id": "35560",
                "lat": 13.07099,
                "lon": 77.52812
              },
              {
                "name": "Kempegowda Garden",
                "name_kn": "ಕೆಂಪೆಗೌದ ಗರ್ದೆಂ",
                "stop_id": "30990",
                "lat": 13.07728,
                "lon": 77.52161
              },
              {
                "name": "Somashettyhalli Cross",
                "name_kn": "ಸೊಮಶೆಟೆಹಲ್ಲಿ ಕ್ರೊಸ್ಸ್",
                "stop_id": "34640",
                "lat": 13.08142,
                "lon": 77.51721
              },
              {
                "name": "Janapriya Greenwood Apartment",
                "name_kn": "ಜನಪ್ರಿಯ ಗ್ರೀಂವೂದ್ ಪರ್ಟ್ಮೆಂಟ್",
                "stop_id": "33105",
                "lat": 13.08511,
                "lon": 77.51335
              }
            ]
          },
          {
            "Route": "226-M BDD-SNBS",
            "RouteId": 2237,
            "RouteParentId": 1301,
            "Destination": "Bidadi",
            "Via": "",
            "Area": "Shanthinagara Bus Station",
            "PlatformNumber": "2",
            "KannadaDestination": "ಬಿದದಿ",
            "KannadaArea": "ಶಾಂತಿನಗರ ಬಸ್ ನಿಲ್ದಾಣ",
            "KannadaVia": "",
            "FromStationId": 21167,
            "Stops": [
              {
                "name": "Shanthinagara Bus Station",
                "name_kn": "ಶಂತಿನಗರ ಬುಸ್ ಸ್ಟಟಿೊಂ",
                "stop_id": "21167",
                "lat": 12.95483,
                "lon": 77.59235
              },
              {
                "name": "KH Road",
                "name_kn": "ಖ್ ರೊದ್",
                "stop_id": "20928",
                "lat": 12.95815,
                "lon": 77.59299
              },
              {
                "name": "Corporation",
                "name_kn": "ಕೊರ್ಪೊರಟಿೊಂ",
                "stop_id": "20727",
                "lat": 12.96701,
                "lon": 77.58822
              },
              {
                "name": "Town Hall",
                "name_kn": "ಟೌಂ ಹಲ್ಲ್",
                "stop_id": "21232",
                "lat": 12.96355,
                "lon": 77.58375
              },
              {
                "name": "KR Market",
                "name_kn": "ಕ್ರ್ ಮರ್ಕೆಟ್",
                "stop_id": "20942",
                "lat": 12.96406,
                "lon": 77.5768
              },
              {
                "name": "Rayan Circle",
                "name_kn": "ರಯಂ ಕಿರ್ಕ್ಲೆ",
                "stop_id": "21123",
                "lat": 12.96047,
                "lon": 77.5679
              },
              {
                "name": "Water Tank Chamarajapet",
                "name_kn": "ವಟೆರ್ ಟಂಕ್ ಚಮರಜಪೆಟ್",
                "stop_id": "21272",
                "lat": 12.96038,
                "lon": 77.56493
              },
              {
                "name": "Chamarajapet",
                "name_kn": "ಚಮರಜಪೆಟ್",
                "stop_id": "23479",
                "lat": 12.96033,
                "lon": 77.56255
              },
              {
                "name": "Sirsi Circle",
                "name_kn": "ಸಿರ್ಸಿ ಕಿರ್ಕ್ಲೆ",
                "stop_id": "35403",
                "lat": 12.96022,
                "lon": 77.55921
              },
              {
                "name": "Mysore Road TollGate",
                "name_kn": "ಮೆಸೊರೆ ರೊದ್ ಟೊಲ್ಲ್ಗಟೆ",
                "stop_id": "21043",
                "lat": 12.95768,
                "lon": 77.55319
              },
              {
                "name": "New Guddadahalli",
                "name_kn": "ನೆವ್ ಗುದ್ದದಹಲ್ಲಿ",
                "stop_id": "21057",
                "lat": 12.95641,
                "lon": 77.54761
              },
              {
                "name": "Mysore Road Bus Station",
                "name_kn": "ಮೆಸೊರೆ ರೊದ್ ಬುಸ್ ಸ್ಟಟಿೊಂ",
                "stop_id": "21042",
                "lat": 12.9536,
                "lon": 77.54378
              },
              {
                "name": "BHEL",
                "name_kn": "ಭೆಲ್",
                "stop_id": "20664",
                "lat": 12.94872,
                "lon": 77.53583
              },
              {
                "name": "Mysore Road Metro Station",
                "name_kn": "ಮೆಸೊರೆ ರೊದ್ ಮೆಟ್ರೊ ಸ್ಟಟಿೊಂ",
                "stop_id": "23370",
                "lat": 12.94636,
                "lon": 77.53046
              },
              {
                "name": "Nayandahalli",
                "name_kn": "ನಯಂದಹಲ್ಲಿ",
                "stop_id": "21052",
                "lat": 12.94268,
                "lon": 77.52589
              },
              {
                "name": "BWSSB Quarters Nayandahalli",
                "name_kn": "ಬ್ವ್ಸ್ಸ್ಬ್ qುರ್ಟೆರ್ಸ್ ನಯಂದಹಲ್ಲಿ",
                "stop_id": "20690",
                "lat": 12.94013,
                "lon": 77.52412
              },
              {
                "name": "Rajarajeshwari nagara Gate",
                "name_kn": "ರಜರಜೆಶ್ವರಿ ನಗರ ಗಟೆ",
                "stop_id": "35389",
                "lat": 12.93631,
                "lon": 77.51774
              },
              {
                "name": "Bengaluru University Gate",
                "name_kn": "ಬೆಙಲುರು ುನಿವೆರ್ಸಿಟೆ ಗಟೆ",
                "stop_id": "20648",
                "lat": 12.93537,
                "lon": 77.51269
              },
              {
                "name": "Jayaram Das Factory",
                "name_kn": "ಜಯರಂ ದಸ್ ೞಕ್ಟೊರೆ",
                "stop_id": "20878",
                "lat": 12.93025,
                "lon": 77.50594
              },
              {
                "name": "RV College",
                "name_kn": "ರ್ವ್ ಕೊಲ್ಲೆಗೆ",
                "stop_id": "35391",
                "lat": 12.92521,
                "lon": 77.49936
              },
              {
                "name": "Dubasipalya Cross",
                "name_kn": "ದುಬಸಿಪಲೆ ಕ್ರೊಸ್ಸ್",
                "stop_id": "20764",
                "lat": 12.92273,
                "lon": 77.49603
              },
              {
                "name": "Mylasandra Cross",
                "name_kn": "ಮೆಲಸಂದ್ರ ಕ್ರೊಸ್ಸ್",
                "stop_id": "21039",
                "lat": 12.91749,
                "lon": 77.49064
              },
              {
                "name": "Kengeri Bus Station",
                "name_kn": "ಕೆಙೆರಿ ಬುಸ್ ಸ್ಟಟಿೊಂ",
                "stop_id": "20925",
                "lat": 12.91379,
                "lon": 77.4871
              },
              {
                "name": "Kengeri Police Station",
                "name_kn": "ಕೆಙೆರಿ ಪೊಲಿಕೆ ಸ್ಟಟಿೊಂ",
                "stop_id": "21094",
                "lat": 12.91007,
                "lon": 77.48146
              },
              {
                "name": "Depot-12 Gate",
                "name_kn": "ದೆಪೊಟ್-12 ಗಟೆ",
                "stop_id": "35721",
                "lat": 12.90471,
                "lon": 77.47084
              },
              {
                "name": "NICE Road Kengeri Road Junction",
                "name_kn": "ನಿಕೆ ರೊದ್ ಕೆಙೆರಿ ರೊದ್ ಜುಂಕ್ಟಿೊಂ",
                "stop_id": "35386",
                "lat": 12.90224,
                "lon": 77.46926
              },
              {
                "name": "Vishwa Okkaligara Mata Basavanagara",
                "name_kn": "ವಿಶ್ವ ೊಕ್ಕಲಿಗರ ಮಟ ಬಸವನಗರ",
                "stop_id": "20627",
                "lat": 12.90099,
                "lon": 77.46746
              },
              {
                "name": "RR Medical College",
                "name_kn": "ರ್ರ್ ಮೆದಿಕಲ್ ಕೊಲ್ಲೆಗೆ",
                "stop_id": "35390",
                "lat": 12.89614,
                "lon": 77.46087
              },
              {
                "name": "Anchepalya",
                "name_kn": "ಅಂಚೆಪಲೆ",
                "stop_id": "20604",
                "lat": 12.89258,
                "lon": 77.45798
              },
              {
                "name": "Juggath Pharma",
                "name_kn": "ಜುಗ್ಗತ್ ಫರ್ಮ",
                "stop_id": "30476",
                "lat": 12.89081,
                "lon": 77.45532
              },
              {
                "name": "Ramohalli Cross",
                "name_kn": "ರಮೊಹಲ್ಲಿ ಕ್ರೊಸ್ಸ್",
                "stop_id": "35388",
                "lat": 12.88674,
                "lon": 77.45125
              },
              {
                "name": "Kumbalagodu",
                "name_kn": "ಕುಂಬಲಗೊದು",
                "stop_id": "35432",
                "lat": 12.87826,
                "lon": 77.4455
              },
              {
                "name": "Pepsi Gate",
                "name_kn": "ಪೆಪ್ಸಿ ಗಟೆ",
                "stop_id": "21086",
                "lat": 12.87197,
                "lon": 77.43943
              },
              {
                "name": "Swami Narayana Gurukula",
                "name_kn": "ಸ್ವಮಿ ನರಯನ ಗುರುಕುಲ",
                "stop_id": "21207",
                "lat": 12.86656,
                "lon": 77.43692
              },
              {
                "name": "Kanminake",
                "name_kn": "ಕಂಮಿನಕೆ",
                "stop_id": "20908",
                "lat": 12.8627,
                "lon": 77.43388
              },
              {
                "name": "Kanminake Colony",
                "name_kn": "ಕಂಮಿನಕೆ ಕೊಲೊನೆ",
                "stop_id": "20910",
                "lat": 12.85774,
                "lon": 77.42925
              },
              {
                "name": "Hejjala Gate",
                "name_kn": "ಹೆಜ್ಜಲ ಗಟೆ",
                "stop_id": "20828",
                "lat": 12.85533,
                "lon": 77.42714
              },
              {
                "name": "Dalai Lama College",
                "name_kn": "ದಲೈ ಲಮ ಕೊಲ್ಲೆಗೆ",
                "stop_id": "20733",
                "lat": 12.85049,
                "lon": 77.42456
              },
              {
                "name": "Sheshagirihalli",
                "name_kn": "ಶೆಶಗಿರಿಹಲ್ಲಿ",
                "stop_id": "21168",
                "lat": 12.84352,
                "lon": 77.4215
              },
              {
                "name": "Shaneshwaraswamy Temple Sheshagirihalli",
                "name_kn": "ಶನೆಶ್ವರಸ್ವಮೆ ಟೆಂಪ್ಲೆ ಶೆಶಗಿರಿಹಲ್ಲಿ",
                "stop_id": "38784",
                "lat": 12.84289,
                "lon": 77.42114
              },
              {
                "name": "Manchanayakanahalli Gate",
                "name_kn": "ಮಂಚನಯಕನಹಲ್ಲಿ ಗಟೆ",
                "stop_id": "21566",
                "lat": 12.83455,
                "lon": 77.41472
              },
              {
                "name": "Veeranjaneya Temple",
                "name_kn": "ವೀರಞನೆಯ ಟೆಂಪ್ಲೆ",
                "stop_id": "21621",
                "lat": 12.82864,
                "lon": 77.41254
              },
              {
                "name": "Railway Gate Lakshmisagara",
                "name_kn": "ರೈಲ್ವಯ್ ಗಟೆ ಲಕ್ಷ್ಮಿಸಗರ",
                "stop_id": "21589",
                "lat": 12.82418,
                "lon": 77.41136
              },
              {
                "name": "Kadumane Hotel",
                "name_kn": "ಕದುಮನೆ ಹೊಟೆಲ್",
                "stop_id": "35402",
                "lat": 12.81554,
                "lon": 77.40756
              },
              {
                "name": "Billa Kempanahalli Gate",
                "name_kn": "ಬಿಲ್ಲ ಕೆಂಪನಹಲ್ಲಿ ಗಟೆ",
                "stop_id": "21468",
                "lat": 12.81212,
                "lon": 77.40408
              },
              {
                "name": "Chikkabillakempanahalli (Padmashree Hospital)",
                "name_kn": "ಚಿಕ್ಕಬಿಲ್ಲಕೆಂಪನಹಲ್ಲಿ (ಪದ್ಮಶ್ರೀ ಹೊಸ್ಪಿಟಲ್)",
                "stop_id": "39911",
                "lat": 12.80747,
                "lon": 77.40077
              },
              {
                "name": "Byramangala Cross",
                "name_kn": "ಬೆರಮಙಲ ಕ್ರೊಸ್ಸ್",
                "stop_id": "35399",
                "lat": 12.80222,
                "lon": 77.39714
              },
              {
                "name": "Bidadi Railway Station",
                "name_kn": "ಬಿದದಿ ರೈಲ್ವಯ್ ಸ್ಟಟಿೊಂ",
                "stop_id": "21466",
                "lat": 12.79973,
                "lon": 77.39107
              },
              {
                "name": "Bidadi",
                "name_kn": "ಬಿದದಿ",
                "stop_id": "21465",
                "lat": 12.79678,
                "lon": 77.38496
              }
            ]
          },
          {
            "Route": "SBNS-KMT",
            "RouteId": 5315,
            "RouteParentId": 2899,
            "Destination": "KR Market",
            "Via": "",
            "Area": "Shanthinagara Bus Station",
            "PlatformNumber": "2",
            "KannadaDestination": "ಕ್ರ್ ಮರ್ಕೆಟ್",
            "KannadaArea": "ಶಾಂತಿನಗರ ಬಸ್ ನಿಲ್ದಾಣ",
            "KannadaVia": "",
            "FromStationId": 21167,
            "Stops": [
              {
                "name": "Shanthinagara Bus Station",
                "name_kn": "ಶಂತಿನಗರ ಬುಸ್ ಸ್ಟಟಿೊಂ",
                "stop_id": "21167",
                "lat": 12.95483,
                "lon": 77.59235
              },
              {
                "name": "KH Road",
                "name_kn": "ಖ್ ರೊದ್",
                "stop_id": "20928",
                "lat": 12.95815,
                "lon": 77.59299
              },
              {
                "name": "Corporation",
                "name_kn": "ಕೊರ್ಪೊರಟಿೊಂ",
                "stop_id": "20727",
                "lat": 12.96701,
                "lon": 77.58822
              },
              {
                "name": "Town Hall",
                "name_kn": "ಟೌಂ ಹಲ್ಲ್",
                "stop_id": "21232",
                "lat": 12.96355,
                "lon": 77.58375
              },
              {
                "name": "KR Market",
                "name_kn": "ಕ್ರ್ ಮರ್ಕೆಟ್",
                "stop_id": "22199",
                "lat": 12.96437,
                "lon": 77.57736
              }
            ]
          },
          {
            "Route": "G-6 D12G-SBT",
            "RouteId": 7421,
            "RouteParentId": 3988,
            "Destination": "Depot-12 Gate",
            "Via": "",
            "Area": "Shanthinagara Bus Station",
            "PlatformNumber": "2",
            "KannadaDestination": "ದೆಪೊಟ್-12 ಗಟೆ",
            "KannadaArea": "ಶಾಂತಿನಗರ ಬಸ್ ನಿಲ್ದಾಣ",
            "KannadaVia": "",
            "FromStationId": 21167,
            "Stops": [
              {
                "name": "Shanthinagara Bus Station",
                "name_kn": "ಶಂತಿನಗರ ಬುಸ್ ಸ್ಟಟಿೊಂ",
                "stop_id": "21167",
                "lat": 12.95483,
                "lon": 77.59235
              },
              {
                "name": "KH Road",
                "name_kn": "ಖ್ ರೊದ್",
                "stop_id": "20928",
                "lat": 12.95815,
                "lon": 77.59299
              },
              {
                "name": "Corporation",
                "name_kn": "ಕೊರ್ಪೊರಟಿೊಂ",
                "stop_id": "20727",
                "lat": 12.96701,
                "lon": 77.58822
              },
              {
                "name": "Town Hall",
                "name_kn": "ಟೌಂ ಹಲ್ಲ್",
                "stop_id": "21232",
                "lat": 12.96355,
                "lon": 77.58375
              },
              {
                "name": "KR Market",
                "name_kn": "ಕ್ರ್ ಮರ್ಕೆಟ್",
                "stop_id": "20942",
                "lat": 12.96406,
                "lon": 77.5768
              },
              {
                "name": "Rayan Circle",
                "name_kn": "ರಯಂ ಕಿರ್ಕ್ಲೆ",
                "stop_id": "21123",
                "lat": 12.96047,
                "lon": 77.5679
              },
              {
                "name": "Water Tank Chamarajapet",
                "name_kn": "ವಟೆರ್ ಟಂಕ್ ಚಮರಜಪೆಟ್",
                "stop_id": "21272",
                "lat": 12.96038,
                "lon": 77.56493
              },
              {
                "name": "Chamarajapet",
                "name_kn": "ಚಮರಜಪೆಟ್",
                "stop_id": "23479",
                "lat": 12.96033,
                "lon": 77.56255
              },
              {
                "name": "Sirsi Circle",
                "name_kn": "ಸಿರ್ಸಿ ಕಿರ್ಕ್ಲೆ",
                "stop_id": "35403",
                "lat": 12.96022,
                "lon": 77.55921
              },
              {
                "name": "Mysore Road TollGate",
                "name_kn": "ಮೆಸೊರೆ ರೊದ್ ಟೊಲ್ಲ್ಗಟೆ",
                "stop_id": "21043",
                "lat": 12.95768,
                "lon": 77.55319
              },
              {
                "name": "New Guddadahalli",
                "name_kn": "ನೆವ್ ಗುದ್ದದಹಲ್ಲಿ",
                "stop_id": "21057",
                "lat": 12.95641,
                "lon": 77.54761
              },
              {
                "name": "Mysore Road Bus Station",
                "name_kn": "ಮೆಸೊರೆ ರೊದ್ ಬುಸ್ ಸ್ಟಟಿೊಂ",
                "stop_id": "21042",
                "lat": 12.9536,
                "lon": 77.54378
              },
              {
                "name": "BHEL",
                "name_kn": "ಭೆಲ್",
                "stop_id": "20664",
                "lat": 12.94872,
                "lon": 77.53583
              },
              {
                "name": "Mysore Road Metro Station",
                "name_kn": "ಮೆಸೊರೆ ರೊದ್ ಮೆಟ್ರೊ ಸ್ಟಟಿೊಂ",
                "stop_id": "23370",
                "lat": 12.94636,
                "lon": 77.53046
              },
              {
                "name": "Nayandahalli",
                "name_kn": "ನಯಂದಹಲ್ಲಿ",
                "stop_id": "21052",
                "lat": 12.94268,
                "lon": 77.52589
              },
              {
                "name": "BWSSB Quarters Nayandahalli",
                "name_kn": "ಬ್ವ್ಸ್ಸ್ಬ್ qುರ್ಟೆರ್ಸ್ ನಯಂದಹಲ್ಲಿ",
                "stop_id": "20690",
                "lat": 12.94013,
                "lon": 77.52412
              },
              {
                "name": "Rajarajeshwari nagara Gate",
                "name_kn": "ರಜರಜೆಶ್ವರಿ ನಗರ ಗಟೆ",
                "stop_id": "35389",
                "lat": 12.93631,
                "lon": 77.51774
              },
              {
                "name": "Bengaluru University Gate",
                "name_kn": "ಬೆಙಲುರು ುನಿವೆರ್ಸಿಟೆ ಗಟೆ",
                "stop_id": "20648",
                "lat": 12.93537,
                "lon": 77.51269
              },
              {
                "name": "Jayaram Das Factory",
                "name_kn": "ಜಯರಂ ದಸ್ ೞಕ್ಟೊರೆ",
                "stop_id": "20878",
                "lat": 12.93025,
                "lon": 77.50594
              },
              {
                "name": "RV College",
                "name_kn": "ರ್ವ್ ಕೊಲ್ಲೆಗೆ",
                "stop_id": "35391",
                "lat": 12.92521,
                "lon": 77.49936
              },
              {
                "name": "Dubasipalya Cross",
                "name_kn": "ದುಬಸಿಪಲೆ ಕ್ರೊಸ್ಸ್",
                "stop_id": "20764",
                "lat": 12.92273,
                "lon": 77.49603
              },
              {
                "name": "Mylasandra Cross",
                "name_kn": "ಮೆಲಸಂದ್ರ ಕ್ರೊಸ್ಸ್",
                "stop_id": "21039",
                "lat": 12.91749,
                "lon": 77.49064
              },
              {
                "name": "Kengeri Bus Station",
                "name_kn": "ಕೆಙೆರಿ ಬುಸ್ ಸ್ಟಟಿೊಂ",
                "stop_id": "20925",
                "lat": 12.91379,
                "lon": 77.4871
              },
              {
                "name": "Kengeri Police Station",
                "name_kn": "ಕೆಙೆರಿ ಪೊಲಿಕೆ ಸ್ಟಟಿೊಂ",
                "stop_id": "21094",
                "lat": 12.91007,
                "lon": 77.48146
              },
              {
                "name": "Depot-12 Gate",
                "name_kn": "ದೆಪೊಟ್-12 ಗಟೆ",
                "stop_id": "35721",
                "lat": 12.90471,
                "lon": 77.47084
              }
            ]
          },
          {
            "Route": "140 KMT-SNBS-KRMTTMC",
            "RouteId": 14356,
            "RouteParentId": 7682,
            "Destination": "KR Market",
            "Via": "",
            "Area": "Koramangala Bus Station",
            "PlatformNumber": "2",
            "KannadaDestination": "ಕ್ರ್ ಮರ್ಕೆಟ್",
            "KannadaArea": "ಕೋರಮಂಗಲ ಬಸ್ ನಿಲ್ದಾಣ",
            "KannadaVia": "",
            "FromStationId": 21167,
            "Stops": [
              {
                "name": "Shanthinagara Bus Station",
                "name_kn": "ಶಂತಿನಗರ ಬುಸ್ ಸ್ಟಟಿೊಂ",
                "stop_id": "21167",
                "lat": 12.95483,
                "lon": 77.59235
              },
              {
                "name": "KH Road",
                "name_kn": "ಖ್ ರೊದ್",
                "stop_id": "20928",
                "lat": 12.95815,
                "lon": 77.59299
              },
              {
                "name": "Pallavi Talkies",
                "name_kn": "ಪಲ್ಲವಿ ಟಲ್ಕಿೆಸ್",
                "stop_id": "22667",
                "lat": 12.9679,
                "lon": 77.59102
              },
              {
                "name": "Corporation",
                "name_kn": "ಕೊರ್ಪೊರಟಿೊಂ",
                "stop_id": "20727",
                "lat": 12.96701,
                "lon": 77.58822
              },
              {
                "name": "Town Hall",
                "name_kn": "ಟೌಂ ಹಲ್ಲ್",
                "stop_id": "21232",
                "lat": 12.96355,
                "lon": 77.58375
              },
              {
                "name": "KR Market",
                "name_kn": "ಕ್ರ್ ಮರ್ಕೆಟ್",
                "stop_id": "20940",
                "lat": 12.9641,
                "lon": 77.57897
              }
            ]
          },
          {
            "Route": "KBS-3A",
            "RouteId": 1665,
            "RouteParentId": 995,
            "Destination": "Kempegowda Bus Station",
            "Via": "",
            "Area": "Attibele Bus Stand",
            "PlatformNumber": "2",
            "KannadaDestination": "ಕೆಂಪೆಗೌದ ಬುಸ್ ಸ್ಟಟಿೊಂ",
            "KannadaArea": "ಅತ್ತಿಬೆಲೆ ಬಸ್‌ ನಿಲ್ಧಾಣ",
            "KannadaVia": "",
            "FromStationId": 21167,
            "Stops": [
              {
                "name": "Shanthinagara Bus Station",
                "name_kn": "ಶಂತಿನಗರ ಬುಸ್ ಸ್ಟಟಿೊಂ",
                "stop_id": "21167",
                "lat": 12.95483,
                "lon": 77.59235
              },
              {
                "name": "KH Road",
                "name_kn": "ಖ್ ರೊದ್",
                "stop_id": "20928",
                "lat": 12.95815,
                "lon": 77.59299
              },
              {
                "name": "Pallavi Talkies",
                "name_kn": "ಪಲ್ಲವಿ ಟಲ್ಕಿೆಸ್",
                "stop_id": "22667",
                "lat": 12.9679,
                "lon": 77.59102
              },
              {
                "name": "Corporation",
                "name_kn": "ಕೊರ್ಪೊರಟಿೊಂ",
                "stop_id": "20725",
                "lat": 12.96839,
                "lon": 77.58675
              },
              {
                "name": "Mysore Bank",
                "name_kn": "ಮೆಸೊರೆ ಬಂಕ್",
                "stop_id": "35383",
                "lat": 12.97253,
                "lon": 77.58199
              },
              {
                "name": "Kempegowda Bus Station",
                "name_kn": "ಕೆಂಪೆಗೌದ ಬುಸ್ ಸ್ಟಟಿೊಂ",
                "stop_id": "20922",
                "lat": 12.97749,
                "lon": 77.57327
              }
            ]
          },
          {
            "Route": "365",
            "RouteId": 1669,
            "RouteParentId": 997,
            "Destination": "Kempegowda Bus Station",
            "Via": "",
            "Area": "Bannerughatta National Park",
            "PlatformNumber": "2",
            "KannadaDestination": "ಕೆಂಪೆಗೌದ ಬುಸ್ ಸ್ಟಟಿೊಂ",
            "KannadaArea": "ಬನ್ನೇರುಘಟ್ಟ ರಾಷ್ಟ್ರೀಯ ಉದ್ಯಾನವನ",
            "KannadaVia": "",
            "FromStationId": 21167,
            "Stops": [
              {
                "name": "Shanthinagara Bus Station",
                "name_kn": "ಶಂತಿನಗರ ಬುಸ್ ಸ್ಟಟಿೊಂ",
                "stop_id": "21167",
                "lat": 12.95483,
                "lon": 77.59235
              },
              {
                "name": "KH Road",
                "name_kn": "ಖ್ ರೊದ್",
                "stop_id": "20928",
                "lat": 12.95815,
                "lon": 77.59299
              },
              {
                "name": "Pallavi Talkies",
                "name_kn": "ಪಲ್ಲವಿ ಟಲ್ಕಿೆಸ್",
                "stop_id": "22667",
                "lat": 12.9679,
                "lon": 77.59102
              },
              {
                "name": "Corporation",
                "name_kn": "ಕೊರ್ಪೊರಟಿೊಂ",
                "stop_id": "20725",
                "lat": 12.96839,
                "lon": 77.58675
              },
              {
                "name": "Mysore Bank",
                "name_kn": "ಮೆಸೊರೆ ಬಂಕ್",
                "stop_id": "35383",
                "lat": 12.97253,
                "lon": 77.58199
              },
              {
                "name": "Kempegowda Bus Station",
                "name_kn": "ಕೆಂಪೆಗೌದ ಬುಸ್ ಸ್ಟಟಿೊಂ",
                "stop_id": "20922",
                "lat": 12.97749,
                "lon": 77.57327
              }
            ]
          },
          {
            "Route": "KBS-3C",
            "RouteId": 1676,
            "RouteParentId": 1000,
            "Destination": "Kempegowda Bus Station",
            "Via": "",
            "Area": "Chandapura",
            "PlatformNumber": "2",
            "KannadaDestination": "ಕೆಂಪೆಗೌದ ಬುಸ್ ಸ್ಟಟಿೊಂ",
            "KannadaArea": "ಚಂದಾಪುರ",
            "KannadaVia": "",
            "FromStationId": 21167,
            "Stops": [
              {
                "name": "Shanthinagara Bus Station",
                "name_kn": "ಶಂತಿನಗರ ಬುಸ್ ಸ್ಟಟಿೊಂ",
                "stop_id": "21167",
                "lat": 12.95483,
                "lon": 77.59235
              },
              {
                "name": "KH Road",
                "name_kn": "ಖ್ ರೊದ್",
                "stop_id": "20928",
                "lat": 12.95815,
                "lon": 77.59299
              },
              {
                "name": "Pallavi Talkies",
                "name_kn": "ಪಲ್ಲವಿ ಟಲ್ಕಿೆಸ್",
                "stop_id": "22667",
                "lat": 12.9679,
                "lon": 77.59102
              },
              {
                "name": "Corporation",
                "name_kn": "ಕೊರ್ಪೊರಟಿೊಂ",
                "stop_id": "20725",
                "lat": 12.96839,
                "lon": 77.58675
              },
              {
                "name": "Mysore Bank",
                "name_kn": "ಮೆಸೊರೆ ಬಂಕ್",
                "stop_id": "35383",
                "lat": 12.97253,
                "lon": 77.58199
              },
              {
                "name": "Kempegowda Bus Station",
                "name_kn": "ಕೆಂಪೆಗೌದ ಬುಸ್ ಸ್ಟಟಿೊಂ",
                "stop_id": "20922",
                "lat": 12.97749,
                "lon": 77.57327
              }
            ]
          },
          {
            "Route": "171-G",
            "RouteId": 1691,
            "RouteParentId": 1008,
            "Destination": "Kempegowda Bus Station",
            "Via": "",
            "Area": "Koramangala 1st Block",
            "PlatformNumber": "2",
            "KannadaDestination": "ಕೆಂಪೆಗೌದ ಬುಸ್ ಸ್ಟಟಿೊಂ",
            "KannadaArea": "ಕೋರಮಂಗಲ 1ನೇ ಬ್ಲಾಕ್",
            "KannadaVia": "",
            "FromStationId": 21167,
            "Stops": [
              {
                "name": "Shanthinagara Bus Station",
                "name_kn": "ಶಂತಿನಗರ ಬುಸ್ ಸ್ಟಟಿೊಂ",
                "stop_id": "21167",
                "lat": 12.95483,
                "lon": 77.59235
              },
              {
                "name": "KH Road",
                "name_kn": "ಖ್ ರೊದ್",
                "stop_id": "20928",
                "lat": 12.95815,
                "lon": 77.59299
              },
              {
                "name": "Pallavi Talkies",
                "name_kn": "ಪಲ್ಲವಿ ಟಲ್ಕಿೆಸ್",
                "stop_id": "22667",
                "lat": 12.9679,
                "lon": 77.59102
              },
              {
                "name": "Corporation",
                "name_kn": "ಕೊರ್ಪೊರಟಿೊಂ",
                "stop_id": "20725",
                "lat": 12.96839,
                "lon": 77.58675
              },
              {
                "name": "Mysore Bank",
                "name_kn": "ಮೆಸೊರೆ ಬಂಕ್",
                "stop_id": "35383",
                "lat": 12.97253,
                "lon": 77.58199
              },
              {
                "name": "Kempegowda Bus Station",
                "name_kn": "ಕೆಂಪೆಗೌದ ಬುಸ್ ಸ್ಟಟಿೊಂ",
                "stop_id": "20922",
                "lat": 12.97749,
                "lon": 77.57327
              }
            ]
          },
          {
            "Route": "342-F",
            "RouteId": 1699,
            "RouteParentId": 1013,
            "Destination": "Kempegowda Bus Station",
            "Via": "",
            "Area": "Sarjapura",
            "PlatformNumber": "2",
            "KannadaDestination": "ಕೆಂಪೆಗೌದ ಬುಸ್ ಸ್ಟಟಿೊಂ",
            "KannadaArea": "ಸರ್ಜಾಪುರ",
            "KannadaVia": "",
            "FromStationId": 21167,
            "Stops": [
              {
                "name": "Shanthinagara Bus Station",
                "name_kn": "ಶಂತಿನಗರ ಬುಸ್ ಸ್ಟಟಿೊಂ",
                "stop_id": "21167",
                "lat": 12.95483,
                "lon": 77.59235
              },
              {
                "name": "KH Road",
                "name_kn": "ಖ್ ರೊದ್",
                "stop_id": "20928",
                "lat": 12.95815,
                "lon": 77.59299
              },
              {
                "name": "Pallavi Talkies",
                "name_kn": "ಪಲ್ಲವಿ ಟಲ್ಕಿೆಸ್",
                "stop_id": "22667",
                "lat": 12.9679,
                "lon": 77.59102
              },
              {
                "name": "Corporation",
                "name_kn": "ಕೊರ್ಪೊರಟಿೊಂ",
                "stop_id": "20725",
                "lat": 12.96839,
                "lon": 77.58675
              },
              {
                "name": "Mysore Bank",
                "name_kn": "ಮೆಸೊರೆ ಬಂಕ್",
                "stop_id": "35383",
                "lat": 12.97253,
                "lon": 77.58199
              },
              {
                "name": "Kempegowda Bus Station",
                "name_kn": "ಕೆಂಪೆಗೌದ ಬುಸ್ ಸ್ಟಟಿೊಂ",
                "stop_id": "20922",
                "lat": 12.97749,
                "lon": 77.57327
              }
            ]
          },
          {
            "Route": "343-E",
            "RouteId": 1718,
            "RouteParentId": 1022,
            "Destination": "Kempegowda Bus Station",
            "Via": "",
            "Area": "Beguru",
            "PlatformNumber": "2",
            "KannadaDestination": "ಕೆಂಪೆಗೌದ ಬುಸ್ ಸ್ಟಟಿೊಂ",
            "KannadaArea": "ಬೇಗೂರು",
            "KannadaVia": "",
            "FromStationId": 21167,
            "Stops": [
              {
                "name": "Shanthinagara Bus Station",
                "name_kn": "ಶಂತಿನಗರ ಬುಸ್ ಸ್ಟಟಿೊಂ",
                "stop_id": "21167",
                "lat": 12.95483,
                "lon": 77.59235
              },
              {
                "name": "KH Road",
                "name_kn": "ಖ್ ರೊದ್",
                "stop_id": "20928",
                "lat": 12.95815,
                "lon": 77.59299
              },
              {
                "name": "Pallavi Talkies",
                "name_kn": "ಪಲ್ಲವಿ ಟಲ್ಕಿೆಸ್",
                "stop_id": "22667",
                "lat": 12.9679,
                "lon": 77.59102
              },
              {
                "name": "Mysore Bank",
                "name_kn": "ಮೆಸೊರೆ ಬಂಕ್",
                "stop_id": "35383",
                "lat": 12.97253,
                "lon": 77.58199
              },
              {
                "name": "Kempegowda Bus Station",
                "name_kn": "ಕೆಂಪೆಗೌದ ಬುಸ್ ಸ್ಟಟಿೊಂ",
                "stop_id": "20922",
                "lat": 12.97749,
                "lon": 77.57327
              }
            ]
          },
          {
            "Route": "171",
            "RouteId": 1747,
            "RouteParentId": 1037,
            "Destination": "Kempegowda Bus Station",
            "Via": "",
            "Area": "Koramangala 1st Block",
            "PlatformNumber": "2",
            "KannadaDestination": "ಕೆಂಪೆಗೌದ ಬುಸ್ ಸ್ಟಟಿೊಂ",
            "KannadaArea": "ಕೋರಮಂಗಲ 1ನೇ ಬ್ಲಾಕ್",
            "KannadaVia": "",
            "FromStationId": 21167,
            "Stops": [
              {
                "name": "Shanthinagara Bus Station",
                "name_kn": "ಶಂತಿನಗರ ಬುಸ್ ಸ್ಟಟಿೊಂ",
                "stop_id": "21167",
                "lat": 12.95483,
                "lon": 77.59235
              },
              {
                "name": "KH Road",
                "name_kn": "ಖ್ ರೊದ್",
                "stop_id": "20928",
                "lat": 12.95815,
                "lon": 77.59299
              },
              {
                "name": "Pallavi Talkies",
                "name_kn": "ಪಲ್ಲವಿ ಟಲ್ಕಿೆಸ್",
                "stop_id": "22667",
                "lat": 12.9679,
                "lon": 77.59102
              },
              {
                "name": "Corporation",
                "name_kn": "ಕೊರ್ಪೊರಟಿೊಂ",
                "stop_id": "20725",
                "lat": 12.96839,
                "lon": 77.58675
              },
              {
                "name": "Mysore Bank",
                "name_kn": "ಮೆಸೊರೆ ಬಂಕ್",
                "stop_id": "35383",
                "lat": 12.97253,
                "lon": 77.58199
              },
              {
                "name": "Kempegowda Bus Station",
                "name_kn": "ಕೆಂಪೆಗೌದ ಬುಸ್ ಸ್ಟಟಿೊಂ",
                "stop_id": "20922",
                "lat": 12.97749,
                "lon": 77.57327
              }
            ]
          },
          {
            "Route": "KBS-3E",
            "RouteId": 1794,
            "RouteParentId": 1065,
            "Destination": "Kempegowda Bus Station",
            "Via": "",
            "Area": "Electronic City Wipro Main Gate",
            "PlatformNumber": "2",
            "KannadaDestination": "ಕೆಂಪೆಗೌದ ಬುಸ್ ಸ್ಟಟಿೊಂ",
            "KannadaArea": "ಎಲೆಕ್ಟ್ರಾನಿಕ್ ಸಿಟಿ ವಿಪ್ರೋ ಮೇನ್ ಗೇಟ್",
            "KannadaVia": "",
            "FromStationId": 21167,
            "Stops": [
              {
                "name": "Shanthinagara Bus Station",
                "name_kn": "ಶಂತಿನಗರ ಬುಸ್ ಸ್ಟಟಿೊಂ",
                "stop_id": "21167",
                "lat": 12.95483,
                "lon": 77.59235
              },
              {
                "name": "KH Road",
                "name_kn": "ಖ್ ರೊದ್",
                "stop_id": "20928",
                "lat": 12.95815,
                "lon": 77.59299
              },
              {
                "name": "Pallavi Talkies",
                "name_kn": "ಪಲ್ಲವಿ ಟಲ್ಕಿೆಸ್",
                "stop_id": "22667",
                "lat": 12.9679,
                "lon": 77.59102
              },
              {
                "name": "Corporation",
                "name_kn": "ಕೊರ್ಪೊರಟಿೊಂ",
                "stop_id": "20725",
                "lat": 12.96839,
                "lon": 77.58675
              },
              {
                "name": "Mysore Bank",
                "name_kn": "ಮೆಸೊರೆ ಬಂಕ್",
                "stop_id": "35383",
                "lat": 12.97253,
                "lon": 77.58199
              },
              {
                "name": "Kempegowda Bus Station",
                "name_kn": "ಕೆಂಪೆಗೌದ ಬುಸ್ ಸ್ಟಟಿೊಂ",
                "stop_id": "20922",
                "lat": 12.97749,
                "lon": 77.57327
              }
            ]
          },
          {
            "Route": "365-J",
            "RouteId": 1803,
            "RouteParentId": 1070,
            "Destination": "Kempegowda Bus Station",
            "Via": "",
            "Area": "Jigani APC Circle",
            "PlatformNumber": "2",
            "KannadaDestination": "ಕೆಂಪೆಗೌದ ಬುಸ್ ಸ್ಟಟಿೊಂ",
            "KannadaArea": "ಜಿಗಣಿ ಎಪಿಸಿ ವೃತ್ತ",
            "KannadaVia": "",
            "FromStationId": 21167,
            "Stops": [
              {
                "name": "Shanthinagara Bus Station",
                "name_kn": "ಶಂತಿನಗರ ಬುಸ್ ಸ್ಟಟಿೊಂ",
                "stop_id": "21167",
                "lat": 12.95483,
                "lon": 77.59235
              },
              {
                "name": "KH Road",
                "name_kn": "ಖ್ ರೊದ್",
                "stop_id": "20928",
                "lat": 12.95815,
                "lon": 77.59299
              },
              {
                "name": "Pallavi Talkies",
                "name_kn": "ಪಲ್ಲವಿ ಟಲ್ಕಿೆಸ್",
                "stop_id": "22667",
                "lat": 12.9679,
                "lon": 77.59102
              },
              {
                "name": "Corporation",
                "name_kn": "ಕೊರ್ಪೊರಟಿೊಂ",
                "stop_id": "20725",
                "lat": 12.96839,
                "lon": 77.58675
              },
              {
                "name": "Mysore Bank",
                "name_kn": "ಮೆಸೊರೆ ಬಂಕ್",
                "stop_id": "35383",
                "lat": 12.97253,
                "lon": 77.58199
              },
              {
                "name": "Kempegowda Bus Station",
                "name_kn": "ಕೆಂಪೆಗೌದ ಬುಸ್ ಸ್ಟಟಿೊಂ",
                "stop_id": "20922",
                "lat": 12.97749,
                "lon": 77.57327
              }
            ]
          },
          {
            "Route": "365-EA",
            "RouteId": 1805,
            "RouteParentId": 1071,
            "Destination": "Kempegowda Bus Station",
            "Via": "",
            "Area": "Kasuvinakunte",
            "PlatformNumber": "2",
            "KannadaDestination": "ಕೆಂಪೆಗೌದ ಬುಸ್ ಸ್ಟಟಿೊಂ",
            "KannadaArea": "ಕಸುವಿನಕುಂಟೆ",
            "KannadaVia": "",
            "FromStationId": 21167,
            "Stops": [
              {
                "name": "Shanthinagara Bus Station",
                "name_kn": "ಶಂತಿನಗರ ಬುಸ್ ಸ್ಟಟಿೊಂ",
                "stop_id": "21167",
                "lat": 12.95483,
                "lon": 77.59235
              },
              {
                "name": "KH Road",
                "name_kn": "ಖ್ ರೊದ್",
                "stop_id": "20928",
                "lat": 12.95815,
                "lon": 77.59299
              },
              {
                "name": "Pallavi Talkies",
                "name_kn": "ಪಲ್ಲವಿ ಟಲ್ಕಿೆಸ್",
                "stop_id": "22667",
                "lat": 12.9679,
                "lon": 77.59102
              },
              {
                "name": "Corporation",
                "name_kn": "ಕೊರ್ಪೊರಟಿೊಂ",
                "stop_id": "20725",
                "lat": 12.96839,
                "lon": 77.58675
              },
              {
                "name": "Mysore Bank",
                "name_kn": "ಮೆಸೊರೆ ಬಂಕ್",
                "stop_id": "35383",
                "lat": 12.97253,
                "lon": 77.58199
              },
              {
                "name": "Kempegowda Bus Station",
                "name_kn": "ಕೆಂಪೆಗೌದ ಬುಸ್ ಸ್ಟಟಿೊಂ",
                "stop_id": "20922",
                "lat": 12.97749,
                "lon": 77.57327
              }
            ]
          },
          {
            "Route": "V-360B",
            "RouteId": 1858,
            "RouteParentId": 1098,
            "Destination": "Kempegowda Bus Station",
            "Via": "",
            "Area": "Attibele Bus Stand",
            "PlatformNumber": "2",
            "KannadaDestination": "ಕೆಂಪೆಗೌದ ಬುಸ್ ಸ್ಟಟಿೊಂ",
            "KannadaArea": "ಅತ್ತಿಬೆಲೆ ಬಸ್‌ ನಿಲ್ಧಾಣ",
            "KannadaVia": "",
            "FromStationId": 21167,
            "Stops": [
              {
                "name": "Shanthinagara Bus Station",
                "name_kn": "ಶಂತಿನಗರ ಬುಸ್ ಸ್ಟಟಿೊಂ",
                "stop_id": "21167",
                "lat": 12.95483,
                "lon": 77.59235
              },
              {
                "name": "KH Road",
                "name_kn": "ಖ್ ರೊದ್",
                "stop_id": "20928",
                "lat": 12.95815,
                "lon": 77.59299
              },
              {
                "name": "Pallavi Talkies",
                "name_kn": "ಪಲ್ಲವಿ ಟಲ್ಕಿೆಸ್",
                "stop_id": "22667",
                "lat": 12.9679,
                "lon": 77.59102
              },
              {
                "name": "Corporation",
                "name_kn": "ಕೊರ್ಪೊರಟಿೊಂ",
                "stop_id": "20725",
                "lat": 12.96839,
                "lon": 77.58675
              },
              {
                "name": "Mysore Bank",
                "name_kn": "ಮೆಸೊರೆ ಬಂಕ್",
                "stop_id": "35383",
                "lat": 12.97253,
                "lon": 77.58199
              },
              {
                "name": "Kempegowda Bus Station",
                "name_kn": "ಕೆಂಪೆಗೌದ ಬುಸ್ ಸ್ಟಟಿೊಂ",
                "stop_id": "20922",
                "lat": 12.97749,
                "lon": 77.57327
              }
            ]
          },
          {
            "Route": "369-G",
            "RouteId": 1982,
            "RouteParentId": 1166,
            "Destination": "Kempegowda Bus Station",
            "Via": "",
            "Area": "Chikka Kammanahalli",
            "PlatformNumber": "2",
            "KannadaDestination": "ಕೆಂಪೆಗೌದ ಬುಸ್ ಸ್ಟಟಿೊಂ",
            "KannadaArea": "ಚಿಕ್ಕ ಕಮ್ಮನಹಳ್ಳಿ",
            "KannadaVia": "",
            "FromStationId": 21167,
            "Stops": [
              {
                "name": "Shanthinagara Bus Station",
                "name_kn": "ಶಂತಿನಗರ ಬುಸ್ ಸ್ಟಟಿೊಂ",
                "stop_id": "21167",
                "lat": 12.95483,
                "lon": 77.59235
              },
              {
                "name": "KH Road",
                "name_kn": "ಖ್ ರೊದ್",
                "stop_id": "20928",
                "lat": 12.95815,
                "lon": 77.59299
              },
              {
                "name": "Pallavi Talkies",
                "name_kn": "ಪಲ್ಲವಿ ಟಲ್ಕಿೆಸ್",
                "stop_id": "22667",
                "lat": 12.9679,
                "lon": 77.59102
              },
              {
                "name": "Corporation",
                "name_kn": "ಕೊರ್ಪೊರಟಿೊಂ",
                "stop_id": "20725",
                "lat": 12.96839,
                "lon": 77.58675
              },
              {
                "name": "Mysore Bank",
                "name_kn": "ಮೆಸೊರೆ ಬಂಕ್",
                "stop_id": "35383",
                "lat": 12.97253,
                "lon": 77.58199
              },
              {
                "name": "Kempegowda Bus Station",
                "name_kn": "ಕೆಂಪೆಗೌದ ಬುಸ್ ಸ್ಟಟಿೊಂ",
                "stop_id": "20922",
                "lat": 12.97749,
                "lon": 77.57327
              }
            ]
          },
          {
            "Route": "365-D",
            "RouteId": 1984,
            "RouteParentId": 1167,
            "Destination": "Kempegowda Bus Station",
            "Via": "",
            "Area": "Bilavaradahalli",
            "PlatformNumber": "2",
            "KannadaDestination": "ಕೆಂಪೆಗೌದ ಬುಸ್ ಸ್ಟಟಿೊಂ",
            "KannadaArea": "ಬಿಲವಾರದಹಳ್ಳಿ",
            "KannadaVia": "",
            "FromStationId": 21167,
            "Stops": [
              {
                "name": "Shanthinagara Bus Station",
                "name_kn": "ಶಂತಿನಗರ ಬುಸ್ ಸ್ಟಟಿೊಂ",
                "stop_id": "21167",
                "lat": 12.95483,
                "lon": 77.59235
              },
              {
                "name": "KH Road",
                "name_kn": "ಖ್ ರೊದ್",
                "stop_id": "20928",
                "lat": 12.95815,
                "lon": 77.59299
              },
              {
                "name": "Pallavi Talkies",
                "name_kn": "ಪಲ್ಲವಿ ಟಲ್ಕಿೆಸ್",
                "stop_id": "22667",
                "lat": 12.9679,
                "lon": 77.59102
              },
              {
                "name": "Corporation",
                "name_kn": "ಕೊರ್ಪೊರಟಿೊಂ",
                "stop_id": "20725",
                "lat": 12.96839,
                "lon": 77.58675
              },
              {
                "name": "Mysore Bank",
                "name_kn": "ಮೆಸೊರೆ ಬಂಕ್",
                "stop_id": "35383",
                "lat": 12.97253,
                "lon": 77.58199
              },
              {
                "name": "Kempegowda Bus Station",
                "name_kn": "ಕೆಂಪೆಗೌದ ಬುಸ್ ಸ್ಟಟಿೊಂ",
                "stop_id": "20922",
                "lat": 12.97749,
                "lon": 77.57327
              }
            ]
          },
          {
            "Route": "365-E",
            "RouteId": 1986,
            "RouteParentId": 1168,
            "Destination": "Kempegowda Bus Station",
            "Via": "",
            "Area": "Shanubhoganahalli Bannerughatta",
            "PlatformNumber": "2",
            "KannadaDestination": "ಕೆಂಪೆಗೌದ ಬುಸ್ ಸ್ಟಟಿೊಂ",
            "KannadaArea": "ಶಾನುಭೋಗನಹಳ್ಳಿ ಬನ್ನೇರುಘಟ್ಟ",
            "KannadaVia": "",
            "FromStationId": 21167,
            "Stops": [
              {
                "name": "Shanthinagara Bus Station",
                "name_kn": "ಶಂತಿನಗರ ಬುಸ್ ಸ್ಟಟಿೊಂ",
                "stop_id": "21167",
                "lat": 12.95483,
                "lon": 77.59235
              },
              {
                "name": "KH Road",
                "name_kn": "ಖ್ ರೊದ್",
                "stop_id": "20928",
                "lat": 12.95815,
                "lon": 77.59299
              },
              {
                "name": "Pallavi Talkies",
                "name_kn": "ಪಲ್ಲವಿ ಟಲ್ಕಿೆಸ್",
                "stop_id": "22667",
                "lat": 12.9679,
                "lon": 77.59102
              },
              {
                "name": "Corporation",
                "name_kn": "ಕೊರ್ಪೊರಟಿೊಂ",
                "stop_id": "20725",
                "lat": 12.96839,
                "lon": 77.58675
              },
              {
                "name": "Mysore Bank",
                "name_kn": "ಮೆಸೊರೆ ಬಂಕ್",
                "stop_id": "35383",
                "lat": 12.97253,
                "lon": 77.58199
              },
              {
                "name": "Kempegowda Bus Station",
                "name_kn": "ಕೆಂಪೆಗೌದ ಬುಸ್ ಸ್ಟಟಿೊಂ",
                "stop_id": "20922",
                "lat": 12.97749,
                "lon": 77.57327
              }
            ]
          },
          {
            "Route": "343-L",
            "RouteId": 1988,
            "RouteParentId": 1169,
            "Destination": "Kempegowda Bus Station",
            "Via": "",
            "Area": "Hongasandra MICO Layout",
            "PlatformNumber": "2",
            "KannadaDestination": "ಕೆಂಪೆಗೌದ ಬುಸ್ ಸ್ಟಟಿೊಂ",
            "KannadaArea": "ಹೊಂಗಸಂದ್ರ ಮೈಕೊ ಬಡಾವಣೆ",
            "KannadaVia": "",
            "FromStationId": 21167,
            "Stops": [
              {
                "name": "Shanthinagara Bus Station",
                "name_kn": "ಶಂತಿನಗರ ಬುಸ್ ಸ್ಟಟಿೊಂ",
                "stop_id": "21167",
                "lat": 12.95483,
                "lon": 77.59235
              },
              {
                "name": "KH Road",
                "name_kn": "ಖ್ ರೊದ್",
                "stop_id": "20928",
                "lat": 12.95815,
                "lon": 77.59299
              },
              {
                "name": "Pallavi Talkies",
                "name_kn": "ಪಲ್ಲವಿ ಟಲ್ಕಿೆಸ್",
                "stop_id": "22667",
                "lat": 12.9679,
                "lon": 77.59102
              },
              {
                "name": "Corporation",
                "name_kn": "ಕೊರ್ಪೊರಟಿೊಂ",
                "stop_id": "20725",
                "lat": 12.96839,
                "lon": 77.58675
              },
              {
                "name": "Mysore Bank",
                "name_kn": "ಮೆಸೊರೆ ಬಂಕ್",
                "stop_id": "35383",
                "lat": 12.97253,
                "lon": 77.58199
              },
              {
                "name": "Kempegowda Bus Station",
                "name_kn": "ಕೆಂಪೆಗೌದ ಬುಸ್ ಸ್ಟಟಿೊಂ",
                "stop_id": "20922",
                "lat": 12.97749,
                "lon": 77.57327
              }
            ]
          },
          {
            "Route": "349-C",
            "RouteId": 2596,
            "RouteParentId": 1500,
            "Destination": "Kempegowda Bus Station",
            "Via": "",
            "Area": "Huskur",
            "PlatformNumber": "2",
            "KannadaDestination": "ಕೆಂಪೆಗೌದ ಬುಸ್ ಸ್ಟಟಿೊಂ",
            "KannadaArea": "ಹುಸ್ಕೂರು",
            "KannadaVia": "",
            "FromStationId": 21167,
            "Stops": [
              {
                "name": "Shanthinagara Bus Station",
                "name_kn": "ಶಂತಿನಗರ ಬುಸ್ ಸ್ಟಟಿೊಂ",
                "stop_id": "21167",
                "lat": 12.95483,
                "lon": 77.59235
              },
              {
                "name": "KH Road",
                "name_kn": "ಖ್ ರೊದ್",
                "stop_id": "20928",
                "lat": 12.95815,
                "lon": 77.59299
              },
              {
                "name": "Pallavi Talkies",
                "name_kn": "ಪಲ್ಲವಿ ಟಲ್ಕಿೆಸ್",
                "stop_id": "22667",
                "lat": 12.9679,
                "lon": 77.59102
              },
              {
                "name": "Corporation",
                "name_kn": "ಕೊರ್ಪೊರಟಿೊಂ",
                "stop_id": "20725",
                "lat": 12.96839,
                "lon": 77.58675
              },
              {
                "name": "Mysore Bank",
                "name_kn": "ಮೆಸೊರೆ ಬಂಕ್",
                "stop_id": "35383",
                "lat": 12.97253,
                "lon": 77.58199
              },
              {
                "name": "Kempegowda Bus Station",
                "name_kn": "ಕೆಂಪೆಗೌದ ಬುಸ್ ಸ್ಟಟಿೊಂ",
                "stop_id": "20922",
                "lat": 12.97749,
                "lon": 77.57327
              }
            ]
          },
          {
            "Route": "KBS-3C FLYOVER",
            "RouteId": 2598,
            "RouteParentId": 1501,
            "Destination": "Kempegowda Bus Station",
            "Via": "",
            "Area": "Surya Nagara",
            "PlatformNumber": "2",
            "KannadaDestination": "ಕೆಂಪೆಗೌದ ಬುಸ್ ಸ್ಟಟಿೊಂ",
            "KannadaArea": "ಸೂರ್ಯ ನಗರ",
            "KannadaVia": "",
            "FromStationId": 21167,
            "Stops": [
              {
                "name": "Shanthinagara Bus Station",
                "name_kn": "ಶಂತಿನಗರ ಬುಸ್ ಸ್ಟಟಿೊಂ",
                "stop_id": "21167",
                "lat": 12.95483,
                "lon": 77.59235
              },
              {
                "name": "KH Road",
                "name_kn": "ಖ್ ರೊದ್",
                "stop_id": "20928",
                "lat": 12.95815,
                "lon": 77.59299
              },
              {
                "name": "Pallavi Talkies",
                "name_kn": "ಪಲ್ಲವಿ ಟಲ್ಕಿೆಸ್",
                "stop_id": "22667",
                "lat": 12.9679,
                "lon": 77.59102
              },
              {
                "name": "Corporation",
                "name_kn": "ಕೊರ್ಪೊರಟಿೊಂ",
                "stop_id": "20725",
                "lat": 12.96839,
                "lon": 77.58675
              },
              {
                "name": "Mysore Bank",
                "name_kn": "ಮೆಸೊರೆ ಬಂಕ್",
                "stop_id": "35383",
                "lat": 12.97253,
                "lon": 77.58199
              },
              {
                "name": "Kempegowda Bus Station",
                "name_kn": "ಕೆಂಪೆಗೌದ ಬುಸ್ ಸ್ಟಟಿೊಂ",
                "stop_id": "20922",
                "lat": 12.97749,
                "lon": 77.57327
              }
            ]
          },
          {
            "Route": "365-K",
            "RouteId": 3542,
            "RouteParentId": 1993,
            "Destination": "Kempegowda Bus Station",
            "Via": "",
            "Area": "CK Palya",
            "PlatformNumber": "2",
            "KannadaDestination": "ಕೆಂಪೆಗೌದ ಬುಸ್ ಸ್ಟಟಿೊಂ",
            "KannadaArea": "ಸಿಕೆ ಪಾಳ್ಯ",
            "KannadaVia": "",
            "FromStationId": 21167,
            "Stops": [
              {
                "name": "Shanthinagara Bus Station",
                "name_kn": "ಶಂತಿನಗರ ಬುಸ್ ಸ್ಟಟಿೊಂ",
                "stop_id": "21167",
                "lat": 12.95483,
                "lon": 77.59235
              },
              {
                "name": "KH Road",
                "name_kn": "ಖ್ ರೊದ್",
                "stop_id": "20928",
                "lat": 12.95815,
                "lon": 77.59299
              },
              {
                "name": "Pallavi Talkies",
                "name_kn": "ಪಲ್ಲವಿ ಟಲ್ಕಿೆಸ್",
                "stop_id": "22667",
                "lat": 12.9679,
                "lon": 77.59102
              },
              {
                "name": "Corporation",
                "name_kn": "ಕೊರ್ಪೊರಟಿೊಂ",
                "stop_id": "20725",
                "lat": 12.96839,
                "lon": 77.58675
              },
              {
                "name": "Mysore Bank",
                "name_kn": "ಮೆಸೊರೆ ಬಂಕ್",
                "stop_id": "35383",
                "lat": 12.97253,
                "lon": 77.58199
              },
              {
                "name": "Kempegowda Bus Station",
                "name_kn": "ಕೆಂಪೆಗೌದ ಬುಸ್ ಸ್ಟಟಿೊಂ",
                "stop_id": "20922",
                "lat": 12.97749,
                "lon": 77.57327
              }
            ]
          },
          {
            "Route": "365-S",
            "RouteId": 3548,
            "RouteParentId": 1997,
            "Destination": "Kempegowda Bus Station",
            "Via": "",
            "Area": "Mutturayanaswamy Doddy",
            "PlatformNumber": "2",
            "KannadaDestination": "ಕೆಂಪೆಗೌದ ಬುಸ್ ಸ್ಟಟಿೊಂ",
            "KannadaArea": "ಮುತ್ತುರಾಯನಸ್ವಾಮಿ ದೊಡ್ಡಿ",
            "KannadaVia": "",
            "FromStationId": 21167,
            "Stops": [
              {
                "name": "Shanthinagara Bus Station",
                "name_kn": "ಶಂತಿನಗರ ಬುಸ್ ಸ್ಟಟಿೊಂ",
                "stop_id": "21167",
                "lat": 12.95483,
                "lon": 77.59235
              },
              {
                "name": "KH Road",
                "name_kn": "ಖ್ ರೊದ್",
                "stop_id": "20928",
                "lat": 12.95815,
                "lon": 77.59299
              },
              {
                "name": "Pallavi Talkies",
                "name_kn": "ಪಲ್ಲವಿ ಟಲ್ಕಿೆಸ್",
                "stop_id": "22667",
                "lat": 12.9679,
                "lon": 77.59102
              },
              {
                "name": "Corporation",
                "name_kn": "ಕೊರ್ಪೊರಟಿೊಂ",
                "stop_id": "20725",
                "lat": 12.96839,
                "lon": 77.58675
              },
              {
                "name": "Mysore Bank",
                "name_kn": "ಮೆಸೊರೆ ಬಂಕ್",
                "stop_id": "35383",
                "lat": 12.97253,
                "lon": 77.58199
              },
              {
                "name": "Kempegowda Bus Station",
                "name_kn": "ಕೆಂಪೆಗೌದ ಬುಸ್ ಸ್ಟಟಿೊಂ",
                "stop_id": "20922",
                "lat": 12.97749,
                "lon": 77.57327
              }
            ]
          },
          {
            "Route": "365-B",
            "RouteId": 3559,
            "RouteParentId": 2005,
            "Destination": "Kempegowda Bus Station",
            "Via": "",
            "Area": "Malenallasandra",
            "PlatformNumber": "2",
            "KannadaDestination": "ಕೆಂಪೆಗೌದ ಬುಸ್ ಸ್ಟಟಿೊಂ",
            "KannadaArea": "ಮಳೆನಲ್ಲಸಂದ್ರ",
            "KannadaVia": "",
            "FromStationId": 21167,
            "Stops": [
              {
                "name": "Shanthinagara Bus Station",
                "name_kn": "ಶಂತಿನಗರ ಬುಸ್ ಸ್ಟಟಿೊಂ",
                "stop_id": "21167",
                "lat": 12.95483,
                "lon": 77.59235
              },
              {
                "name": "KH Road",
                "name_kn": "ಖ್ ರೊದ್",
                "stop_id": "20928",
                "lat": 12.95815,
                "lon": 77.59299
              },
              {
                "name": "Pallavi Talkies",
                "name_kn": "ಪಲ್ಲವಿ ಟಲ್ಕಿೆಸ್",
                "stop_id": "22667",
                "lat": 12.9679,
                "lon": 77.59102
              },
              {
                "name": "Corporation",
                "name_kn": "ಕೊರ್ಪೊರಟಿೊಂ",
                "stop_id": "20725",
                "lat": 12.96839,
                "lon": 77.58675
              },
              {
                "name": "Mysore Bank",
                "name_kn": "ಮೆಸೊರೆ ಬಂಕ್",
                "stop_id": "35383",
                "lat": 12.97253,
                "lon": 77.58199
              },
              {
                "name": "Kempegowda Bus Station",
                "name_kn": "ಕೆಂಪೆಗೌದ ಬುಸ್ ಸ್ಟಟಿೊಂ",
                "stop_id": "20922",
                "lat": 12.97749,
                "lon": 77.57327
              }
            ]
          },
          {
            "Route": "365-Q",
            "RouteId": 3564,
            "RouteParentId": 2002,
            "Destination": "Kempegowda Bus Station",
            "Via": "",
            "Area": "Dyavasandra",
            "PlatformNumber": "2",
            "KannadaDestination": "ಕೆಂಪೆಗೌದ ಬುಸ್ ಸ್ಟಟಿೊಂ",
            "KannadaArea": "ದ್ಯಾವಸಂದ್ರ",
            "KannadaVia": "",
            "FromStationId": 21167,
            "Stops": [
              {
                "name": "Shanthinagara Bus Station",
                "name_kn": "ಶಂತಿನಗರ ಬುಸ್ ಸ್ಟಟಿೊಂ",
                "stop_id": "21167",
                "lat": 12.95483,
                "lon": 77.59235
              },
              {
                "name": "KH Road",
                "name_kn": "ಖ್ ರೊದ್",
                "stop_id": "20928",
                "lat": 12.95815,
                "lon": 77.59299
              },
              {
                "name": "Pallavi Talkies",
                "name_kn": "ಪಲ್ಲವಿ ಟಲ್ಕಿೆಸ್",
                "stop_id": "22667",
                "lat": 12.9679,
                "lon": 77.59102
              },
              {
                "name": "Corporation",
                "name_kn": "ಕೊರ್ಪೊರಟಿೊಂ",
                "stop_id": "20725",
                "lat": 12.96839,
                "lon": 77.58675
              },
              {
                "name": "Mysore Bank",
                "name_kn": "ಮೆಸೊರೆ ಬಂಕ್",
                "stop_id": "35383",
                "lat": 12.97253,
                "lon": 77.58199
              },
              {
                "name": "Kempegowda Bus Station",
                "name_kn": "ಕೆಂಪೆಗೌದ ಬುಸ್ ಸ್ಟಟಿೊಂ",
                "stop_id": "20922",
                "lat": 12.97749,
                "lon": 77.57327
              }
            ]
          },
          {
            "Route": "V-365",
            "RouteId": 3617,
            "RouteParentId": 2027,
            "Destination": "Kempegowda Bus Station",
            "Via": "",
            "Area": "Bannerughatta National Park",
            "PlatformNumber": "2",
            "KannadaDestination": "ಕೆಂಪೆಗೌದ ಬುಸ್ ಸ್ಟಟಿೊಂ",
            "KannadaArea": "ಬನ್ನೇರುಘಟ್ಟ ರಾಷ್ಟ್ರೀಯ ಉದ್ಯಾನವನ",
            "KannadaVia": "",
            "FromStationId": 21167,
            "Stops": [
              {
                "name": "Shanthinagara Bus Station",
                "name_kn": "ಶಂತಿನಗರ ಬುಸ್ ಸ್ಟಟಿೊಂ",
                "stop_id": "21167",
                "lat": 12.95483,
                "lon": 77.59235
              },
              {
                "name": "KH Road",
                "name_kn": "ಖ್ ರೊದ್",
                "stop_id": "20928",
                "lat": 12.95815,
                "lon": 77.59299
              },
              {
                "name": "Pallavi Talkies",
                "name_kn": "ಪಲ್ಲವಿ ಟಲ್ಕಿೆಸ್",
                "stop_id": "22667",
                "lat": 12.9679,
                "lon": 77.59102
              },
              {
                "name": "Corporation",
                "name_kn": "ಕೊರ್ಪೊರಟಿೊಂ",
                "stop_id": "20725",
                "lat": 12.96839,
                "lon": 77.58675
              },
              {
                "name": "Mysore Bank",
                "name_kn": "ಮೆಸೊರೆ ಬಂಕ್",
                "stop_id": "35383",
                "lat": 12.97253,
                "lon": 77.58199
              },
              {
                "name": "Kempegowda Bus Station",
                "name_kn": "ಕೆಂಪೆಗೌದ ಬುಸ್ ಸ್ಟಟಿೊಂ",
                "stop_id": "20922",
                "lat": 12.97749,
                "lon": 77.57327
              }
            ]
          },
          {
            "Route": "V-342F",
            "RouteId": 3892,
            "RouteParentId": 2153,
            "Destination": "Kempegowda Bus Station",
            "Via": "",
            "Area": "Sarjapura",
            "PlatformNumber": "2",
            "KannadaDestination": "ಕೆಂಪೆಗೌದ ಬುಸ್ ಸ್ಟಟಿೊಂ",
            "KannadaArea": "ಸರ್ಜಾಪುರ",
            "KannadaVia": "",
            "FromStationId": 21167,
            "Stops": [
              {
                "name": "Shanthinagara Bus Station",
                "name_kn": "ಶಂತಿನಗರ ಬುಸ್ ಸ್ಟಟಿೊಂ",
                "stop_id": "21167",
                "lat": 12.95483,
                "lon": 77.59235
              },
              {
                "name": "KH Road",
                "name_kn": "ಖ್ ರೊದ್",
                "stop_id": "20928",
                "lat": 12.95815,
                "lon": 77.59299
              },
              {
                "name": "Pallavi Talkies",
                "name_kn": "ಪಲ್ಲವಿ ಟಲ್ಕಿೆಸ್",
                "stop_id": "22667",
                "lat": 12.9679,
                "lon": 77.59102
              },
              {
                "name": "Corporation",
                "name_kn": "ಕೊರ್ಪೊರಟಿೊಂ",
                "stop_id": "20725",
                "lat": 12.96839,
                "lon": 77.58675
              },
              {
                "name": "Mysore Bank",
                "name_kn": "ಮೆಸೊರೆ ಬಂಕ್",
                "stop_id": "35383",
                "lat": 12.97253,
                "lon": 77.58199
              },
              {
                "name": "Kempegowda Bus Station",
                "name_kn": "ಕೆಂಪೆಗೌದ ಬುಸ್ ಸ್ಟಟಿೊಂ",
                "stop_id": "20922",
                "lat": 12.97749,
                "lon": 77.57327
              }
            ]
          },
          {
            "Route": "V-342F D25G-KBS",
            "RouteId": 3983,
            "RouteParentId": 2211,
            "Destination": "Kempegowda Bus Station",
            "Via": "",
            "Area": "Depot-25 Gate",
            "PlatformNumber": "2",
            "KannadaDestination": "ಕೆಂಪೆಗೌದ ಬುಸ್ ಸ್ಟಟಿೊಂ",
            "KannadaArea": "ಘಟಕ-25 ಗೇಟ್",
            "KannadaVia": "",
            "FromStationId": 21167,
            "Stops": [
              {
                "name": "Shanthinagara Bus Station",
                "name_kn": "ಶಂತಿನಗರ ಬುಸ್ ಸ್ಟಟಿೊಂ",
                "stop_id": "21167",
                "lat": 12.95483,
                "lon": 77.59235
              },
              {
                "name": "KH Road",
                "name_kn": "ಖ್ ರೊದ್",
                "stop_id": "20928",
                "lat": 12.95815,
                "lon": 77.59299
              },
              {
                "name": "Pallavi Talkies",
                "name_kn": "ಪಲ್ಲವಿ ಟಲ್ಕಿೆಸ್",
                "stop_id": "22667",
                "lat": 12.9679,
                "lon": 77.59102
              },
              {
                "name": "Corporation",
                "name_kn": "ಕೊರ್ಪೊರಟಿೊಂ",
                "stop_id": "20725",
                "lat": 12.96839,
                "lon": 77.58675
              },
              {
                "name": "Mysore Bank",
                "name_kn": "ಮೆಸೊರೆ ಬಂಕ್",
                "stop_id": "35383",
                "lat": 12.97253,
                "lon": 77.58199
              },
              {
                "name": "Kempegowda Bus Station",
                "name_kn": "ಕೆಂಪೆಗೌದ ಬುಸ್ ಸ್ಟಟಿೊಂ",
                "stop_id": "20922",
                "lat": 12.97749,
                "lon": 77.57327
              }
            ]
          },
          {
            "Route": "371-D",
            "RouteId": 4539,
            "RouteParentId": 2494,
            "Destination": "Kempegowda Bus Station",
            "Via": "",
            "Area": "Kaggalipura",
            "PlatformNumber": "2",
            "KannadaDestination": "ಕೆಂಪೆಗೌದ ಬುಸ್ ಸ್ಟಟಿೊಂ",
            "KannadaArea": "ಕಗ್ಗಲಿಪುರ",
            "KannadaVia": "",
            "FromStationId": 21167,
            "Stops": [
              {
                "name": "Shanthinagara Bus Station",
                "name_kn": "ಶಂತಿನಗರ ಬುಸ್ ಸ್ಟಟಿೊಂ",
                "stop_id": "21167",
                "lat": 12.95483,
                "lon": 77.59235
              },
              {
                "name": "KH Road",
                "name_kn": "ಖ್ ರೊದ್",
                "stop_id": "20928",
                "lat": 12.95815,
                "lon": 77.59299
              },
              {
                "name": "Pallavi Talkies",
                "name_kn": "ಪಲ್ಲವಿ ಟಲ್ಕಿೆಸ್",
                "stop_id": "22667",
                "lat": 12.9679,
                "lon": 77.59102
              },
              {
                "name": "Corporation",
                "name_kn": "ಕೊರ್ಪೊರಟಿೊಂ",
                "stop_id": "20725",
                "lat": 12.96839,
                "lon": 77.58675
              },
              {
                "name": "Mysore Bank",
                "name_kn": "ಮೆಸೊರೆ ಬಂಕ್",
                "stop_id": "35383",
                "lat": 12.97253,
                "lon": 77.58199
              },
              {
                "name": "Kempegowda Bus Station",
                "name_kn": "ಕೆಂಪೆಗೌದ ಬುಸ್ ಸ್ಟಟಿೊಂ",
                "stop_id": "20922",
                "lat": 12.97749,
                "lon": 77.57327
              }
            ]
          },
          {
            "Route": "KBS-3F",
            "RouteId": 4917,
            "RouteParentId": 2697,
            "Destination": "Kempegowda Bus Station",
            "Via": "",
            "Area": "Attibele Bus Stand",
            "PlatformNumber": "2",
            "KannadaDestination": "ಕೆಂಪೆಗೌದ ಬುಸ್ ಸ್ಟಟಿೊಂ",
            "KannadaArea": "ಅತ್ತಿಬೆಲೆ ಬಸ್‌ ನಿಲ್ಧಾಣ",
            "KannadaVia": "",
            "FromStationId": 21167,
            "Stops": [
              {
                "name": "Shanthinagara Bus Station",
                "name_kn": "ಶಂತಿನಗರ ಬುಸ್ ಸ್ಟಟಿೊಂ",
                "stop_id": "21167",
                "lat": 12.95483,
                "lon": 77.59235
              },
              {
                "name": "KH Road",
                "name_kn": "ಖ್ ರೊದ್",
                "stop_id": "20928",
                "lat": 12.95815,
                "lon": 77.59299
              },
              {
                "name": "Pallavi Talkies",
                "name_kn": "ಪಲ್ಲವಿ ಟಲ್ಕಿೆಸ್",
                "stop_id": "22667",
                "lat": 12.9679,
                "lon": 77.59102
              },
              {
                "name": "Corporation",
                "name_kn": "ಕೊರ್ಪೊರಟಿೊಂ",
                "stop_id": "20725",
                "lat": 12.96839,
                "lon": 77.58675
              },
              {
                "name": "Mysore Bank",
                "name_kn": "ಮೆಸೊರೆ ಬಂಕ್",
                "stop_id": "35383",
                "lat": 12.97253,
                "lon": 77.58199
              },
              {
                "name": "Kempegowda Bus Station",
                "name_kn": "ಕೆಂಪೆಗೌದ ಬುಸ್ ಸ್ಟಟಿೊಂ",
                "stop_id": "20922",
                "lat": 12.97749,
                "lon": 77.57327
              }
            ]
          },
          {
            "Route": "360-J",
            "RouteId": 5039,
            "RouteParentId": 2748,
            "Destination": "Kempegowda Bus Station",
            "Via": "",
            "Area": "Handenahalli Attibele",
            "PlatformNumber": "2",
            "KannadaDestination": "ಕೆಂಪೆಗೌದ ಬುಸ್ ಸ್ಟಟಿೊಂ",
            "KannadaArea": "ಹಂದೇನಹಳ್ಳಿ ಅತ್ತಿಬೆಲೆ",
            "KannadaVia": "",
            "FromStationId": 21167,
            "Stops": [
              {
                "name": "Shanthinagara Bus Station",
                "name_kn": "ಶಂತಿನಗರ ಬುಸ್ ಸ್ಟಟಿೊಂ",
                "stop_id": "21167",
                "lat": 12.95483,
                "lon": 77.59235
              },
              {
                "name": "KH Road",
                "name_kn": "ಖ್ ರೊದ್",
                "stop_id": "20928",
                "lat": 12.95815,
                "lon": 77.59299
              },
              {
                "name": "Pallavi Talkies",
                "name_kn": "ಪಲ್ಲವಿ ಟಲ್ಕಿೆಸ್",
                "stop_id": "22667",
                "lat": 12.9679,
                "lon": 77.59102
              },
              {
                "name": "Corporation",
                "name_kn": "ಕೊರ್ಪೊರಟಿೊಂ",
                "stop_id": "20725",
                "lat": 12.96839,
                "lon": 77.58675
              },
              {
                "name": "Mysore Bank",
                "name_kn": "ಮೆಸೊರೆ ಬಂಕ್",
                "stop_id": "35383",
                "lat": 12.97253,
                "lon": 77.58199
              },
              {
                "name": "Kempegowda Bus Station",
                "name_kn": "ಕೆಂಪೆಗೌದ ಬುಸ್ ಸ್ಟಟಿೊಂ",
                "stop_id": "20922",
                "lat": 12.97749,
                "lon": 77.57327
              }
            ]
          },
          {
            "Route": "360-S",
            "RouteId": 5204,
            "RouteParentId": 2842,
            "Destination": "Kempegowda Bus Station",
            "Via": "",
            "Area": "Samanduru",
            "PlatformNumber": "2",
            "KannadaDestination": "ಕೆಂಪೆಗೌದ ಬುಸ್ ಸ್ಟಟಿೊಂ",
            "KannadaArea": "ಸಮಂದೂರು",
            "KannadaVia": "",
            "FromStationId": 21167,
            "Stops": [
              {
                "name": "Shanthinagara Bus Station",
                "name_kn": "ಶಂತಿನಗರ ಬುಸ್ ಸ್ಟಟಿೊಂ",
                "stop_id": "21167",
                "lat": 12.95483,
                "lon": 77.59235
              },
              {
                "name": "KH Road",
                "name_kn": "ಖ್ ರೊದ್",
                "stop_id": "20928",
                "lat": 12.95815,
                "lon": 77.59299
              },
              {
                "name": "Pallavi Talkies",
                "name_kn": "ಪಲ್ಲವಿ ಟಲ್ಕಿೆಸ್",
                "stop_id": "22667",
                "lat": 12.9679,
                "lon": 77.59102
              },
              {
                "name": "Corporation",
                "name_kn": "ಕೊರ್ಪೊರಟಿೊಂ",
                "stop_id": "20725",
                "lat": 12.96839,
                "lon": 77.58675
              },
              {
                "name": "Mysore Bank",
                "name_kn": "ಮೆಸೊರೆ ಬಂಕ್",
                "stop_id": "35383",
                "lat": 12.97253,
                "lon": 77.58199
              },
              {
                "name": "Kempegowda Bus Station",
                "name_kn": "ಕೆಂಪೆಗೌದ ಬುಸ್ ಸ್ಟಟಿೊಂ",
                "stop_id": "20922",
                "lat": 12.97749,
                "lon": 77.57327
              }
            ]
          },
          {
            "Route": "343-K",
            "RouteId": 6224,
            "RouteParentId": 3366,
            "Destination": "Kempegowda Bus Station",
            "Via": "",
            "Area": "Vishwapriya Layout Cross",
            "PlatformNumber": "2",
            "KannadaDestination": "ಕೆಂಪೆಗೌದ ಬುಸ್ ಸ್ಟಟಿೊಂ",
            "KannadaArea": "ವಿಶ್ವಪ್ರಿಯ ಬಡಾವಣೆ ಕ್ರಾಸ್",
            "KannadaVia": "",
            "FromStationId": 21167,
            "Stops": [
              {
                "name": "Shanthinagara Bus Station",
                "name_kn": "ಶಂತಿನಗರ ಬುಸ್ ಸ್ಟಟಿೊಂ",
                "stop_id": "21167",
                "lat": 12.95483,
                "lon": 77.59235
              },
              {
                "name": "KH Road",
                "name_kn": "ಖ್ ರೊದ್",
                "stop_id": "20928",
                "lat": 12.95815,
                "lon": 77.59299
              },
              {
                "name": "Pallavi Talkies",
                "name_kn": "ಪಲ್ಲವಿ ಟಲ್ಕಿೆಸ್",
                "stop_id": "22667",
                "lat": 12.9679,
                "lon": 77.59102
              },
              {
                "name": "Corporation",
                "name_kn": "ಕೊರ್ಪೊರಟಿೊಂ",
                "stop_id": "20725",
                "lat": 12.96839,
                "lon": 77.58675
              },
              {
                "name": "Mysore Bank",
                "name_kn": "ಮೆಸೊರೆ ಬಂಕ್",
                "stop_id": "35383",
                "lat": 12.97253,
                "lon": 77.58199
              },
              {
                "name": "Kempegowda Bus Station",
                "name_kn": "ಕೆಂಪೆಗೌದ ಬುಸ್ ಸ್ಟಟಿೊಂ",
                "stop_id": "20922",
                "lat": 12.97749,
                "lon": 77.57327
              }
            ]
          },
          {
            "Route": "346-C",
            "RouteId": 6495,
            "RouteParentId": 3505,
            "Destination": "Kempegowda Bus Station",
            "Via": "",
            "Area": "Rayasandra Circle",
            "PlatformNumber": "2",
            "KannadaDestination": "ಕೆಂಪೆಗೌದ ಬುಸ್ ಸ್ಟಟಿೊಂ",
            "KannadaArea": "ರಾಯಸಂದ್ರ ವೃತ್ತ",
            "KannadaVia": "",
            "FromStationId": 21167,
            "Stops": [
              {
                "name": "Shanthinagara Bus Station",
                "name_kn": "ಶಂತಿನಗರ ಬುಸ್ ಸ್ಟಟಿೊಂ",
                "stop_id": "21167",
                "lat": 12.95483,
                "lon": 77.59235
              },
              {
                "name": "KH Road",
                "name_kn": "ಖ್ ರೊದ್",
                "stop_id": "20928",
                "lat": 12.95815,
                "lon": 77.59299
              },
              {
                "name": "Pallavi Talkies",
                "name_kn": "ಪಲ್ಲವಿ ಟಲ್ಕಿೆಸ್",
                "stop_id": "22667",
                "lat": 12.9679,
                "lon": 77.59102
              },
              {
                "name": "Corporation",
                "name_kn": "ಕೊರ್ಪೊರಟಿೊಂ",
                "stop_id": "20725",
                "lat": 12.96839,
                "lon": 77.58675
              },
              {
                "name": "Mysore Bank",
                "name_kn": "ಮೆಸೊರೆ ಬಂಕ್",
                "stop_id": "35383",
                "lat": 12.97253,
                "lon": 77.58199
              },
              {
                "name": "Kempegowda Bus Station",
                "name_kn": "ಕೆಂಪೆಗೌದ ಬುಸ್ ಸ್ಟಟಿೊಂ",
                "stop_id": "20922",
                "lat": 12.97749,
                "lon": 77.57327
              }
            ]
          },
          {
            "Route": "347-F",
            "RouteId": 6515,
            "RouteParentId": 3517,
            "Destination": "Kempegowda Bus Station",
            "Via": "",
            "Area": "Bengaluru Central Jail",
            "PlatformNumber": "2",
            "KannadaDestination": "ಕೆಂಪೆಗೌದ ಬುಸ್ ಸ್ಟಟಿೊಂ",
            "KannadaArea": "ಬೆಂಗಳೂರು ಕೇಂದ್ರೀಯ ಕಾರಾಗೃಹ",
            "KannadaVia": "",
            "FromStationId": 21167,
            "Stops": [
              {
                "name": "Shanthinagara Bus Station",
                "name_kn": "ಶಂತಿನಗರ ಬುಸ್ ಸ್ಟಟಿೊಂ",
                "stop_id": "21167",
                "lat": 12.95483,
                "lon": 77.59235
              },
              {
                "name": "KH Road",
                "name_kn": "ಖ್ ರೊದ್",
                "stop_id": "20928",
                "lat": 12.95815,
                "lon": 77.59299
              },
              {
                "name": "Pallavi Talkies",
                "name_kn": "ಪಲ್ಲವಿ ಟಲ್ಕಿೆಸ್",
                "stop_id": "22667",
                "lat": 12.9679,
                "lon": 77.59102
              },
              {
                "name": "Corporation",
                "name_kn": "ಕೊರ್ಪೊರಟಿೊಂ",
                "stop_id": "20725",
                "lat": 12.96839,
                "lon": 77.58675
              },
              {
                "name": "Mysore Bank",
                "name_kn": "ಮೆಸೊರೆ ಬಂಕ್",
                "stop_id": "35383",
                "lat": 12.97253,
                "lon": 77.58199
              },
              {
                "name": "Kempegowda Bus Station",
                "name_kn": "ಕೆಂಪೆಗೌದ ಬುಸ್ ಸ್ಟಟಿೊಂ",
                "stop_id": "20922",
                "lat": 12.97749,
                "lon": 77.57327
              }
            ]
          },
          {
            "Route": "347-C",
            "RouteId": 6576,
            "RouteParentId": 3550,
            "Destination": "Kempegowda Bus Station",
            "Via": "",
            "Area": "Chikka Beguru",
            "PlatformNumber": "2",
            "KannadaDestination": "ಕೆಂಪೆಗೌದ ಬುಸ್ ಸ್ಟಟಿೊಂ",
            "KannadaArea": "ಚಿಕ್ಕಬೇಗೂರು",
            "KannadaVia": "",
            "FromStationId": 21167,
            "Stops": [
              {
                "name": "Shanthinagara Bus Station",
                "name_kn": "ಶಂತಿನಗರ ಬುಸ್ ಸ್ಟಟಿೊಂ",
                "stop_id": "21167",
                "lat": 12.95483,
                "lon": 77.59235
              },
              {
                "name": "KH Road",
                "name_kn": "ಖ್ ರೊದ್",
                "stop_id": "20928",
                "lat": 12.95815,
                "lon": 77.59299
              },
              {
                "name": "Pallavi Talkies",
                "name_kn": "ಪಲ್ಲವಿ ಟಲ್ಕಿೆಸ್",
                "stop_id": "22667",
                "lat": 12.9679,
                "lon": 77.59102
              },
              {
                "name": "Corporation",
                "name_kn": "ಕೊರ್ಪೊರಟಿೊಂ",
                "stop_id": "20725",
                "lat": 12.96839,
                "lon": 77.58675
              },
              {
                "name": "Mysore Bank",
                "name_kn": "ಮೆಸೊರೆ ಬಂಕ್",
                "stop_id": "35383",
                "lat": 12.97253,
                "lon": 77.58199
              },
              {
                "name": "Kempegowda Bus Station",
                "name_kn": "ಕೆಂಪೆಗೌದ ಬುಸ್ ಸ್ಟಟಿೊಂ",
                "stop_id": "20922",
                "lat": 12.97749,
                "lon": 77.57327
              }
            ]
          },
          {
            "Route": "347-H",
            "RouteId": 6611,
            "RouteParentId": 3567,
            "Destination": "Kempegowda Bus Station",
            "Via": "",
            "Area": "Basapura Electronic City",
            "PlatformNumber": "2",
            "KannadaDestination": "ಕೆಂಪೆಗೌದ ಬುಸ್ ಸ್ಟಟಿೊಂ",
            "KannadaArea": "ಬಸಾಪುರ ಎಲೆಕ್ಟ್ರಾನಿಕ್ ಸಿಟಿ",
            "KannadaVia": "",
            "FromStationId": 21167,
            "Stops": [
              {
                "name": "Shanthinagara Bus Station",
                "name_kn": "ಶಂತಿನಗರ ಬುಸ್ ಸ್ಟಟಿೊಂ",
                "stop_id": "21167",
                "lat": 12.95483,
                "lon": 77.59235
              },
              {
                "name": "KH Road",
                "name_kn": "ಖ್ ರೊದ್",
                "stop_id": "20928",
                "lat": 12.95815,
                "lon": 77.59299
              },
              {
                "name": "Pallavi Talkies",
                "name_kn": "ಪಲ್ಲವಿ ಟಲ್ಕಿೆಸ್",
                "stop_id": "22667",
                "lat": 12.9679,
                "lon": 77.59102
              },
              {
                "name": "Corporation",
                "name_kn": "ಕೊರ್ಪೊರಟಿೊಂ",
                "stop_id": "20725",
                "lat": 12.96839,
                "lon": 77.58675
              },
              {
                "name": "Mysore Bank",
                "name_kn": "ಮೆಸೊರೆ ಬಂಕ್",
                "stop_id": "35383",
                "lat": 12.97253,
                "lon": 77.58199
              },
              {
                "name": "Kempegowda Bus Station",
                "name_kn": "ಕೆಂಪೆಗೌದ ಬುಸ್ ಸ್ಟಟಿೊಂ",
                "stop_id": "20922",
                "lat": 12.97749,
                "lon": 77.57327
              }
            ]
          },
          {
            "Route": "347-L",
            "RouteId": 6625,
            "RouteParentId": 3574,
            "Destination": "Kempegowda Bus Station",
            "Via": "",
            "Area": "Hosapalya Kudlu Gate",
            "PlatformNumber": "2",
            "KannadaDestination": "ಕೆಂಪೆಗೌದ ಬುಸ್ ಸ್ಟಟಿೊಂ",
            "KannadaArea": "ಹೊಸಪಾಳ್ಯ ಕೂಡ್ಲು ಗೇಟ್",
            "KannadaVia": "",
            "FromStationId": 21167,
            "Stops": [
              {
                "name": "Shanthinagara Bus Station",
                "name_kn": "ಶಂತಿನಗರ ಬುಸ್ ಸ್ಟಟಿೊಂ",
                "stop_id": "21167",
                "lat": 12.95483,
                "lon": 77.59235
              },
              {
                "name": "KH Road",
                "name_kn": "ಖ್ ರೊದ್",
                "stop_id": "20928",
                "lat": 12.95815,
                "lon": 77.59299
              },
              {
                "name": "Pallavi Talkies",
                "name_kn": "ಪಲ್ಲವಿ ಟಲ್ಕಿೆಸ್",
                "stop_id": "22667",
                "lat": 12.9679,
                "lon": 77.59102
              },
              {
                "name": "Corporation",
                "name_kn": "ಕೊರ್ಪೊರಟಿೊಂ",
                "stop_id": "20725",
                "lat": 12.96839,
                "lon": 77.58675
              },
              {
                "name": "Mysore Bank",
                "name_kn": "ಮೆಸೊರೆ ಬಂಕ್",
                "stop_id": "35383",
                "lat": 12.97253,
                "lon": 77.58199
              },
              {
                "name": "Kempegowda Bus Station",
                "name_kn": "ಕೆಂಪೆಗೌದ ಬುಸ್ ಸ್ಟಟಿೊಂ",
                "stop_id": "20922",
                "lat": 12.97749,
                "lon": 77.57327
              }
            ]
          },
          {
            "Route": "347-N",
            "RouteId": 6638,
            "RouteParentId": 3582,
            "Destination": "Kempegowda Bus Station",
            "Via": "",
            "Area": "AECS Layout Singasandra",
            "PlatformNumber": "2",
            "KannadaDestination": "ಕೆಂಪೆಗೌದ ಬುಸ್ ಸ್ಟಟಿೊಂ",
            "KannadaArea": "ಎಇಸಿಎಸ್‌ ಲೇಔಟ್‌ ಸಿಂಗಸಂದ್ರ",
            "KannadaVia": "",
            "FromStationId": 21167,
            "Stops": [
              {
                "name": "Shanthinagara Bus Station",
                "name_kn": "ಶಂತಿನಗರ ಬುಸ್ ಸ್ಟಟಿೊಂ",
                "stop_id": "21167",
                "lat": 12.95483,
                "lon": 77.59235
              },
              {
                "name": "KH Road",
                "name_kn": "ಖ್ ರೊದ್",
                "stop_id": "20928",
                "lat": 12.95815,
                "lon": 77.59299
              },
              {
                "name": "Pallavi Talkies",
                "name_kn": "ಪಲ್ಲವಿ ಟಲ್ಕಿೆಸ್",
                "stop_id": "22667",
                "lat": 12.9679,
                "lon": 77.59102
              },
              {
                "name": "Corporation",
                "name_kn": "ಕೊರ್ಪೊರಟಿೊಂ",
                "stop_id": "20725",
                "lat": 12.96839,
                "lon": 77.58675
              },
              {
                "name": "Mysore Bank",
                "name_kn": "ಮೆಸೊರೆ ಬಂಕ್",
                "stop_id": "35383",
                "lat": 12.97253,
                "lon": 77.58199
              },
              {
                "name": "Kempegowda Bus Station",
                "name_kn": "ಕೆಂಪೆಗೌದ ಬುಸ್ ಸ್ಟಟಿೊಂ",
                "stop_id": "20922",
                "lat": 12.97749,
                "lon": 77.57327
              }
            ]
          },
          {
            "Route": "348",
            "RouteId": 6654,
            "RouteParentId": 3587,
            "Destination": "Kempegowda Bus Station",
            "Via": "",
            "Area": "Hosapalya Kudlu Gate",
            "PlatformNumber": "2",
            "KannadaDestination": "ಕೆಂಪೆಗೌದ ಬುಸ್ ಸ್ಟಟಿೊಂ",
            "KannadaArea": "ಹೊಸಪಾಳ್ಯ ಕೂಡ್ಲು ಗೇಟ್",
            "KannadaVia": "",
            "FromStationId": 21167,
            "Stops": [
              {
                "name": "Shanthinagara Bus Station",
                "name_kn": "ಶಂತಿನಗರ ಬುಸ್ ಸ್ಟಟಿೊಂ",
                "stop_id": "21167",
                "lat": 12.95483,
                "lon": 77.59235
              },
              {
                "name": "KH Road",
                "name_kn": "ಖ್ ರೊದ್",
                "stop_id": "20928",
                "lat": 12.95815,
                "lon": 77.59299
              },
              {
                "name": "Pallavi Talkies",
                "name_kn": "ಪಲ್ಲವಿ ಟಲ್ಕಿೆಸ್",
                "stop_id": "22667",
                "lat": 12.9679,
                "lon": 77.59102
              },
              {
                "name": "Corporation",
                "name_kn": "ಕೊರ್ಪೊರಟಿೊಂ",
                "stop_id": "20725",
                "lat": 12.96839,
                "lon": 77.58675
              },
              {
                "name": "Mysore Bank",
                "name_kn": "ಮೆಸೊರೆ ಬಂಕ್",
                "stop_id": "35383",
                "lat": 12.97253,
                "lon": 77.58199
              },
              {
                "name": "Kempegowda Bus Station",
                "name_kn": "ಕೆಂಪೆಗೌದ ಬುಸ್ ಸ್ಟಟಿೊಂ",
                "stop_id": "20922",
                "lat": 12.97749,
                "lon": 77.57327
              }
            ]
          },
          {
            "Route": "365-J KBS-D27",
            "RouteId": 6941,
            "RouteParentId": 3732,
            "Destination": "Kempegowda Bus Station",
            "Via": "",
            "Area": "Depot-27 Gate",
            "PlatformNumber": "2",
            "KannadaDestination": "ಕೆಂಪೆಗೌದ ಬುಸ್ ಸ್ಟಟಿೊಂ",
            "KannadaArea": "ಘಟಕ-27 ಜಿಗಣಿ",
            "KannadaVia": "",
            "FromStationId": 21167,
            "Stops": [
              {
                "name": "Shanthinagara Bus Station",
                "name_kn": "ಶಂತಿನಗರ ಬುಸ್ ಸ್ಟಟಿೊಂ",
                "stop_id": "21167",
                "lat": 12.95483,
                "lon": 77.59235
              },
              {
                "name": "KH Road",
                "name_kn": "ಖ್ ರೊದ್",
                "stop_id": "20928",
                "lat": 12.95815,
                "lon": 77.59299
              },
              {
                "name": "Pallavi Talkies",
                "name_kn": "ಪಲ್ಲವಿ ಟಲ್ಕಿೆಸ್",
                "stop_id": "22667",
                "lat": 12.9679,
                "lon": 77.59102
              },
              {
                "name": "Corporation",
                "name_kn": "ಕೊರ್ಪೊರಟಿೊಂ",
                "stop_id": "20725",
                "lat": 12.96839,
                "lon": 77.58675
              },
              {
                "name": "Mysore Bank",
                "name_kn": "ಮೆಸೊರೆ ಬಂಕ್",
                "stop_id": "35383",
                "lat": 12.97253,
                "lon": 77.58199
              },
              {
                "name": "Kempegowda Bus Station",
                "name_kn": "ಕೆಂಪೆಗೌದ ಬುಸ್ ಸ್ಟಟಿೊಂ",
                "stop_id": "20922",
                "lat": 12.97749,
                "lon": 77.57327
              }
            ]
          },
          {
            "Route": "370-A KBS-UJPD",
            "RouteId": 6958,
            "RouteParentId": 3741,
            "Destination": "Kempegowda Bus Station",
            "Via": "",
            "Area": "UjinappanaDoddy",
            "PlatformNumber": "2",
            "KannadaDestination": "ಕೆಂಪೆಗೌದ ಬುಸ್ ಸ್ಟಟಿೊಂ",
            "KannadaArea": "ಉಜಿನಪ್ಪನದೊಡ್ಡಿ",
            "KannadaVia": "",
            "FromStationId": 21167,
            "Stops": [
              {
                "name": "Shanthinagara Bus Station",
                "name_kn": "ಶಂತಿನಗರ ಬುಸ್ ಸ್ಟಟಿೊಂ",
                "stop_id": "21167",
                "lat": 12.95483,
                "lon": 77.59235
              },
              {
                "name": "KH Road",
                "name_kn": "ಖ್ ರೊದ್",
                "stop_id": "20928",
                "lat": 12.95815,
                "lon": 77.59299
              },
              {
                "name": "Pallavi Talkies",
                "name_kn": "ಪಲ್ಲವಿ ಟಲ್ಕಿೆಸ್",
                "stop_id": "22667",
                "lat": 12.9679,
                "lon": 77.59102
              },
              {
                "name": "Corporation",
                "name_kn": "ಕೊರ್ಪೊರಟಿೊಂ",
                "stop_id": "20725",
                "lat": 12.96839,
                "lon": 77.58675
              },
              {
                "name": "Mysore Bank",
                "name_kn": "ಮೆಸೊರೆ ಬಂಕ್",
                "stop_id": "35383",
                "lat": 12.97253,
                "lon": 77.58199
              },
              {
                "name": "Kempegowda Bus Station",
                "name_kn": "ಕೆಂಪೆಗೌದ ಬುಸ್ ಸ್ಟಟಿೊಂ",
                "stop_id": "20922",
                "lat": 12.97749,
                "lon": 77.57327
              }
            ]
          },
          {
            "Route": "369-C",
            "RouteId": 6975,
            "RouteParentId": 3750,
            "Destination": "Kempegowda Bus Station",
            "Via": "",
            "Area": "Hulimavu",
            "PlatformNumber": "2",
            "KannadaDestination": "ಕೆಂಪೆಗೌದ ಬುಸ್ ಸ್ಟಟಿೊಂ",
            "KannadaArea": "ಹುಳಿಮಾವು",
            "KannadaVia": "",
            "FromStationId": 21167,
            "Stops": [
              {
                "name": "Shanthinagara Bus Station",
                "name_kn": "ಶಂತಿನಗರ ಬುಸ್ ಸ್ಟಟಿೊಂ",
                "stop_id": "21167",
                "lat": 12.95483,
                "lon": 77.59235
              },
              {
                "name": "KH Road",
                "name_kn": "ಖ್ ರೊದ್",
                "stop_id": "20928",
                "lat": 12.95815,
                "lon": 77.59299
              },
              {
                "name": "Pallavi Talkies",
                "name_kn": "ಪಲ್ಲವಿ ಟಲ್ಕಿೆಸ್",
                "stop_id": "22667",
                "lat": 12.9679,
                "lon": 77.59102
              },
              {
                "name": "Corporation",
                "name_kn": "ಕೊರ್ಪೊರಟಿೊಂ",
                "stop_id": "20725",
                "lat": 12.96839,
                "lon": 77.58675
              },
              {
                "name": "Mysore Bank",
                "name_kn": "ಮೆಸೊರೆ ಬಂಕ್",
                "stop_id": "35383",
                "lat": 12.97253,
                "lon": 77.58199
              },
              {
                "name": "Kempegowda Bus Station",
                "name_kn": "ಕೆಂಪೆಗೌದ ಬುಸ್ ಸ್ಟಟಿೊಂ",
                "stop_id": "20922",
                "lat": 12.97749,
                "lon": 77.57327
              }
            ]
          },
          {
            "Route": "369-D",
            "RouteId": 8147,
            "RouteParentId": 4377,
            "Destination": "Kempegowda Bus Station",
            "Via": "",
            "Area": "Shanthiniketan Layout",
            "PlatformNumber": "2",
            "KannadaDestination": "ಕೆಂಪೆಗೌದ ಬುಸ್ ಸ್ಟಟಿೊಂ",
            "KannadaArea": "ಶಾಂತಿನಿಕೇತನ ಬಡಾವಣೆ",
            "KannadaVia": "",
            "FromStationId": 21167,
            "Stops": [
              {
                "name": "Shanthinagara Bus Station",
                "name_kn": "ಶಂತಿನಗರ ಬುಸ್ ಸ್ಟಟಿೊಂ",
                "stop_id": "21167",
                "lat": 12.95483,
                "lon": 77.59235
              },
              {
                "name": "KH Road",
                "name_kn": "ಖ್ ರೊದ್",
                "stop_id": "20928",
                "lat": 12.95815,
                "lon": 77.59299
              },
              {
                "name": "Pallavi Talkies",
                "name_kn": "ಪಲ್ಲವಿ ಟಲ್ಕಿೆಸ್",
                "stop_id": "22667",
                "lat": 12.9679,
                "lon": 77.59102
              },
              {
                "name": "Corporation",
                "name_kn": "ಕೊರ್ಪೊರಟಿೊಂ",
                "stop_id": "20725",
                "lat": 12.96839,
                "lon": 77.58675
              },
              {
                "name": "Mysore Bank",
                "name_kn": "ಮೆಸೊರೆ ಬಂಕ್",
                "stop_id": "35383",
                "lat": 12.97253,
                "lon": 77.58199
              },
              {
                "name": "Kempegowda Bus Station",
                "name_kn": "ಕೆಂಪೆಗೌದ ಬುಸ್ ಸ್ಟಟಿೊಂ",
                "stop_id": "20922",
                "lat": 12.97749,
                "lon": 77.57327
              }
            ]
          },
          {
            "Route": "365 KBS-JRML",
            "RouteId": 8296,
            "RouteParentId": 4454,
            "Destination": "Kempegowda Bus Station",
            "Via": "",
            "Area": "Jayaram Layout (Hale Sampigehalli)",
            "PlatformNumber": "2",
            "KannadaDestination": "ಕೆಂಪೆಗೌದ ಬುಸ್ ಸ್ಟಟಿೊಂ",
            "KannadaArea": "ಜಯರಾಮ್ ಬಡಾವಣೆ (ಹೇಳೆ ಸಂಪಿಗೆಹಳ್ಳಿ)",
            "KannadaVia": "",
            "FromStationId": 21167,
            "Stops": [
              {
                "name": "Shanthinagara Bus Station",
                "name_kn": "ಶಂತಿನಗರ ಬುಸ್ ಸ್ಟಟಿೊಂ",
                "stop_id": "21167",
                "lat": 12.95483,
                "lon": 77.59235
              },
              {
                "name": "KH Road",
                "name_kn": "ಖ್ ರೊದ್",
                "stop_id": "20928",
                "lat": 12.95815,
                "lon": 77.59299
              },
              {
                "name": "Pallavi Talkies",
                "name_kn": "ಪಲ್ಲವಿ ಟಲ್ಕಿೆಸ್",
                "stop_id": "22667",
                "lat": 12.9679,
                "lon": 77.59102
              },
              {
                "name": "Corporation",
                "name_kn": "ಕೊರ್ಪೊರಟಿೊಂ",
                "stop_id": "20725",
                "lat": 12.96839,
                "lon": 77.58675
              },
              {
                "name": "Mysore Bank",
                "name_kn": "ಮೆಸೊರೆ ಬಂಕ್",
                "stop_id": "35383",
                "lat": 12.97253,
                "lon": 77.58199
              },
              {
                "name": "Kempegowda Bus Station",
                "name_kn": "ಕೆಂಪೆಗೌದ ಬುಸ್ ಸ್ಟಟಿೊಂ",
                "stop_id": "20922",
                "lat": 12.97749,
                "lon": 77.57327
              }
            ]
          },
          {
            "Route": "359",
            "RouteId": 9077,
            "RouteParentId": 4866,
            "Destination": "Kempegowda Bus Station",
            "Via": "",
            "Area": "Guddahatti",
            "PlatformNumber": "2",
            "KannadaDestination": "ಕೆಂಪೆಗೌದ ಬುಸ್ ಸ್ಟಟಿೊಂ",
            "KannadaArea": "ಗುಡ್ಡಹಟ್ಟಿ",
            "KannadaVia": "",
            "FromStationId": 21167,
            "Stops": [
              {
                "name": "Shanthinagara Bus Station",
                "name_kn": "ಶಂತಿನಗರ ಬುಸ್ ಸ್ಟಟಿೊಂ",
                "stop_id": "21167",
                "lat": 12.95483,
                "lon": 77.59235
              },
              {
                "name": "KH Road",
                "name_kn": "ಖ್ ರೊದ್",
                "stop_id": "20928",
                "lat": 12.95815,
                "lon": 77.59299
              },
              {
                "name": "Pallavi Talkies",
                "name_kn": "ಪಲ್ಲವಿ ಟಲ್ಕಿೆಸ್",
                "stop_id": "22667",
                "lat": 12.9679,
                "lon": 77.59102
              },
              {
                "name": "Corporation",
                "name_kn": "ಕೊರ್ಪೊರಟಿೊಂ",
                "stop_id": "20725",
                "lat": 12.96839,
                "lon": 77.58675
              },
              {
                "name": "Mysore Bank",
                "name_kn": "ಮೆಸೊರೆ ಬಂಕ್",
                "stop_id": "35383",
                "lat": 12.97253,
                "lon": 77.58199
              },
              {
                "name": "Kempegowda Bus Station",
                "name_kn": "ಕೆಂಪೆಗೌದ ಬುಸ್ ಸ್ಟಟಿೊಂ",
                "stop_id": "20922",
                "lat": 12.97749,
                "lon": 77.57327
              }
            ]
          },
          {
            "Route": "355-A",
            "RouteId": 9146,
            "RouteParentId": 4903,
            "Destination": "Kempegowda Bus Station",
            "Via": "",
            "Area": "Sriramapura Bommasandra Road",
            "PlatformNumber": "2",
            "KannadaDestination": "ಕೆಂಪೆಗೌದ ಬುಸ್ ಸ್ಟಟಿೊಂ",
            "KannadaArea": "ಶ್ರೀರಾಮಪುರ ಬೊಮ್ಮಸಂದ್ರ ರೋಡ್",
            "KannadaVia": "",
            "FromStationId": 21167,
            "Stops": [
              {
                "name": "Shanthinagara Bus Station",
                "name_kn": "ಶಂತಿನಗರ ಬುಸ್ ಸ್ಟಟಿೊಂ",
                "stop_id": "21167",
                "lat": 12.95483,
                "lon": 77.59235
              },
              {
                "name": "KH Road",
                "name_kn": "ಖ್ ರೊದ್",
                "stop_id": "20928",
                "lat": 12.95815,
                "lon": 77.59299
              },
              {
                "name": "Pallavi Talkies",
                "name_kn": "ಪಲ್ಲವಿ ಟಲ್ಕಿೆಸ್",
                "stop_id": "22667",
                "lat": 12.9679,
                "lon": 77.59102
              },
              {
                "name": "Corporation",
                "name_kn": "ಕೊರ್ಪೊರಟಿೊಂ",
                "stop_id": "20725",
                "lat": 12.96839,
                "lon": 77.58675
              },
              {
                "name": "Mysore Bank",
                "name_kn": "ಮೆಸೊರೆ ಬಂಕ್",
                "stop_id": "35383",
                "lat": 12.97253,
                "lon": 77.58199
              },
              {
                "name": "Kempegowda Bus Station",
                "name_kn": "ಕೆಂಪೆಗೌದ ಬುಸ್ ಸ್ಟಟಿೊಂ",
                "stop_id": "20922",
                "lat": 12.97749,
                "lon": 77.57327
              }
            ]
          },
          {
            "Route": "354-C",
            "RouteId": 9149,
            "RouteParentId": 4904,
            "Destination": "Kempegowda Bus Station",
            "Via": "",
            "Area": "Marsuru",
            "PlatformNumber": "2",
            "KannadaDestination": "ಕೆಂಪೆಗೌದ ಬುಸ್ ಸ್ಟಟಿೊಂ",
            "KannadaArea": "ಮರಸೂರು",
            "KannadaVia": "",
            "FromStationId": 21167,
            "Stops": [
              {
                "name": "Shanthinagara Bus Station",
                "name_kn": "ಶಂತಿನಗರ ಬುಸ್ ಸ್ಟಟಿೊಂ",
                "stop_id": "21167",
                "lat": 12.95483,
                "lon": 77.59235
              },
              {
                "name": "KH Road",
                "name_kn": "ಖ್ ರೊದ್",
                "stop_id": "20928",
                "lat": 12.95815,
                "lon": 77.59299
              },
              {
                "name": "Pallavi Talkies",
                "name_kn": "ಪಲ್ಲವಿ ಟಲ್ಕಿೆಸ್",
                "stop_id": "22667",
                "lat": 12.9679,
                "lon": 77.59102
              },
              {
                "name": "Corporation",
                "name_kn": "ಕೊರ್ಪೊರಟಿೊಂ",
                "stop_id": "20725",
                "lat": 12.96839,
                "lon": 77.58675
              },
              {
                "name": "Mysore Bank",
                "name_kn": "ಮೆಸೊರೆ ಬಂಕ್",
                "stop_id": "35383",
                "lat": 12.97253,
                "lon": 77.58199
              },
              {
                "name": "Kempegowda Bus Station",
                "name_kn": "ಕೆಂಪೆಗೌದ ಬುಸ್ ಸ್ಟಟಿೊಂ",
                "stop_id": "20922",
                "lat": 12.97749,
                "lon": 77.57327
              }
            ]
          },
          {
            "Route": "352-A",
            "RouteId": 9201,
            "RouteParentId": 4931,
            "Destination": "Kempegowda Bus Station",
            "Via": "",
            "Area": "Hennagara",
            "PlatformNumber": "2",
            "KannadaDestination": "ಕೆಂಪೆಗೌದ ಬುಸ್ ಸ್ಟಟಿೊಂ",
            "KannadaArea": "ಹೆನ್ನಾಗರ",
            "KannadaVia": "",
            "FromStationId": 21167,
            "Stops": [
              {
                "name": "Shanthinagara Bus Station",
                "name_kn": "ಶಂತಿನಗರ ಬುಸ್ ಸ್ಟಟಿೊಂ",
                "stop_id": "21167",
                "lat": 12.95483,
                "lon": 77.59235
              },
              {
                "name": "KH Road",
                "name_kn": "ಖ್ ರೊದ್",
                "stop_id": "20928",
                "lat": 12.95815,
                "lon": 77.59299
              },
              {
                "name": "Pallavi Talkies",
                "name_kn": "ಪಲ್ಲವಿ ಟಲ್ಕಿೆಸ್",
                "stop_id": "22667",
                "lat": 12.9679,
                "lon": 77.59102
              },
              {
                "name": "Corporation",
                "name_kn": "ಕೊರ್ಪೊರಟಿೊಂ",
                "stop_id": "20725",
                "lat": 12.96839,
                "lon": 77.58675
              },
              {
                "name": "Mysore Bank",
                "name_kn": "ಮೆಸೊರೆ ಬಂಕ್",
                "stop_id": "35383",
                "lat": 12.97253,
                "lon": 77.58199
              },
              {
                "name": "Kempegowda Bus Station",
                "name_kn": "ಕೆಂಪೆಗೌದ ಬುಸ್ ಸ್ಟಟಿೊಂ",
                "stop_id": "20922",
                "lat": 12.97749,
                "lon": 77.57327
              }
            ]
          },
          {
            "Route": "356-A",
            "RouteId": 9278,
            "RouteParentId": 4970,
            "Destination": "Kempegowda Bus Station",
            "Via": "",
            "Area": "Thattanahalli",
            "PlatformNumber": "2",
            "KannadaDestination": "ಕೆಂಪೆಗೌದ ಬುಸ್ ಸ್ಟಟಿೊಂ",
            "KannadaArea": "ತಟ್ಟನಹಳ್ಳಿ",
            "KannadaVia": "",
            "FromStationId": 21167,
            "Stops": [
              {
                "name": "Shanthinagara Bus Station",
                "name_kn": "ಶಂತಿನಗರ ಬುಸ್ ಸ್ಟಟಿೊಂ",
                "stop_id": "21167",
                "lat": 12.95483,
                "lon": 77.59235
              },
              {
                "name": "KH Road",
                "name_kn": "ಖ್ ರೊದ್",
                "stop_id": "20928",
                "lat": 12.95815,
                "lon": 77.59299
              },
              {
                "name": "Pallavi Talkies",
                "name_kn": "ಪಲ್ಲವಿ ಟಲ್ಕಿೆಸ್",
                "stop_id": "22667",
                "lat": 12.9679,
                "lon": 77.59102
              },
              {
                "name": "Corporation",
                "name_kn": "ಕೊರ್ಪೊರಟಿೊಂ",
                "stop_id": "20725",
                "lat": 12.96839,
                "lon": 77.58675
              },
              {
                "name": "Mysore Bank",
                "name_kn": "ಮೆಸೊರೆ ಬಂಕ್",
                "stop_id": "35383",
                "lat": 12.97253,
                "lon": 77.58199
              },
              {
                "name": "Kempegowda Bus Station",
                "name_kn": "ಕೆಂಪೆಗೌದ ಬುಸ್ ಸ್ಟಟಿೊಂ",
                "stop_id": "20922",
                "lat": 12.97749,
                "lon": 77.57327
              }
            ]
          },
          {
            "Route": "372-E KBS-CNP",
            "RouteId": 9532,
            "RouteParentId": 5105,
            "Destination": "Kempegowda Bus Station",
            "Via": "",
            "Area": "Chinnaiahnapalya",
            "PlatformNumber": "2",
            "KannadaDestination": "ಕೆಂಪೆಗೌದ ಬುಸ್ ಸ್ಟಟಿೊಂ",
            "KannadaArea": "ಚಿನ್ನಯ್ಯನಪಾಳ್ಯ",
            "KannadaVia": "",
            "FromStationId": 21167,
            "Stops": [
              {
                "name": "Shanthinagara Bus Station",
                "name_kn": "ಶಂತಿನಗರ ಬುಸ್ ಸ್ಟಟಿೊಂ",
                "stop_id": "21167",
                "lat": 12.95483,
                "lon": 77.59235
              },
              {
                "name": "KH Road",
                "name_kn": "ಖ್ ರೊದ್",
                "stop_id": "20928",
                "lat": 12.95815,
                "lon": 77.59299
              },
              {
                "name": "Pallavi Talkies",
                "name_kn": "ಪಲ್ಲವಿ ಟಲ್ಕಿೆಸ್",
                "stop_id": "22667",
                "lat": 12.9679,
                "lon": 77.59102
              },
              {
                "name": "Corporation",
                "name_kn": "ಕೊರ್ಪೊರಟಿೊಂ",
                "stop_id": "20725",
                "lat": 12.96839,
                "lon": 77.58675
              },
              {
                "name": "Mysore Bank",
                "name_kn": "ಮೆಸೊರೆ ಬಂಕ್",
                "stop_id": "35383",
                "lat": 12.97253,
                "lon": 77.58199
              },
              {
                "name": "Kempegowda Bus Station",
                "name_kn": "ಕೆಂಪೆಗೌದ ಬುಸ್ ಸ್ಟಟಿೊಂ",
                "stop_id": "20922",
                "lat": 12.97749,
                "lon": 77.57327
              }
            ]
          },
          {
            "Route": "356",
            "RouteId": 9667,
            "RouteParentId": 5177,
            "Destination": "Kempegowda Bus Station",
            "Via": "",
            "Area": "Chandapura",
            "PlatformNumber": "2",
            "KannadaDestination": "ಕೆಂಪೆಗೌದ ಬುಸ್ ಸ್ಟಟಿೊಂ",
            "KannadaArea": "ಚಂದಾಪುರ",
            "KannadaVia": "",
            "FromStationId": 21167,
            "Stops": [
              {
                "name": "Shanthinagara Bus Station",
                "name_kn": "ಶಂತಿನಗರ ಬುಸ್ ಸ್ಟಟಿೊಂ",
                "stop_id": "21167",
                "lat": 12.95483,
                "lon": 77.59235
              },
              {
                "name": "KH Road",
                "name_kn": "ಖ್ ರೊದ್",
                "stop_id": "20928",
                "lat": 12.95815,
                "lon": 77.59299
              },
              {
                "name": "Pallavi Talkies",
                "name_kn": "ಪಲ್ಲವಿ ಟಲ್ಕಿೆಸ್",
                "stop_id": "22667",
                "lat": 12.9679,
                "lon": 77.59102
              },
              {
                "name": "Corporation",
                "name_kn": "ಕೊರ್ಪೊರಟಿೊಂ",
                "stop_id": "20725",
                "lat": 12.96839,
                "lon": 77.58675
              },
              {
                "name": "Mysore Bank",
                "name_kn": "ಮೆಸೊರೆ ಬಂಕ್",
                "stop_id": "35383",
                "lat": 12.97253,
                "lon": 77.58199
              },
              {
                "name": "Kempegowda Bus Station",
                "name_kn": "ಕೆಂಪೆಗೌದ ಬುಸ್ ಸ್ಟಟಿೊಂ",
                "stop_id": "20922",
                "lat": 12.97749,
                "lon": 77.57327
              }
            ]
          },
          {
            "Route": "KBS-3A KBS-D38G",
            "RouteId": 9869,
            "RouteParentId": 5284,
            "Destination": "Kempegowda Bus Station",
            "Via": "",
            "Area": "Depot-38 Gate",
            "PlatformNumber": "2",
            "KannadaDestination": "ಕೆಂಪೆಗೌದ ಬುಸ್ ಸ್ಟಟಿೊಂ",
            "KannadaArea": "ಘಟಕ-38 ಗೇಟ್",
            "KannadaVia": "",
            "FromStationId": 21167,
            "Stops": [
              {
                "name": "Shanthinagara Bus Station",
                "name_kn": "ಶಂತಿನಗರ ಬುಸ್ ಸ್ಟಟಿೊಂ",
                "stop_id": "21167",
                "lat": 12.95483,
                "lon": 77.59235
              },
              {
                "name": "KH Road",
                "name_kn": "ಖ್ ರೊದ್",
                "stop_id": "20928",
                "lat": 12.95815,
                "lon": 77.59299
              },
              {
                "name": "Pallavi Talkies",
                "name_kn": "ಪಲ್ಲವಿ ಟಲ್ಕಿೆಸ್",
                "stop_id": "22667",
                "lat": 12.9679,
                "lon": 77.59102
              },
              {
                "name": "Corporation",
                "name_kn": "ಕೊರ್ಪೊರಟಿೊಂ",
                "stop_id": "20725",
                "lat": 12.96839,
                "lon": 77.58675
              },
              {
                "name": "Mysore Bank",
                "name_kn": "ಮೆಸೊರೆ ಬಂಕ್",
                "stop_id": "35383",
                "lat": 12.97253,
                "lon": 77.58199
              },
              {
                "name": "Kempegowda Bus Station",
                "name_kn": "ಕೆಂಪೆಗೌದ ಬುಸ್ ಸ್ಟಟಿೊಂ",
                "stop_id": "20922",
                "lat": 12.97749,
                "lon": 77.57327
              }
            ]
          },
          {
            "Route": "351-J",
            "RouteId": 9909,
            "RouteParentId": 5292,
            "Destination": "Kempegowda Bus Station",
            "Via": "",
            "Area": "Handenahalli Attibele",
            "PlatformNumber": "2",
            "KannadaDestination": "ಕೆಂಪೆಗೌದ ಬುಸ್ ಸ್ಟಟಿೊಂ",
            "KannadaArea": "ಹಂದೇನಹಳ್ಳಿ ಅತ್ತಿಬೆಲೆ",
            "KannadaVia": "",
            "FromStationId": 21167,
            "Stops": [
              {
                "name": "Shanthinagara Bus Station",
                "name_kn": "ಶಂತಿನಗರ ಬುಸ್ ಸ್ಟಟಿೊಂ",
                "stop_id": "21167",
                "lat": 12.95483,
                "lon": 77.59235
              },
              {
                "name": "KH Road",
                "name_kn": "ಖ್ ರೊದ್",
                "stop_id": "20928",
                "lat": 12.95815,
                "lon": 77.59299
              },
              {
                "name": "Pallavi Talkies",
                "name_kn": "ಪಲ್ಲವಿ ಟಲ್ಕಿೆಸ್",
                "stop_id": "22667",
                "lat": 12.9679,
                "lon": 77.59102
              },
              {
                "name": "Corporation",
                "name_kn": "ಕೊರ್ಪೊರಟಿೊಂ",
                "stop_id": "20725",
                "lat": 12.96839,
                "lon": 77.58675
              },
              {
                "name": "Mysore Bank",
                "name_kn": "ಮೆಸೊರೆ ಬಂಕ್",
                "stop_id": "35383",
                "lat": 12.97253,
                "lon": 77.58199
              },
              {
                "name": "Kempegowda Bus Station",
                "name_kn": "ಕೆಂಪೆಗೌದ ಬುಸ್ ಸ್ಟಟಿೊಂ",
                "stop_id": "20922",
                "lat": 12.97749,
                "lon": 77.57327
              }
            ]
          },
          {
            "Route": "351-M",
            "RouteId": 9915,
            "RouteParentId": 5307,
            "Destination": "Kempegowda Bus Station",
            "Via": "",
            "Area": "Muttanalluru",
            "PlatformNumber": "2",
            "KannadaDestination": "ಕೆಂಪೆಗೌದ ಬುಸ್ ಸ್ಟಟಿೊಂ",
            "KannadaArea": "ಮುತ್ತಾನಲ್ಲೂರು",
            "KannadaVia": "",
            "FromStationId": 21167,
            "Stops": [
              {
                "name": "Shanthinagara Bus Station",
                "name_kn": "ಶಂತಿನಗರ ಬುಸ್ ಸ್ಟಟಿೊಂ",
                "stop_id": "21167",
                "lat": 12.95483,
                "lon": 77.59235
              },
              {
                "name": "KH Road",
                "name_kn": "ಖ್ ರೊದ್",
                "stop_id": "20928",
                "lat": 12.95815,
                "lon": 77.59299
              },
              {
                "name": "Pallavi Talkies",
                "name_kn": "ಪಲ್ಲವಿ ಟಲ್ಕಿೆಸ್",
                "stop_id": "22667",
                "lat": 12.9679,
                "lon": 77.59102
              },
              {
                "name": "Corporation",
                "name_kn": "ಕೊರ್ಪೊರಟಿೊಂ",
                "stop_id": "20725",
                "lat": 12.96839,
                "lon": 77.58675
              },
              {
                "name": "Mysore Bank",
                "name_kn": "ಮೆಸೊರೆ ಬಂಕ್",
                "stop_id": "35383",
                "lat": 12.97253,
                "lon": 77.58199
              },
              {
                "name": "Kempegowda Bus Station",
                "name_kn": "ಕೆಂಪೆಗೌದ ಬುಸ್ ಸ್ಟಟಿೊಂ",
                "stop_id": "20922",
                "lat": 12.97749,
                "lon": 77.57327
              }
            ]
          },
          {
            "Route": "346-N",
            "RouteId": 10221,
            "RouteParentId": 5453,
            "Destination": "Kempegowda Bus Station",
            "Via": "",
            "Area": "Dodda Thoguru",
            "PlatformNumber": "2",
            "KannadaDestination": "ಕೆಂಪೆಗೌದ ಬುಸ್ ಸ್ಟಟಿೊಂ",
            "KannadaArea": "ದೊಡ್ಡ ತೋಗೂರು",
            "KannadaVia": "",
            "FromStationId": 21167,
            "Stops": [
              {
                "name": "Shanthinagara Bus Station",
                "name_kn": "ಶಂತಿನಗರ ಬುಸ್ ಸ್ಟಟಿೊಂ",
                "stop_id": "21167",
                "lat": 12.95483,
                "lon": 77.59235
              },
              {
                "name": "KH Road",
                "name_kn": "ಖ್ ರೊದ್",
                "stop_id": "20928",
                "lat": 12.95815,
                "lon": 77.59299
              },
              {
                "name": "Pallavi Talkies",
                "name_kn": "ಪಲ್ಲವಿ ಟಲ್ಕಿೆಸ್",
                "stop_id": "22667",
                "lat": 12.9679,
                "lon": 77.59102
              },
              {
                "name": "Corporation",
                "name_kn": "ಕೊರ್ಪೊರಟಿೊಂ",
                "stop_id": "20725",
                "lat": 12.96839,
                "lon": 77.58675
              },
              {
                "name": "Mysore Bank",
                "name_kn": "ಮೆಸೊರೆ ಬಂಕ್",
                "stop_id": "35383",
                "lat": 12.97253,
                "lon": 77.58199
              },
              {
                "name": "Kempegowda Bus Station",
                "name_kn": "ಕೆಂಪೆಗೌದ ಬುಸ್ ಸ್ಟಟಿೊಂ",
                "stop_id": "20922",
                "lat": 12.97749,
                "lon": 77.57327
              }
            ]
          },
          {
            "Route": "340-A KBS-ADG-HSRKEB",
            "RouteId": 11314,
            "RouteParentId": 6034,
            "Destination": "Kempegowda Bus Station",
            "Via": "",
            "Area": "HSR Layout KEB",
            "PlatformNumber": "2",
            "KannadaDestination": "ಕೆಂಪೆಗೌದ ಬುಸ್ ಸ್ಟಟಿೊಂ",
            "KannadaArea": "ಹೆಚ್‌ಎಸ್‌ಆರ್‌ ಬಡಾವಣೆ ಕೆಇಬಿ",
            "KannadaVia": "",
            "FromStationId": 21167,
            "Stops": [
              {
                "name": "Shanthinagara Bus Station",
                "name_kn": "ಶಂತಿನಗರ ಬುಸ್ ಸ್ಟಟಿೊಂ",
                "stop_id": "21167",
                "lat": 12.95483,
                "lon": 77.59235
              },
              {
                "name": "KH Road",
                "name_kn": "ಖ್ ರೊದ್",
                "stop_id": "20928",
                "lat": 12.95815,
                "lon": 77.59299
              },
              {
                "name": "Pallavi Talkies",
                "name_kn": "ಪಲ್ಲವಿ ಟಲ್ಕಿೆಸ್",
                "stop_id": "22667",
                "lat": 12.9679,
                "lon": 77.59102
              },
              {
                "name": "Corporation",
                "name_kn": "ಕೊರ್ಪೊರಟಿೊಂ",
                "stop_id": "20725",
                "lat": 12.96839,
                "lon": 77.58675
              },
              {
                "name": "Mysore Bank",
                "name_kn": "ಮೆಸೊರೆ ಬಂಕ್",
                "stop_id": "35383",
                "lat": 12.97253,
                "lon": 77.58199
              },
              {
                "name": "Kempegowda Bus Station",
                "name_kn": "ಕೆಂಪೆಗೌದ ಬುಸ್ ಸ್ಟಟಿೊಂ",
                "stop_id": "20922",
                "lat": 12.97749,
                "lon": 77.57327
              }
            ]
          },
          {
            "Route": "365-W",
            "RouteId": 11384,
            "RouteParentId": 2021,
            "Destination": "Kempegowda Bus Station",
            "Via": "",
            "Area": "Vaderamanchanahalli Jigani",
            "PlatformNumber": "2",
            "KannadaDestination": "ಕೆಂಪೆಗೌದ ಬುಸ್ ಸ್ಟಟಿೊಂ",
            "KannadaArea": "ವಡೇರಮಂಚನಹಳ್ಳಿ ಜಿಗಣಿ",
            "KannadaVia": "",
            "FromStationId": 21167,
            "Stops": [
              {
                "name": "Shanthinagara Bus Station",
                "name_kn": "ಶಂತಿನಗರ ಬುಸ್ ಸ್ಟಟಿೊಂ",
                "stop_id": "21167",
                "lat": 12.95483,
                "lon": 77.59235
              },
              {
                "name": "KH Road",
                "name_kn": "ಖ್ ರೊದ್",
                "stop_id": "20928",
                "lat": 12.95815,
                "lon": 77.59299
              },
              {
                "name": "Pallavi Talkies",
                "name_kn": "ಪಲ್ಲವಿ ಟಲ್ಕಿೆಸ್",
                "stop_id": "22667",
                "lat": 12.9679,
                "lon": 77.59102
              },
              {
                "name": "Corporation",
                "name_kn": "ಕೊರ್ಪೊರಟಿೊಂ",
                "stop_id": "20725",
                "lat": 12.96839,
                "lon": 77.58675
              },
              {
                "name": "Mysore Bank",
                "name_kn": "ಮೆಸೊರೆ ಬಂಕ್",
                "stop_id": "35383",
                "lat": 12.97253,
                "lon": 77.58199
              },
              {
                "name": "Kempegowda Bus Station",
                "name_kn": "ಕೆಂಪೆಗೌದ ಬುಸ್ ಸ್ಟಟಿೊಂ",
                "stop_id": "20922",
                "lat": 12.97749,
                "lon": 77.57327
              }
            ]
          },
          {
            "Route": "370-E",
            "RouteId": 11870,
            "RouteParentId": 6322,
            "Destination": "Kempegowda Bus Station",
            "Via": "",
            "Area": "Ramanayakana Doddy",
            "PlatformNumber": "2",
            "KannadaDestination": "ಕೆಂಪೆಗೌದ ಬುಸ್ ಸ್ಟಟಿೊಂ",
            "KannadaArea": "ರಾಮನಾಯಕನ ದೊಡ್ಡಿ",
            "KannadaVia": "",
            "FromStationId": 21167,
            "Stops": [
              {
                "name": "Shanthinagara Bus Station",
                "name_kn": "ಶಂತಿನಗರ ಬುಸ್ ಸ್ಟಟಿೊಂ",
                "stop_id": "21167",
                "lat": 12.95483,
                "lon": 77.59235
              },
              {
                "name": "KH Road",
                "name_kn": "ಖ್ ರೊದ್",
                "stop_id": "20928",
                "lat": 12.95815,
                "lon": 77.59299
              },
              {
                "name": "Pallavi Talkies",
                "name_kn": "ಪಲ್ಲವಿ ಟಲ್ಕಿೆಸ್",
                "stop_id": "22667",
                "lat": 12.9679,
                "lon": 77.59102
              },
              {
                "name": "Corporation",
                "name_kn": "ಕೊರ್ಪೊರಟಿೊಂ",
                "stop_id": "20725",
                "lat": 12.96839,
                "lon": 77.58675
              },
              {
                "name": "Mysore Bank",
                "name_kn": "ಮೆಸೊರೆ ಬಂಕ್",
                "stop_id": "35383",
                "lat": 12.97253,
                "lon": 77.58199
              },
              {
                "name": "Kempegowda Bus Station",
                "name_kn": "ಕೆಂಪೆಗೌದ ಬುಸ್ ಸ್ಟಟಿೊಂ",
                "stop_id": "20922",
                "lat": 12.97749,
                "lon": 77.57327
              }
            ]
          },
          {
            "Route": "342-F KBS-D42G",
            "RouteId": 12822,
            "RouteParentId": 6827,
            "Destination": "Kempegowda Bus Station",
            "Via": "",
            "Area": "Depot-42 Gate Departure",
            "PlatformNumber": "2",
            "KannadaDestination": "ಕೆಂಪೆಗೌದ ಬುಸ್ ಸ್ಟಟಿೊಂ",
            "KannadaArea": "ಘಟಕ-42 ಗೇಟ್ ನಿರ್ಗಮನ",
            "KannadaVia": "",
            "FromStationId": 21167,
            "Stops": [
              {
                "name": "Shanthinagara Bus Station",
                "name_kn": "ಶಂತಿನಗರ ಬುಸ್ ಸ್ಟಟಿೊಂ",
                "stop_id": "21167",
                "lat": 12.95483,
                "lon": 77.59235
              },
              {
                "name": "KH Road",
                "name_kn": "ಖ್ ರೊದ್",
                "stop_id": "20928",
                "lat": 12.95815,
                "lon": 77.59299
              },
              {
                "name": "Pallavi Talkies",
                "name_kn": "ಪಲ್ಲವಿ ಟಲ್ಕಿೆಸ್",
                "stop_id": "22667",
                "lat": 12.9679,
                "lon": 77.59102
              },
              {
                "name": "Corporation",
                "name_kn": "ಕೊರ್ಪೊರಟಿೊಂ",
                "stop_id": "20725",
                "lat": 12.96839,
                "lon": 77.58675
              },
              {
                "name": "Mysore Bank",
                "name_kn": "ಮೆಸೊರೆ ಬಂಕ್",
                "stop_id": "35383",
                "lat": 12.97253,
                "lon": 77.58199
              },
              {
                "name": "Kempegowda Bus Station",
                "name_kn": "ಕೆಂಪೆಗೌದ ಬುಸ್ ಸ್ಟಟಿೊಂ",
                "stop_id": "20922",
                "lat": 12.97749,
                "lon": 77.57327
              }
            ]
          },
          {
            "Route": "355",
            "RouteId": 13118,
            "RouteParentId": 6957,
            "Destination": "Kempegowda Bus Station",
            "Via": "",
            "Area": "Bommasandra Village",
            "PlatformNumber": "2",
            "KannadaDestination": "ಕೆಂಪೆಗೌದ ಬುಸ್ ಸ್ಟಟಿೊಂ",
            "KannadaArea": "ಬೊಮ್ಮಸಂದ್ರ ವಿಲೇಜ್",
            "KannadaVia": "",
            "FromStationId": 21167,
            "Stops": [
              {
                "name": "Shanthinagara Bus Station",
                "name_kn": "ಶಂತಿನಗರ ಬುಸ್ ಸ್ಟಟಿೊಂ",
                "stop_id": "21167",
                "lat": 12.95483,
                "lon": 77.59235
              },
              {
                "name": "KH Road",
                "name_kn": "ಖ್ ರೊದ್",
                "stop_id": "20928",
                "lat": 12.95815,
                "lon": 77.59299
              },
              {
                "name": "Pallavi Talkies",
                "name_kn": "ಪಲ್ಲವಿ ಟಲ್ಕಿೆಸ್",
                "stop_id": "22667",
                "lat": 12.9679,
                "lon": 77.59102
              },
              {
                "name": "Corporation",
                "name_kn": "ಕೊರ್ಪೊರಟಿೊಂ",
                "stop_id": "20725",
                "lat": 12.96839,
                "lon": 77.58675
              },
              {
                "name": "Mysore Bank",
                "name_kn": "ಮೆಸೊರೆ ಬಂಕ್",
                "stop_id": "35383",
                "lat": 12.97253,
                "lon": 77.58199
              },
              {
                "name": "Kempegowda Bus Station",
                "name_kn": "ಕೆಂಪೆಗೌದ ಬುಸ್ ಸ್ಟಟಿೊಂ",
                "stop_id": "20922",
                "lat": 12.97749,
                "lon": 77.57327
              }
            ]
          },
          {
            "Route": "342-N KBS-KMS",
            "RouteId": 14571,
            "RouteParentId": 7804,
            "Destination": "Kempegowda Bus Station",
            "Via": "",
            "Area": "Kommasandra",
            "PlatformNumber": "2",
            "KannadaDestination": "ಕೆಂಪೆಗೌದ ಬುಸ್ ಸ್ಟಟಿೊಂ",
            "KannadaArea": "ಕೊಮ್ಮಸಂದ್ರ",
            "KannadaVia": "",
            "FromStationId": 21167,
            "Stops": [
              {
                "name": "Shanthinagara Bus Station",
                "name_kn": "ಶಂತಿನಗರ ಬುಸ್ ಸ್ಟಟಿೊಂ",
                "stop_id": "21167",
                "lat": 12.95483,
                "lon": 77.59235
              },
              {
                "name": "KH Road",
                "name_kn": "ಖ್ ರೊದ್",
                "stop_id": "20928",
                "lat": 12.95815,
                "lon": 77.59299
              },
              {
                "name": "Pallavi Talkies",
                "name_kn": "ಪಲ್ಲವಿ ಟಲ್ಕಿೆಸ್",
                "stop_id": "22667",
                "lat": 12.9679,
                "lon": 77.59102
              },
              {
                "name": "Corporation",
                "name_kn": "ಕೊರ್ಪೊರಟಿೊಂ",
                "stop_id": "20725",
                "lat": 12.96839,
                "lon": 77.58675
              },
              {
                "name": "Mysore Bank",
                "name_kn": "ಮೆಸೊರೆ ಬಂಕ್",
                "stop_id": "35383",
                "lat": 12.97253,
                "lon": 77.58199
              },
              {
                "name": "Kempegowda Bus Station",
                "name_kn": "ಕೆಂಪೆಗೌದ ಬುಸ್ ಸ್ಟಟಿೊಂ",
                "stop_id": "20922",
                "lat": 12.97749,
                "lon": 77.57327
              }
            ]
          },
          {
            "Route": "365-JA",
            "RouteId": 14928,
            "RouteParentId": 7999,
            "Destination": "Kempegowda Bus Station",
            "Via": "",
            "Area": "Jigani DLF Cloub House",
            "PlatformNumber": "2",
            "KannadaDestination": "ಕೆಂಪೆಗೌದ ಬುಸ್ ಸ್ಟಟಿೊಂ",
            "KannadaArea": "ಜಿಗಣಿ ಡಿಎಲ್ಎಫ್ ಕ್ಲಬ್ ಹೌಸ್",
            "KannadaVia": "",
            "FromStationId": 21167,
            "Stops": [
              {
                "name": "Shanthinagara Bus Station",
                "name_kn": "ಶಂತಿನಗರ ಬುಸ್ ಸ್ಟಟಿೊಂ",
                "stop_id": "21167",
                "lat": 12.95483,
                "lon": 77.59235
              },
              {
                "name": "KH Road",
                "name_kn": "ಖ್ ರೊದ್",
                "stop_id": "20928",
                "lat": 12.95815,
                "lon": 77.59299
              },
              {
                "name": "Pallavi Talkies",
                "name_kn": "ಪಲ್ಲವಿ ಟಲ್ಕಿೆಸ್",
                "stop_id": "22667",
                "lat": 12.9679,
                "lon": 77.59102
              },
              {
                "name": "Corporation",
                "name_kn": "ಕೊರ್ಪೊರಟಿೊಂ",
                "stop_id": "20725",
                "lat": 12.96839,
                "lon": 77.58675
              },
              {
                "name": "Mysore Bank",
                "name_kn": "ಮೆಸೊರೆ ಬಂಕ್",
                "stop_id": "35383",
                "lat": 12.97253,
                "lon": 77.58199
              },
              {
                "name": "Kempegowda Bus Station",
                "name_kn": "ಕೆಂಪೆಗೌದ ಬುಸ್ ಸ್ಟಟಿೊಂ",
                "stop_id": "20922",
                "lat": 12.97749,
                "lon": 77.57327
              }
            ]
          },
          {
            "Route": "356-M KBS-SNBS-ANK",
            "RouteId": 15006,
            "RouteParentId": 8040,
            "Destination": "Kempegowda Bus Station",
            "Via": "",
            "Area": "Anekal",
            "PlatformNumber": "2",
            "KannadaDestination": "ಕೆಂಪೆಗೌದ ಬುಸ್ ಸ್ಟಟಿೊಂ",
            "KannadaArea": "ಆನೆಕಲ್",
            "KannadaVia": "",
            "FromStationId": 21167,
            "Stops": [
              {
                "name": "Shanthinagara Bus Station",
                "name_kn": "ಶಂತಿನಗರ ಬುಸ್ ಸ್ಟಟಿೊಂ",
                "stop_id": "21167",
                "lat": 12.95483,
                "lon": 77.59235
              },
              {
                "name": "KH Road",
                "name_kn": "ಖ್ ರೊದ್",
                "stop_id": "20928",
                "lat": 12.95815,
                "lon": 77.59299
              },
              {
                "name": "Pallavi Talkies",
                "name_kn": "ಪಲ್ಲವಿ ಟಲ್ಕಿೆಸ್",
                "stop_id": "22667",
                "lat": 12.9679,
                "lon": 77.59102
              },
              {
                "name": "Corporation",
                "name_kn": "ಕೊರ್ಪೊರಟಿೊಂ",
                "stop_id": "20725",
                "lat": 12.96839,
                "lon": 77.58675
              },
              {
                "name": "Mysore Bank",
                "name_kn": "ಮೆಸೊರೆ ಬಂಕ್",
                "stop_id": "35383",
                "lat": 12.97253,
                "lon": 77.58199
              },
              {
                "name": "Kempegowda Bus Station",
                "name_kn": "ಕೆಂಪೆಗೌದ ಬುಸ್ ಸ್ಟಟಿೊಂ",
                "stop_id": "20922",
                "lat": 12.97749,
                "lon": 77.57327
              }
            ]
          },
          {
            "Route": "168-E",
            "RouteId": 15210,
            "RouteParentId": 8150,
            "Destination": "Kempegowda Bus Station",
            "Via": "",
            "Area": "Jai Bheema Nagara",
            "PlatformNumber": "2",
            "KannadaDestination": "ಕೆಂಪೆಗೌದ ಬುಸ್ ಸ್ಟಟಿೊಂ",
            "KannadaArea": "ಜೈ ಭೀಮಾ ನಗರ",
            "KannadaVia": "",
            "FromStationId": 21167,
            "Stops": [
              {
                "name": "Shanthinagara Bus Station",
                "name_kn": "ಶಂತಿನಗರ ಬುಸ್ ಸ್ಟಟಿೊಂ",
                "stop_id": "21167",
                "lat": 12.95483,
                "lon": 77.59235
              },
              {
                "name": "KH Road",
                "name_kn": "ಖ್ ರೊದ್",
                "stop_id": "20928",
                "lat": 12.95815,
                "lon": 77.59299
              },
              {
                "name": "Pallavi Talkies",
                "name_kn": "ಪಲ್ಲವಿ ಟಲ್ಕಿೆಸ್",
                "stop_id": "22667",
                "lat": 12.9679,
                "lon": 77.59102
              },
              {
                "name": "Corporation",
                "name_kn": "ಕೊರ್ಪೊರಟಿೊಂ",
                "stop_id": "20725",
                "lat": 12.96839,
                "lon": 77.58675
              },
              {
                "name": "Mysore Bank",
                "name_kn": "ಮೆಸೊರೆ ಬಂಕ್",
                "stop_id": "35383",
                "lat": 12.97253,
                "lon": 77.58199
              },
              {
                "name": "Kempegowda Bus Station",
                "name_kn": "ಕೆಂಪೆಗೌದ ಬುಸ್ ಸ್ಟಟಿೊಂ",
                "stop_id": "20922",
                "lat": 12.97749,
                "lon": 77.57327
              }
            ]
          },
          {
            "Route": "365-DB",
            "RouteId": 15473,
            "RouteParentId": 8295,
            "Destination": "Kempegowda Bus Station",
            "Via": "",
            "Area": "Byatarayana Doddy",
            "PlatformNumber": "2",
            "KannadaDestination": "ಕೆಂಪೆಗೌದ ಬುಸ್ ಸ್ಟಟಿೊಂ",
            "KannadaArea": "ಬ್ಯಾಟರಾಯನ ದೊಡ್ಡಿ",
            "KannadaVia": "",
            "FromStationId": 21167,
            "Stops": [
              {
                "name": "Shanthinagara Bus Station",
                "name_kn": "ಶಂತಿನಗರ ಬುಸ್ ಸ್ಟಟಿೊಂ",
                "stop_id": "21167",
                "lat": 12.95483,
                "lon": 77.59235
              },
              {
                "name": "KH Road",
                "name_kn": "ಖ್ ರೊದ್",
                "stop_id": "20928",
                "lat": 12.95815,
                "lon": 77.59299
              },
              {
                "name": "Pallavi Talkies",
                "name_kn": "ಪಲ್ಲವಿ ಟಲ್ಕಿೆಸ್",
                "stop_id": "22667",
                "lat": 12.9679,
                "lon": 77.59102
              },
              {
                "name": "Corporation",
                "name_kn": "ಕೊರ್ಪೊರಟಿೊಂ",
                "stop_id": "20725",
                "lat": 12.96839,
                "lon": 77.58675
              },
              {
                "name": "Mysore Bank",
                "name_kn": "ಮೆಸೊರೆ ಬಂಕ್",
                "stop_id": "35383",
                "lat": 12.97253,
                "lon": 77.58199
              },
              {
                "name": "Kempegowda Bus Station",
                "name_kn": "ಕೆಂಪೆಗೌದ ಬುಸ್ ಸ್ಟಟಿೊಂ",
                "stop_id": "20922",
                "lat": 12.97749,
                "lon": 77.57327
              }
            ]
          },
          {
            "Route": "168-D",
            "RouteId": 15477,
            "RouteParentId": 8297,
            "Destination": "Kempegowda Bus Station",
            "Via": "",
            "Area": "Kuvempunagara Bus station (BTM Layout)",
            "PlatformNumber": "2",
            "KannadaDestination": "ಕೆಂಪೆಗೌದ ಬುಸ್ ಸ್ಟಟಿೊಂ",
            "KannadaArea": "ಕುವೆಂಪುನಗರ ಬಸ್ ನಿಲ್ದಾಣ (ಬಿಟಿಎಂ ಬಡಾವಣೆ)",
            "KannadaVia": "",
            "FromStationId": 21167,
            "Stops": [
              {
                "name": "Shanthinagara Bus Station",
                "name_kn": "ಶಂತಿನಗರ ಬುಸ್ ಸ್ಟಟಿೊಂ",
                "stop_id": "21167",
                "lat": 12.95483,
                "lon": 77.59235
              },
              {
                "name": "KH Road",
                "name_kn": "ಖ್ ರೊದ್",
                "stop_id": "20928",
                "lat": 12.95815,
                "lon": 77.59299
              },
              {
                "name": "Pallavi Talkies",
                "name_kn": "ಪಲ್ಲವಿ ಟಲ್ಕಿೆಸ್",
                "stop_id": "22667",
                "lat": 12.9679,
                "lon": 77.59102
              },
              {
                "name": "Corporation",
                "name_kn": "ಕೊರ್ಪೊರಟಿೊಂ",
                "stop_id": "20725",
                "lat": 12.96839,
                "lon": 77.58675
              },
              {
                "name": "Mysore Bank",
                "name_kn": "ಮೆಸೊರೆ ಬಂಕ್",
                "stop_id": "35383",
                "lat": 12.97253,
                "lon": 77.58199
              },
              {
                "name": "Kempegowda Bus Station",
                "name_kn": "ಕೆಂಪೆಗೌದ ಬುಸ್ ಸ್ಟಟಿೊಂ",
                "stop_id": "20922",
                "lat": 12.97749,
                "lon": 77.57327
              }
            ]
          },
          {
            "Route": "370-AA",
            "RouteId": 15530,
            "RouteParentId": 8326,
            "Destination": "Kempegowda Bus Station",
            "Via": "",
            "Area": "UjinappanaDoddy",
            "PlatformNumber": "2",
            "KannadaDestination": "ಕೆಂಪೆಗೌದ ಬುಸ್ ಸ್ಟಟಿೊಂ",
            "KannadaArea": "ಉಜಿನಪ್ಪನದೊಡ್ಡಿ",
            "KannadaVia": "",
            "FromStationId": 21167,
            "Stops": [
              {
                "name": "Shanthinagara Bus Station",
                "name_kn": "ಶಂತಿನಗರ ಬುಸ್ ಸ್ಟಟಿೊಂ",
                "stop_id": "21167",
                "lat": 12.95483,
                "lon": 77.59235
              },
              {
                "name": "KH Road",
                "name_kn": "ಖ್ ರೊದ್",
                "stop_id": "20928",
                "lat": 12.95815,
                "lon": 77.59299
              },
              {
                "name": "Pallavi Talkies",
                "name_kn": "ಪಲ್ಲವಿ ಟಲ್ಕಿೆಸ್",
                "stop_id": "22667",
                "lat": 12.9679,
                "lon": 77.59102
              },
              {
                "name": "Corporation",
                "name_kn": "ಕೊರ್ಪೊರಟಿೊಂ",
                "stop_id": "20725",
                "lat": 12.96839,
                "lon": 77.58675
              },
              {
                "name": "Mysore Bank",
                "name_kn": "ಮೆಸೊರೆ ಬಂಕ್",
                "stop_id": "35383",
                "lat": 12.97253,
                "lon": 77.58199
              },
              {
                "name": "Kempegowda Bus Station",
                "name_kn": "ಕೆಂಪೆಗೌದ ಬುಸ್ ಸ್ಟಟಿೊಂ",
                "stop_id": "20922",
                "lat": 12.97749,
                "lon": 77.57327
              }
            ]
          },
          {
            "Route": "366-KA KBS-MRD",
            "RouteId": 15532,
            "RouteParentId": 8327,
            "Destination": "Kempegowda Bus Station",
            "Via": "",
            "Area": "Mutturayanaswamy Doddy",
            "PlatformNumber": "2",
            "KannadaDestination": "ಕೆಂಪೆಗೌದ ಬುಸ್ ಸ್ಟಟಿೊಂ",
            "KannadaArea": "ಮುತ್ತುರಾಯನಸ್ವಾಮಿ ದೊಡ್ಡಿ",
            "KannadaVia": "",
            "FromStationId": 21167,
            "Stops": [
              {
                "name": "Shanthinagara Bus Station",
                "name_kn": "ಶಂತಿನಗರ ಬುಸ್ ಸ್ಟಟಿೊಂ",
                "stop_id": "21167",
                "lat": 12.95483,
                "lon": 77.59235
              },
              {
                "name": "KH Road",
                "name_kn": "ಖ್ ರೊದ್",
                "stop_id": "20928",
                "lat": 12.95815,
                "lon": 77.59299
              },
              {
                "name": "Pallavi Talkies",
                "name_kn": "ಪಲ್ಲವಿ ಟಲ್ಕಿೆಸ್",
                "stop_id": "22667",
                "lat": 12.9679,
                "lon": 77.59102
              },
              {
                "name": "Corporation",
                "name_kn": "ಕೊರ್ಪೊರಟಿೊಂ",
                "stop_id": "20725",
                "lat": 12.96839,
                "lon": 77.58675
              },
              {
                "name": "Mysore Bank",
                "name_kn": "ಮೆಸೊರೆ ಬಂಕ್",
                "stop_id": "35383",
                "lat": 12.97253,
                "lon": 77.58199
              },
              {
                "name": "Kempegowda Bus Station",
                "name_kn": "ಕೆಂಪೆಗೌದ ಬುಸ್ ಸ್ಟಟಿೊಂ",
                "stop_id": "20922",
                "lat": 12.97749,
                "lon": 77.57327
              }
            ]
          },
          {
            "Route": "171 KBS-NGV-KRMTTCMC",
            "RouteId": 15702,
            "RouteParentId": 8420,
            "Destination": "Kempegowda Bus Station",
            "Via": "",
            "Area": "Koramangala Bus Station",
            "PlatformNumber": "2",
            "KannadaDestination": "ಕೆಂಪೆಗೌದ ಬುಸ್ ಸ್ಟಟಿೊಂ",
            "KannadaArea": "ಕೋರಮಂಗಲ ಬಸ್ ನಿಲ್ದಾಣ",
            "KannadaVia": "",
            "FromStationId": 21167,
            "Stops": [
              {
                "name": "Shanthinagara Bus Station",
                "name_kn": "ಶಂತಿನಗರ ಬುಸ್ ಸ್ಟಟಿೊಂ",
                "stop_id": "21167",
                "lat": 12.95483,
                "lon": 77.59235
              },
              {
                "name": "KH Road",
                "name_kn": "ಖ್ ರೊದ್",
                "stop_id": "20928",
                "lat": 12.95815,
                "lon": 77.59299
              },
              {
                "name": "Pallavi Talkies",
                "name_kn": "ಪಲ್ಲವಿ ಟಲ್ಕಿೆಸ್",
                "stop_id": "22667",
                "lat": 12.9679,
                "lon": 77.59102
              },
              {
                "name": "Corporation",
                "name_kn": "ಕೊರ್ಪೊರಟಿೊಂ",
                "stop_id": "20725",
                "lat": 12.96839,
                "lon": 77.58675
              },
              {
                "name": "Mysore Bank",
                "name_kn": "ಮೆಸೊರೆ ಬಂಕ್",
                "stop_id": "35383",
                "lat": 12.97253,
                "lon": 77.58199
              },
              {
                "name": "Kempegowda Bus Station",
                "name_kn": "ಕೆಂಪೆಗೌದ ಬುಸ್ ಸ್ಟಟಿೊಂ",
                "stop_id": "20922",
                "lat": 12.97749,
                "lon": 77.57327
              }
            ]
          },
          {
            "Route": "EXP-KBS3A",
            "RouteId": 15734,
            "RouteParentId": 8438,
            "Destination": "Kempegowda Bus Station",
            "Via": "",
            "Area": "Attibele Bus Stand",
            "PlatformNumber": "2",
            "KannadaDestination": "ಕೆಂಪೆಗೌದ ಬುಸ್ ಸ್ಟಟಿೊಂ",
            "KannadaArea": "ಅತ್ತಿಬೆಲೆ ಬಸ್‌ ನಿಲ್ಧಾಣ",
            "KannadaVia": "",
            "FromStationId": 21167,
            "Stops": [
              {
                "name": "Shanthinagara Bus Station",
                "name_kn": "ಶಂತಿನಗರ ಬುಸ್ ಸ್ಟಟಿೊಂ",
                "stop_id": "21167",
                "lat": 12.95483,
                "lon": 77.59235
              },
              {
                "name": "Pallavi Talkies",
                "name_kn": "ಪಲ್ಲವಿ ಟಲ್ಕಿೆಸ್",
                "stop_id": "22667",
                "lat": 12.9679,
                "lon": 77.59102
              },
              {
                "name": "Mysore Bank",
                "name_kn": "ಮೆಸೊರೆ ಬಂಕ್",
                "stop_id": "35383",
                "lat": 12.97253,
                "lon": 77.58199
              },
              {
                "name": "Kempegowda Bus Station",
                "name_kn": "ಕೆಂಪೆಗೌದ ಬುಸ್ ಸ್ಟಟಿೊಂ",
                "stop_id": "20922",
                "lat": 12.97749,
                "lon": 77.57327
              }
            ]
          },
          {
            "Route": "365-N",
            "RouteId": 15757,
            "RouteParentId": 8449,
            "Destination": "Kempegowda Bus Station",
            "Via": "",
            "Area": "Giddenahalli Prashanti Kuteera",
            "PlatformNumber": "2",
            "KannadaDestination": "ಕೆಂಪೆಗೌದ ಬುಸ್ ಸ್ಟಟಿೊಂ",
            "KannadaArea": "ಗಿಡ್ಡೇನಹಳ್ಳಿ ಪ್ರಶಾಂತಿ ಕುಟೀರ",
            "KannadaVia": "",
            "FromStationId": 21167,
            "Stops": [
              {
                "name": "Shanthinagara Bus Station",
                "name_kn": "ಶಂತಿನಗರ ಬುಸ್ ಸ್ಟಟಿೊಂ",
                "stop_id": "21167",
                "lat": 12.95483,
                "lon": 77.59235
              },
              {
                "name": "KH Road",
                "name_kn": "ಖ್ ರೊದ್",
                "stop_id": "20928",
                "lat": 12.95815,
                "lon": 77.59299
              },
              {
                "name": "Pallavi Talkies",
                "name_kn": "ಪಲ್ಲವಿ ಟಲ್ಕಿೆಸ್",
                "stop_id": "22667",
                "lat": 12.9679,
                "lon": 77.59102
              },
              {
                "name": "Corporation",
                "name_kn": "ಕೊರ್ಪೊರಟಿೊಂ",
                "stop_id": "20725",
                "lat": 12.96839,
                "lon": 77.58675
              },
              {
                "name": "Mysore Bank",
                "name_kn": "ಮೆಸೊರೆ ಬಂಕ್",
                "stop_id": "35383",
                "lat": 12.97253,
                "lon": 77.58199
              },
              {
                "name": "Kempegowda Bus Station",
                "name_kn": "ಕೆಂಪೆಗೌದ ಬುಸ್ ಸ್ಟಟಿೊಂ",
                "stop_id": "20922",
                "lat": 12.97749,
                "lon": 77.57327
              }
            ]
          },
          {
            "Route": "EXP-356KA",
            "RouteId": 15855,
            "RouteParentId": 8499,
            "Destination": "Kempegowda Bus Station",
            "Via": "",
            "Area": "Anekal",
            "PlatformNumber": "2",
            "KannadaDestination": "ಕೆಂಪೆಗೌದ ಬುಸ್ ಸ್ಟಟಿೊಂ",
            "KannadaArea": "ಆನೆಕಲ್",
            "KannadaVia": "",
            "FromStationId": 21167,
            "Stops": [
              {
                "name": "Shanthinagara Bus Station",
                "name_kn": "ಶಂತಿನಗರ ಬುಸ್ ಸ್ಟಟಿೊಂ",
                "stop_id": "21167",
                "lat": 12.95483,
                "lon": 77.59235
              },
              {
                "name": "Pallavi Talkies",
                "name_kn": "ಪಲ್ಲವಿ ಟಲ್ಕಿೆಸ್",
                "stop_id": "22667",
                "lat": 12.9679,
                "lon": 77.59102
              },
              {
                "name": "Mysore Bank",
                "name_kn": "ಮೆಸೊರೆ ಬಂಕ್",
                "stop_id": "35383",
                "lat": 12.97253,
                "lon": 77.58199
              },
              {
                "name": "Kempegowda Bus Station",
                "name_kn": "ಕೆಂಪೆಗೌದ ಬುಸ್ ಸ್ಟಟಿೊಂ",
                "stop_id": "20922",
                "lat": 12.97749,
                "lon": 77.57327
              }
            ]
          },
          {
            "Route": "KBS-3F D38G-KBS",
            "RouteId": 17008,
            "RouteParentId": 9112,
            "Destination": "Kempegowda Bus Station",
            "Via": "",
            "Area": "Depot-38 Gate",
            "PlatformNumber": "2",
            "KannadaDestination": "ಕೆಂಪೆಗೌದ ಬುಸ್ ಸ್ಟಟಿೊಂ",
            "KannadaArea": "ಘಟಕ-38 ಗೇಟ್",
            "KannadaVia": "",
            "FromStationId": 21167,
            "Stops": [
              {
                "name": "Shanthinagara Bus Station",
                "name_kn": "ಶಂತಿನಗರ ಬುಸ್ ಸ್ಟಟಿೊಂ",
                "stop_id": "21167",
                "lat": 12.95483,
                "lon": 77.59235
              },
              {
                "name": "KH Road",
                "name_kn": "ಖ್ ರೊದ್",
                "stop_id": "20928",
                "lat": 12.95815,
                "lon": 77.59299
              },
              {
                "name": "Pallavi Talkies",
                "name_kn": "ಪಲ್ಲವಿ ಟಲ್ಕಿೆಸ್",
                "stop_id": "22667",
                "lat": 12.9679,
                "lon": 77.59102
              },
              {
                "name": "Corporation",
                "name_kn": "ಕೊರ್ಪೊರಟಿೊಂ",
                "stop_id": "20725",
                "lat": 12.96839,
                "lon": 77.58675
              },
              {
                "name": "Mysore Bank",
                "name_kn": "ಮೆಸೊರೆ ಬಂಕ್",
                "stop_id": "35383",
                "lat": 12.97253,
                "lon": 77.58199
              },
              {
                "name": "Kempegowda Bus Station",
                "name_kn": "ಕೆಂಪೆಗೌದ ಬುಸ್ ಸ್ಟಟಿೊಂ",
                "stop_id": "20922",
                "lat": 12.97749,
                "lon": 77.57327
              }
            ]
          }
        ]
      }
    },
    {
      "type": "Feature",
      "geometry": {
        "coordinates": [
          77.59284348094263,
          12.954738101609934
        ],
        "type": "Point"
      },
      "properties": {
        "Platform": "8",
        "Color": "#B50000",
        "Icon": "8",
        "OpenHour": 0,
        "CloseHour": 0,
        "ApiIds": [
          "21166"
        ],
        "Routes": [
          {
            "Route": "KIA-5D",
            "RouteId": 15793,
            "RouteParentId": 8468,
            "Destination": "Art of Living Sri Ravishankar Ashram",
            "Via": "",
            "Area": "Kempegowda International Airport",
            "PlatformNumber": "8",
            "KannadaDestination": "ಅರ್ಟ್ ೊೞ್ ಲಿವಿಙ್ ಸ್ರಿ ರವಿಶಂಕರ್ ಶ್ರಂ",
            "KannadaArea": "ಕೆಂಪೇಗೌಡ ಅಂತರಾಷ್ಟ್ರೀಯ ವಿಮಾನ ನಿಲ್ದಾಣ",
            "KannadaVia": "",
            "FromStationId": 21166,
            "Stops": [
              {
                "name": "Shanthinagara Bus Station",
                "name_kn": "ಶಂತಿನಗರ ಬುಸ್ ಸ್ಟಟಿೊಂ",
                "stop_id": "21166",
                "lat": 12.95449,
                "lon": 77.59258
              },
              {
                "name": "Lalbagh Hopcoms",
                "name_kn": "ಲಲ್ಬಘ್ ಹೊಪ್ಕೊಂಸ್",
                "stop_id": "23825",
                "lat": 12.95134,
                "lon": 77.59126
              },
              {
                "name": "Mallige Hospital",
                "name_kn": "ಮಲ್ಲಿಗೆ ಹೊಸ್ಪಿಟಲ್",
                "stop_id": "21565",
                "lat": 12.9478,
                "lon": 77.59193
              },
              {
                "name": "Siddapura Ashoka Pillar",
                "name_kn": "ಸಿದ್ದಪುರ ಶೊಕ ಪಿಲ್ಲರ್",
                "stop_id": "21603",
                "lat": 12.94621,
                "lon": 77.58879
              },
              {
                "name": "Ashoka Pillar",
                "name_kn": "ಅಶೊಕ ಪಿಲ್ಲರ್",
                "stop_id": "21458",
                "lat": 12.94322,
                "lon": 77.58529
              },
              {
                "name": "Rani Saraladevi High School",
                "name_kn": "ರನಿ ಸರಲದೆವಿ ಹಿಘ್ ಸ್ಚೂಲ್",
                "stop_id": "21593",
                "lat": 12.93879,
                "lon": 77.58522
              },
              {
                "name": "Jayanagara Bus Station",
                "name_kn": "ಜಯನಗರ ಬುಸ್ ಸ್ಟಟಿೊಂ",
                "stop_id": "21545",
                "lat": 12.92802,
                "lon": 77.58364
              },
              {
                "name": "Jayanagara Telephone Exchange",
                "name_kn": "ಜಯನಗರ ಟೆಲೆಫೊನೆ ೆಕ್ಸ್ಚಙೆ",
                "stop_id": "39972",
                "lat": 12.92339,
                "lon": 77.58395
              },
              {
                "name": "MP Office Bangalore South",
                "name_kn": "ಂಪ್ ೊೞ್ೞಿಕೆ ಬಙಲೊರೆ ಸೌತ್",
                "stop_id": "39973",
                "lat": 12.9199,
                "lon": 77.58597
              },
              {
                "name": "Marenahalli",
                "name_kn": "ಮರೆನಹಲ್ಲಿ",
                "stop_id": "35080",
                "lat": 12.9149,
                "lon": 77.58588
              },
              {
                "name": "R V Dental College",
                "name_kn": "ರ್ ವ್ ದೆಂಟಲ್ ಕೊಲ್ಲೆಗೆ",
                "stop_id": "23450",
                "lat": 12.90988,
                "lon": 77.58579
              },
              {
                "name": "JP Nagara 15th Cross",
                "name_kn": "ಜ್ಪ್ ನಗರ 15ತ್ ಕ್ರೊಸ್ಸ್",
                "stop_id": "33177",
                "lat": 12.90665,
                "lon": 77.58581
              },
              {
                "name": "JP Nagara 6th Phase",
                "name_kn": "ಜ್ಪ್ ನಗರ 6ತ್ ಫಸೆ",
                "stop_id": "30463",
                "lat": 12.90634,
                "lon": 77.57778
              },
              {
                "name": "Jaraganahalli Cross",
                "name_kn": "ಜರಗನಹಲ್ಲಿ ಕ್ರೊಸ್ಸ್",
                "stop_id": "22101",
                "lat": 12.9014,
                "lon": 77.57344
              },
              {
                "name": "Konanakunte Cross",
                "name_kn": "ಕೊನನಕುಂಟೆ ಕ್ರೊಸ್ಸ್",
                "stop_id": "22190",
                "lat": 12.89053,
                "lon": 77.56459
              },
              {
                "name": "Konanakunte Cross Metro Station",
                "name_kn": "ಕೊನನಕುಂಟೆ ಕ್ರೊಸ್ಸ್ ಮೆಟ್ರೊ ಸ್ಟಟಿೊಂ",
                "stop_id": "38358",
                "lat": 12.88907,
                "lon": 77.56306
              },
              {
                "name": "Cura Hospital",
                "name_kn": "ಕುರ ಹೊಸ್ಪಿಟಲ್",
                "stop_id": "39689",
                "lat": 12.88787,
                "lon": 77.56161
              },
              {
                "name": "Doddakallasandra",
                "name_kn": "ದೊದ್ದಕಲ್ಲಸಂದ್ರ",
                "stop_id": "21909",
                "lat": 12.88574,
                "lon": 77.5565
              },
              {
                "name": "Doddakallasandra Metro Station",
                "name_kn": "ದೊದ್ದಕಲ್ಲಸಂದ್ರ ಮೆಟ್ರೊ ಸ್ಟಟಿೊಂ",
                "stop_id": "38362",
                "lat": 12.88467,
                "lon": 77.55312
              },
              {
                "name": "Raghuvanahalli Cross",
                "name_kn": "ರಘುವನಹಲ್ಲಿ ಕ್ರೊಸ್ಸ್",
                "stop_id": "22408",
                "lat": 12.88067,
                "lon": 77.54621
              },
              {
                "name": "Vajarahalli Metro Station",
                "name_kn": "ವಜರಹಲ್ಲಿ ಮೆಟ್ರೊ ಸ್ಟಟಿೊಂ",
                "stop_id": "38360",
                "lat": 12.87768,
                "lon": 77.54498
              },
              {
                "name": "Thalaghattapura Metro Station",
                "name_kn": "ತಲಘಟಪುರ ಮೆಟ್ರೊ ಸ್ಟಟಿೊಂ",
                "stop_id": "37739",
                "lat": 12.87128,
                "lon": 77.53854
              },
              {
                "name": "Thalagattapura",
                "name_kn": "ತಲಗಟಪುರ",
                "stop_id": "22538",
                "lat": 12.86958,
                "lon": 77.53705
              },
              {
                "name": "Silk Institute Metro Station",
                "name_kn": "ಸಿಲ್ಕ್ ಿಂಸ್ಟಿಟುಟೆ ಮೆಟ್ರೊ ಸ್ಟಟಿೊಂ",
                "stop_id": "35891",
                "lat": 12.8616,
                "lon": 77.52993
              },
              {
                "name": "Chinnayyanapalya Silk Farm",
                "name_kn": "ಚಿಂನಯೆನಪಲೆ ಸಿಲ್ಕ್ ೞರ್ಂ",
                "stop_id": "21844",
                "lat": 12.85356,
                "lon": 77.52343
              },
              {
                "name": "Shanimahathma Temple",
                "name_kn": "ಶನಿಮಹತ್ಮ ಟೆಂಪ್ಲೆ",
                "stop_id": "22474",
                "lat": 12.8372,
                "lon": 77.51626
              },
              {
                "name": "Art of Living Sri Ravishankar Ashram",
                "name_kn": "ಅರ್ಟ್ ೊೞ್ ಲಿವಿಙ್ ಸ್ರಿ ರವಿಶಂಕರ್ ಶ್ರಂ",
                "stop_id": "39585",
                "lat": 12.82857,
                "lon": 77.51236
              }
            ]
          },
          {
            "Route": "CSB-SNBS",
            "RouteId": 14014,
            "RouteParentId": 7485,
            "Destination": "Central Silk Board",
            "Via": "",
            "Area": "Shanthinagara Bus Station",
            "PlatformNumber": "8",
            "KannadaDestination": "ಕೆಂಟ್ರಲ್ ಸಿಲ್ಕ್ ಬೊರ್ದ್",
            "KannadaArea": "ಶಾಂತಿನಗರ ಬಸ್ ನಿಲ್ದಾಣ",
            "KannadaVia": "",
            "FromStationId": 21166,
            "Stops": [
              {
                "name": "Shanthinagara Bus Station",
                "name_kn": "ಶಂತಿನಗರ ಬುಸ್ ಸ್ಟಟಿೊಂ",
                "stop_id": "21166",
                "lat": 12.95449,
                "lon": 77.59258
              },
              {
                "name": "Wilson Garden Police Station",
                "name_kn": "ವಿಲ್ಸೊಂ ಗರ್ದೆಂ ಪೊಲಿಕೆ ಸ್ಟಟಿೊಂ",
                "stop_id": "21280",
                "lat": 12.95141,
                "lon": 77.5951
              },
              {
                "name": "Wilson Garden 12th Cross",
                "name_kn": "ವಿಲ್ಸೊಂ ಗರ್ದೆಂ 12ತ್ ಕ್ರೊಸ್ಸ್",
                "stop_id": "20560",
                "lat": 12.94725,
                "lon": 77.59794
              },
              {
                "name": "Lakkasandra",
                "name_kn": "ಲಕ್ಕಸಂದ್ರ",
                "stop_id": "20965",
                "lat": 12.94318,
                "lon": 77.59735
              },
              {
                "name": "Nimhans Hospital",
                "name_kn": "ನಿಂಹಂಸ್ ಹೊಸ್ಪಿಟಲ್",
                "stop_id": "21064",
                "lat": 12.93989,
                "lon": 77.59775
              },
              {
                "name": "Bengaluru Dairy Circle",
                "name_kn": "ಬೆಙಲುರು ದೈರೆ ಕಿರ್ಕ್ಲೆ",
                "stop_id": "20643",
                "lat": 12.9372,
                "lon": 77.60176
              },
              {
                "name": "Muneshwara Devasthana",
                "name_kn": "ಮುನೆಶ್ವರ ದೆವಸ್ತನ",
                "stop_id": "21033",
                "lat": 12.93646,
                "lon": 77.6066
              },
              {
                "name": "Hosur Road Junction",
                "name_kn": "ಹೊಸುರ್ ರೊದ್ ಜುಂಕ್ಟಿೊಂ",
                "stop_id": "20880",
                "lat": 12.93215,
                "lon": 77.61323
              },
              {
                "name": "St Johns Hospital",
                "name_kn": "ಸ್ಟ್ ಜೊಹ್ಂಸ್ ಹೊಸ್ಪಿಟಲ್",
                "stop_id": "21191",
                "lat": 12.92959,
                "lon": 77.61584
              },
              {
                "name": "Koramangala Water Tank",
                "name_kn": "ಕೊರಮಙಲ ವಟೆರ್ ಟಂಕ್",
                "stop_id": "21275",
                "lat": 12.92749,
                "lon": 77.62124
              },
              {
                "name": "Kudure Mukha Colony",
                "name_kn": "ಕುದುರೆ ಮುಖ ಕೊಲೊನೆ",
                "stop_id": "20952",
                "lat": 12.92572,
                "lon": 77.6254
              },
              {
                "name": "Krupanidhi College",
                "name_kn": "ಕ್ರುಪನಿಧಿ ಕೊಲ್ಲೆಗೆ",
                "stop_id": "20947",
                "lat": 12.92388,
                "lon": 77.62852
              },
              {
                "name": "Madivala",
                "name_kn": "ಮದಿವಲ",
                "stop_id": "20973",
                "lat": 12.92166,
                "lon": 77.62146
              },
              {
                "name": "Central Silk Board",
                "name_kn": "ಕೆಂಟ್ರಲ್ ಸಿಲ್ಕ್ ಬೊರ್ದ್",
                "stop_id": "35943",
                "lat": 12.91819,
                "lon": 77.62237
              }
            ]
          },
          {
            "Route": "171 KBS-SNCA",
            "RouteId": 10356,
            "RouteParentId": 5523,
            "Destination": "Suncity Apartment ORR Road",
            "Via": "",
            "Area": "Kempegowda Bus Station",
            "PlatformNumber": "8",
            "KannadaDestination": "ಸುಂಕಿಟೆ ಪರ್ಟ್ಮೆಂಟ್ ೊರ್ರ್ ರೊದ್",
            "KannadaArea": "ಕೆಂಪೇಗೌಡ ಬಸ್ ನಿಲ್ದಾಣ",
            "KannadaVia": "",
            "FromStationId": 21166,
            "Stops": [
              {
                "name": "Shanthinagara Bus Station",
                "name_kn": "ಶಂತಿನಗರ ಬುಸ್ ಸ್ಟಟಿೊಂ",
                "stop_id": "21166",
                "lat": 12.95449,
                "lon": 77.59258
              },
              {
                "name": "Wilson Garden Police Station",
                "name_kn": "ವಿಲ್ಸೊಂ ಗರ್ದೆಂ ಪೊಲಿಕೆ ಸ್ಟಟಿೊಂ",
                "stop_id": "21280",
                "lat": 12.95141,
                "lon": 77.5951
              },
              {
                "name": "Wilson Garden 12th Cross",
                "name_kn": "ವಿಲ್ಸೊಂ ಗರ್ದೆಂ 12ತ್ ಕ್ರೊಸ್ಸ್",
                "stop_id": "20560",
                "lat": 12.94725,
                "lon": 77.59794
              },
              {
                "name": "Lakkasandra",
                "name_kn": "ಲಕ್ಕಸಂದ್ರ",
                "stop_id": "20965",
                "lat": 12.94318,
                "lon": 77.59735
              },
              {
                "name": "Nimhans Hospital",
                "name_kn": "ನಿಂಹಂಸ್ ಹೊಸ್ಪಿಟಲ್",
                "stop_id": "21064",
                "lat": 12.93989,
                "lon": 77.59775
              },
              {
                "name": "Bengaluru Dairy Circle",
                "name_kn": "ಬೆಙಲುರು ದೈರೆ ಕಿರ್ಕ್ಲೆ",
                "stop_id": "35266",
                "lat": 12.93909,
                "lon": 77.6021
              },
              {
                "name": "Chandrappanagara",
                "name_kn": "ಚಂದ್ರಪ್ಪನಗರ",
                "stop_id": "38775",
                "lat": 12.9412,
                "lon": 77.60247
              },
              {
                "name": "MICO Factory Junction",
                "name_kn": "ಮಿಕೊ ೞಕ್ಟೊರೆ ಜುಂಕ್ಟಿೊಂ",
                "stop_id": "24274",
                "lat": 12.94444,
                "lon": 77.60304
              },
              {
                "name": "MICO Gate Adugodi",
                "name_kn": "ಮಿಕೊ ಗಟೆ ದುಗೊದಿ",
                "stop_id": "24070",
                "lat": 12.94426,
                "lon": 77.60458
              },
              {
                "name": "Adugodi",
                "name_kn": "ಅದುಗೊದಿ",
                "stop_id": "29448",
                "lat": 12.94387,
                "lon": 77.6077
              },
              {
                "name": "Adugodi Police Station",
                "name_kn": "ಅದುಗೊದಿ ಪೊಲಿಕೆ ಸ್ಟಟಿೊಂ",
                "stop_id": "23802",
                "lat": 12.93985,
                "lon": 77.6095
              },
              {
                "name": "Forum Mall",
                "name_kn": "ೞೊರುಂ ಮಲ್ಲ್",
                "stop_id": "23803",
                "lat": 12.9346,
                "lon": 77.61228
              },
              {
                "name": "Jyothi Nivas College",
                "name_kn": "ಜೆೊತಿ ನಿವಸ್ ಕೊಲ್ಲೆಗೆ",
                "stop_id": "24071",
                "lat": 12.93533,
                "lon": 77.61415
              },
              {
                "name": "Kalyana Mantapa Koramangala",
                "name_kn": "ಕಲೆನ ಮಂಟಪ ಕೊರಮಙಲ",
                "stop_id": "24072",
                "lat": 12.93739,
                "lon": 77.61839
              },
              {
                "name": "Koramangala Police Station",
                "name_kn": "ಕೊರಮಙಲ ಪೊಲಿಕೆ ಸ್ಟಟಿೊಂ",
                "stop_id": "24073",
                "lat": 12.94167,
                "lon": 77.62151
              },
              {
                "name": "Koramangala Bus Station",
                "name_kn": "ಕೊರಮಙಲ ಬುಸ್ ಸ್ಟಟಿೊಂ",
                "stop_id": "35267",
                "lat": 12.94072,
                "lon": 77.6247
              },
              {
                "name": "Sony World 80ft Road Koramangala",
                "name_kn": "ಸೊನೆ ವೊರ್ಲ್ದ್ 80ೞ್ಟ್ ರೊದ್ ಕೊರಮಙಲ",
                "stop_id": "35103",
                "lat": 12.93694,
                "lon": 77.62734
              },
              {
                "name": "Maharaja Signal",
                "name_kn": "ಮಹರಜ ಸಿಗ್ನಲ್",
                "stop_id": "23938",
                "lat": 12.93455,
                "lon": 77.62968
              },
              {
                "name": "Wipro Park Koramangala",
                "name_kn": "ವಿಪ್ರೊ ಪರ್ಕ್ ಕೊರಮಙಲ",
                "stop_id": "23939",
                "lat": 12.92945,
                "lon": 77.63327
              },
              {
                "name": "Koramangala 1st Block",
                "name_kn": "ಕೊರಮಙಲ 1ಸ್ಟ್ ಬ್ಲೊಕ್ಕ್",
                "stop_id": "23894",
                "lat": 12.92501,
                "lon": 77.63448
              },
              {
                "name": "Jakkasandra",
                "name_kn": "ಜಕ್ಕಸಂದ್ರ",
                "stop_id": "23895",
                "lat": 12.92481,
                "lon": 77.63802
              },
              {
                "name": "Agara Junction",
                "name_kn": "ಅಗರ ಜುಂಕ್ಟಿೊಂ",
                "stop_id": "35769",
                "lat": 12.92468,
                "lon": 77.64998
              },
              {
                "name": "Ibbaluru",
                "name_kn": "ಇಬ್ಬಲುರು",
                "stop_id": "20851",
                "lat": 12.9216,
                "lon": 77.66176
              },
              {
                "name": "Suncity Apartment ORR Road",
                "name_kn": "ಸುಂಕಿಟೆ ಪರ್ಟ್ಮೆಂಟ್ ೊರ್ರ್ ರೊದ್",
                "stop_id": "36762",
                "lat": 12.92379,
                "lon": 77.66535
              }
            ]
          },
          {
            "Route": "340-A KBS-ADG-HSRKEB",
            "RouteId": 11313,
            "RouteParentId": 6034,
            "Destination": "HSR Layout KEB",
            "Via": "",
            "Area": "Kempegowda Bus Station",
            "PlatformNumber": "8",
            "KannadaDestination": "ಹ್ಸ್ರ್ ಲಯೌಟ್ ಕೆಬ್",
            "KannadaArea": "ಕೆಂಪೇಗೌಡ ಬಸ್ ನಿಲ್ದಾಣ",
            "KannadaVia": "",
            "FromStationId": 21166,
            "Stops": [
              {
                "name": "Shanthinagara Bus Station",
                "name_kn": "ಶಂತಿನಗರ ಬುಸ್ ಸ್ಟಟಿೊಂ",
                "stop_id": "21166",
                "lat": 12.95449,
                "lon": 77.59258
              },
              {
                "name": "Wilson Garden Police Station",
                "name_kn": "ವಿಲ್ಸೊಂ ಗರ್ದೆಂ ಪೊಲಿಕೆ ಸ್ಟಟಿೊಂ",
                "stop_id": "21280",
                "lat": 12.95141,
                "lon": 77.5951
              },
              {
                "name": "Wilson Garden 12th Cross",
                "name_kn": "ವಿಲ್ಸೊಂ ಗರ್ದೆಂ 12ತ್ ಕ್ರೊಸ್ಸ್",
                "stop_id": "20560",
                "lat": 12.94725,
                "lon": 77.59794
              },
              {
                "name": "Lakkasandra",
                "name_kn": "ಲಕ್ಕಸಂದ್ರ",
                "stop_id": "20965",
                "lat": 12.94318,
                "lon": 77.59735
              },
              {
                "name": "Nimhans Hospital",
                "name_kn": "ನಿಂಹಂಸ್ ಹೊಸ್ಪಿಟಲ್",
                "stop_id": "21064",
                "lat": 12.93989,
                "lon": 77.59775
              },
              {
                "name": "Bengaluru Dairy Circle",
                "name_kn": "ಬೆಙಲುರು ದೈರೆ ಕಿರ್ಕ್ಲೆ",
                "stop_id": "35266",
                "lat": 12.93909,
                "lon": 77.6021
              },
              {
                "name": "Chandrappanagara",
                "name_kn": "ಚಂದ್ರಪ್ಪನಗರ",
                "stop_id": "38775",
                "lat": 12.9412,
                "lon": 77.60247
              },
              {
                "name": "MICO Factory Junction",
                "name_kn": "ಮಿಕೊ ೞಕ್ಟೊರೆ ಜುಂಕ್ಟಿೊಂ",
                "stop_id": "24274",
                "lat": 12.94444,
                "lon": 77.60304
              },
              {
                "name": "MICO Gate Adugodi",
                "name_kn": "ಮಿಕೊ ಗಟೆ ದುಗೊದಿ",
                "stop_id": "24070",
                "lat": 12.94426,
                "lon": 77.60458
              },
              {
                "name": "Adugodi",
                "name_kn": "ಅದುಗೊದಿ",
                "stop_id": "29448",
                "lat": 12.94387,
                "lon": 77.6077
              },
              {
                "name": "Adugodi Police Station",
                "name_kn": "ಅದುಗೊದಿ ಪೊಲಿಕೆ ಸ್ಟಟಿೊಂ",
                "stop_id": "23802",
                "lat": 12.93985,
                "lon": 77.6095
              },
              {
                "name": "Forum Mall",
                "name_kn": "ೞೊರುಂ ಮಲ್ಲ್",
                "stop_id": "23803",
                "lat": 12.9346,
                "lon": 77.61228
              },
              {
                "name": "Jyothi Nivas College",
                "name_kn": "ಜೆೊತಿ ನಿವಸ್ ಕೊಲ್ಲೆಗೆ",
                "stop_id": "24071",
                "lat": 12.93533,
                "lon": 77.61415
              },
              {
                "name": "Kalyana Mantapa Koramangala",
                "name_kn": "ಕಲೆನ ಮಂಟಪ ಕೊರಮಙಲ",
                "stop_id": "24072",
                "lat": 12.93739,
                "lon": 77.61839
              },
              {
                "name": "Koramangala Police Station",
                "name_kn": "ಕೊರಮಙಲ ಪೊಲಿಕೆ ಸ್ಟಟಿೊಂ",
                "stop_id": "24073",
                "lat": 12.94167,
                "lon": 77.62151
              },
              {
                "name": "Koramangala Bus Station",
                "name_kn": "ಕೊರಮಙಲ ಬುಸ್ ಸ್ಟಟಿೊಂ",
                "stop_id": "35267",
                "lat": 12.94072,
                "lon": 77.6247
              },
              {
                "name": "Sony World 80ft Road Koramangala",
                "name_kn": "ಸೊನೆ ವೊರ್ಲ್ದ್ 80ೞ್ಟ್ ರೊದ್ ಕೊರಮಙಲ",
                "stop_id": "35103",
                "lat": 12.93694,
                "lon": 77.62734
              },
              {
                "name": "Maharaja Signal",
                "name_kn": "ಮಹರಜ ಸಿಗ್ನಲ್",
                "stop_id": "23938",
                "lat": 12.93455,
                "lon": 77.62968
              },
              {
                "name": "Wipro Park Koramangala",
                "name_kn": "ವಿಪ್ರೊ ಪರ್ಕ್ ಕೊರಮಙಲ",
                "stop_id": "23939",
                "lat": 12.92945,
                "lon": 77.63327
              },
              {
                "name": "Koramangala 1st Block",
                "name_kn": "ಕೊರಮಙಲ 1ಸ್ಟ್ ಬ್ಲೊಕ್ಕ್",
                "stop_id": "23894",
                "lat": 12.92501,
                "lon": 77.63448
              },
              {
                "name": "Jakkasandra",
                "name_kn": "ಜಕ್ಕಸಂದ್ರ",
                "stop_id": "23895",
                "lat": 12.92481,
                "lon": 77.63802
              },
              {
                "name": "Agara Junction",
                "name_kn": "ಅಗರ ಜುಂಕ್ಟಿೊಂ",
                "stop_id": "35769",
                "lat": 12.92468,
                "lon": 77.64998
              },
              {
                "name": "HSR Layout Police Station",
                "name_kn": "ಹ್ಸ್ರ್ ಲಯೌಟ್ ಪೊಲಿಕೆ ಸ್ಟಟಿೊಂ",
                "stop_id": "26025",
                "lat": 12.92025,
                "lon": 77.65161
              },
              {
                "name": "HSR Layout Petrol Bunk",
                "name_kn": "ಹ್ಸ್ರ್ ಲಯೌಟ್ ಪೆಟ್ರೊಲ್ ಬುಂಕ್",
                "stop_id": "24279",
                "lat": 12.91976,
                "lon": 77.65163
              },
              {
                "name": "19th Main 13th Cross HSR Layout",
                "name_kn": "19ತ್ ಮೈಂ 13ತ್ ಕ್ರೊಸ್ಸ್ ಹ್ಸ್ರ್ ಲಯೌಟ್",
                "stop_id": "22891",
                "lat": 12.91593,
                "lon": 77.65176
              },
              {
                "name": "CPWD Quarters HSR Layout",
                "name_kn": "ಕ್ಪ್ವ್ದ್ qುರ್ಟೆರ್ಸ್ ಹ್ಸ್ರ್ ಲಯೌಟ್",
                "stop_id": "35127",
                "lat": 12.91413,
                "lon": 77.65182
              },
              {
                "name": "NIFT College",
                "name_kn": "ನಿೞ್ಟ್ ಕೊಲ್ಲೆಗೆ",
                "stop_id": "24281",
                "lat": 12.91191,
                "lon": 77.65192
              },
              {
                "name": "Parangipalya Cross",
                "name_kn": "ಪರಙಿಪಲೆ ಕ್ರೊಸ್ಸ್",
                "stop_id": "34221",
                "lat": 12.9084,
                "lon": 77.65182
              },
              {
                "name": "HSR Layout KEB",
                "name_kn": "ಹ್ಸ್ರ್ ಲಯೌಟ್ ಕೆಬ್",
                "stop_id": "32987",
                "lat": 12.90356,
                "lon": 77.64963
              }
            ]
          },
          {
            "Route": "171-G KBS-SSP",
            "RouteId": 16837,
            "RouteParentId": 9015,
            "Destination": "Somasandarpalya",
            "Via": "",
            "Area": "Kempegowda Bus Station",
            "PlatformNumber": "8",
            "KannadaDestination": "ಸೊಮಸಂದರ್ಪಲೆ",
            "KannadaArea": "ಕೆಂಪೇಗೌಡ ಬಸ್ ನಿಲ್ದಾಣ",
            "KannadaVia": "",
            "FromStationId": 21166,
            "Stops": [
              {
                "name": "Shanthinagara Bus Station",
                "name_kn": "ಶಂತಿನಗರ ಬುಸ್ ಸ್ಟಟಿೊಂ",
                "stop_id": "21166",
                "lat": 12.95449,
                "lon": 77.59258
              },
              {
                "name": "Wilson Garden Police Station",
                "name_kn": "ವಿಲ್ಸೊಂ ಗರ್ದೆಂ ಪೊಲಿಕೆ ಸ್ಟಟಿೊಂ",
                "stop_id": "21280",
                "lat": 12.95141,
                "lon": 77.5951
              },
              {
                "name": "Wilson Garden 12th Cross",
                "name_kn": "ವಿಲ್ಸೊಂ ಗರ್ದೆಂ 12ತ್ ಕ್ರೊಸ್ಸ್",
                "stop_id": "20560",
                "lat": 12.94725,
                "lon": 77.59794
              },
              {
                "name": "Lakkasandra",
                "name_kn": "ಲಕ್ಕಸಂದ್ರ",
                "stop_id": "20965",
                "lat": 12.94318,
                "lon": 77.59735
              },
              {
                "name": "Nimhans Hospital",
                "name_kn": "ನಿಂಹಂಸ್ ಹೊಸ್ಪಿಟಲ್",
                "stop_id": "21064",
                "lat": 12.93989,
                "lon": 77.59775
              },
              {
                "name": "Bengaluru Dairy Circle",
                "name_kn": "ಬೆಙಲುರು ದೈರೆ ಕಿರ್ಕ್ಲೆ",
                "stop_id": "35266",
                "lat": 12.93909,
                "lon": 77.6021
              },
              {
                "name": "Chandrappanagara",
                "name_kn": "ಚಂದ್ರಪ್ಪನಗರ",
                "stop_id": "38775",
                "lat": 12.9412,
                "lon": 77.60247
              },
              {
                "name": "MICO Factory Junction",
                "name_kn": "ಮಿಕೊ ೞಕ್ಟೊರೆ ಜುಂಕ್ಟಿೊಂ",
                "stop_id": "24274",
                "lat": 12.94444,
                "lon": 77.60304
              },
              {
                "name": "MICO Gate Adugodi",
                "name_kn": "ಮಿಕೊ ಗಟೆ ದುಗೊದಿ",
                "stop_id": "24070",
                "lat": 12.94426,
                "lon": 77.60458
              },
              {
                "name": "Adugodi",
                "name_kn": "ಅದುಗೊದಿ",
                "stop_id": "29448",
                "lat": 12.94387,
                "lon": 77.6077
              },
              {
                "name": "Adugodi Police Station",
                "name_kn": "ಅದುಗೊದಿ ಪೊಲಿಕೆ ಸ್ಟಟಿೊಂ",
                "stop_id": "23802",
                "lat": 12.93985,
                "lon": 77.6095
              },
              {
                "name": "Forum Mall",
                "name_kn": "ೞೊರುಂ ಮಲ್ಲ್",
                "stop_id": "23803",
                "lat": 12.9346,
                "lon": 77.61228
              },
              {
                "name": "Jyothi Nivas College",
                "name_kn": "ಜೆೊತಿ ನಿವಸ್ ಕೊಲ್ಲೆಗೆ",
                "stop_id": "24071",
                "lat": 12.93533,
                "lon": 77.61415
              },
              {
                "name": "Kalyana Mantapa Koramangala",
                "name_kn": "ಕಲೆನ ಮಂಟಪ ಕೊರಮಙಲ",
                "stop_id": "24072",
                "lat": 12.93739,
                "lon": 77.61839
              },
              {
                "name": "Koramangala Police Station",
                "name_kn": "ಕೊರಮಙಲ ಪೊಲಿಕೆ ಸ್ಟಟಿೊಂ",
                "stop_id": "24073",
                "lat": 12.94167,
                "lon": 77.62151
              },
              {
                "name": "Koramangala Bus Station",
                "name_kn": "ಕೊರಮಙಲ ಬುಸ್ ಸ್ಟಟಿೊಂ",
                "stop_id": "35267",
                "lat": 12.94072,
                "lon": 77.6247
              },
              {
                "name": "Sony World 80ft Road Koramangala",
                "name_kn": "ಸೊನೆ ವೊರ್ಲ್ದ್ 80ೞ್ಟ್ ರೊದ್ ಕೊರಮಙಲ",
                "stop_id": "35103",
                "lat": 12.93694,
                "lon": 77.62734
              },
              {
                "name": "Maharaja Signal",
                "name_kn": "ಮಹರಜ ಸಿಗ್ನಲ್",
                "stop_id": "23938",
                "lat": 12.93455,
                "lon": 77.62968
              },
              {
                "name": "Wipro Park Koramangala",
                "name_kn": "ವಿಪ್ರೊ ಪರ್ಕ್ ಕೊರಮಙಲ",
                "stop_id": "23939",
                "lat": 12.92945,
                "lon": 77.63327
              },
              {
                "name": "Koramangala 1st Block",
                "name_kn": "ಕೊರಮಙಲ 1ಸ್ಟ್ ಬ್ಲೊಕ್ಕ್",
                "stop_id": "23894",
                "lat": 12.92501,
                "lon": 77.63448
              },
              {
                "name": "Jakkasandra",
                "name_kn": "ಜಕ್ಕಸಂದ್ರ",
                "stop_id": "23895",
                "lat": 12.92481,
                "lon": 77.63802
              },
              {
                "name": "Agara Junction",
                "name_kn": "ಅಗರ ಜುಂಕ್ಟಿೊಂ",
                "stop_id": "35769",
                "lat": 12.92468,
                "lon": 77.64998
              },
              {
                "name": "HSR Layout Petrol Bunk",
                "name_kn": "ಹ್ಸ್ರ್ ಲಯೌಟ್ ಪೆಟ್ರೊಲ್ ಬುಂಕ್",
                "stop_id": "24279",
                "lat": 12.91976,
                "lon": 77.65163
              },
              {
                "name": "19th Main 13th Cross HSR Layout",
                "name_kn": "19ತ್ ಮೈಂ 13ತ್ ಕ್ರೊಸ್ಸ್ ಹ್ಸ್ರ್ ಲಯೌಟ್",
                "stop_id": "22891",
                "lat": 12.91593,
                "lon": 77.65176
              },
              {
                "name": "CPWD Quarters HSR Layout",
                "name_kn": "ಕ್ಪ್ವ್ದ್ qುರ್ಟೆರ್ಸ್ ಹ್ಸ್ರ್ ಲಯೌಟ್",
                "stop_id": "35127",
                "lat": 12.91413,
                "lon": 77.65182
              },
              {
                "name": "NIFT College",
                "name_kn": "ನಿೞ್ಟ್ ಕೊಲ್ಲೆಗೆ",
                "stop_id": "24281",
                "lat": 12.91191,
                "lon": 77.65192
              },
              {
                "name": "Parangipalya Cross",
                "name_kn": "ಪರಙಿಪಲೆ ಕ್ರೊಸ್ಸ್",
                "stop_id": "34221",
                "lat": 12.9084,
                "lon": 77.65182
              },
              {
                "name": "SVR College",
                "name_kn": "ಸ್ವ್ರ್ ಕೊಲ್ಲೆಗೆ",
                "stop_id": "24054",
                "lat": 12.90217,
                "lon": 77.65071
              },
              {
                "name": "Somasandarpalya",
                "name_kn": "ಸೊಮಸಂದರ್ಪಲೆ",
                "stop_id": "24055",
                "lat": 12.8988,
                "lon": 77.6513
              }
            ]
          },
          {
            "Route": "342-F",
            "RouteId": 1698,
            "RouteParentId": 1013,
            "Destination": "Sarjapura",
            "Via": "",
            "Area": "Kempegowda Bus Station",
            "PlatformNumber": "8",
            "KannadaDestination": "ಸರ್ಜಪುರ",
            "KannadaArea": "ಕೆಂಪೇಗೌಡ ಬಸ್ ನಿಲ್ದಾಣ",
            "KannadaVia": "",
            "FromStationId": 21166,
            "Stops": [
              {
                "name": "Shanthinagara Bus Station",
                "name_kn": "ಶಂತಿನಗರ ಬುಸ್ ಸ್ಟಟಿೊಂ",
                "stop_id": "21166",
                "lat": 12.95449,
                "lon": 77.59258
              },
              {
                "name": "Wilson Garden Police Station",
                "name_kn": "ವಿಲ್ಸೊಂ ಗರ್ದೆಂ ಪೊಲಿಕೆ ಸ್ಟಟಿೊಂ",
                "stop_id": "21280",
                "lat": 12.95141,
                "lon": 77.5951
              },
              {
                "name": "Wilson Garden 12th Cross",
                "name_kn": "ವಿಲ್ಸೊಂ ಗರ್ದೆಂ 12ತ್ ಕ್ರೊಸ್ಸ್",
                "stop_id": "20560",
                "lat": 12.94725,
                "lon": 77.59794
              },
              {
                "name": "Lakkasandra",
                "name_kn": "ಲಕ್ಕಸಂದ್ರ",
                "stop_id": "20965",
                "lat": 12.94318,
                "lon": 77.59735
              },
              {
                "name": "Nimhans Hospital",
                "name_kn": "ನಿಂಹಂಸ್ ಹೊಸ್ಪಿಟಲ್",
                "stop_id": "21064",
                "lat": 12.93989,
                "lon": 77.59775
              },
              {
                "name": "Bengaluru Dairy Circle",
                "name_kn": "ಬೆಙಲುರು ದೈರೆ ಕಿರ್ಕ್ಲೆ",
                "stop_id": "20643",
                "lat": 12.9372,
                "lon": 77.60176
              },
              {
                "name": "Muneshwara Devasthana",
                "name_kn": "ಮುನೆಶ್ವರ ದೆವಸ್ತನ",
                "stop_id": "21033",
                "lat": 12.93646,
                "lon": 77.6066
              },
              {
                "name": "Hosur Road Junction",
                "name_kn": "ಹೊಸುರ್ ರೊದ್ ಜುಂಕ್ಟಿೊಂ",
                "stop_id": "20880",
                "lat": 12.93215,
                "lon": 77.61323
              },
              {
                "name": "St Johns Hospital",
                "name_kn": "ಸ್ಟ್ ಜೊಹ್ಂಸ್ ಹೊಸ್ಪಿಟಲ್",
                "stop_id": "21191",
                "lat": 12.92959,
                "lon": 77.61584
              },
              {
                "name": "Koramangala Water Tank",
                "name_kn": "ಕೊರಮಙಲ ವಟೆರ್ ಟಂಕ್",
                "stop_id": "21275",
                "lat": 12.92749,
                "lon": 77.62124
              },
              {
                "name": "Kudure Mukha Colony",
                "name_kn": "ಕುದುರೆ ಮುಖ ಕೊಲೊನೆ",
                "stop_id": "20952",
                "lat": 12.92572,
                "lon": 77.6254
              },
              {
                "name": "St francis College",
                "name_kn": "ಸ್ಟ್ ೞ್ರಂಕಿಸ್ ಕೊಲ್ಲೆಗೆ",
                "stop_id": "23893",
                "lat": 12.92441,
                "lon": 77.63086
              },
              {
                "name": "Koramangala 1st Block",
                "name_kn": "ಕೊರಮಙಲ 1ಸ್ಟ್ ಬ್ಲೊಕ್ಕ್",
                "stop_id": "23894",
                "lat": 12.92501,
                "lon": 77.63448
              },
              {
                "name": "Jakkasandra",
                "name_kn": "ಜಕ್ಕಸಂದ್ರ",
                "stop_id": "23895",
                "lat": 12.92481,
                "lon": 77.63802
              },
              {
                "name": "Agara Junction",
                "name_kn": "ಅಗರ ಜುಂಕ್ಟಿೊಂ",
                "stop_id": "35769",
                "lat": 12.92468,
                "lon": 77.64998
              },
              {
                "name": "Ibbaluru",
                "name_kn": "ಇಬ್ಬಲುರು",
                "stop_id": "20851",
                "lat": 12.9216,
                "lon": 77.66176
              },
              {
                "name": "Bellanduru Gate SJP Road",
                "name_kn": "ಬೆಲ್ಲಂದುರು ಗಟೆ ಸ್ಜ್ಪ್ ರೊದ್",
                "stop_id": "23896",
                "lat": 12.91858,
                "lon": 77.66991
              },
              {
                "name": "Kaikondrahalli",
                "name_kn": "ಕೈಕೊಂದ್ರಹಲ್ಲಿ",
                "stop_id": "23897",
                "lat": 12.91419,
                "lon": 77.67711
              },
              {
                "name": "Junnasandra Gate Wipro Regional Office",
                "name_kn": "ಜುಂನಸಂದ್ರ ಗಟೆ ವಿಪ್ರೊ ರೆಗಿೊನಲ್ ೊೞ್ೞಿಕೆ",
                "stop_id": "23898",
                "lat": 12.91086,
                "lon": 77.68439
              },
              {
                "name": "Radhareddy Layout",
                "name_kn": "ರಧರೆದ್ಠೆ ಲಯೌಟ್",
                "stop_id": "23390",
                "lat": 12.90883,
                "lon": 77.6897
              },
              {
                "name": "Doddakannalli",
                "name_kn": "ದೊದ್ದಕಂನಲ್ಲಿ",
                "stop_id": "35104",
                "lat": 12.90731,
                "lon": 77.69556
              },
              {
                "name": "Carmelram Gate",
                "name_kn": "ಕರ್ಮೆಲ್ರಂ ಗಟೆ",
                "stop_id": "23900",
                "lat": 12.90352,
                "lon": 77.70401
              },
              {
                "name": "Ambedkar Nagara",
                "name_kn": "ಅಂಬೆದ್ಕರ್ ನಗರ",
                "stop_id": "23901",
                "lat": 12.89929,
                "lon": 77.71273
              },
              {
                "name": "Wipro Campus Sarjapura Road",
                "name_kn": "ವಿಪ್ರೊ ಕಂಪುಸ್ ಸರ್ಜಪುರ ರೊದ್",
                "stop_id": "34475",
                "lat": 12.89903,
                "lon": 77.71354
              },
              {
                "name": "Kodathi Gate",
                "name_kn": "ಕೊದತಿ ಗಟೆ",
                "stop_id": "35072",
                "lat": 12.8966,
                "lon": 77.72037
              },
              {
                "name": "Sulikunte",
                "name_kn": "ಸುಲಿಕುಂಟೆ",
                "stop_id": "35124",
                "lat": 12.89246,
                "lon": 77.72846
              },
              {
                "name": "Muttanalluru Cross",
                "name_kn": "ಮುಟನಲ್ಲುರು ಕ್ರೊಸ್ಸ್",
                "stop_id": "35131",
                "lat": 12.88749,
                "lon": 77.7384
              },
              {
                "name": "Subramanya Swamy Temple",
                "name_kn": "ಸುಬ್ರಮನೆ ಸ್ವಮೆ ಟೆಂಪ್ಲೆ",
                "stop_id": "39632",
                "lat": 12.88672,
                "lon": 77.74249
              },
              {
                "name": "Dommasandra Circle",
                "name_kn": "ದೊಮ್ಮಸಂದ್ರ ಕಿರ್ಕ್ಲೆ",
                "stop_id": "35149",
                "lat": 12.88321,
                "lon": 77.75244
              },
              {
                "name": "Dommasandra",
                "name_kn": "ದೊಮ್ಮಸಂದ್ರ",
                "stop_id": "23906",
                "lat": 12.8796,
                "lon": 77.75371
              },
              {
                "name": "Thigalara Chowdenahalli Cross",
                "name_kn": "ತಿಗಲರ ಚೌದೆನಹಲ್ಲಿ ಕ್ರೊಸ್ಸ್",
                "stop_id": "22546",
                "lat": 12.88181,
                "lon": 77.75681
              },
              {
                "name": "Chambenahalli",
                "name_kn": "ಚಂಬೆನಹಲ್ಲಿ",
                "stop_id": "21813",
                "lat": 12.87934,
                "lon": 77.76163
              },
              {
                "name": "Yamare",
                "name_kn": "ಯಮರೆ",
                "stop_id": "22629",
                "lat": 12.87225,
                "lon": 77.76649
              },
              {
                "name": "Crystal Apartment Sarjapura Road",
                "name_kn": "ಕ್ರೆಸ್ಟಲ್ ಪರ್ಟ್ಮೆಂಟ್ ಸರ್ಜಪುರ ರೊದ್",
                "stop_id": "21866",
                "lat": 12.86771,
                "lon": 77.76724
              },
              {
                "name": "Sompura Gate",
                "name_kn": "ಸೊಂಪುರ ಗಟೆ",
                "stop_id": "22497",
                "lat": 12.86207,
                "lon": 77.77213
              },
              {
                "name": "Sarjapura Circle",
                "name_kn": "ಸರ್ಜಪುರ ಕಿರ್ಕ್ಲೆ",
                "stop_id": "22391",
                "lat": 12.86102,
                "lon": 77.78352
              },
              {
                "name": "Sarjapura",
                "name_kn": "ಸರ್ಜಪುರ",
                "stop_id": "23907",
                "lat": 12.86136,
                "lon": 77.7856
              }
            ]
          },
          {
            "Route": "342-WA",
            "RouteId": 2145,
            "RouteParentId": 1251,
            "Destination": "Kuthaganahalli",
            "Via": "",
            "Area": "Shivajinagara Bus Station",
            "PlatformNumber": "8",
            "KannadaDestination": "ಕುತಗನಹಲ್ಲಿ",
            "KannadaArea": "ಶಿವಾಜಿನಗರ ಬಸ್ ನಿಲ್ದಾಣ",
            "KannadaVia": "",
            "FromStationId": 21166,
            "Stops": [
              {
                "name": "Shanthinagara Bus Station",
                "name_kn": "ಶಂತಿನಗರ ಬುಸ್ ಸ್ಟಟಿೊಂ",
                "stop_id": "21166",
                "lat": 12.95449,
                "lon": 77.59258
              },
              {
                "name": "Wilson Garden Police Station",
                "name_kn": "ವಿಲ್ಸೊಂ ಗರ್ದೆಂ ಪೊಲಿಕೆ ಸ್ಟಟಿೊಂ",
                "stop_id": "21280",
                "lat": 12.95141,
                "lon": 77.5951
              },
              {
                "name": "Wilson Garden 12th Cross",
                "name_kn": "ವಿಲ್ಸೊಂ ಗರ್ದೆಂ 12ತ್ ಕ್ರೊಸ್ಸ್",
                "stop_id": "20560",
                "lat": 12.94725,
                "lon": 77.59794
              },
              {
                "name": "Lakkasandra",
                "name_kn": "ಲಕ್ಕಸಂದ್ರ",
                "stop_id": "20965",
                "lat": 12.94318,
                "lon": 77.59735
              },
              {
                "name": "Nimhans Hospital",
                "name_kn": "ನಿಂಹಂಸ್ ಹೊಸ್ಪಿಟಲ್",
                "stop_id": "21064",
                "lat": 12.93989,
                "lon": 77.59775
              },
              {
                "name": "Bengaluru Dairy Circle",
                "name_kn": "ಬೆಙಲುರು ದೈರೆ ಕಿರ್ಕ್ಲೆ",
                "stop_id": "20643",
                "lat": 12.9372,
                "lon": 77.60176
              },
              {
                "name": "Muneshwara Devasthana",
                "name_kn": "ಮುನೆಶ್ವರ ದೆವಸ್ತನ",
                "stop_id": "21033",
                "lat": 12.93646,
                "lon": 77.6066
              },
              {
                "name": "Hosur Road Junction",
                "name_kn": "ಹೊಸುರ್ ರೊದ್ ಜುಂಕ್ಟಿೊಂ",
                "stop_id": "20880",
                "lat": 12.93215,
                "lon": 77.61323
              },
              {
                "name": "St Johns Hospital",
                "name_kn": "ಸ್ಟ್ ಜೊಹ್ಂಸ್ ಹೊಸ್ಪಿಟಲ್",
                "stop_id": "21191",
                "lat": 12.92959,
                "lon": 77.61584
              },
              {
                "name": "Koramangala Water Tank",
                "name_kn": "ಕೊರಮಙಲ ವಟೆರ್ ಟಂಕ್",
                "stop_id": "21275",
                "lat": 12.92749,
                "lon": 77.62124
              },
              {
                "name": "Kudure Mukha Colony",
                "name_kn": "ಕುದುರೆ ಮುಖ ಕೊಲೊನೆ",
                "stop_id": "20952",
                "lat": 12.92572,
                "lon": 77.6254
              },
              {
                "name": "St francis College",
                "name_kn": "ಸ್ಟ್ ೞ್ರಂಕಿಸ್ ಕೊಲ್ಲೆಗೆ",
                "stop_id": "23893",
                "lat": 12.92441,
                "lon": 77.63086
              },
              {
                "name": "Koramangala 1st Block",
                "name_kn": "ಕೊರಮಙಲ 1ಸ್ಟ್ ಬ್ಲೊಕ್ಕ್",
                "stop_id": "23894",
                "lat": 12.92501,
                "lon": 77.63448
              },
              {
                "name": "Jakkasandra",
                "name_kn": "ಜಕ್ಕಸಂದ್ರ",
                "stop_id": "23895",
                "lat": 12.92481,
                "lon": 77.63802
              },
              {
                "name": "Agara Junction",
                "name_kn": "ಅಗರ ಜುಂಕ್ಟಿೊಂ",
                "stop_id": "35769",
                "lat": 12.92468,
                "lon": 77.64998
              },
              {
                "name": "Ibbaluru",
                "name_kn": "ಇಬ್ಬಲುರು",
                "stop_id": "20851",
                "lat": 12.9216,
                "lon": 77.66176
              },
              {
                "name": "Bellanduru Gate SJP Road",
                "name_kn": "ಬೆಲ್ಲಂದುರು ಗಟೆ ಸ್ಜ್ಪ್ ರೊದ್",
                "stop_id": "23896",
                "lat": 12.91858,
                "lon": 77.66991
              },
              {
                "name": "Kaikondrahalli",
                "name_kn": "ಕೈಕೊಂದ್ರಹಲ್ಲಿ",
                "stop_id": "23897",
                "lat": 12.91419,
                "lon": 77.67711
              },
              {
                "name": "Junnasandra Gate Wipro Regional Office",
                "name_kn": "ಜುಂನಸಂದ್ರ ಗಟೆ ವಿಪ್ರೊ ರೆಗಿೊನಲ್ ೊೞ್ೞಿಕೆ",
                "stop_id": "23898",
                "lat": 12.91086,
                "lon": 77.68439
              },
              {
                "name": "Radhareddy Layout",
                "name_kn": "ರಧರೆದ್ಠೆ ಲಯೌಟ್",
                "stop_id": "23390",
                "lat": 12.90883,
                "lon": 77.6897
              },
              {
                "name": "Doddakannalli",
                "name_kn": "ದೊದ್ದಕಂನಲ್ಲಿ",
                "stop_id": "35104",
                "lat": 12.90731,
                "lon": 77.69556
              },
              {
                "name": "Carmelram Gate",
                "name_kn": "ಕರ್ಮೆಲ್ರಂ ಗಟೆ",
                "stop_id": "23900",
                "lat": 12.90352,
                "lon": 77.70401
              },
              {
                "name": "Ambedkar Nagara",
                "name_kn": "ಅಂಬೆದ್ಕರ್ ನಗರ",
                "stop_id": "23901",
                "lat": 12.89929,
                "lon": 77.71273
              },
              {
                "name": "Wipro Campus Sarjapura Road",
                "name_kn": "ವಿಪ್ರೊ ಕಂಪುಸ್ ಸರ್ಜಪುರ ರೊದ್",
                "stop_id": "34475",
                "lat": 12.89903,
                "lon": 77.71354
              },
              {
                "name": "Kodathi Gate",
                "name_kn": "ಕೊದತಿ ಗಟೆ",
                "stop_id": "35072",
                "lat": 12.8966,
                "lon": 77.72037
              },
              {
                "name": "Sulikunte",
                "name_kn": "ಸುಲಿಕುಂಟೆ",
                "stop_id": "35124",
                "lat": 12.89246,
                "lon": 77.72846
              },
              {
                "name": "Muttanalluru Cross",
                "name_kn": "ಮುಟನಲ್ಲುರು ಕ್ರೊಸ್ಸ್",
                "stop_id": "35131",
                "lat": 12.88749,
                "lon": 77.7384
              },
              {
                "name": "Subramanya Swamy Temple",
                "name_kn": "ಸುಬ್ರಮನೆ ಸ್ವಮೆ ಟೆಂಪ್ಲೆ",
                "stop_id": "39632",
                "lat": 12.88672,
                "lon": 77.74249
              },
              {
                "name": "Dommasandra Circle",
                "name_kn": "ದೊಮ್ಮಸಂದ್ರ ಕಿರ್ಕ್ಲೆ",
                "stop_id": "35149",
                "lat": 12.88321,
                "lon": 77.75244
              },
              {
                "name": "Dommasandra",
                "name_kn": "ದೊಮ್ಮಸಂದ್ರ",
                "stop_id": "23906",
                "lat": 12.8796,
                "lon": 77.75371
              },
              {
                "name": "Thigalara Chowdenahalli Cross",
                "name_kn": "ತಿಗಲರ ಚೌದೆನಹಲ್ಲಿ ಕ್ರೊಸ್ಸ್",
                "stop_id": "22546",
                "lat": 12.88181,
                "lon": 77.75681
              },
              {
                "name": "Chambenahalli",
                "name_kn": "ಚಂಬೆನಹಲ್ಲಿ",
                "stop_id": "21813",
                "lat": 12.87934,
                "lon": 77.76163
              },
              {
                "name": "Yamare",
                "name_kn": "ಯಮರೆ",
                "stop_id": "22629",
                "lat": 12.87225,
                "lon": 77.76649
              },
              {
                "name": "Crystal Apartment Sarjapura Road",
                "name_kn": "ಕ್ರೆಸ್ಟಲ್ ಪರ್ಟ್ಮೆಂಟ್ ಸರ್ಜಪುರ ರೊದ್",
                "stop_id": "21866",
                "lat": 12.86771,
                "lon": 77.76724
              },
              {
                "name": "Sompura Gate",
                "name_kn": "ಸೊಂಪುರ ಗಟೆ",
                "stop_id": "22497",
                "lat": 12.86207,
                "lon": 77.77213
              },
              {
                "name": "Sarjapura Circle",
                "name_kn": "ಸರ್ಜಪುರ ಕಿರ್ಕ್ಲೆ",
                "stop_id": "22391",
                "lat": 12.86102,
                "lon": 77.78352
              },
              {
                "name": "Sarjapura",
                "name_kn": "ಸರ್ಜಪುರ",
                "stop_id": "23907",
                "lat": 12.86136,
                "lon": 77.7856
              },
              {
                "name": "Kere Devasthana",
                "name_kn": "ಕೆರೆ ದೆವಸ್ತನ",
                "stop_id": "33462",
                "lat": 12.87365,
                "lon": 77.78586
              },
              {
                "name": "Ittanguru",
                "name_kn": "ಇಟಙುರು",
                "stop_id": "26202",
                "lat": 12.88205,
                "lon": 77.78861
              },
              {
                "name": "Chikka Dasarahalli Cross",
                "name_kn": "ಚಿಕ್ಕ ದಸರಹಲ್ಲಿ ಕ್ರೊಸ್ಸ್",
                "stop_id": "32267",
                "lat": 12.88203,
                "lon": 77.78773
              },
              {
                "name": "Kutaganahalli Cross",
                "name_kn": "ಕುಟಗನಹಲ್ಲಿ ಕ್ರೊಸ್ಸ್",
                "stop_id": "24033",
                "lat": 12.89752,
                "lon": 77.79048
              },
              {
                "name": "Bhovipalya",
                "name_kn": "ಭೊವಿಪಲೆ",
                "stop_id": "35148",
                "lat": 12.8935,
                "lon": 77.79742
              },
              {
                "name": "Kuthaganahalli",
                "name_kn": "ಕುತಗನಹಲ್ಲಿ",
                "stop_id": "24031",
                "lat": 12.88902,
                "lon": 77.80211
              }
            ]
          },
          {
            "Route": "V-342F",
            "RouteId": 3891,
            "RouteParentId": 2153,
            "Destination": "Sarjapura",
            "Via": "",
            "Area": "Kempegowda Bus Station",
            "PlatformNumber": "8",
            "KannadaDestination": "ಸರ್ಜಪುರ",
            "KannadaArea": "ಕೆಂಪೇಗೌಡ ಬಸ್ ನಿಲ್ದಾಣ",
            "KannadaVia": "",
            "FromStationId": 21166,
            "Stops": [
              {
                "name": "Shanthinagara Bus Station",
                "name_kn": "ಶಂತಿನಗರ ಬುಸ್ ಸ್ಟಟಿೊಂ",
                "stop_id": "21166",
                "lat": 12.95449,
                "lon": 77.59258
              },
              {
                "name": "Wilson Garden Police Station",
                "name_kn": "ವಿಲ್ಸೊಂ ಗರ್ದೆಂ ಪೊಲಿಕೆ ಸ್ಟಟಿೊಂ",
                "stop_id": "21280",
                "lat": 12.95141,
                "lon": 77.5951
              },
              {
                "name": "Wilson Garden 12th Cross",
                "name_kn": "ವಿಲ್ಸೊಂ ಗರ್ದೆಂ 12ತ್ ಕ್ರೊಸ್ಸ್",
                "stop_id": "20560",
                "lat": 12.94725,
                "lon": 77.59794
              },
              {
                "name": "Lakkasandra",
                "name_kn": "ಲಕ್ಕಸಂದ್ರ",
                "stop_id": "20965",
                "lat": 12.94318,
                "lon": 77.59735
              },
              {
                "name": "Nimhans Hospital",
                "name_kn": "ನಿಂಹಂಸ್ ಹೊಸ್ಪಿಟಲ್",
                "stop_id": "21064",
                "lat": 12.93989,
                "lon": 77.59775
              },
              {
                "name": "Bengaluru Dairy Circle",
                "name_kn": "ಬೆಙಲುರು ದೈರೆ ಕಿರ್ಕ್ಲೆ",
                "stop_id": "20643",
                "lat": 12.9372,
                "lon": 77.60176
              },
              {
                "name": "Muneshwara Devasthana",
                "name_kn": "ಮುನೆಶ್ವರ ದೆವಸ್ತನ",
                "stop_id": "21033",
                "lat": 12.93646,
                "lon": 77.6066
              },
              {
                "name": "Hosur Road Junction",
                "name_kn": "ಹೊಸುರ್ ರೊದ್ ಜುಂಕ್ಟಿೊಂ",
                "stop_id": "20880",
                "lat": 12.93215,
                "lon": 77.61323
              },
              {
                "name": "St Johns Hospital",
                "name_kn": "ಸ್ಟ್ ಜೊಹ್ಂಸ್ ಹೊಸ್ಪಿಟಲ್",
                "stop_id": "21191",
                "lat": 12.92959,
                "lon": 77.61584
              },
              {
                "name": "Koramangala Water Tank",
                "name_kn": "ಕೊರಮಙಲ ವಟೆರ್ ಟಂಕ್",
                "stop_id": "21275",
                "lat": 12.92749,
                "lon": 77.62124
              },
              {
                "name": "Kudure Mukha Colony",
                "name_kn": "ಕುದುರೆ ಮುಖ ಕೊಲೊನೆ",
                "stop_id": "20952",
                "lat": 12.92572,
                "lon": 77.6254
              },
              {
                "name": "St francis College",
                "name_kn": "ಸ್ಟ್ ೞ್ರಂಕಿಸ್ ಕೊಲ್ಲೆಗೆ",
                "stop_id": "23893",
                "lat": 12.92441,
                "lon": 77.63086
              },
              {
                "name": "Koramangala 1st Block",
                "name_kn": "ಕೊರಮಙಲ 1ಸ್ಟ್ ಬ್ಲೊಕ್ಕ್",
                "stop_id": "23894",
                "lat": 12.92501,
                "lon": 77.63448
              },
              {
                "name": "Jakkasandra",
                "name_kn": "ಜಕ್ಕಸಂದ್ರ",
                "stop_id": "23895",
                "lat": 12.92481,
                "lon": 77.63802
              },
              {
                "name": "Agara Junction",
                "name_kn": "ಅಗರ ಜುಂಕ್ಟಿೊಂ",
                "stop_id": "35769",
                "lat": 12.92468,
                "lon": 77.64998
              },
              {
                "name": "Ibbaluru",
                "name_kn": "ಇಬ್ಬಲುರು",
                "stop_id": "20851",
                "lat": 12.9216,
                "lon": 77.66176
              },
              {
                "name": "Bellanduru Gate SJP Road",
                "name_kn": "ಬೆಲ್ಲಂದುರು ಗಟೆ ಸ್ಜ್ಪ್ ರೊದ್",
                "stop_id": "23896",
                "lat": 12.91858,
                "lon": 77.66991
              },
              {
                "name": "Kaikondrahalli",
                "name_kn": "ಕೈಕೊಂದ್ರಹಲ್ಲಿ",
                "stop_id": "23897",
                "lat": 12.91419,
                "lon": 77.67711
              },
              {
                "name": "Junnasandra Gate Wipro Regional Office",
                "name_kn": "ಜುಂನಸಂದ್ರ ಗಟೆ ವಿಪ್ರೊ ರೆಗಿೊನಲ್ ೊೞ್ೞಿಕೆ",
                "stop_id": "23898",
                "lat": 12.91086,
                "lon": 77.68439
              },
              {
                "name": "Radhareddy Layout",
                "name_kn": "ರಧರೆದ್ಠೆ ಲಯೌಟ್",
                "stop_id": "23390",
                "lat": 12.90883,
                "lon": 77.6897
              },
              {
                "name": "Doddakannalli",
                "name_kn": "ದೊದ್ದಕಂನಲ್ಲಿ",
                "stop_id": "35104",
                "lat": 12.90731,
                "lon": 77.69556
              },
              {
                "name": "Carmelram Gate",
                "name_kn": "ಕರ್ಮೆಲ್ರಂ ಗಟೆ",
                "stop_id": "23900",
                "lat": 12.90352,
                "lon": 77.70401
              },
              {
                "name": "Ambedkar Nagara",
                "name_kn": "ಅಂಬೆದ್ಕರ್ ನಗರ",
                "stop_id": "23901",
                "lat": 12.89929,
                "lon": 77.71273
              },
              {
                "name": "Wipro Campus Sarjapura Road",
                "name_kn": "ವಿಪ್ರೊ ಕಂಪುಸ್ ಸರ್ಜಪುರ ರೊದ್",
                "stop_id": "34475",
                "lat": 12.89903,
                "lon": 77.71354
              },
              {
                "name": "Kodathi Gate",
                "name_kn": "ಕೊದತಿ ಗಟೆ",
                "stop_id": "35072",
                "lat": 12.8966,
                "lon": 77.72037
              },
              {
                "name": "Sulikunte",
                "name_kn": "ಸುಲಿಕುಂಟೆ",
                "stop_id": "35124",
                "lat": 12.89246,
                "lon": 77.72846
              },
              {
                "name": "Muttanalluru Cross",
                "name_kn": "ಮುಟನಲ್ಲುರು ಕ್ರೊಸ್ಸ್",
                "stop_id": "35131",
                "lat": 12.88749,
                "lon": 77.7384
              },
              {
                "name": "Subramanya Swamy Temple",
                "name_kn": "ಸುಬ್ರಮನೆ ಸ್ವಮೆ ಟೆಂಪ್ಲೆ",
                "stop_id": "39632",
                "lat": 12.88672,
                "lon": 77.74249
              },
              {
                "name": "Dommasandra Circle",
                "name_kn": "ದೊಮ್ಮಸಂದ್ರ ಕಿರ್ಕ್ಲೆ",
                "stop_id": "35149",
                "lat": 12.88321,
                "lon": 77.75244
              },
              {
                "name": "Dommasandra",
                "name_kn": "ದೊಮ್ಮಸಂದ್ರ",
                "stop_id": "23906",
                "lat": 12.8796,
                "lon": 77.75371
              },
              {
                "name": "Thigalara Chowdenahalli Cross",
                "name_kn": "ತಿಗಲರ ಚೌದೆನಹಲ್ಲಿ ಕ್ರೊಸ್ಸ್",
                "stop_id": "22546",
                "lat": 12.88181,
                "lon": 77.75681
              },
              {
                "name": "Chambenahalli",
                "name_kn": "ಚಂಬೆನಹಲ್ಲಿ",
                "stop_id": "21813",
                "lat": 12.87934,
                "lon": 77.76163
              },
              {
                "name": "Yamare",
                "name_kn": "ಯಮರೆ",
                "stop_id": "22629",
                "lat": 12.87225,
                "lon": 77.76649
              },
              {
                "name": "Crystal Apartment Sarjapura Road",
                "name_kn": "ಕ್ರೆಸ್ಟಲ್ ಪರ್ಟ್ಮೆಂಟ್ ಸರ್ಜಪುರ ರೊದ್",
                "stop_id": "21866",
                "lat": 12.86771,
                "lon": 77.76724
              },
              {
                "name": "Sompura Gate",
                "name_kn": "ಸೊಂಪುರ ಗಟೆ",
                "stop_id": "22497",
                "lat": 12.86207,
                "lon": 77.77213
              },
              {
                "name": "Sarjapura Circle",
                "name_kn": "ಸರ್ಜಪುರ ಕಿರ್ಕ್ಲೆ",
                "stop_id": "22391",
                "lat": 12.86102,
                "lon": 77.78352
              },
              {
                "name": "Sarjapura",
                "name_kn": "ಸರ್ಜಪುರ",
                "stop_id": "23907",
                "lat": 12.86136,
                "lon": 77.7856
              }
            ]
          },
          {
            "Route": "V-342F D25G-KBS",
            "RouteId": 3984,
            "RouteParentId": 2211,
            "Destination": "Depot-25 Gate",
            "Via": "",
            "Area": "Kempegowda Bus Station",
            "PlatformNumber": "8",
            "KannadaDestination": "ದೆಪೊಟ್-25 ಗಟೆ",
            "KannadaArea": "ಕೆಂಪೇಗೌಡ ಬಸ್ ನಿಲ್ದಾಣ",
            "KannadaVia": "",
            "FromStationId": 21166,
            "Stops": [
              {
                "name": "Shanthinagara Bus Station",
                "name_kn": "ಶಂತಿನಗರ ಬುಸ್ ಸ್ಟಟಿೊಂ",
                "stop_id": "21166",
                "lat": 12.95449,
                "lon": 77.59258
              },
              {
                "name": "Wilson Garden Police Station",
                "name_kn": "ವಿಲ್ಸೊಂ ಗರ್ದೆಂ ಪೊಲಿಕೆ ಸ್ಟಟಿೊಂ",
                "stop_id": "21280",
                "lat": 12.95141,
                "lon": 77.5951
              },
              {
                "name": "Wilson Garden 12th Cross",
                "name_kn": "ವಿಲ್ಸೊಂ ಗರ್ದೆಂ 12ತ್ ಕ್ರೊಸ್ಸ್",
                "stop_id": "20560",
                "lat": 12.94725,
                "lon": 77.59794
              },
              {
                "name": "Lakkasandra",
                "name_kn": "ಲಕ್ಕಸಂದ್ರ",
                "stop_id": "20965",
                "lat": 12.94318,
                "lon": 77.59735
              },
              {
                "name": "Nimhans Hospital",
                "name_kn": "ನಿಂಹಂಸ್ ಹೊಸ್ಪಿಟಲ್",
                "stop_id": "21064",
                "lat": 12.93989,
                "lon": 77.59775
              },
              {
                "name": "Bengaluru Dairy Circle",
                "name_kn": "ಬೆಙಲುರು ದೈರೆ ಕಿರ್ಕ್ಲೆ",
                "stop_id": "20643",
                "lat": 12.9372,
                "lon": 77.60176
              },
              {
                "name": "Muneshwara Devasthana",
                "name_kn": "ಮುನೆಶ್ವರ ದೆವಸ್ತನ",
                "stop_id": "21033",
                "lat": 12.93646,
                "lon": 77.6066
              },
              {
                "name": "Hosur Road Junction",
                "name_kn": "ಹೊಸುರ್ ರೊದ್ ಜುಂಕ್ಟಿೊಂ",
                "stop_id": "20880",
                "lat": 12.93215,
                "lon": 77.61323
              },
              {
                "name": "St Johns Hospital",
                "name_kn": "ಸ್ಟ್ ಜೊಹ್ಂಸ್ ಹೊಸ್ಪಿಟಲ್",
                "stop_id": "21191",
                "lat": 12.92959,
                "lon": 77.61584
              },
              {
                "name": "Koramangala Water Tank",
                "name_kn": "ಕೊರಮಙಲ ವಟೆರ್ ಟಂಕ್",
                "stop_id": "21275",
                "lat": 12.92749,
                "lon": 77.62124
              },
              {
                "name": "Kudure Mukha Colony",
                "name_kn": "ಕುದುರೆ ಮುಖ ಕೊಲೊನೆ",
                "stop_id": "20952",
                "lat": 12.92572,
                "lon": 77.6254
              },
              {
                "name": "St francis College",
                "name_kn": "ಸ್ಟ್ ೞ್ರಂಕಿಸ್ ಕೊಲ್ಲೆಗೆ",
                "stop_id": "23893",
                "lat": 12.92441,
                "lon": 77.63086
              },
              {
                "name": "Koramangala 1st Block",
                "name_kn": "ಕೊರಮಙಲ 1ಸ್ಟ್ ಬ್ಲೊಕ್ಕ್",
                "stop_id": "23894",
                "lat": 12.92501,
                "lon": 77.63448
              },
              {
                "name": "Jakkasandra",
                "name_kn": "ಜಕ್ಕಸಂದ್ರ",
                "stop_id": "23895",
                "lat": 12.92481,
                "lon": 77.63802
              },
              {
                "name": "Agara Junction",
                "name_kn": "ಅಗರ ಜುಂಕ್ಟಿೊಂ",
                "stop_id": "35769",
                "lat": 12.92468,
                "lon": 77.64998
              },
              {
                "name": "Depot-25 Gate",
                "name_kn": "ದೆಪೊಟ್-25 ಗಟೆ",
                "stop_id": "32427",
                "lat": 12.91956,
                "lon": 77.64495
              }
            ]
          },
          {
            "Route": "342-F KBS-D42G",
            "RouteId": 12821,
            "RouteParentId": 6827,
            "Destination": "Depot-42 Gate  Arrival",
            "Via": "",
            "Area": "Kempegowda Bus Station",
            "PlatformNumber": "8",
            "KannadaDestination": "ದೆಪೊಟ್-42 ಗಟೆ  ರ್ರಿವಲ್",
            "KannadaArea": "ಕೆಂಪೇಗೌಡ ಬಸ್ ನಿಲ್ದಾಣ",
            "KannadaVia": "",
            "FromStationId": 21166,
            "Stops": [
              {
                "name": "Shanthinagara Bus Station",
                "name_kn": "ಶಂತಿನಗರ ಬುಸ್ ಸ್ಟಟಿೊಂ",
                "stop_id": "21166",
                "lat": 12.95449,
                "lon": 77.59258
              },
              {
                "name": "Wilson Garden Police Station",
                "name_kn": "ವಿಲ್ಸೊಂ ಗರ್ದೆಂ ಪೊಲಿಕೆ ಸ್ಟಟಿೊಂ",
                "stop_id": "21280",
                "lat": 12.95141,
                "lon": 77.5951
              },
              {
                "name": "Wilson Garden 12th Cross",
                "name_kn": "ವಿಲ್ಸೊಂ ಗರ್ದೆಂ 12ತ್ ಕ್ರೊಸ್ಸ್",
                "stop_id": "20560",
                "lat": 12.94725,
                "lon": 77.59794
              },
              {
                "name": "Lakkasandra",
                "name_kn": "ಲಕ್ಕಸಂದ್ರ",
                "stop_id": "20965",
                "lat": 12.94318,
                "lon": 77.59735
              },
              {
                "name": "Nimhans Hospital",
                "name_kn": "ನಿಂಹಂಸ್ ಹೊಸ್ಪಿಟಲ್",
                "stop_id": "21064",
                "lat": 12.93989,
                "lon": 77.59775
              },
              {
                "name": "Bengaluru Dairy Circle",
                "name_kn": "ಬೆಙಲುರು ದೈರೆ ಕಿರ್ಕ್ಲೆ",
                "stop_id": "20643",
                "lat": 12.9372,
                "lon": 77.60176
              },
              {
                "name": "Muneshwara Devasthana",
                "name_kn": "ಮುನೆಶ್ವರ ದೆವಸ್ತನ",
                "stop_id": "21033",
                "lat": 12.93646,
                "lon": 77.6066
              },
              {
                "name": "Hosur Road Junction",
                "name_kn": "ಹೊಸುರ್ ರೊದ್ ಜುಂಕ್ಟಿೊಂ",
                "stop_id": "20880",
                "lat": 12.93215,
                "lon": 77.61323
              },
              {
                "name": "St Johns Hospital",
                "name_kn": "ಸ್ಟ್ ಜೊಹ್ಂಸ್ ಹೊಸ್ಪಿಟಲ್",
                "stop_id": "21191",
                "lat": 12.92959,
                "lon": 77.61584
              },
              {
                "name": "Koramangala Water Tank",
                "name_kn": "ಕೊರಮಙಲ ವಟೆರ್ ಟಂಕ್",
                "stop_id": "21275",
                "lat": 12.92749,
                "lon": 77.62124
              },
              {
                "name": "Kudure Mukha Colony",
                "name_kn": "ಕುದುರೆ ಮುಖ ಕೊಲೊನೆ",
                "stop_id": "20952",
                "lat": 12.92572,
                "lon": 77.6254
              },
              {
                "name": "St francis College",
                "name_kn": "ಸ್ಟ್ ೞ್ರಂಕಿಸ್ ಕೊಲ್ಲೆಗೆ",
                "stop_id": "23893",
                "lat": 12.92441,
                "lon": 77.63086
              },
              {
                "name": "Koramangala 1st Block",
                "name_kn": "ಕೊರಮಙಲ 1ಸ್ಟ್ ಬ್ಲೊಕ್ಕ್",
                "stop_id": "23894",
                "lat": 12.92501,
                "lon": 77.63448
              },
              {
                "name": "Jakkasandra",
                "name_kn": "ಜಕ್ಕಸಂದ್ರ",
                "stop_id": "23895",
                "lat": 12.92481,
                "lon": 77.63802
              },
              {
                "name": "Agara Junction",
                "name_kn": "ಅಗರ ಜುಂಕ್ಟಿೊಂ",
                "stop_id": "35769",
                "lat": 12.92468,
                "lon": 77.64998
              },
              {
                "name": "Ibbaluru",
                "name_kn": "ಇಬ್ಬಲುರು",
                "stop_id": "20851",
                "lat": 12.9216,
                "lon": 77.66176
              },
              {
                "name": "Bellanduru Gate SJP Road",
                "name_kn": "ಬೆಲ್ಲಂದುರು ಗಟೆ ಸ್ಜ್ಪ್ ರೊದ್",
                "stop_id": "23896",
                "lat": 12.91858,
                "lon": 77.66991
              },
              {
                "name": "Kaikondrahalli",
                "name_kn": "ಕೈಕೊಂದ್ರಹಲ್ಲಿ",
                "stop_id": "23897",
                "lat": 12.91419,
                "lon": 77.67711
              },
              {
                "name": "Junnasandra Gate Wipro Regional Office",
                "name_kn": "ಜುಂನಸಂದ್ರ ಗಟೆ ವಿಪ್ರೊ ರೆಗಿೊನಲ್ ೊೞ್ೞಿಕೆ",
                "stop_id": "23898",
                "lat": 12.91086,
                "lon": 77.68439
              },
              {
                "name": "Radhareddy Layout",
                "name_kn": "ರಧರೆದ್ಠೆ ಲಯೌಟ್",
                "stop_id": "23390",
                "lat": 12.90883,
                "lon": 77.6897
              },
              {
                "name": "Doddakannalli",
                "name_kn": "ದೊದ್ದಕಂನಲ್ಲಿ",
                "stop_id": "35104",
                "lat": 12.90731,
                "lon": 77.69556
              },
              {
                "name": "Carmelram Gate",
                "name_kn": "ಕರ್ಮೆಲ್ರಂ ಗಟೆ",
                "stop_id": "23900",
                "lat": 12.90352,
                "lon": 77.70401
              },
              {
                "name": "Hadosiddapura",
                "name_kn": "ಹದೊಸಿದ್ದಪುರ",
                "stop_id": "25653",
                "lat": 12.89493,
                "lon": 77.70109
              },
              {
                "name": "Depot-42 Gate  Arrival",
                "name_kn": "ದೆಪೊಟ್-42 ಗಟೆ  ರ್ರಿವಲ್",
                "stop_id": "23510",
                "lat": 12.89538,
                "lon": 77.70565
              }
            ]
          },
          {
            "Route": "342-N KBS-KMS",
            "RouteId": 14570,
            "RouteParentId": 7804,
            "Destination": "Kommasandra",
            "Via": "",
            "Area": "Kempegowda Bus Station",
            "PlatformNumber": "8",
            "KannadaDestination": "ಕೊಮ್ಮಸಂದ್ರ",
            "KannadaArea": "ಕೆಂಪೇಗೌಡ ಬಸ್ ನಿಲ್ದಾಣ",
            "KannadaVia": "",
            "FromStationId": 21166,
            "Stops": [
              {
                "name": "Shanthinagara Bus Station",
                "name_kn": "ಶಂತಿನಗರ ಬುಸ್ ಸ್ಟಟಿೊಂ",
                "stop_id": "21166",
                "lat": 12.95449,
                "lon": 77.59258
              },
              {
                "name": "Wilson Garden Police Station",
                "name_kn": "ವಿಲ್ಸೊಂ ಗರ್ದೆಂ ಪೊಲಿಕೆ ಸ್ಟಟಿೊಂ",
                "stop_id": "21280",
                "lat": 12.95141,
                "lon": 77.5951
              },
              {
                "name": "Wilson Garden 12th Cross",
                "name_kn": "ವಿಲ್ಸೊಂ ಗರ್ದೆಂ 12ತ್ ಕ್ರೊಸ್ಸ್",
                "stop_id": "20560",
                "lat": 12.94725,
                "lon": 77.59794
              },
              {
                "name": "Lakkasandra",
                "name_kn": "ಲಕ್ಕಸಂದ್ರ",
                "stop_id": "20965",
                "lat": 12.94318,
                "lon": 77.59735
              },
              {
                "name": "Nimhans Hospital",
                "name_kn": "ನಿಂಹಂಸ್ ಹೊಸ್ಪಿಟಲ್",
                "stop_id": "21064",
                "lat": 12.93989,
                "lon": 77.59775
              },
              {
                "name": "Bengaluru Dairy Circle",
                "name_kn": "ಬೆಙಲುರು ದೈರೆ ಕಿರ್ಕ್ಲೆ",
                "stop_id": "20643",
                "lat": 12.9372,
                "lon": 77.60176
              },
              {
                "name": "Muneshwara Devasthana",
                "name_kn": "ಮುನೆಶ್ವರ ದೆವಸ್ತನ",
                "stop_id": "21033",
                "lat": 12.93646,
                "lon": 77.6066
              },
              {
                "name": "Hosur Road Junction",
                "name_kn": "ಹೊಸುರ್ ರೊದ್ ಜುಂಕ್ಟಿೊಂ",
                "stop_id": "20880",
                "lat": 12.93215,
                "lon": 77.61323
              },
              {
                "name": "St Johns Hospital",
                "name_kn": "ಸ್ಟ್ ಜೊಹ್ಂಸ್ ಹೊಸ್ಪಿಟಲ್",
                "stop_id": "21191",
                "lat": 12.92959,
                "lon": 77.61584
              },
              {
                "name": "Koramangala Water Tank",
                "name_kn": "ಕೊರಮಙಲ ವಟೆರ್ ಟಂಕ್",
                "stop_id": "21275",
                "lat": 12.92749,
                "lon": 77.62124
              },
              {
                "name": "Kudure Mukha Colony",
                "name_kn": "ಕುದುರೆ ಮುಖ ಕೊಲೊನೆ",
                "stop_id": "20952",
                "lat": 12.92572,
                "lon": 77.6254
              },
              {
                "name": "St francis College",
                "name_kn": "ಸ್ಟ್ ೞ್ರಂಕಿಸ್ ಕೊಲ್ಲೆಗೆ",
                "stop_id": "23893",
                "lat": 12.92441,
                "lon": 77.63086
              },
              {
                "name": "Koramangala 1st Block",
                "name_kn": "ಕೊರಮಙಲ 1ಸ್ಟ್ ಬ್ಲೊಕ್ಕ್",
                "stop_id": "23894",
                "lat": 12.92501,
                "lon": 77.63448
              },
              {
                "name": "Jakkasandra",
                "name_kn": "ಜಕ್ಕಸಂದ್ರ",
                "stop_id": "23895",
                "lat": 12.92481,
                "lon": 77.63802
              },
              {
                "name": "Agara Junction",
                "name_kn": "ಅಗರ ಜುಂಕ್ಟಿೊಂ",
                "stop_id": "35769",
                "lat": 12.92468,
                "lon": 77.64998
              },
              {
                "name": "Ibbaluru",
                "name_kn": "ಇಬ್ಬಲುರು",
                "stop_id": "20851",
                "lat": 12.9216,
                "lon": 77.66176
              },
              {
                "name": "Bellanduru Gate SJP Road",
                "name_kn": "ಬೆಲ್ಲಂದುರು ಗಟೆ ಸ್ಜ್ಪ್ ರೊದ್",
                "stop_id": "23896",
                "lat": 12.91858,
                "lon": 77.66991
              },
              {
                "name": "Kaikondrahalli",
                "name_kn": "ಕೈಕೊಂದ್ರಹಲ್ಲಿ",
                "stop_id": "23897",
                "lat": 12.91419,
                "lon": 77.67711
              },
              {
                "name": "Junnasandra Gate Wipro Regional Office",
                "name_kn": "ಜುಂನಸಂದ್ರ ಗಟೆ ವಿಪ್ರೊ ರೆಗಿೊನಲ್ ೊೞ್ೞಿಕೆ",
                "stop_id": "23898",
                "lat": 12.91086,
                "lon": 77.68439
              },
              {
                "name": "Radhareddy Layout",
                "name_kn": "ರಧರೆದ್ಠೆ ಲಯೌಟ್",
                "stop_id": "23390",
                "lat": 12.90883,
                "lon": 77.6897
              },
              {
                "name": "Doddakannalli",
                "name_kn": "ದೊದ್ದಕಂನಲ್ಲಿ",
                "stop_id": "35104",
                "lat": 12.90731,
                "lon": 77.69556
              },
              {
                "name": "Carmelram Gate",
                "name_kn": "ಕರ್ಮೆಲ್ರಂ ಗಟೆ",
                "stop_id": "23900",
                "lat": 12.90352,
                "lon": 77.70401
              },
              {
                "name": "Ambedkar Nagara",
                "name_kn": "ಅಂಬೆದ್ಕರ್ ನಗರ",
                "stop_id": "23901",
                "lat": 12.89929,
                "lon": 77.71273
              },
              {
                "name": "Wipro Campus Sarjapura Road",
                "name_kn": "ವಿಪ್ರೊ ಕಂಪುಸ್ ಸರ್ಜಪುರ ರೊದ್",
                "stop_id": "34475",
                "lat": 12.89903,
                "lon": 77.71354
              },
              {
                "name": "Kodathi Gate",
                "name_kn": "ಕೊದತಿ ಗಟೆ",
                "stop_id": "35072",
                "lat": 12.8966,
                "lon": 77.72037
              },
              {
                "name": "Sulikunte",
                "name_kn": "ಸುಲಿಕುಂಟೆ",
                "stop_id": "35124",
                "lat": 12.89246,
                "lon": 77.72846
              },
              {
                "name": "Muttanalluru Cross",
                "name_kn": "ಮುಟನಲ್ಲುರು ಕ್ರೊಸ್ಸ್",
                "stop_id": "35131",
                "lat": 12.88749,
                "lon": 77.7384
              },
              {
                "name": "Kommasandra Gate",
                "name_kn": "ಕೊಮ್ಮಸಂದ್ರ ಗಟೆ",
                "stop_id": "33303",
                "lat": 12.87093,
                "lon": 77.73389
              },
              {
                "name": "Kommasandra",
                "name_kn": "ಕೊಮ್ಮಸಂದ್ರ",
                "stop_id": "31199",
                "lat": 12.86141,
                "lon": 77.74421
              }
            ]
          },
          {
            "Route": "343-E",
            "RouteId": 1717,
            "RouteParentId": 1022,
            "Destination": "Beguru",
            "Via": "",
            "Area": "Kempegowda Bus Station",
            "PlatformNumber": "8",
            "KannadaDestination": "ಬೆಗುರು",
            "KannadaArea": "ಕೆಂಪೇಗೌಡ ಬಸ್ ನಿಲ್ದಾಣ",
            "KannadaVia": "",
            "FromStationId": 21166,
            "Stops": [
              {
                "name": "Shanthinagara Bus Station",
                "name_kn": "ಶಂತಿನಗರ ಬುಸ್ ಸ್ಟಟಿೊಂ",
                "stop_id": "21166",
                "lat": 12.95449,
                "lon": 77.59258
              },
              {
                "name": "Wilson Garden Police Station",
                "name_kn": "ವಿಲ್ಸೊಂ ಗರ್ದೆಂ ಪೊಲಿಕೆ ಸ್ಟಟಿೊಂ",
                "stop_id": "21280",
                "lat": 12.95141,
                "lon": 77.5951
              },
              {
                "name": "Wilson Garden 12th Cross",
                "name_kn": "ವಿಲ್ಸೊಂ ಗರ್ದೆಂ 12ತ್ ಕ್ರೊಸ್ಸ್",
                "stop_id": "20560",
                "lat": 12.94725,
                "lon": 77.59794
              },
              {
                "name": "Lakkasandra",
                "name_kn": "ಲಕ್ಕಸಂದ್ರ",
                "stop_id": "20965",
                "lat": 12.94318,
                "lon": 77.59735
              },
              {
                "name": "Nimhans Hospital",
                "name_kn": "ನಿಂಹಂಸ್ ಹೊಸ್ಪಿಟಲ್",
                "stop_id": "21064",
                "lat": 12.93989,
                "lon": 77.59775
              },
              {
                "name": "Bengaluru Dairy Circle",
                "name_kn": "ಬೆಙಲುರು ದೈರೆ ಕಿರ್ಕ್ಲೆ",
                "stop_id": "20643",
                "lat": 12.9372,
                "lon": 77.60176
              },
              {
                "name": "Muneshwara Devasthana",
                "name_kn": "ಮುನೆಶ್ವರ ದೆವಸ್ತನ",
                "stop_id": "21033",
                "lat": 12.93646,
                "lon": 77.6066
              },
              {
                "name": "Hosur Road Junction",
                "name_kn": "ಹೊಸುರ್ ರೊದ್ ಜುಂಕ್ಟಿೊಂ",
                "stop_id": "20880",
                "lat": 12.93215,
                "lon": 77.61323
              },
              {
                "name": "St Johns Hospital",
                "name_kn": "ಸ್ಟ್ ಜೊಹ್ಂಸ್ ಹೊಸ್ಪಿಟಲ್",
                "stop_id": "21191",
                "lat": 12.92959,
                "lon": 77.61584
              },
              {
                "name": "Koramangala Water Tank",
                "name_kn": "ಕೊರಮಙಲ ವಟೆರ್ ಟಂಕ್",
                "stop_id": "21275",
                "lat": 12.92749,
                "lon": 77.62124
              },
              {
                "name": "Kudure Mukha Colony",
                "name_kn": "ಕುದುರೆ ಮುಖ ಕೊಲೊನೆ",
                "stop_id": "20952",
                "lat": 12.92572,
                "lon": 77.6254
              },
              {
                "name": "Krupanidhi College",
                "name_kn": "ಕ್ರುಪನಿಧಿ ಕೊಲ್ಲೆಗೆ",
                "stop_id": "20947",
                "lat": 12.92388,
                "lon": 77.62852
              },
              {
                "name": "Madivala",
                "name_kn": "ಮದಿವಲ",
                "stop_id": "20973",
                "lat": 12.92166,
                "lon": 77.62146
              },
              {
                "name": "Roopena Agrahara",
                "name_kn": "ರೂಪೆನ ಗ್ರಹರ",
                "stop_id": "37600",
                "lat": 12.91185,
                "lon": 77.626
              },
              {
                "name": "Bommanahalli",
                "name_kn": "ಬೊಮ್ಮನಹಲ್ಲಿ",
                "stop_id": "35221",
                "lat": 12.90678,
                "lon": 77.62847
              },
              {
                "name": "Deccan",
                "name_kn": "ದೆಕ್ಕಂ",
                "stop_id": "24165",
                "lat": 12.90255,
                "lon": 77.62745
              },
              {
                "name": "Kalyanamantapa (Oxford College)",
                "name_kn": "ಕಲೆನಮಂಟಪ (ೊಕ್ಸ್ೞೊರ್ದ್ ಕೊಲ್ಲೆಗೆ)",
                "stop_id": "23847",
                "lat": 12.89976,
                "lon": 77.62691
              },
              {
                "name": "Hongasandra",
                "name_kn": "ಹೊಙಸಂದ್ರ",
                "stop_id": "23806",
                "lat": 12.89726,
                "lon": 77.62623
              },
              {
                "name": "Galaxy Paradise (Tent)",
                "name_kn": "ಗಲಕ್ಸ್ೆ ಪರದಿಸೆ (ಟೆಂಟ್)",
                "stop_id": "24137",
                "lat": 12.89167,
                "lon": 77.62588
              },
              {
                "name": "St Francis School",
                "name_kn": "ಸ್ಟ್ ೞ್ರಂಕಿಸ್ ಸ್ಚೂಲ್",
                "stop_id": "23808",
                "lat": 12.88898,
                "lon": 77.62568
              },
              {
                "name": "Beguru Canara Bank",
                "name_kn": "ಬೆಗುರು ಕನರ ಬಂಕ್",
                "stop_id": "23809",
                "lat": 12.88518,
                "lon": 77.62516
              },
              {
                "name": "Vishwapriya Layout Cross",
                "name_kn": "ವಿಶ್ವಪ್ರಿಯ ಲಯೌಟ್ ಕ್ರೊಸ್ಸ್",
                "stop_id": "23850",
                "lat": 12.88203,
                "lon": 77.62475
              },
              {
                "name": "Aralimara (PK Kalyana Mantapa )",
                "name_kn": "ಅರಲಿಮರ (ಪ್ಕ್ ಕಲೆನ ಮಂಟಪ )",
                "stop_id": "23810",
                "lat": 12.88003,
                "lon": 77.62459
              },
              {
                "name": "Beguru Lake",
                "name_kn": "ಬೆಗುರು ಲಕೆ",
                "stop_id": "24166",
                "lat": 12.87795,
                "lon": 77.62532
              },
              {
                "name": "Beguru",
                "name_kn": "ಬೆಗುರು",
                "stop_id": "35222",
                "lat": 12.87364,
                "lon": 77.62515
              }
            ]
          },
          {
            "Route": "343-B",
            "RouteId": 6201,
            "RouteParentId": 3355,
            "Destination": "Beguru Lake",
            "Via": "",
            "Area": "Kempegowda Bus Station",
            "PlatformNumber": "8",
            "KannadaDestination": "ಬೆಗುರು ಲಕೆ",
            "KannadaArea": "ಕೆಂಪೇಗೌಡ ಬಸ್ ನಿಲ್ದಾಣ",
            "KannadaVia": "",
            "FromStationId": 21166,
            "Stops": [
              {
                "name": "Shanthinagara Bus Station",
                "name_kn": "ಶಂತಿನಗರ ಬುಸ್ ಸ್ಟಟಿೊಂ",
                "stop_id": "21166",
                "lat": 12.95449,
                "lon": 77.59258
              },
              {
                "name": "Wilson Garden Police Station",
                "name_kn": "ವಿಲ್ಸೊಂ ಗರ್ದೆಂ ಪೊಲಿಕೆ ಸ್ಟಟಿೊಂ",
                "stop_id": "21280",
                "lat": 12.95141,
                "lon": 77.5951
              },
              {
                "name": "Wilson Garden 12th Cross",
                "name_kn": "ವಿಲ್ಸೊಂ ಗರ್ದೆಂ 12ತ್ ಕ್ರೊಸ್ಸ್",
                "stop_id": "20560",
                "lat": 12.94725,
                "lon": 77.59794
              },
              {
                "name": "Lakkasandra",
                "name_kn": "ಲಕ್ಕಸಂದ್ರ",
                "stop_id": "20965",
                "lat": 12.94318,
                "lon": 77.59735
              },
              {
                "name": "Nimhans Hospital",
                "name_kn": "ನಿಂಹಂಸ್ ಹೊಸ್ಪಿಟಲ್",
                "stop_id": "21064",
                "lat": 12.93989,
                "lon": 77.59775
              },
              {
                "name": "Bengaluru Dairy Circle",
                "name_kn": "ಬೆಙಲುರು ದೈರೆ ಕಿರ್ಕ್ಲೆ",
                "stop_id": "20643",
                "lat": 12.9372,
                "lon": 77.60176
              },
              {
                "name": "Muneshwara Devasthana",
                "name_kn": "ಮುನೆಶ್ವರ ದೆವಸ್ತನ",
                "stop_id": "21033",
                "lat": 12.93646,
                "lon": 77.6066
              },
              {
                "name": "Hosur Road Junction",
                "name_kn": "ಹೊಸುರ್ ರೊದ್ ಜುಂಕ್ಟಿೊಂ",
                "stop_id": "20880",
                "lat": 12.93215,
                "lon": 77.61323
              },
              {
                "name": "St Johns Hospital",
                "name_kn": "ಸ್ಟ್ ಜೊಹ್ಂಸ್ ಹೊಸ್ಪಿಟಲ್",
                "stop_id": "21191",
                "lat": 12.92959,
                "lon": 77.61584
              },
              {
                "name": "Koramangala Water Tank",
                "name_kn": "ಕೊರಮಙಲ ವಟೆರ್ ಟಂಕ್",
                "stop_id": "21275",
                "lat": 12.92749,
                "lon": 77.62124
              },
              {
                "name": "Kudure Mukha Colony",
                "name_kn": "ಕುದುರೆ ಮುಖ ಕೊಲೊನೆ",
                "stop_id": "20952",
                "lat": 12.92572,
                "lon": 77.6254
              },
              {
                "name": "Krupanidhi College",
                "name_kn": "ಕ್ರುಪನಿಧಿ ಕೊಲ್ಲೆಗೆ",
                "stop_id": "20947",
                "lat": 12.92388,
                "lon": 77.62852
              },
              {
                "name": "Madivala",
                "name_kn": "ಮದಿವಲ",
                "stop_id": "20973",
                "lat": 12.92166,
                "lon": 77.62146
              },
              {
                "name": "Roopena Agrahara",
                "name_kn": "ರೂಪೆನ ಗ್ರಹರ",
                "stop_id": "37600",
                "lat": 12.91185,
                "lon": 77.626
              },
              {
                "name": "Bommanahalli",
                "name_kn": "ಬೊಮ್ಮನಹಲ್ಲಿ",
                "stop_id": "35221",
                "lat": 12.90678,
                "lon": 77.62847
              },
              {
                "name": "Deccan",
                "name_kn": "ದೆಕ್ಕಂ",
                "stop_id": "24165",
                "lat": 12.90255,
                "lon": 77.62745
              },
              {
                "name": "Kalyanamantapa (Oxford College)",
                "name_kn": "ಕಲೆನಮಂಟಪ (ೊಕ್ಸ್ೞೊರ್ದ್ ಕೊಲ್ಲೆಗೆ)",
                "stop_id": "23847",
                "lat": 12.89976,
                "lon": 77.62691
              },
              {
                "name": "Hongasandra",
                "name_kn": "ಹೊಙಸಂದ್ರ",
                "stop_id": "23806",
                "lat": 12.89726,
                "lon": 77.62623
              },
              {
                "name": "Galaxy Paradise (Tent)",
                "name_kn": "ಗಲಕ್ಸ್ೆ ಪರದಿಸೆ (ಟೆಂಟ್)",
                "stop_id": "24137",
                "lat": 12.89167,
                "lon": 77.62588
              },
              {
                "name": "St Francis School",
                "name_kn": "ಸ್ಟ್ ೞ್ರಂಕಿಸ್ ಸ್ಚೂಲ್",
                "stop_id": "23808",
                "lat": 12.88898,
                "lon": 77.62568
              },
              {
                "name": "Beguru Canara Bank",
                "name_kn": "ಬೆಗುರು ಕನರ ಬಂಕ್",
                "stop_id": "23809",
                "lat": 12.88518,
                "lon": 77.62516
              },
              {
                "name": "Vishwapriya Layout Cross",
                "name_kn": "ವಿಶ್ವಪ್ರಿಯ ಲಯೌಟ್ ಕ್ರೊಸ್ಸ್",
                "stop_id": "23850",
                "lat": 12.88203,
                "lon": 77.62475
              },
              {
                "name": "Aralimara (PK Kalyana Mantapa )",
                "name_kn": "ಅರಲಿಮರ (ಪ್ಕ್ ಕಲೆನ ಮಂಟಪ )",
                "stop_id": "23810",
                "lat": 12.88003,
                "lon": 77.62459
              },
              {
                "name": "Beguru Lake",
                "name_kn": "ಬೆಗುರು ಲಕೆ",
                "stop_id": "24166",
                "lat": 12.87795,
                "lon": 77.62532
              }
            ]
          },
          {
            "Route": "345-F SNBS-BGTC",
            "RouteId": 13359,
            "RouteParentId": 7091,
            "Destination": "Bannerughatta Circle",
            "Via": "",
            "Area": "Shanthinagara Bus Station",
            "PlatformNumber": "8",
            "KannadaDestination": "ಬಂನೆರುಘಟ ಕಿರ್ಕ್ಲೆ",
            "KannadaArea": "ಶಾಂತಿನಗರ ಬಸ್ ನಿಲ್ದಾಣ",
            "KannadaVia": "",
            "FromStationId": 21166,
            "Stops": [
              {
                "name": "Shanthinagara Bus Station",
                "name_kn": "ಶಂತಿನಗರ ಬುಸ್ ಸ್ಟಟಿೊಂ",
                "stop_id": "21166",
                "lat": 12.95449,
                "lon": 77.59258
              },
              {
                "name": "Wilson Garden Police Station",
                "name_kn": "ವಿಲ್ಸೊಂ ಗರ್ದೆಂ ಪೊಲಿಕೆ ಸ್ಟಟಿೊಂ",
                "stop_id": "21280",
                "lat": 12.95141,
                "lon": 77.5951
              },
              {
                "name": "Wilson Garden 12th Cross",
                "name_kn": "ವಿಲ್ಸೊಂ ಗರ್ದೆಂ 12ತ್ ಕ್ರೊಸ್ಸ್",
                "stop_id": "20560",
                "lat": 12.94725,
                "lon": 77.59794
              },
              {
                "name": "Lakkasandra",
                "name_kn": "ಲಕ್ಕಸಂದ್ರ",
                "stop_id": "20965",
                "lat": 12.94318,
                "lon": 77.59735
              },
              {
                "name": "Nimhans Hospital",
                "name_kn": "ನಿಂಹಂಸ್ ಹೊಸ್ಪಿಟಲ್",
                "stop_id": "21064",
                "lat": 12.93989,
                "lon": 77.59775
              },
              {
                "name": "Bengaluru Dairy Circle",
                "name_kn": "ಬೆಙಲುರು ದೈರೆ ಕಿರ್ಕ್ಲೆ",
                "stop_id": "20643",
                "lat": 12.9372,
                "lon": 77.60176
              },
              {
                "name": "Muneshwara Devasthana",
                "name_kn": "ಮುನೆಶ್ವರ ದೆವಸ್ತನ",
                "stop_id": "21033",
                "lat": 12.93646,
                "lon": 77.6066
              },
              {
                "name": "Hosur Road Junction",
                "name_kn": "ಹೊಸುರ್ ರೊದ್ ಜುಂಕ್ಟಿೊಂ",
                "stop_id": "20880",
                "lat": 12.93215,
                "lon": 77.61323
              },
              {
                "name": "St Johns Hospital",
                "name_kn": "ಸ್ಟ್ ಜೊಹ್ಂಸ್ ಹೊಸ್ಪಿಟಲ್",
                "stop_id": "21191",
                "lat": 12.92959,
                "lon": 77.61584
              },
              {
                "name": "Koramangala Water Tank",
                "name_kn": "ಕೊರಮಙಲ ವಟೆರ್ ಟಂಕ್",
                "stop_id": "21275",
                "lat": 12.92749,
                "lon": 77.62124
              },
              {
                "name": "Kudure Mukha Colony",
                "name_kn": "ಕುದುರೆ ಮುಖ ಕೊಲೊನೆ",
                "stop_id": "20952",
                "lat": 12.92572,
                "lon": 77.6254
              },
              {
                "name": "Krupanidhi College",
                "name_kn": "ಕ್ರುಪನಿಧಿ ಕೊಲ್ಲೆಗೆ",
                "stop_id": "20947",
                "lat": 12.92388,
                "lon": 77.62852
              },
              {
                "name": "Madivala",
                "name_kn": "ಮದಿವಲ",
                "stop_id": "20973",
                "lat": 12.92166,
                "lon": 77.62146
              },
              {
                "name": "Roopena Agrahara",
                "name_kn": "ರೂಪೆನ ಗ್ರಹರ",
                "stop_id": "37600",
                "lat": 12.91185,
                "lon": 77.626
              },
              {
                "name": "Bommanahalli",
                "name_kn": "ಬೊಮ್ಮನಹಲ್ಲಿ",
                "stop_id": "35221",
                "lat": 12.90678,
                "lon": 77.62847
              },
              {
                "name": "Deccan",
                "name_kn": "ದೆಕ್ಕಂ",
                "stop_id": "24165",
                "lat": 12.90255,
                "lon": 77.62745
              },
              {
                "name": "Kalyanamantapa (Oxford College)",
                "name_kn": "ಕಲೆನಮಂಟಪ (ೊಕ್ಸ್ೞೊರ್ದ್ ಕೊಲ್ಲೆಗೆ)",
                "stop_id": "23847",
                "lat": 12.89976,
                "lon": 77.62691
              },
              {
                "name": "Hongasandra",
                "name_kn": "ಹೊಙಸಂದ್ರ",
                "stop_id": "23806",
                "lat": 12.89726,
                "lon": 77.62623
              },
              {
                "name": "Galaxy Paradise (Tent)",
                "name_kn": "ಗಲಕ್ಸ್ೆ ಪರದಿಸೆ (ಟೆಂಟ್)",
                "stop_id": "24137",
                "lat": 12.89167,
                "lon": 77.62588
              },
              {
                "name": "St Francis School",
                "name_kn": "ಸ್ಟ್ ೞ್ರಂಕಿಸ್ ಸ್ಚೂಲ್",
                "stop_id": "23808",
                "lat": 12.88898,
                "lon": 77.62568
              },
              {
                "name": "Beguru Canara Bank",
                "name_kn": "ಬೆಗುರು ಕನರ ಬಂಕ್",
                "stop_id": "23809",
                "lat": 12.88518,
                "lon": 77.62516
              },
              {
                "name": "Vishwapriya Layout Cross",
                "name_kn": "ವಿಶ್ವಪ್ರಿಯ ಲಯೌಟ್ ಕ್ರೊಸ್ಸ್",
                "stop_id": "23850",
                "lat": 12.88203,
                "lon": 77.62475
              },
              {
                "name": "Aralimara (PK Kalyana Mantapa )",
                "name_kn": "ಅರಲಿಮರ (ಪ್ಕ್ ಕಲೆನ ಮಂಟಪ )",
                "stop_id": "23810",
                "lat": 12.88003,
                "lon": 77.62459
              },
              {
                "name": "Beguru Lake",
                "name_kn": "ಬೆಗುರು ಲಕೆ",
                "stop_id": "24166",
                "lat": 12.87795,
                "lon": 77.62532
              },
              {
                "name": "Beguru",
                "name_kn": "ಬೆಗುರು",
                "stop_id": "35222",
                "lat": 12.87364,
                "lon": 77.62515
              },
              {
                "name": "Hanuman Temple Beguru",
                "name_kn": "ಹನುಮಂ ಟೆಂಪ್ಲೆ ಬೆಗುರು",
                "stop_id": "24159",
                "lat": 12.87284,
                "lon": 77.62465
              },
              {
                "name": "Nobel Residency",
                "name_kn": "ನೊಬೆಲ್ ರೆಸಿದೆಂಕೆ",
                "stop_id": "24139",
                "lat": 12.85876,
                "lon": 77.61194
              },
              {
                "name": "Radiant Redwood Apartment Koppa Road",
                "name_kn": "ರದಿಂಟ್ ರೆದ್ವೂದ್ ಪರ್ಟ್ಮೆಂಟ್ ಕೊಪ್ಪ ರೊದ್",
                "stop_id": "34307",
                "lat": 12.85676,
                "lon": 77.61084
              },
              {
                "name": "Nice Road Junction Beguru",
                "name_kn": "ನಿಕೆ ರೊದ್ ಜುಂಕ್ಟಿೊಂ ಬೆಗುರು",
                "stop_id": "24140",
                "lat": 12.8545,
                "lon": 77.6095
              },
              {
                "name": "St Marys School",
                "name_kn": "ಸ್ಟ್ ಮರೆಸ್ ಸ್ಚೂಲ್",
                "stop_id": "24141",
                "lat": 12.84594,
                "lon": 77.60942
              },
              {
                "name": "Basavanna Devasthana CK Palya",
                "name_kn": "ಬಸವಂನ ದೆವಸ್ತನ ಕ್ಕ್ ಪಲೆ",
                "stop_id": "29763",
                "lat": 12.84391,
                "lon": 77.60611
              },
              {
                "name": "Hommadevanahalli",
                "name_kn": "ಹೊಮ್ಮದೆವನಹಲ್ಲಿ",
                "stop_id": "25910",
                "lat": 12.84446,
                "lon": 77.59807
              },
              {
                "name": "Hommadevanahalli Cross",
                "name_kn": "ಹೊಮ್ಮದೆವನಹಲ್ಲಿ ಕ್ರೊಸ್ಸ್",
                "stop_id": "23954",
                "lat": 12.84072,
                "lon": 77.59734
              },
              {
                "name": "CK Palya Cross",
                "name_kn": "ಕ್ಕ್ ಪಲೆ ಕ್ರೊಸ್ಸ್",
                "stop_id": "24701",
                "lat": 12.84049,
                "lon": 77.59373
              },
              {
                "name": "Koli Farm Gate",
                "name_kn": "ಕೊಲಿ ೞರ್ಂ ಗಟೆ",
                "stop_id": "35245",
                "lat": 12.84171,
                "lon": 77.58866
              },
              {
                "name": "Kalkere",
                "name_kn": "ಕಲ್ಕೆರೆ",
                "stop_id": "35062",
                "lat": 12.83262,
                "lon": 77.58906
              },
              {
                "name": "AMC College",
                "name_kn": "ಅಂಕ್ ಕೊಲ್ಲೆಗೆ",
                "stop_id": "23060",
                "lat": 12.82938,
                "lon": 77.58759
              },
              {
                "name": "Sampangiram Nagara",
                "name_kn": "ಸಂಪಙಿರಂ ನಗರ",
                "stop_id": "23779",
                "lat": 12.82533,
                "lon": 77.58621
              },
              {
                "name": "Rayan International School",
                "name_kn": "ರಯಂ ಿಂಟೆರ್ನಟಿೊನಲ್ ಸ್ಚೂಲ್",
                "stop_id": "23780",
                "lat": 12.81956,
                "lon": 77.58481
              },
              {
                "name": "Ananda Ashrama Bannerughatta",
                "name_kn": "ಅನಂದ ಶ್ರಮ ಬಂನೆರುಘಟ",
                "stop_id": "39749",
                "lat": 12.81799,
                "lon": 77.58412
              },
              {
                "name": "Vijaya Bank Bannerughatta",
                "name_kn": "ವಿಜಯ ಬಂಕ್ ಬಂನೆರುಘಟ",
                "stop_id": "23781",
                "lat": 12.81559,
                "lon": 77.58317
              },
              {
                "name": "Bannerughatta Circle",
                "name_kn": "ಬಂನೆರುಘಟ ಕಿರ್ಕ್ಲೆ",
                "stop_id": "35145",
                "lat": 12.8135,
                "lon": 77.58127
              }
            ]
          },
          {
            "Route": "168-E",
            "RouteId": 15209,
            "RouteParentId": 8150,
            "Destination": "Jai Bheema Nagara",
            "Via": "",
            "Area": "Kempegowda Bus Station",
            "PlatformNumber": "8",
            "KannadaDestination": "ಜೈ ಭೀಮ ನಗರ",
            "KannadaArea": "ಕೆಂಪೇಗೌಡ ಬಸ್ ನಿಲ್ದಾಣ",
            "KannadaVia": "",
            "FromStationId": 21166,
            "Stops": [
              {
                "name": "Shanthinagara Bus Station",
                "name_kn": "ಶಂತಿನಗರ ಬುಸ್ ಸ್ಟಟಿೊಂ",
                "stop_id": "21166",
                "lat": 12.95449,
                "lon": 77.59258
              },
              {
                "name": "Wilson Garden Police Station",
                "name_kn": "ವಿಲ್ಸೊಂ ಗರ್ದೆಂ ಪೊಲಿಕೆ ಸ್ಟಟಿೊಂ",
                "stop_id": "21280",
                "lat": 12.95141,
                "lon": 77.5951
              },
              {
                "name": "Wilson Garden 12th Cross",
                "name_kn": "ವಿಲ್ಸೊಂ ಗರ್ದೆಂ 12ತ್ ಕ್ರೊಸ್ಸ್",
                "stop_id": "20560",
                "lat": 12.94725,
                "lon": 77.59794
              },
              {
                "name": "Lakkasandra",
                "name_kn": "ಲಕ್ಕಸಂದ್ರ",
                "stop_id": "20965",
                "lat": 12.94318,
                "lon": 77.59735
              },
              {
                "name": "Nimhans Hospital",
                "name_kn": "ನಿಂಹಂಸ್ ಹೊಸ್ಪಿಟಲ್",
                "stop_id": "21064",
                "lat": 12.93989,
                "lon": 77.59775
              },
              {
                "name": "Bengaluru Dairy Circle",
                "name_kn": "ಬೆಙಲುರು ದೈರೆ ಕಿರ್ಕ್ಲೆ",
                "stop_id": "20643",
                "lat": 12.9372,
                "lon": 77.60176
              },
              {
                "name": "Muneshwara Devasthana",
                "name_kn": "ಮುನೆಶ್ವರ ದೆವಸ್ತನ",
                "stop_id": "21033",
                "lat": 12.93646,
                "lon": 77.6066
              },
              {
                "name": "Sudduguntepalya",
                "name_kn": "ಸುದ್ದುಗುಂಟೆಪಲೆ",
                "stop_id": "23957",
                "lat": 12.93123,
                "lon": 77.60988
              },
              {
                "name": "Chikka Adugodi",
                "name_kn": "ಚಿಕ್ಕ ದುಗೊದಿ",
                "stop_id": "23958",
                "lat": 12.92899,
                "lon": 77.60943
              },
              {
                "name": "Tavarekere Mori",
                "name_kn": "ಟವರೆಕೆರೆ ಮೊರಿ",
                "stop_id": "23959",
                "lat": 12.92504,
                "lon": 77.60886
              },
              {
                "name": "Tavarekere Aladamara",
                "name_kn": "ಟವರೆಕೆರೆ ಲದಮರ",
                "stop_id": "23960",
                "lat": 12.92215,
                "lon": 77.61054
              },
              {
                "name": "Gangothri Circle",
                "name_kn": "ಗಙೊತ್ರಿ ಕಿರ್ಕ್ಲೆ",
                "stop_id": "35288",
                "lat": 12.91967,
                "lon": 77.61291
              },
              {
                "name": "Jai Bheema Nagara",
                "name_kn": "ಜೈ ಭೀಮ ನಗರ",
                "stop_id": "35287",
                "lat": 12.91944,
                "lon": 77.61568
              }
            ]
          },
          {
            "Route": "168-D",
            "RouteId": 15476,
            "RouteParentId": 8297,
            "Destination": "Kuvempunagara Bus station (BTM Layout)",
            "Via": "",
            "Area": "Kempegowda Bus Station",
            "PlatformNumber": "8",
            "KannadaDestination": "ಕುವೆಂಪುನಗರ ಬುಸ್ ಸ್ಟಟಿೊಂ (ಬ್ಟ್ಂ ಲಯೌಟ್)",
            "KannadaArea": "ಕೆಂಪೇಗೌಡ ಬಸ್ ನಿಲ್ದಾಣ",
            "KannadaVia": "",
            "FromStationId": 21166,
            "Stops": [
              {
                "name": "Shanthinagara Bus Station",
                "name_kn": "ಶಂತಿನಗರ ಬುಸ್ ಸ್ಟಟಿೊಂ",
                "stop_id": "21166",
                "lat": 12.95449,
                "lon": 77.59258
              },
              {
                "name": "Wilson Garden Police Station",
                "name_kn": "ವಿಲ್ಸೊಂ ಗರ್ದೆಂ ಪೊಲಿಕೆ ಸ್ಟಟಿೊಂ",
                "stop_id": "21280",
                "lat": 12.95141,
                "lon": 77.5951
              },
              {
                "name": "Wilson Garden 12th Cross",
                "name_kn": "ವಿಲ್ಸೊಂ ಗರ್ದೆಂ 12ತ್ ಕ್ರೊಸ್ಸ್",
                "stop_id": "20560",
                "lat": 12.94725,
                "lon": 77.59794
              },
              {
                "name": "Lakkasandra",
                "name_kn": "ಲಕ್ಕಸಂದ್ರ",
                "stop_id": "20965",
                "lat": 12.94318,
                "lon": 77.59735
              },
              {
                "name": "Nimhans Hospital",
                "name_kn": "ನಿಂಹಂಸ್ ಹೊಸ್ಪಿಟಲ್",
                "stop_id": "21064",
                "lat": 12.93989,
                "lon": 77.59775
              },
              {
                "name": "Bengaluru Dairy Circle",
                "name_kn": "ಬೆಙಲುರು ದೈರೆ ಕಿರ್ಕ್ಲೆ",
                "stop_id": "20643",
                "lat": 12.9372,
                "lon": 77.60176
              },
              {
                "name": "Muneshwara Devasthana",
                "name_kn": "ಮುನೆಶ್ವರ ದೆವಸ್ತನ",
                "stop_id": "21033",
                "lat": 12.93646,
                "lon": 77.6066
              },
              {
                "name": "Sudduguntepalya",
                "name_kn": "ಸುದ್ದುಗುಂಟೆಪಲೆ",
                "stop_id": "23957",
                "lat": 12.93123,
                "lon": 77.60988
              },
              {
                "name": "Chikka Adugodi",
                "name_kn": "ಚಿಕ್ಕ ದುಗೊದಿ",
                "stop_id": "23958",
                "lat": 12.92899,
                "lon": 77.60943
              },
              {
                "name": "Tavarekere Mori",
                "name_kn": "ಟವರೆಕೆರೆ ಮೊರಿ",
                "stop_id": "23959",
                "lat": 12.92504,
                "lon": 77.60886
              },
              {
                "name": "Tavarekere Aladamara",
                "name_kn": "ಟವರೆಕೆರೆ ಲದಮರ",
                "stop_id": "23960",
                "lat": 12.92215,
                "lon": 77.61054
              },
              {
                "name": "BTM Layout 16th Main Hopcoms",
                "name_kn": "ಬ್ಟ್ಂ ಲಯೌಟ್ 16ತ್ ಮೈಂ ಹೊಪ್ಕೊಂಸ್",
                "stop_id": "22881",
                "lat": 12.91971,
                "lon": 77.61036
              },
              {
                "name": "Udupi Garden Petrol Bunk",
                "name_kn": "ಉದುಪಿ ಗರ್ದೆಂ ಪೆಟ್ರೊಲ್ ಬುಂಕ್",
                "stop_id": "34950",
                "lat": 12.91714,
                "lon": 77.61023
              },
              {
                "name": "Kuvempunagara Bus station (BTM Layout)",
                "name_kn": "ಕುವೆಂಪುನಗರ ಬುಸ್ ಸ್ಟಟಿೊಂ (ಬ್ಟ್ಂ ಲಯೌಟ್)",
                "stop_id": "35932",
                "lat": 12.91608,
                "lon": 77.61575
              }
            ]
          },
          {
            "Route": "KBS-3A",
            "RouteId": 1663,
            "RouteParentId": 995,
            "Destination": "Attibele Bus Stand",
            "Via": "",
            "Area": "Kempegowda Bus Station",
            "PlatformNumber": "8",
            "KannadaDestination": "ಅಟಿಬೆಲೆ ಬುಸ್ ಸ್ಟಂದ್",
            "KannadaArea": "ಕೆಂಪೇಗೌಡ ಬಸ್ ನಿಲ್ದಾಣ",
            "KannadaVia": "",
            "FromStationId": 21166,
            "Stops": [
              {
                "name": "Shanthinagara Bus Station",
                "name_kn": "ಶಂತಿನಗರ ಬುಸ್ ಸ್ಟಟಿೊಂ",
                "stop_id": "21166",
                "lat": 12.95449,
                "lon": 77.59258
              },
              {
                "name": "Wilson Garden Police Station",
                "name_kn": "ವಿಲ್ಸೊಂ ಗರ್ದೆಂ ಪೊಲಿಕೆ ಸ್ಟಟಿೊಂ",
                "stop_id": "21280",
                "lat": 12.95141,
                "lon": 77.5951
              },
              {
                "name": "Wilson Garden 12th Cross",
                "name_kn": "ವಿಲ್ಸೊಂ ಗರ್ದೆಂ 12ತ್ ಕ್ರೊಸ್ಸ್",
                "stop_id": "20560",
                "lat": 12.94725,
                "lon": 77.59794
              },
              {
                "name": "Lakkasandra",
                "name_kn": "ಲಕ್ಕಸಂದ್ರ",
                "stop_id": "20965",
                "lat": 12.94318,
                "lon": 77.59735
              },
              {
                "name": "Nimhans Hospital",
                "name_kn": "ನಿಂಹಂಸ್ ಹೊಸ್ಪಿಟಲ್",
                "stop_id": "21064",
                "lat": 12.93989,
                "lon": 77.59775
              },
              {
                "name": "Bengaluru Dairy Circle",
                "name_kn": "ಬೆಙಲುರು ದೈರೆ ಕಿರ್ಕ್ಲೆ",
                "stop_id": "20643",
                "lat": 12.9372,
                "lon": 77.60176
              },
              {
                "name": "Muneshwara Devasthana",
                "name_kn": "ಮುನೆಶ್ವರ ದೆವಸ್ತನ",
                "stop_id": "21033",
                "lat": 12.93646,
                "lon": 77.6066
              },
              {
                "name": "Hosur Road Junction",
                "name_kn": "ಹೊಸುರ್ ರೊದ್ ಜುಂಕ್ಟಿೊಂ",
                "stop_id": "20880",
                "lat": 12.93215,
                "lon": 77.61323
              },
              {
                "name": "St Johns Hospital",
                "name_kn": "ಸ್ಟ್ ಜೊಹ್ಂಸ್ ಹೊಸ್ಪಿಟಲ್",
                "stop_id": "21191",
                "lat": 12.92959,
                "lon": 77.61584
              },
              {
                "name": "Koramangala Water Tank",
                "name_kn": "ಕೊರಮಙಲ ವಟೆರ್ ಟಂಕ್",
                "stop_id": "21275",
                "lat": 12.92749,
                "lon": 77.62124
              },
              {
                "name": "Kudure Mukha Colony",
                "name_kn": "ಕುದುರೆ ಮುಖ ಕೊಲೊನೆ",
                "stop_id": "20952",
                "lat": 12.92572,
                "lon": 77.6254
              },
              {
                "name": "Krupanidhi College",
                "name_kn": "ಕ್ರುಪನಿಧಿ ಕೊಲ್ಲೆಗೆ",
                "stop_id": "20947",
                "lat": 12.92388,
                "lon": 77.62852
              },
              {
                "name": "Madivala",
                "name_kn": "ಮದಿವಲ",
                "stop_id": "20973",
                "lat": 12.92166,
                "lon": 77.62146
              },
              {
                "name": "Roopena Agrahara",
                "name_kn": "ರೂಪೆನ ಗ್ರಹರ",
                "stop_id": "21138",
                "lat": 12.91197,
                "lon": 77.62613
              },
              {
                "name": "Bommanahalli",
                "name_kn": "ಬೊಮ್ಮನಹಲ್ಲಿ",
                "stop_id": "20674",
                "lat": 12.90559,
                "lon": 77.63003
              },
              {
                "name": "Hongasandra Metro Station",
                "name_kn": "ಹೊಙಸಂದ್ರ ಮೆಟ್ರೊ ಸ್ಟಟಿೊಂ",
                "stop_id": "39873",
                "lat": 12.9019,
                "lon": 77.63225
              },
              {
                "name": "Garvebhavipalya",
                "name_kn": "ಗರ್ವೆಭವಿಪಲೆ",
                "stop_id": "20783",
                "lat": 12.8964,
                "lon": 77.63566
              },
              {
                "name": "Kudlu Gate",
                "name_kn": "ಕುದ್ಲು ಗಟೆ",
                "stop_id": "20950",
                "lat": 12.88985,
                "lon": 77.63969
              },
              {
                "name": "Singasandra Metro Station",
                "name_kn": "ಸಿಙಸಂದ್ರ ಮೆಟ್ರೊ ಸ್ಟಟಿೊಂ",
                "stop_id": "39871",
                "lat": 12.88106,
                "lon": 77.64508
              },
              {
                "name": "Singasandra",
                "name_kn": "ಸಿಙಸಂದ್ರ",
                "stop_id": "21181",
                "lat": 12.87886,
                "lon": 77.64651
              },
              {
                "name": "Hosa Road Metro Station",
                "name_kn": "ಹೊಸ ರೊದ್ ಮೆಟ್ರೊ ಸ್ಟಟಿೊಂ",
                "stop_id": "20840",
                "lat": 12.87069,
                "lon": 77.653
              },
              {
                "name": "Beratena Agrahara Metro Station",
                "name_kn": "ಬೆರಟೆನ ಗ್ರಹರ ಮೆಟ್ರೊ ಸ್ಟಟಿೊಂ",
                "stop_id": "39868",
                "lat": 12.86401,
                "lon": 77.65824
              },
              {
                "name": "PESCE College Electronic City",
                "name_kn": "ಪೆಸ್ಕೆ ಕೊಲ್ಲೆಗೆ ೆಲೆಕ್ಟ್ರೊನಿಕ್ ಕಿಟೆ",
                "stop_id": "22380",
                "lat": 12.85881,
                "lon": 77.6624
              },
              {
                "name": "Konappana Agarhara (Electronic City Metro Station)",
                "name_kn": "ಕೊನಪ್ಪನ ಗರ್ಹರ (ೆಲೆಕ್ಟ್ರೊನಿಕ್ ಕಿಟೆ ಮೆಟ್ರೊ ಸ್ಟಟಿೊಂ)",
                "stop_id": "22192",
                "lat": 12.85611,
                "lon": 77.66454
              },
              {
                "name": "Electronic City",
                "name_kn": "ಎಲೆಕ್ಟ್ರೊನಿಕ್ ಕಿಟೆ",
                "stop_id": "21933",
                "lat": 12.84815,
                "lon": 77.67083
              },
              {
                "name": "Veerasandra",
                "name_kn": "ವೀರಸಂದ್ರ",
                "stop_id": "22594",
                "lat": 12.83997,
                "lon": 77.67709
              },
              {
                "name": "Huskur Gate",
                "name_kn": "ಹುಸ್ಕುರ್ ಗಟೆ",
                "stop_id": "22063",
                "lat": 12.8361,
                "lon": 77.67942
              },
              {
                "name": "SFS High School Hebbagodi",
                "name_kn": "ಸ್ೞ್ಸ್ ಹಿಘ್ ಸ್ಚೂಲ್ ಹೆಬ್ಬಗೊದಿ",
                "stop_id": "39202",
                "lat": 12.83378,
                "lon": 77.68021
              },
              {
                "name": "Hebbagodi",
                "name_kn": "ಹೆಬ್ಬಗೊದಿ",
                "stop_id": "22017",
                "lat": 12.82752,
                "lon": 77.68224
              },
              {
                "name": "Bommasandra",
                "name_kn": "ಬೊಮ್ಮಸಂದ್ರ",
                "stop_id": "21775",
                "lat": 12.81869,
                "lon": 77.68947
              },
              {
                "name": "BTL College",
                "name_kn": "ಬ್ಟ್ಲ್ ಕೊಲ್ಲೆಗೆ",
                "stop_id": "21786",
                "lat": 12.81185,
                "lon": 77.69485
              },
              {
                "name": "Hennagara Gate",
                "name_kn": "ಹೆಂನಗರ ಗಟೆ",
                "stop_id": "22023",
                "lat": 12.80676,
                "lon": 77.69892
              },
              {
                "name": "Chandapura",
                "name_kn": "ಚಂದಪುರ",
                "stop_id": "21817",
                "lat": 12.80258,
                "lon": 77.70457
              },
              {
                "name": "Hale Chandapura",
                "name_kn": "ಹಲೆ ಚಂದಪುರ",
                "stop_id": "22007",
                "lat": 12.80182,
                "lon": 77.71151
              },
              {
                "name": "Tirumagondanahalli",
                "name_kn": "ಟಿರುಮಗೊಂದನಹಲ್ಲಿ",
                "stop_id": "22560",
                "lat": 12.79407,
                "lon": 77.72165
              },
              {
                "name": "Neraluru Gate",
                "name_kn": "ನೆರಲುರು ಗಟೆ",
                "stop_id": "22354",
                "lat": 12.79229,
                "lon": 77.72844
              },
              {
                "name": "Guddahatti Gate",
                "name_kn": "ಗುದ್ದಹಟಿ ಗಟೆ",
                "stop_id": "21986",
                "lat": 12.78811,
                "lon": 77.73702
              },
              {
                "name": "Guestline Hotel",
                "name_kn": "ಗುೆಸ್ಟ್ಲಿನೆ ಹೊಟೆಲ್",
                "stop_id": "21992",
                "lat": 12.78673,
                "lon": 77.7419
              },
              {
                "name": "Yadavanahalli",
                "name_kn": "ಯದವನಹಲ್ಲಿ",
                "stop_id": "22625",
                "lat": 12.78558,
                "lon": 77.75079
              },
              {
                "name": "Attibele Bus Stand",
                "name_kn": "ಅಟಿಬೆಲೆ ಬುಸ್ ಸ್ಟಂದ್",
                "stop_id": "21670",
                "lat": 12.77805,
                "lon": 77.77034
              }
            ]
          },
          {
            "Route": "KBS-3C",
            "RouteId": 1675,
            "RouteParentId": 1000,
            "Destination": "Chandapura",
            "Via": "",
            "Area": "Kempegowda Bus Station",
            "PlatformNumber": "8",
            "KannadaDestination": "ಚಂದಪುರ",
            "KannadaArea": "ಕೆಂಪೇಗೌಡ ಬಸ್ ನಿಲ್ದಾಣ",
            "KannadaVia": "",
            "FromStationId": 21166,
            "Stops": [
              {
                "name": "Shanthinagara Bus Station",
                "name_kn": "ಶಂತಿನಗರ ಬುಸ್ ಸ್ಟಟಿೊಂ",
                "stop_id": "21166",
                "lat": 12.95449,
                "lon": 77.59258
              },
              {
                "name": "Wilson Garden Police Station",
                "name_kn": "ವಿಲ್ಸೊಂ ಗರ್ದೆಂ ಪೊಲಿಕೆ ಸ್ಟಟಿೊಂ",
                "stop_id": "21280",
                "lat": 12.95141,
                "lon": 77.5951
              },
              {
                "name": "Wilson Garden 12th Cross",
                "name_kn": "ವಿಲ್ಸೊಂ ಗರ್ದೆಂ 12ತ್ ಕ್ರೊಸ್ಸ್",
                "stop_id": "20560",
                "lat": 12.94725,
                "lon": 77.59794
              },
              {
                "name": "Lakkasandra",
                "name_kn": "ಲಕ್ಕಸಂದ್ರ",
                "stop_id": "20965",
                "lat": 12.94318,
                "lon": 77.59735
              },
              {
                "name": "Nimhans Hospital",
                "name_kn": "ನಿಂಹಂಸ್ ಹೊಸ್ಪಿಟಲ್",
                "stop_id": "21064",
                "lat": 12.93989,
                "lon": 77.59775
              },
              {
                "name": "Bengaluru Dairy Circle",
                "name_kn": "ಬೆಙಲುರು ದೈರೆ ಕಿರ್ಕ್ಲೆ",
                "stop_id": "20643",
                "lat": 12.9372,
                "lon": 77.60176
              },
              {
                "name": "Muneshwara Devasthana",
                "name_kn": "ಮುನೆಶ್ವರ ದೆವಸ್ತನ",
                "stop_id": "21033",
                "lat": 12.93646,
                "lon": 77.6066
              },
              {
                "name": "Hosur Road Junction",
                "name_kn": "ಹೊಸುರ್ ರೊದ್ ಜುಂಕ್ಟಿೊಂ",
                "stop_id": "20880",
                "lat": 12.93215,
                "lon": 77.61323
              },
              {
                "name": "St Johns Hospital",
                "name_kn": "ಸ್ಟ್ ಜೊಹ್ಂಸ್ ಹೊಸ್ಪಿಟಲ್",
                "stop_id": "21191",
                "lat": 12.92959,
                "lon": 77.61584
              },
              {
                "name": "Koramangala Water Tank",
                "name_kn": "ಕೊರಮಙಲ ವಟೆರ್ ಟಂಕ್",
                "stop_id": "21275",
                "lat": 12.92749,
                "lon": 77.62124
              },
              {
                "name": "Kudure Mukha Colony",
                "name_kn": "ಕುದುರೆ ಮುಖ ಕೊಲೊನೆ",
                "stop_id": "20952",
                "lat": 12.92572,
                "lon": 77.6254
              },
              {
                "name": "Krupanidhi College",
                "name_kn": "ಕ್ರುಪನಿಧಿ ಕೊಲ್ಲೆಗೆ",
                "stop_id": "20947",
                "lat": 12.92388,
                "lon": 77.62852
              },
              {
                "name": "Madivala",
                "name_kn": "ಮದಿವಲ",
                "stop_id": "20973",
                "lat": 12.92166,
                "lon": 77.62146
              },
              {
                "name": "Roopena Agrahara",
                "name_kn": "ರೂಪೆನ ಗ್ರಹರ",
                "stop_id": "21138",
                "lat": 12.91197,
                "lon": 77.62613
              },
              {
                "name": "Bommanahalli",
                "name_kn": "ಬೊಮ್ಮನಹಲ್ಲಿ",
                "stop_id": "20674",
                "lat": 12.90559,
                "lon": 77.63003
              },
              {
                "name": "Hongasandra Metro Station",
                "name_kn": "ಹೊಙಸಂದ್ರ ಮೆಟ್ರೊ ಸ್ಟಟಿೊಂ",
                "stop_id": "39873",
                "lat": 12.9019,
                "lon": 77.63225
              },
              {
                "name": "Garvebhavipalya",
                "name_kn": "ಗರ್ವೆಭವಿಪಲೆ",
                "stop_id": "20783",
                "lat": 12.8964,
                "lon": 77.63566
              },
              {
                "name": "Kudlu Gate",
                "name_kn": "ಕುದ್ಲು ಗಟೆ",
                "stop_id": "20950",
                "lat": 12.88985,
                "lon": 77.63969
              },
              {
                "name": "Singasandra Metro Station",
                "name_kn": "ಸಿಙಸಂದ್ರ ಮೆಟ್ರೊ ಸ್ಟಟಿೊಂ",
                "stop_id": "39871",
                "lat": 12.88106,
                "lon": 77.64508
              },
              {
                "name": "Singasandra",
                "name_kn": "ಸಿಙಸಂದ್ರ",
                "stop_id": "21181",
                "lat": 12.87886,
                "lon": 77.64651
              },
              {
                "name": "Hosa Road Metro Station",
                "name_kn": "ಹೊಸ ರೊದ್ ಮೆಟ್ರೊ ಸ್ಟಟಿೊಂ",
                "stop_id": "20840",
                "lat": 12.87069,
                "lon": 77.653
              },
              {
                "name": "Beratena Agrahara Metro Station",
                "name_kn": "ಬೆರಟೆನ ಗ್ರಹರ ಮೆಟ್ರೊ ಸ್ಟಟಿೊಂ",
                "stop_id": "39868",
                "lat": 12.86401,
                "lon": 77.65824
              },
              {
                "name": "PESCE College Electronic City",
                "name_kn": "ಪೆಸ್ಕೆ ಕೊಲ್ಲೆಗೆ ೆಲೆಕ್ಟ್ರೊನಿಕ್ ಕಿಟೆ",
                "stop_id": "22380",
                "lat": 12.85881,
                "lon": 77.6624
              },
              {
                "name": "Konappana Agarhara (Electronic City Metro Station)",
                "name_kn": "ಕೊನಪ್ಪನ ಗರ್ಹರ (ೆಲೆಕ್ಟ್ರೊನಿಕ್ ಕಿಟೆ ಮೆಟ್ರೊ ಸ್ಟಟಿೊಂ)",
                "stop_id": "22192",
                "lat": 12.85611,
                "lon": 77.66454
              },
              {
                "name": "Electronic City",
                "name_kn": "ಎಲೆಕ್ಟ್ರೊನಿಕ್ ಕಿಟೆ",
                "stop_id": "21933",
                "lat": 12.84815,
                "lon": 77.67083
              },
              {
                "name": "Veerasandra",
                "name_kn": "ವೀರಸಂದ್ರ",
                "stop_id": "22594",
                "lat": 12.83997,
                "lon": 77.67709
              },
              {
                "name": "Huskur Gate",
                "name_kn": "ಹುಸ್ಕುರ್ ಗಟೆ",
                "stop_id": "22063",
                "lat": 12.8361,
                "lon": 77.67942
              },
              {
                "name": "SFS High School Hebbagodi",
                "name_kn": "ಸ್ೞ್ಸ್ ಹಿಘ್ ಸ್ಚೂಲ್ ಹೆಬ್ಬಗೊದಿ",
                "stop_id": "39202",
                "lat": 12.83378,
                "lon": 77.68021
              },
              {
                "name": "Hebbagodi",
                "name_kn": "ಹೆಬ್ಬಗೊದಿ",
                "stop_id": "22017",
                "lat": 12.82752,
                "lon": 77.68224
              },
              {
                "name": "Bommasandra",
                "name_kn": "ಬೊಮ್ಮಸಂದ್ರ",
                "stop_id": "21775",
                "lat": 12.81869,
                "lon": 77.68947
              },
              {
                "name": "BTL College",
                "name_kn": "ಬ್ಟ್ಲ್ ಕೊಲ್ಲೆಗೆ",
                "stop_id": "21786",
                "lat": 12.81185,
                "lon": 77.69485
              },
              {
                "name": "Hennagara Gate",
                "name_kn": "ಹೆಂನಗರ ಗಟೆ",
                "stop_id": "22023",
                "lat": 12.80676,
                "lon": 77.69892
              },
              {
                "name": "Chandapura",
                "name_kn": "ಚಂದಪುರ",
                "stop_id": "21817",
                "lat": 12.80258,
                "lon": 77.70457
              }
            ]
          },
          {
            "Route": "KBS-3E",
            "RouteId": 1793,
            "RouteParentId": 1065,
            "Destination": "Electronic City Wipro Main Gate",
            "Via": "",
            "Area": "Kempegowda Bus Station",
            "PlatformNumber": "8",
            "KannadaDestination": "ಎಲೆಕ್ಟ್ರೊನಿಕ್ ಕಿಟೆ ವಿಪ್ರೊ ಮೈಂ ಗಟೆ",
            "KannadaArea": "ಕೆಂಪೇಗೌಡ ಬಸ್ ನಿಲ್ದಾಣ",
            "KannadaVia": "",
            "FromStationId": 21166,
            "Stops": [
              {
                "name": "Shanthinagara Bus Station",
                "name_kn": "ಶಂತಿನಗರ ಬುಸ್ ಸ್ಟಟಿೊಂ",
                "stop_id": "21166",
                "lat": 12.95449,
                "lon": 77.59258
              },
              {
                "name": "Wilson Garden Police Station",
                "name_kn": "ವಿಲ್ಸೊಂ ಗರ್ದೆಂ ಪೊಲಿಕೆ ಸ್ಟಟಿೊಂ",
                "stop_id": "21280",
                "lat": 12.95141,
                "lon": 77.5951
              },
              {
                "name": "Wilson Garden 12th Cross",
                "name_kn": "ವಿಲ್ಸೊಂ ಗರ್ದೆಂ 12ತ್ ಕ್ರೊಸ್ಸ್",
                "stop_id": "20560",
                "lat": 12.94725,
                "lon": 77.59794
              },
              {
                "name": "Lakkasandra",
                "name_kn": "ಲಕ್ಕಸಂದ್ರ",
                "stop_id": "20965",
                "lat": 12.94318,
                "lon": 77.59735
              },
              {
                "name": "Nimhans Hospital",
                "name_kn": "ನಿಂಹಂಸ್ ಹೊಸ್ಪಿಟಲ್",
                "stop_id": "21064",
                "lat": 12.93989,
                "lon": 77.59775
              },
              {
                "name": "Bengaluru Dairy Circle",
                "name_kn": "ಬೆಙಲುರು ದೈರೆ ಕಿರ್ಕ್ಲೆ",
                "stop_id": "20643",
                "lat": 12.9372,
                "lon": 77.60176
              },
              {
                "name": "Muneshwara Devasthana",
                "name_kn": "ಮುನೆಶ್ವರ ದೆವಸ್ತನ",
                "stop_id": "21033",
                "lat": 12.93646,
                "lon": 77.6066
              },
              {
                "name": "Hosur Road Junction",
                "name_kn": "ಹೊಸುರ್ ರೊದ್ ಜುಂಕ್ಟಿೊಂ",
                "stop_id": "20880",
                "lat": 12.93215,
                "lon": 77.61323
              },
              {
                "name": "St Johns Hospital",
                "name_kn": "ಸ್ಟ್ ಜೊಹ್ಂಸ್ ಹೊಸ್ಪಿಟಲ್",
                "stop_id": "21191",
                "lat": 12.92959,
                "lon": 77.61584
              },
              {
                "name": "Koramangala Water Tank",
                "name_kn": "ಕೊರಮಙಲ ವಟೆರ್ ಟಂಕ್",
                "stop_id": "21275",
                "lat": 12.92749,
                "lon": 77.62124
              },
              {
                "name": "Kudure Mukha Colony",
                "name_kn": "ಕುದುರೆ ಮುಖ ಕೊಲೊನೆ",
                "stop_id": "20952",
                "lat": 12.92572,
                "lon": 77.6254
              },
              {
                "name": "Krupanidhi College",
                "name_kn": "ಕ್ರುಪನಿಧಿ ಕೊಲ್ಲೆಗೆ",
                "stop_id": "20947",
                "lat": 12.92388,
                "lon": 77.62852
              },
              {
                "name": "Madivala",
                "name_kn": "ಮದಿವಲ",
                "stop_id": "20973",
                "lat": 12.92166,
                "lon": 77.62146
              },
              {
                "name": "Roopena Agrahara",
                "name_kn": "ರೂಪೆನ ಗ್ರಹರ",
                "stop_id": "21138",
                "lat": 12.91197,
                "lon": 77.62613
              },
              {
                "name": "Bommanahalli",
                "name_kn": "ಬೊಮ್ಮನಹಲ್ಲಿ",
                "stop_id": "20674",
                "lat": 12.90559,
                "lon": 77.63003
              },
              {
                "name": "Hongasandra Metro Station",
                "name_kn": "ಹೊಙಸಂದ್ರ ಮೆಟ್ರೊ ಸ್ಟಟಿೊಂ",
                "stop_id": "39873",
                "lat": 12.9019,
                "lon": 77.63225
              },
              {
                "name": "Garvebhavipalya",
                "name_kn": "ಗರ್ವೆಭವಿಪಲೆ",
                "stop_id": "20783",
                "lat": 12.8964,
                "lon": 77.63566
              },
              {
                "name": "Kudlu Gate",
                "name_kn": "ಕುದ್ಲು ಗಟೆ",
                "stop_id": "20950",
                "lat": 12.88985,
                "lon": 77.63969
              },
              {
                "name": "Singasandra Metro Station",
                "name_kn": "ಸಿಙಸಂದ್ರ ಮೆಟ್ರೊ ಸ್ಟಟಿೊಂ",
                "stop_id": "39871",
                "lat": 12.88106,
                "lon": 77.64508
              },
              {
                "name": "Singasandra",
                "name_kn": "ಸಿಙಸಂದ್ರ",
                "stop_id": "21181",
                "lat": 12.87886,
                "lon": 77.64651
              },
              {
                "name": "Hosa Road Metro Station",
                "name_kn": "ಹೊಸ ರೊದ್ ಮೆಟ್ರೊ ಸ್ಟಟಿೊಂ",
                "stop_id": "20840",
                "lat": 12.87069,
                "lon": 77.653
              },
              {
                "name": "Beratena Agrahara Metro Station",
                "name_kn": "ಬೆರಟೆನ ಗ್ರಹರ ಮೆಟ್ರೊ ಸ್ಟಟಿೊಂ",
                "stop_id": "39868",
                "lat": 12.86401,
                "lon": 77.65824
              },
              {
                "name": "PESCE College Electronic City",
                "name_kn": "ಪೆಸ್ಕೆ ಕೊಲ್ಲೆಗೆ ೆಲೆಕ್ಟ್ರೊನಿಕ್ ಕಿಟೆ",
                "stop_id": "22380",
                "lat": 12.85881,
                "lon": 77.6624
              },
              {
                "name": "Konappana Agarhara",
                "name_kn": "ಕೊನಪ್ಪನ ಗರ್ಹರ",
                "stop_id": "20934",
                "lat": 12.85577,
                "lon": 77.66411
              },
              {
                "name": "Crown Plaza",
                "name_kn": "ಕ್ರೌಂ ಪ್ಲಜ಼",
                "stop_id": "20732",
                "lat": 12.85082,
                "lon": 77.66023
              },
              {
                "name": "Infosys Parking Lot",
                "name_kn": "ಇಂೞೊಶೆಸ್ ಪರ್ಕಿಙ್ ಲೊಟ್",
                "stop_id": "20858",
                "lat": 12.84993,
                "lon": 77.66299
              },
              {
                "name": "BHEL",
                "name_kn": "ಭೆಲ್",
                "stop_id": "20662",
                "lat": 12.84492,
                "lon": 77.66026
              },
              {
                "name": "Wipro Gate Shikaripalya Cross",
                "name_kn": "ವಿಪ್ರೊ ಗಟೆ ಶಿಕರಿಪಲೆ ಕ್ರೊಸ್ಸ್",
                "stop_id": "21282",
                "lat": 12.83905,
                "lon": 77.6591
              },
              {
                "name": "Electronic City Wipro Main Gate",
                "name_kn": "ಎಲೆಕ್ಟ್ರೊನಿಕ್ ಕಿಟೆ ವಿಪ್ರೊ ಮೈಂ ಗಟೆ",
                "stop_id": "20772",
                "lat": 12.83594,
                "lon": 77.65742
              }
            ]
          },
          {
            "Route": "V-360B",
            "RouteId": 1857,
            "RouteParentId": 1098,
            "Destination": "Attibele Bus Stand",
            "Via": "",
            "Area": "Kempegowda Bus Station",
            "PlatformNumber": "8",
            "KannadaDestination": "ಅಟಿಬೆಲೆ ಬುಸ್ ಸ್ಟಂದ್",
            "KannadaArea": "ಕೆಂಪೇಗೌಡ ಬಸ್ ನಿಲ್ದಾಣ",
            "KannadaVia": "",
            "FromStationId": 21166,
            "Stops": [
              {
                "name": "Shanthinagara Bus Station",
                "name_kn": "ಶಂತಿನಗರ ಬುಸ್ ಸ್ಟಟಿೊಂ",
                "stop_id": "21166",
                "lat": 12.95449,
                "lon": 77.59258
              },
              {
                "name": "Wilson Garden Police Station",
                "name_kn": "ವಿಲ್ಸೊಂ ಗರ್ದೆಂ ಪೊಲಿಕೆ ಸ್ಟಟಿೊಂ",
                "stop_id": "21280",
                "lat": 12.95141,
                "lon": 77.5951
              },
              {
                "name": "Wilson Garden 12th Cross",
                "name_kn": "ವಿಲ್ಸೊಂ ಗರ್ದೆಂ 12ತ್ ಕ್ರೊಸ್ಸ್",
                "stop_id": "20560",
                "lat": 12.94725,
                "lon": 77.59794
              },
              {
                "name": "Lakkasandra",
                "name_kn": "ಲಕ್ಕಸಂದ್ರ",
                "stop_id": "20965",
                "lat": 12.94318,
                "lon": 77.59735
              },
              {
                "name": "Nimhans Hospital",
                "name_kn": "ನಿಂಹಂಸ್ ಹೊಸ್ಪಿಟಲ್",
                "stop_id": "21064",
                "lat": 12.93989,
                "lon": 77.59775
              },
              {
                "name": "Bengaluru Dairy Circle",
                "name_kn": "ಬೆಙಲುರು ದೈರೆ ಕಿರ್ಕ್ಲೆ",
                "stop_id": "20643",
                "lat": 12.9372,
                "lon": 77.60176
              },
              {
                "name": "Muneshwara Devasthana",
                "name_kn": "ಮುನೆಶ್ವರ ದೆವಸ್ತನ",
                "stop_id": "21033",
                "lat": 12.93646,
                "lon": 77.6066
              },
              {
                "name": "Hosur Road Junction",
                "name_kn": "ಹೊಸುರ್ ರೊದ್ ಜುಂಕ್ಟಿೊಂ",
                "stop_id": "20880",
                "lat": 12.93215,
                "lon": 77.61323
              },
              {
                "name": "St Johns Hospital",
                "name_kn": "ಸ್ಟ್ ಜೊಹ್ಂಸ್ ಹೊಸ್ಪಿಟಲ್",
                "stop_id": "21191",
                "lat": 12.92959,
                "lon": 77.61584
              },
              {
                "name": "Koramangala Water Tank",
                "name_kn": "ಕೊರಮಙಲ ವಟೆರ್ ಟಂಕ್",
                "stop_id": "21275",
                "lat": 12.92749,
                "lon": 77.62124
              },
              {
                "name": "Kudure Mukha Colony",
                "name_kn": "ಕುದುರೆ ಮುಖ ಕೊಲೊನೆ",
                "stop_id": "20952",
                "lat": 12.92572,
                "lon": 77.6254
              },
              {
                "name": "Krupanidhi College",
                "name_kn": "ಕ್ರುಪನಿಧಿ ಕೊಲ್ಲೆಗೆ",
                "stop_id": "20947",
                "lat": 12.92388,
                "lon": 77.62852
              },
              {
                "name": "Madivala",
                "name_kn": "ಮದಿವಲ",
                "stop_id": "20973",
                "lat": 12.92166,
                "lon": 77.62146
              },
              {
                "name": "Roopena Agrahara",
                "name_kn": "ರೂಪೆನ ಗ್ರಹರ",
                "stop_id": "21138",
                "lat": 12.91197,
                "lon": 77.62613
              },
              {
                "name": "Bommanahalli",
                "name_kn": "ಬೊಮ್ಮನಹಲ್ಲಿ",
                "stop_id": "20674",
                "lat": 12.90559,
                "lon": 77.63003
              },
              {
                "name": "Hongasandra Metro Station",
                "name_kn": "ಹೊಙಸಂದ್ರ ಮೆಟ್ರೊ ಸ್ಟಟಿೊಂ",
                "stop_id": "39873",
                "lat": 12.9019,
                "lon": 77.63225
              },
              {
                "name": "Garvebhavipalya",
                "name_kn": "ಗರ್ವೆಭವಿಪಲೆ",
                "stop_id": "20783",
                "lat": 12.8964,
                "lon": 77.63566
              },
              {
                "name": "Kudlu Gate",
                "name_kn": "ಕುದ್ಲು ಗಟೆ",
                "stop_id": "20950",
                "lat": 12.88985,
                "lon": 77.63969
              },
              {
                "name": "Singasandra Metro Station",
                "name_kn": "ಸಿಙಸಂದ್ರ ಮೆಟ್ರೊ ಸ್ಟಟಿೊಂ",
                "stop_id": "39871",
                "lat": 12.88106,
                "lon": 77.64508
              },
              {
                "name": "Singasandra",
                "name_kn": "ಸಿಙಸಂದ್ರ",
                "stop_id": "21181",
                "lat": 12.87886,
                "lon": 77.64651
              },
              {
                "name": "Hosa Road Metro Station",
                "name_kn": "ಹೊಸ ರೊದ್ ಮೆಟ್ರೊ ಸ್ಟಟಿೊಂ",
                "stop_id": "20840",
                "lat": 12.87069,
                "lon": 77.653
              },
              {
                "name": "Beratena Agrahara Metro Station",
                "name_kn": "ಬೆರಟೆನ ಗ್ರಹರ ಮೆಟ್ರೊ ಸ್ಟಟಿೊಂ",
                "stop_id": "39868",
                "lat": 12.86401,
                "lon": 77.65824
              },
              {
                "name": "PESCE College Electronic City",
                "name_kn": "ಪೆಸ್ಕೆ ಕೊಲ್ಲೆಗೆ ೆಲೆಕ್ಟ್ರೊನಿಕ್ ಕಿಟೆ",
                "stop_id": "22380",
                "lat": 12.85881,
                "lon": 77.6624
              },
              {
                "name": "Konappana Agarhara (Electronic City Metro Station)",
                "name_kn": "ಕೊನಪ್ಪನ ಗರ್ಹರ (ೆಲೆಕ್ಟ್ರೊನಿಕ್ ಕಿಟೆ ಮೆಟ್ರೊ ಸ್ಟಟಿೊಂ)",
                "stop_id": "22192",
                "lat": 12.85611,
                "lon": 77.66454
              },
              {
                "name": "Electronic City",
                "name_kn": "ಎಲೆಕ್ಟ್ರೊನಿಕ್ ಕಿಟೆ",
                "stop_id": "21933",
                "lat": 12.84815,
                "lon": 77.67083
              },
              {
                "name": "Veerasandra",
                "name_kn": "ವೀರಸಂದ್ರ",
                "stop_id": "22594",
                "lat": 12.83997,
                "lon": 77.67709
              },
              {
                "name": "Huskur Gate",
                "name_kn": "ಹುಸ್ಕುರ್ ಗಟೆ",
                "stop_id": "22063",
                "lat": 12.8361,
                "lon": 77.67942
              },
              {
                "name": "SFS High School Hebbagodi",
                "name_kn": "ಸ್ೞ್ಸ್ ಹಿಘ್ ಸ್ಚೂಲ್ ಹೆಬ್ಬಗೊದಿ",
                "stop_id": "39202",
                "lat": 12.83378,
                "lon": 77.68021
              },
              {
                "name": "Hebbagodi",
                "name_kn": "ಹೆಬ್ಬಗೊದಿ",
                "stop_id": "22017",
                "lat": 12.82752,
                "lon": 77.68224
              },
              {
                "name": "Bommasandra",
                "name_kn": "ಬೊಮ್ಮಸಂದ್ರ",
                "stop_id": "21775",
                "lat": 12.81869,
                "lon": 77.68947
              },
              {
                "name": "BTL College",
                "name_kn": "ಬ್ಟ್ಲ್ ಕೊಲ್ಲೆಗೆ",
                "stop_id": "21786",
                "lat": 12.81185,
                "lon": 77.69485
              },
              {
                "name": "Hennagara Gate",
                "name_kn": "ಹೆಂನಗರ ಗಟೆ",
                "stop_id": "22023",
                "lat": 12.80676,
                "lon": 77.69892
              },
              {
                "name": "Chandapura",
                "name_kn": "ಚಂದಪುರ",
                "stop_id": "21817",
                "lat": 12.80258,
                "lon": 77.70457
              },
              {
                "name": "Hale Chandapura",
                "name_kn": "ಹಲೆ ಚಂದಪುರ",
                "stop_id": "22007",
                "lat": 12.80182,
                "lon": 77.71151
              },
              {
                "name": "Tirumagondanahalli",
                "name_kn": "ಟಿರುಮಗೊಂದನಹಲ್ಲಿ",
                "stop_id": "22560",
                "lat": 12.79407,
                "lon": 77.72165
              },
              {
                "name": "Neraluru Gate",
                "name_kn": "ನೆರಲುರು ಗಟೆ",
                "stop_id": "22354",
                "lat": 12.79229,
                "lon": 77.72844
              },
              {
                "name": "Guddahatti Gate",
                "name_kn": "ಗುದ್ದಹಟಿ ಗಟೆ",
                "stop_id": "21986",
                "lat": 12.78811,
                "lon": 77.73702
              },
              {
                "name": "Guestline Hotel",
                "name_kn": "ಗುೆಸ್ಟ್ಲಿನೆ ಹೊಟೆಲ್",
                "stop_id": "21992",
                "lat": 12.78673,
                "lon": 77.7419
              },
              {
                "name": "Yadavanahalli",
                "name_kn": "ಯದವನಹಲ್ಲಿ",
                "stop_id": "22625",
                "lat": 12.78558,
                "lon": 77.75079
              },
              {
                "name": "Attibele Bus Stand",
                "name_kn": "ಅಟಿಬೆಲೆ ಬುಸ್ ಸ್ಟಂದ್",
                "stop_id": "21670",
                "lat": 12.77805,
                "lon": 77.77034
              }
            ]
          },
          {
            "Route": "348-G",
            "RouteId": 1989,
            "RouteParentId": 1170,
            "Destination": "Hosapalya Kudlu Gate",
            "Via": "",
            "Area": "Kempegowda Bus Station",
            "PlatformNumber": "8",
            "KannadaDestination": "ಹೊಸಪಲೆ ಕುದ್ಲು ಗಟೆ",
            "KannadaArea": "ಕೆಂಪೇಗೌಡ ಬಸ್ ನಿಲ್ದಾಣ",
            "KannadaVia": "",
            "FromStationId": 21166,
            "Stops": [
              {
                "name": "Shanthinagara Bus Station",
                "name_kn": "ಶಂತಿನಗರ ಬುಸ್ ಸ್ಟಟಿೊಂ",
                "stop_id": "21166",
                "lat": 12.95449,
                "lon": 77.59258
              },
              {
                "name": "Wilson Garden Police Station",
                "name_kn": "ವಿಲ್ಸೊಂ ಗರ್ದೆಂ ಪೊಲಿಕೆ ಸ್ಟಟಿೊಂ",
                "stop_id": "21280",
                "lat": 12.95141,
                "lon": 77.5951
              },
              {
                "name": "Wilson Garden 12th Cross",
                "name_kn": "ವಿಲ್ಸೊಂ ಗರ್ದೆಂ 12ತ್ ಕ್ರೊಸ್ಸ್",
                "stop_id": "20560",
                "lat": 12.94725,
                "lon": 77.59794
              },
              {
                "name": "Lakkasandra",
                "name_kn": "ಲಕ್ಕಸಂದ್ರ",
                "stop_id": "20965",
                "lat": 12.94318,
                "lon": 77.59735
              },
              {
                "name": "Nimhans Hospital",
                "name_kn": "ನಿಂಹಂಸ್ ಹೊಸ್ಪಿಟಲ್",
                "stop_id": "21064",
                "lat": 12.93989,
                "lon": 77.59775
              },
              {
                "name": "Bengaluru Dairy Circle",
                "name_kn": "ಬೆಙಲುರು ದೈರೆ ಕಿರ್ಕ್ಲೆ",
                "stop_id": "20643",
                "lat": 12.9372,
                "lon": 77.60176
              },
              {
                "name": "Muneshwara Devasthana",
                "name_kn": "ಮುನೆಶ್ವರ ದೆವಸ್ತನ",
                "stop_id": "21033",
                "lat": 12.93646,
                "lon": 77.6066
              },
              {
                "name": "Hosur Road Junction",
                "name_kn": "ಹೊಸುರ್ ರೊದ್ ಜುಂಕ್ಟಿೊಂ",
                "stop_id": "20880",
                "lat": 12.93215,
                "lon": 77.61323
              },
              {
                "name": "St Johns Hospital",
                "name_kn": "ಸ್ಟ್ ಜೊಹ್ಂಸ್ ಹೊಸ್ಪಿಟಲ್",
                "stop_id": "21191",
                "lat": 12.92959,
                "lon": 77.61584
              },
              {
                "name": "Koramangala Water Tank",
                "name_kn": "ಕೊರಮಙಲ ವಟೆರ್ ಟಂಕ್",
                "stop_id": "21275",
                "lat": 12.92749,
                "lon": 77.62124
              },
              {
                "name": "Kudure Mukha Colony",
                "name_kn": "ಕುದುರೆ ಮುಖ ಕೊಲೊನೆ",
                "stop_id": "20952",
                "lat": 12.92572,
                "lon": 77.6254
              },
              {
                "name": "Krupanidhi College",
                "name_kn": "ಕ್ರುಪನಿಧಿ ಕೊಲ್ಲೆಗೆ",
                "stop_id": "20947",
                "lat": 12.92388,
                "lon": 77.62852
              },
              {
                "name": "Madivala",
                "name_kn": "ಮದಿವಲ",
                "stop_id": "20973",
                "lat": 12.92166,
                "lon": 77.62146
              },
              {
                "name": "Roopena Agrahara",
                "name_kn": "ರೂಪೆನ ಗ್ರಹರ",
                "stop_id": "21138",
                "lat": 12.91197,
                "lon": 77.62613
              },
              {
                "name": "Bommanahalli",
                "name_kn": "ಬೊಮ್ಮನಹಲ್ಲಿ",
                "stop_id": "20674",
                "lat": 12.90559,
                "lon": 77.63003
              },
              {
                "name": "Hongasandra Metro Station",
                "name_kn": "ಹೊಙಸಂದ್ರ ಮೆಟ್ರೊ ಸ್ಟಟಿೊಂ",
                "stop_id": "39873",
                "lat": 12.9019,
                "lon": 77.63225
              },
              {
                "name": "Garvebhavipalya",
                "name_kn": "ಗರ್ವೆಭವಿಪಲೆ",
                "stop_id": "20783",
                "lat": 12.8964,
                "lon": 77.63566
              },
              {
                "name": "Kudlu Gate",
                "name_kn": "ಕುದ್ಲು ಗಟೆ",
                "stop_id": "20950",
                "lat": 12.88985,
                "lon": 77.63969
              },
              {
                "name": "Hosapalya Kudlu Gate",
                "name_kn": "ಹೊಸಪಲೆ ಕುದ್ಲು ಗಟೆ",
                "stop_id": "23924",
                "lat": 12.89735,
                "lon": 77.64534
              }
            ]
          },
          {
            "Route": "349-C",
            "RouteId": 2595,
            "RouteParentId": 1500,
            "Destination": "Huskur",
            "Via": "",
            "Area": "Kempegowda Bus Station",
            "PlatformNumber": "8",
            "KannadaDestination": "ಹುಸ್ಕುರ್",
            "KannadaArea": "ಕೆಂಪೇಗೌಡ ಬಸ್ ನಿಲ್ದಾಣ",
            "KannadaVia": "",
            "FromStationId": 21166,
            "Stops": [
              {
                "name": "Shanthinagara Bus Station",
                "name_kn": "ಶಂತಿನಗರ ಬುಸ್ ಸ್ಟಟಿೊಂ",
                "stop_id": "21166",
                "lat": 12.95449,
                "lon": 77.59258
              },
              {
                "name": "Wilson Garden Police Station",
                "name_kn": "ವಿಲ್ಸೊಂ ಗರ್ದೆಂ ಪೊಲಿಕೆ ಸ್ಟಟಿೊಂ",
                "stop_id": "21280",
                "lat": 12.95141,
                "lon": 77.5951
              },
              {
                "name": "Wilson Garden 12th Cross",
                "name_kn": "ವಿಲ್ಸೊಂ ಗರ್ದೆಂ 12ತ್ ಕ್ರೊಸ್ಸ್",
                "stop_id": "20560",
                "lat": 12.94725,
                "lon": 77.59794
              },
              {
                "name": "Lakkasandra",
                "name_kn": "ಲಕ್ಕಸಂದ್ರ",
                "stop_id": "20965",
                "lat": 12.94318,
                "lon": 77.59735
              },
              {
                "name": "Nimhans Hospital",
                "name_kn": "ನಿಂಹಂಸ್ ಹೊಸ್ಪಿಟಲ್",
                "stop_id": "21064",
                "lat": 12.93989,
                "lon": 77.59775
              },
              {
                "name": "Bengaluru Dairy Circle",
                "name_kn": "ಬೆಙಲುರು ದೈರೆ ಕಿರ್ಕ್ಲೆ",
                "stop_id": "20643",
                "lat": 12.9372,
                "lon": 77.60176
              },
              {
                "name": "Muneshwara Devasthana",
                "name_kn": "ಮುನೆಶ್ವರ ದೆವಸ್ತನ",
                "stop_id": "21033",
                "lat": 12.93646,
                "lon": 77.6066
              },
              {
                "name": "Hosur Road Junction",
                "name_kn": "ಹೊಸುರ್ ರೊದ್ ಜುಂಕ್ಟಿೊಂ",
                "stop_id": "20880",
                "lat": 12.93215,
                "lon": 77.61323
              },
              {
                "name": "St Johns Hospital",
                "name_kn": "ಸ್ಟ್ ಜೊಹ್ಂಸ್ ಹೊಸ್ಪಿಟಲ್",
                "stop_id": "21191",
                "lat": 12.92959,
                "lon": 77.61584
              },
              {
                "name": "Koramangala Water Tank",
                "name_kn": "ಕೊರಮಙಲ ವಟೆರ್ ಟಂಕ್",
                "stop_id": "21275",
                "lat": 12.92749,
                "lon": 77.62124
              },
              {
                "name": "Kudure Mukha Colony",
                "name_kn": "ಕುದುರೆ ಮುಖ ಕೊಲೊನೆ",
                "stop_id": "20952",
                "lat": 12.92572,
                "lon": 77.6254
              },
              {
                "name": "Krupanidhi College",
                "name_kn": "ಕ್ರುಪನಿಧಿ ಕೊಲ್ಲೆಗೆ",
                "stop_id": "20947",
                "lat": 12.92388,
                "lon": 77.62852
              },
              {
                "name": "Madivala",
                "name_kn": "ಮದಿವಲ",
                "stop_id": "20973",
                "lat": 12.92166,
                "lon": 77.62146
              },
              {
                "name": "Roopena Agrahara",
                "name_kn": "ರೂಪೆನ ಗ್ರಹರ",
                "stop_id": "21138",
                "lat": 12.91197,
                "lon": 77.62613
              },
              {
                "name": "Bommanahalli",
                "name_kn": "ಬೊಮ್ಮನಹಲ್ಲಿ",
                "stop_id": "20674",
                "lat": 12.90559,
                "lon": 77.63003
              },
              {
                "name": "Hongasandra Metro Station",
                "name_kn": "ಹೊಙಸಂದ್ರ ಮೆಟ್ರೊ ಸ್ಟಟಿೊಂ",
                "stop_id": "39873",
                "lat": 12.9019,
                "lon": 77.63225
              },
              {
                "name": "Garvebhavipalya",
                "name_kn": "ಗರ್ವೆಭವಿಪಲೆ",
                "stop_id": "20783",
                "lat": 12.8964,
                "lon": 77.63566
              },
              {
                "name": "Kudlu Gate",
                "name_kn": "ಕುದ್ಲು ಗಟೆ",
                "stop_id": "20950",
                "lat": 12.88985,
                "lon": 77.63969
              },
              {
                "name": "Singasandra Metro Station",
                "name_kn": "ಸಿಙಸಂದ್ರ ಮೆಟ್ರೊ ಸ್ಟಟಿೊಂ",
                "stop_id": "39871",
                "lat": 12.88106,
                "lon": 77.64508
              },
              {
                "name": "Singasandra",
                "name_kn": "ಸಿಙಸಂದ್ರ",
                "stop_id": "21181",
                "lat": 12.87886,
                "lon": 77.64651
              },
              {
                "name": "Hosa Road Metro Station",
                "name_kn": "ಹೊಸ ರೊದ್ ಮೆಟ್ರೊ ಸ್ಟಟಿೊಂ",
                "stop_id": "20840",
                "lat": 12.87069,
                "lon": 77.653
              },
              {
                "name": "Beratena Agrahara Metro Station",
                "name_kn": "ಬೆರಟೆನ ಗ್ರಹರ ಮೆಟ್ರೊ ಸ್ಟಟಿೊಂ",
                "stop_id": "39868",
                "lat": 12.86401,
                "lon": 77.65824
              },
              {
                "name": "PESCE College Electronic City",
                "name_kn": "ಪೆಸ್ಕೆ ಕೊಲ್ಲೆಗೆ ೆಲೆಕ್ಟ್ರೊನಿಕ್ ಕಿಟೆ",
                "stop_id": "22380",
                "lat": 12.85881,
                "lon": 77.6624
              },
              {
                "name": "Konappana Agarhara (Electronic City Metro Station)",
                "name_kn": "ಕೊನಪ್ಪನ ಗರ್ಹರ (ೆಲೆಕ್ಟ್ರೊನಿಕ್ ಕಿಟೆ ಮೆಟ್ರೊ ಸ್ಟಟಿೊಂ)",
                "stop_id": "22192",
                "lat": 12.85611,
                "lon": 77.66454
              },
              {
                "name": "Electronic City",
                "name_kn": "ಎಲೆಕ್ಟ್ರೊನಿಕ್ ಕಿಟೆ",
                "stop_id": "21933",
                "lat": 12.84815,
                "lon": 77.67083
              },
              {
                "name": "Veerasandra",
                "name_kn": "ವೀರಸಂದ್ರ",
                "stop_id": "22594",
                "lat": 12.83997,
                "lon": 77.67709
              },
              {
                "name": "Huskur Gate",
                "name_kn": "ಹುಸ್ಕುರ್ ಗಟೆ",
                "stop_id": "23499",
                "lat": 12.83633,
                "lon": 77.67952
              },
              {
                "name": "Singena Agrahara Cross Fruits Market",
                "name_kn": "ಸಿಙೆನ ಗ್ರಹರ ಕ್ರೊಸ್ಸ್ ೞ್ರುಿಟ್ಸ್ ಮರ್ಕೆಟ್",
                "stop_id": "26491",
                "lat": 12.84257,
                "lon": 77.68718
              },
              {
                "name": "Doddamma Temple",
                "name_kn": "ದೊದ್ದಮ್ಮ ಟೆಂಪ್ಲೆ",
                "stop_id": "32544",
                "lat": 12.8472,
                "lon": 77.69068
              },
              {
                "name": "Depot-38 Gate",
                "name_kn": "ದೆಪೊಟ್-38 ಗಟೆ",
                "stop_id": "24866",
                "lat": 12.84901,
                "lon": 77.69247
              },
              {
                "name": "Sumuka Layout",
                "name_kn": "ಸುಮುಕ ಲಯೌಟ್",
                "stop_id": "34730",
                "lat": 12.85483,
                "lon": 77.69997
              },
              {
                "name": "Chikka Nagamangala Gate",
                "name_kn": "ಚಿಕ್ಕ ನಗಮಙಲ ಗಟೆ",
                "stop_id": "24530",
                "lat": 12.85923,
                "lon": 77.70364
              },
              {
                "name": "Huskur",
                "name_kn": "ಹುಸ್ಕುರ್",
                "stop_id": "33014",
                "lat": 12.86147,
                "lon": 77.70524
              }
            ]
          },
          {
            "Route": "360-J",
            "RouteId": 5025,
            "RouteParentId": 2748,
            "Destination": "Handenahalli Attibele",
            "Via": "",
            "Area": "Kempegowda Bus Station",
            "PlatformNumber": "8",
            "KannadaDestination": "ಹಂದೆನಹಲ್ಲಿ ಟಿಬೆಲೆ",
            "KannadaArea": "ಕೆಂಪೇಗೌಡ ಬಸ್ ನಿಲ್ದಾಣ",
            "KannadaVia": "",
            "FromStationId": 21166,
            "Stops": [
              {
                "name": "Shanthinagara Bus Station",
                "name_kn": "ಶಂತಿನಗರ ಬುಸ್ ಸ್ಟಟಿೊಂ",
                "stop_id": "21166",
                "lat": 12.95449,
                "lon": 77.59258
              },
              {
                "name": "Wilson Garden Police Station",
                "name_kn": "ವಿಲ್ಸೊಂ ಗರ್ದೆಂ ಪೊಲಿಕೆ ಸ್ಟಟಿೊಂ",
                "stop_id": "21280",
                "lat": 12.95141,
                "lon": 77.5951
              },
              {
                "name": "Wilson Garden 12th Cross",
                "name_kn": "ವಿಲ್ಸೊಂ ಗರ್ದೆಂ 12ತ್ ಕ್ರೊಸ್ಸ್",
                "stop_id": "20560",
                "lat": 12.94725,
                "lon": 77.59794
              },
              {
                "name": "Lakkasandra",
                "name_kn": "ಲಕ್ಕಸಂದ್ರ",
                "stop_id": "20965",
                "lat": 12.94318,
                "lon": 77.59735
              },
              {
                "name": "Nimhans Hospital",
                "name_kn": "ನಿಂಹಂಸ್ ಹೊಸ್ಪಿಟಲ್",
                "stop_id": "21064",
                "lat": 12.93989,
                "lon": 77.59775
              },
              {
                "name": "Bengaluru Dairy Circle",
                "name_kn": "ಬೆಙಲುರು ದೈರೆ ಕಿರ್ಕ್ಲೆ",
                "stop_id": "20643",
                "lat": 12.9372,
                "lon": 77.60176
              },
              {
                "name": "Muneshwara Devasthana",
                "name_kn": "ಮುನೆಶ್ವರ ದೆವಸ್ತನ",
                "stop_id": "21033",
                "lat": 12.93646,
                "lon": 77.6066
              },
              {
                "name": "Hosur Road Junction",
                "name_kn": "ಹೊಸುರ್ ರೊದ್ ಜುಂಕ್ಟಿೊಂ",
                "stop_id": "20880",
                "lat": 12.93215,
                "lon": 77.61323
              },
              {
                "name": "St Johns Hospital",
                "name_kn": "ಸ್ಟ್ ಜೊಹ್ಂಸ್ ಹೊಸ್ಪಿಟಲ್",
                "stop_id": "21191",
                "lat": 12.92959,
                "lon": 77.61584
              },
              {
                "name": "Koramangala Water Tank",
                "name_kn": "ಕೊರಮಙಲ ವಟೆರ್ ಟಂಕ್",
                "stop_id": "21275",
                "lat": 12.92749,
                "lon": 77.62124
              },
              {
                "name": "Kudure Mukha Colony",
                "name_kn": "ಕುದುರೆ ಮುಖ ಕೊಲೊನೆ",
                "stop_id": "20952",
                "lat": 12.92572,
                "lon": 77.6254
              },
              {
                "name": "Krupanidhi College",
                "name_kn": "ಕ್ರುಪನಿಧಿ ಕೊಲ್ಲೆಗೆ",
                "stop_id": "20947",
                "lat": 12.92388,
                "lon": 77.62852
              },
              {
                "name": "Madivala",
                "name_kn": "ಮದಿವಲ",
                "stop_id": "20973",
                "lat": 12.92166,
                "lon": 77.62146
              },
              {
                "name": "Roopena Agrahara",
                "name_kn": "ರೂಪೆನ ಗ್ರಹರ",
                "stop_id": "21138",
                "lat": 12.91197,
                "lon": 77.62613
              },
              {
                "name": "Bommanahalli",
                "name_kn": "ಬೊಮ್ಮನಹಲ್ಲಿ",
                "stop_id": "20674",
                "lat": 12.90559,
                "lon": 77.63003
              },
              {
                "name": "Hongasandra Metro Station",
                "name_kn": "ಹೊಙಸಂದ್ರ ಮೆಟ್ರೊ ಸ್ಟಟಿೊಂ",
                "stop_id": "39873",
                "lat": 12.9019,
                "lon": 77.63225
              },
              {
                "name": "Garvebhavipalya",
                "name_kn": "ಗರ್ವೆಭವಿಪಲೆ",
                "stop_id": "20783",
                "lat": 12.8964,
                "lon": 77.63566
              },
              {
                "name": "Kudlu Gate",
                "name_kn": "ಕುದ್ಲು ಗಟೆ",
                "stop_id": "20950",
                "lat": 12.88985,
                "lon": 77.63969
              },
              {
                "name": "Singasandra Metro Station",
                "name_kn": "ಸಿಙಸಂದ್ರ ಮೆಟ್ರೊ ಸ್ಟಟಿೊಂ",
                "stop_id": "39871",
                "lat": 12.88106,
                "lon": 77.64508
              },
              {
                "name": "Singasandra",
                "name_kn": "ಸಿಙಸಂದ್ರ",
                "stop_id": "21181",
                "lat": 12.87886,
                "lon": 77.64651
              },
              {
                "name": "Hosa Road Metro Station",
                "name_kn": "ಹೊಸ ರೊದ್ ಮೆಟ್ರೊ ಸ್ಟಟಿೊಂ",
                "stop_id": "20840",
                "lat": 12.87069,
                "lon": 77.653
              },
              {
                "name": "Beratena Agrahara Metro Station",
                "name_kn": "ಬೆರಟೆನ ಗ್ರಹರ ಮೆಟ್ರೊ ಸ್ಟಟಿೊಂ",
                "stop_id": "39868",
                "lat": 12.86401,
                "lon": 77.65824
              },
              {
                "name": "PESCE College Electronic City",
                "name_kn": "ಪೆಸ್ಕೆ ಕೊಲ್ಲೆಗೆ ೆಲೆಕ್ಟ್ರೊನಿಕ್ ಕಿಟೆ",
                "stop_id": "22380",
                "lat": 12.85881,
                "lon": 77.6624
              },
              {
                "name": "Konappana Agarhara (Electronic City Metro Station)",
                "name_kn": "ಕೊನಪ್ಪನ ಗರ್ಹರ (ೆಲೆಕ್ಟ್ರೊನಿಕ್ ಕಿಟೆ ಮೆಟ್ರೊ ಸ್ಟಟಿೊಂ)",
                "stop_id": "22192",
                "lat": 12.85611,
                "lon": 77.66454
              },
              {
                "name": "Electronic City",
                "name_kn": "ಎಲೆಕ್ಟ್ರೊನಿಕ್ ಕಿಟೆ",
                "stop_id": "21933",
                "lat": 12.84815,
                "lon": 77.67083
              },
              {
                "name": "Veerasandra",
                "name_kn": "ವೀರಸಂದ್ರ",
                "stop_id": "22594",
                "lat": 12.83997,
                "lon": 77.67709
              },
              {
                "name": "Huskur Gate",
                "name_kn": "ಹುಸ್ಕುರ್ ಗಟೆ",
                "stop_id": "22063",
                "lat": 12.8361,
                "lon": 77.67942
              },
              {
                "name": "SFS High School Hebbagodi",
                "name_kn": "ಸ್ೞ್ಸ್ ಹಿಘ್ ಸ್ಚೂಲ್ ಹೆಬ್ಬಗೊದಿ",
                "stop_id": "39202",
                "lat": 12.83378,
                "lon": 77.68021
              },
              {
                "name": "Hebbagodi",
                "name_kn": "ಹೆಬ್ಬಗೊದಿ",
                "stop_id": "22017",
                "lat": 12.82752,
                "lon": 77.68224
              },
              {
                "name": "Bommasandra",
                "name_kn": "ಬೊಮ್ಮಸಂದ್ರ",
                "stop_id": "21775",
                "lat": 12.81869,
                "lon": 77.68947
              },
              {
                "name": "BTL College",
                "name_kn": "ಬ್ಟ್ಲ್ ಕೊಲ್ಲೆಗೆ",
                "stop_id": "21786",
                "lat": 12.81185,
                "lon": 77.69485
              },
              {
                "name": "Hennagara Gate",
                "name_kn": "ಹೆಂನಗರ ಗಟೆ",
                "stop_id": "22023",
                "lat": 12.80676,
                "lon": 77.69892
              },
              {
                "name": "Chandapura",
                "name_kn": "ಚಂದಪುರ",
                "stop_id": "21817",
                "lat": 12.80258,
                "lon": 77.70457
              },
              {
                "name": "Hale Chandapura",
                "name_kn": "ಹಲೆ ಚಂದಪುರ",
                "stop_id": "22007",
                "lat": 12.80182,
                "lon": 77.71151
              },
              {
                "name": "Tirumagondanahalli",
                "name_kn": "ಟಿರುಮಗೊಂದನಹಲ್ಲಿ",
                "stop_id": "22560",
                "lat": 12.79407,
                "lon": 77.72165
              },
              {
                "name": "Neraluru Gate",
                "name_kn": "ನೆರಲುರು ಗಟೆ",
                "stop_id": "22354",
                "lat": 12.79229,
                "lon": 77.72844
              },
              {
                "name": "Guddahatti Gate",
                "name_kn": "ಗುದ್ದಹಟಿ ಗಟೆ",
                "stop_id": "21986",
                "lat": 12.78811,
                "lon": 77.73702
              },
              {
                "name": "Guestline Hotel",
                "name_kn": "ಗುೆಸ್ಟ್ಲಿನೆ ಹೊಟೆಲ್",
                "stop_id": "21992",
                "lat": 12.78673,
                "lon": 77.7419
              },
              {
                "name": "Yadavanahalli",
                "name_kn": "ಯದವನಹಲ್ಲಿ",
                "stop_id": "22625",
                "lat": 12.78558,
                "lon": 77.75079
              },
              {
                "name": "Attibele Bus Stand",
                "name_kn": "ಅಟಿಬೆಲೆ ಬುಸ್ ಸ್ಟಂದ್",
                "stop_id": "21672",
                "lat": 12.77954,
                "lon": 77.77046
              },
              {
                "name": "Jigala Cross",
                "name_kn": "ಜಿಗಲ ಕ್ರೊಸ್ಸ್",
                "stop_id": "22106",
                "lat": 12.78208,
                "lon": 77.77188
              },
              {
                "name": "Jigala Colony",
                "name_kn": "ಜಿಗಲ ಕೊಲೊನೆ",
                "stop_id": "26335",
                "lat": 12.79709,
                "lon": 77.76297
              },
              {
                "name": "Jigala",
                "name_kn": "ಜಿಗಲ",
                "stop_id": "33132",
                "lat": 12.79985,
                "lon": 77.76079
              },
              {
                "name": "KHB Surya Nagara",
                "name_kn": "ಖ್ಬ್ ಸುರೆ ನಗರ",
                "stop_id": "33484",
                "lat": 12.80651,
                "lon": 77.76049
              },
              {
                "name": "Adigondanahalli",
                "name_kn": "ಅದಿಗೊಂದನಹಲ್ಲಿ",
                "stop_id": "29446",
                "lat": 12.81457,
                "lon": 77.75116
              },
              {
                "name": "Sollepura",
                "name_kn": "ಸೊಲ್ಲೆಪುರ",
                "stop_id": "26528",
                "lat": 12.83008,
                "lon": 77.75638
              },
              {
                "name": "Handenahalli Attibele",
                "name_kn": "ಹಂದೆನಹಲ್ಲಿ ಟಿಬೆಲೆ",
                "stop_id": "25734",
                "lat": 12.82534,
                "lon": 77.76604
              }
            ]
          },
          {
            "Route": "360-S",
            "RouteId": 5203,
            "RouteParentId": 2842,
            "Destination": "Samanduru",
            "Via": "",
            "Area": "Kempegowda Bus Station",
            "PlatformNumber": "8",
            "KannadaDestination": "ಸಮಂದುರು",
            "KannadaArea": "ಕೆಂಪೇಗೌಡ ಬಸ್ ನಿಲ್ದಾಣ",
            "KannadaVia": "",
            "FromStationId": 21166,
            "Stops": [
              {
                "name": "Shanthinagara Bus Station",
                "name_kn": "ಶಂತಿನಗರ ಬುಸ್ ಸ್ಟಟಿೊಂ",
                "stop_id": "21166",
                "lat": 12.95449,
                "lon": 77.59258
              },
              {
                "name": "Wilson Garden Police Station",
                "name_kn": "ವಿಲ್ಸೊಂ ಗರ್ದೆಂ ಪೊಲಿಕೆ ಸ್ಟಟಿೊಂ",
                "stop_id": "21280",
                "lat": 12.95141,
                "lon": 77.5951
              },
              {
                "name": "Wilson Garden 12th Cross",
                "name_kn": "ವಿಲ್ಸೊಂ ಗರ್ದೆಂ 12ತ್ ಕ್ರೊಸ್ಸ್",
                "stop_id": "20560",
                "lat": 12.94725,
                "lon": 77.59794
              },
              {
                "name": "Lakkasandra",
                "name_kn": "ಲಕ್ಕಸಂದ್ರ",
                "stop_id": "20965",
                "lat": 12.94318,
                "lon": 77.59735
              },
              {
                "name": "Nimhans Hospital",
                "name_kn": "ನಿಂಹಂಸ್ ಹೊಸ್ಪಿಟಲ್",
                "stop_id": "21064",
                "lat": 12.93989,
                "lon": 77.59775
              },
              {
                "name": "Bengaluru Dairy Circle",
                "name_kn": "ಬೆಙಲುರು ದೈರೆ ಕಿರ್ಕ್ಲೆ",
                "stop_id": "20643",
                "lat": 12.9372,
                "lon": 77.60176
              },
              {
                "name": "Muneshwara Devasthana",
                "name_kn": "ಮುನೆಶ್ವರ ದೆವಸ್ತನ",
                "stop_id": "21033",
                "lat": 12.93646,
                "lon": 77.6066
              },
              {
                "name": "Hosur Road Junction",
                "name_kn": "ಹೊಸುರ್ ರೊದ್ ಜುಂಕ್ಟಿೊಂ",
                "stop_id": "20880",
                "lat": 12.93215,
                "lon": 77.61323
              },
              {
                "name": "St Johns Hospital",
                "name_kn": "ಸ್ಟ್ ಜೊಹ್ಂಸ್ ಹೊಸ್ಪಿಟಲ್",
                "stop_id": "21191",
                "lat": 12.92959,
                "lon": 77.61584
              },
              {
                "name": "Koramangala Water Tank",
                "name_kn": "ಕೊರಮಙಲ ವಟೆರ್ ಟಂಕ್",
                "stop_id": "21275",
                "lat": 12.92749,
                "lon": 77.62124
              },
              {
                "name": "Kudure Mukha Colony",
                "name_kn": "ಕುದುರೆ ಮುಖ ಕೊಲೊನೆ",
                "stop_id": "20952",
                "lat": 12.92572,
                "lon": 77.6254
              },
              {
                "name": "Krupanidhi College",
                "name_kn": "ಕ್ರುಪನಿಧಿ ಕೊಲ್ಲೆಗೆ",
                "stop_id": "20947",
                "lat": 12.92388,
                "lon": 77.62852
              },
              {
                "name": "Madivala",
                "name_kn": "ಮದಿವಲ",
                "stop_id": "20973",
                "lat": 12.92166,
                "lon": 77.62146
              },
              {
                "name": "Roopena Agrahara",
                "name_kn": "ರೂಪೆನ ಗ್ರಹರ",
                "stop_id": "21138",
                "lat": 12.91197,
                "lon": 77.62613
              },
              {
                "name": "Bommanahalli",
                "name_kn": "ಬೊಮ್ಮನಹಲ್ಲಿ",
                "stop_id": "20674",
                "lat": 12.90559,
                "lon": 77.63003
              },
              {
                "name": "Hongasandra Metro Station",
                "name_kn": "ಹೊಙಸಂದ್ರ ಮೆಟ್ರೊ ಸ್ಟಟಿೊಂ",
                "stop_id": "39873",
                "lat": 12.9019,
                "lon": 77.63225
              },
              {
                "name": "Garvebhavipalya",
                "name_kn": "ಗರ್ವೆಭವಿಪಲೆ",
                "stop_id": "20783",
                "lat": 12.8964,
                "lon": 77.63566
              },
              {
                "name": "Kudlu Gate",
                "name_kn": "ಕುದ್ಲು ಗಟೆ",
                "stop_id": "20950",
                "lat": 12.88985,
                "lon": 77.63969
              },
              {
                "name": "Singasandra Metro Station",
                "name_kn": "ಸಿಙಸಂದ್ರ ಮೆಟ್ರೊ ಸ್ಟಟಿೊಂ",
                "stop_id": "39871",
                "lat": 12.88106,
                "lon": 77.64508
              },
              {
                "name": "Singasandra",
                "name_kn": "ಸಿಙಸಂದ್ರ",
                "stop_id": "21181",
                "lat": 12.87886,
                "lon": 77.64651
              },
              {
                "name": "Hosa Road Metro Station",
                "name_kn": "ಹೊಸ ರೊದ್ ಮೆಟ್ರೊ ಸ್ಟಟಿೊಂ",
                "stop_id": "20840",
                "lat": 12.87069,
                "lon": 77.653
              },
              {
                "name": "Beratena Agrahara Metro Station",
                "name_kn": "ಬೆರಟೆನ ಗ್ರಹರ ಮೆಟ್ರೊ ಸ್ಟಟಿೊಂ",
                "stop_id": "39868",
                "lat": 12.86401,
                "lon": 77.65824
              },
              {
                "name": "PESCE College Electronic City",
                "name_kn": "ಪೆಸ್ಕೆ ಕೊಲ್ಲೆಗೆ ೆಲೆಕ್ಟ್ರೊನಿಕ್ ಕಿಟೆ",
                "stop_id": "22380",
                "lat": 12.85881,
                "lon": 77.6624
              },
              {
                "name": "Konappana Agarhara (Electronic City Metro Station)",
                "name_kn": "ಕೊನಪ್ಪನ ಗರ್ಹರ (ೆಲೆಕ್ಟ್ರೊನಿಕ್ ಕಿಟೆ ಮೆಟ್ರೊ ಸ್ಟಟಿೊಂ)",
                "stop_id": "22192",
                "lat": 12.85611,
                "lon": 77.66454
              },
              {
                "name": "Electronic City",
                "name_kn": "ಎಲೆಕ್ಟ್ರೊನಿಕ್ ಕಿಟೆ",
                "stop_id": "21933",
                "lat": 12.84815,
                "lon": 77.67083
              },
              {
                "name": "Veerasandra",
                "name_kn": "ವೀರಸಂದ್ರ",
                "stop_id": "22594",
                "lat": 12.83997,
                "lon": 77.67709
              },
              {
                "name": "Huskur Gate",
                "name_kn": "ಹುಸ್ಕುರ್ ಗಟೆ",
                "stop_id": "22063",
                "lat": 12.8361,
                "lon": 77.67942
              },
              {
                "name": "SFS High School Hebbagodi",
                "name_kn": "ಸ್ೞ್ಸ್ ಹಿಘ್ ಸ್ಚೂಲ್ ಹೆಬ್ಬಗೊದಿ",
                "stop_id": "39202",
                "lat": 12.83378,
                "lon": 77.68021
              },
              {
                "name": "Hebbagodi",
                "name_kn": "ಹೆಬ್ಬಗೊದಿ",
                "stop_id": "22017",
                "lat": 12.82752,
                "lon": 77.68224
              },
              {
                "name": "Bommasandra",
                "name_kn": "ಬೊಮ್ಮಸಂದ್ರ",
                "stop_id": "21775",
                "lat": 12.81869,
                "lon": 77.68947
              },
              {
                "name": "BTL College",
                "name_kn": "ಬ್ಟ್ಲ್ ಕೊಲ್ಲೆಗೆ",
                "stop_id": "21786",
                "lat": 12.81185,
                "lon": 77.69485
              },
              {
                "name": "Hennagara Gate",
                "name_kn": "ಹೆಂನಗರ ಗಟೆ",
                "stop_id": "22023",
                "lat": 12.80676,
                "lon": 77.69892
              },
              {
                "name": "Chandapura",
                "name_kn": "ಚಂದಪುರ",
                "stop_id": "21817",
                "lat": 12.80258,
                "lon": 77.70457
              },
              {
                "name": "Hale Chandapura",
                "name_kn": "ಹಲೆ ಚಂದಪುರ",
                "stop_id": "22007",
                "lat": 12.80182,
                "lon": 77.71151
              },
              {
                "name": "Tirumagondanahalli",
                "name_kn": "ಟಿರುಮಗೊಂದನಹಲ್ಲಿ",
                "stop_id": "22560",
                "lat": 12.79407,
                "lon": 77.72165
              },
              {
                "name": "Neraluru Gate",
                "name_kn": "ನೆರಲುರು ಗಟೆ",
                "stop_id": "22354",
                "lat": 12.79229,
                "lon": 77.72844
              },
              {
                "name": "Guddahatti Gate",
                "name_kn": "ಗುದ್ದಹಟಿ ಗಟೆ",
                "stop_id": "21986",
                "lat": 12.78811,
                "lon": 77.73702
              },
              {
                "name": "Guestline Hotel",
                "name_kn": "ಗುೆಸ್ಟ್ಲಿನೆ ಹೊಟೆಲ್",
                "stop_id": "21992",
                "lat": 12.78673,
                "lon": 77.7419
              },
              {
                "name": "Yadavanahalli",
                "name_kn": "ಯದವನಹಲ್ಲಿ",
                "stop_id": "22625",
                "lat": 12.78558,
                "lon": 77.75079
              },
              {
                "name": "Attibele Bus Stand",
                "name_kn": "ಅಟಿಬೆಲೆ ಬುಸ್ ಸ್ಟಂದ್",
                "stop_id": "31853",
                "lat": 12.77796,
                "lon": 77.76989
              },
              {
                "name": "Ramohalli",
                "name_kn": "ರಮೊಹಲ್ಲಿ",
                "stop_id": "34378",
                "lat": 12.77436,
                "lon": 77.77124
              },
              {
                "name": "Anekal Road Junction",
                "name_kn": "ಅನೆಕಲ್ ರೊದ್ ಜುಂಕ್ಟಿೊಂ",
                "stop_id": "30365",
                "lat": 12.76835,
                "lon": 77.77015
              },
              {
                "name": "Arehalli",
                "name_kn": "ಅರೆಹಲ್ಲಿ",
                "stop_id": "23175",
                "lat": 12.76317,
                "lon": 77.76695
              },
              {
                "name": "Bhakthipura Cross",
                "name_kn": "ಭಕ್ತಿಪುರ ಕ್ರೊಸ್ಸ್",
                "stop_id": "29983",
                "lat": 12.75734,
                "lon": 77.76184
              },
              {
                "name": "Harohalli",
                "name_kn": "ಹರೊಹಲ್ಲಿ",
                "stop_id": "32874",
                "lat": 12.75407,
                "lon": 77.75601
              },
              {
                "name": "Mayasandra Gate",
                "name_kn": "ಮಯಸಂದ್ರ ಗಟೆ",
                "stop_id": "33888",
                "lat": 12.75039,
                "lon": 77.74776
              },
              {
                "name": "Halehalli",
                "name_kn": "ಹಲೆಹಲ್ಲಿ",
                "stop_id": "32833",
                "lat": 12.73817,
                "lon": 77.75207
              },
              {
                "name": "Halehalli Cross",
                "name_kn": "ಹಲೆಹಲ್ಲಿ ಕ್ರೊಸ್ಸ್",
                "stop_id": "32834",
                "lat": 12.73095,
                "lon": 77.75625
              },
              {
                "name": "Muneshwara Temple",
                "name_kn": "ಮುನೆಶ್ವರ ಟೆಂಪ್ಲೆ",
                "stop_id": "33977",
                "lat": 12.7245,
                "lon": 77.75701
              },
              {
                "name": "Samanduru",
                "name_kn": "ಸಮಂದುರು",
                "stop_id": "28125",
                "lat": 12.71526,
                "lon": 77.753
              }
            ]
          },
          {
            "Route": "346-C",
            "RouteId": 6492,
            "RouteParentId": 3505,
            "Destination": "Rayasandra Circle",
            "Via": "",
            "Area": "Kempegowda Bus Station",
            "PlatformNumber": "8",
            "KannadaDestination": "ರಯಸಂದ್ರ ಕಿರ್ಕ್ಲೆ",
            "KannadaArea": "ಕೆಂಪೇಗೌಡ ಬಸ್ ನಿಲ್ದಾಣ",
            "KannadaVia": "",
            "FromStationId": 21166,
            "Stops": [
              {
                "name": "Shanthinagara Bus Station",
                "name_kn": "ಶಂತಿನಗರ ಬುಸ್ ಸ್ಟಟಿೊಂ",
                "stop_id": "21166",
                "lat": 12.95449,
                "lon": 77.59258
              },
              {
                "name": "Wilson Garden Police Station",
                "name_kn": "ವಿಲ್ಸೊಂ ಗರ್ದೆಂ ಪೊಲಿಕೆ ಸ್ಟಟಿೊಂ",
                "stop_id": "21280",
                "lat": 12.95141,
                "lon": 77.5951
              },
              {
                "name": "Wilson Garden 12th Cross",
                "name_kn": "ವಿಲ್ಸೊಂ ಗರ್ದೆಂ 12ತ್ ಕ್ರೊಸ್ಸ್",
                "stop_id": "20560",
                "lat": 12.94725,
                "lon": 77.59794
              },
              {
                "name": "Lakkasandra",
                "name_kn": "ಲಕ್ಕಸಂದ್ರ",
                "stop_id": "20965",
                "lat": 12.94318,
                "lon": 77.59735
              },
              {
                "name": "Nimhans Hospital",
                "name_kn": "ನಿಂಹಂಸ್ ಹೊಸ್ಪಿಟಲ್",
                "stop_id": "21064",
                "lat": 12.93989,
                "lon": 77.59775
              },
              {
                "name": "Bengaluru Dairy Circle",
                "name_kn": "ಬೆಙಲುರು ದೈರೆ ಕಿರ್ಕ್ಲೆ",
                "stop_id": "20643",
                "lat": 12.9372,
                "lon": 77.60176
              },
              {
                "name": "Muneshwara Devasthana",
                "name_kn": "ಮುನೆಶ್ವರ ದೆವಸ್ತನ",
                "stop_id": "21033",
                "lat": 12.93646,
                "lon": 77.6066
              },
              {
                "name": "Hosur Road Junction",
                "name_kn": "ಹೊಸುರ್ ರೊದ್ ಜುಂಕ್ಟಿೊಂ",
                "stop_id": "20880",
                "lat": 12.93215,
                "lon": 77.61323
              },
              {
                "name": "St Johns Hospital",
                "name_kn": "ಸ್ಟ್ ಜೊಹ್ಂಸ್ ಹೊಸ್ಪಿಟಲ್",
                "stop_id": "21191",
                "lat": 12.92959,
                "lon": 77.61584
              },
              {
                "name": "Koramangala Water Tank",
                "name_kn": "ಕೊರಮಙಲ ವಟೆರ್ ಟಂಕ್",
                "stop_id": "21275",
                "lat": 12.92749,
                "lon": 77.62124
              },
              {
                "name": "Kudure Mukha Colony",
                "name_kn": "ಕುದುರೆ ಮುಖ ಕೊಲೊನೆ",
                "stop_id": "20952",
                "lat": 12.92572,
                "lon": 77.6254
              },
              {
                "name": "Krupanidhi College",
                "name_kn": "ಕ್ರುಪನಿಧಿ ಕೊಲ್ಲೆಗೆ",
                "stop_id": "20947",
                "lat": 12.92388,
                "lon": 77.62852
              },
              {
                "name": "Madivala",
                "name_kn": "ಮದಿವಲ",
                "stop_id": "20973",
                "lat": 12.92166,
                "lon": 77.62146
              },
              {
                "name": "Roopena Agrahara",
                "name_kn": "ರೂಪೆನ ಗ್ರಹರ",
                "stop_id": "21138",
                "lat": 12.91197,
                "lon": 77.62613
              },
              {
                "name": "Bommanahalli",
                "name_kn": "ಬೊಮ್ಮನಹಲ್ಲಿ",
                "stop_id": "20674",
                "lat": 12.90559,
                "lon": 77.63003
              },
              {
                "name": "Hongasandra Metro Station",
                "name_kn": "ಹೊಙಸಂದ್ರ ಮೆಟ್ರೊ ಸ್ಟಟಿೊಂ",
                "stop_id": "39873",
                "lat": 12.9019,
                "lon": 77.63225
              },
              {
                "name": "Garvebhavipalya",
                "name_kn": "ಗರ್ವೆಭವಿಪಲೆ",
                "stop_id": "20783",
                "lat": 12.8964,
                "lon": 77.63566
              },
              {
                "name": "Kudlu Gate",
                "name_kn": "ಕುದ್ಲು ಗಟೆ",
                "stop_id": "20950",
                "lat": 12.88985,
                "lon": 77.63969
              },
              {
                "name": "Singasandra",
                "name_kn": "ಸಿಙಸಂದ್ರ",
                "stop_id": "21181",
                "lat": 12.87886,
                "lon": 77.64651
              },
              {
                "name": "Hosa Road Metro Station",
                "name_kn": "ಹೊಸ ರೊದ್ ಮೆಟ್ರೊ ಸ್ಟಟಿೊಂ",
                "stop_id": "20840",
                "lat": 12.87069,
                "lon": 77.653
              },
              {
                "name": "New MICO Gate",
                "name_kn": "ನೆವ್ ಮಿಕೊ ಗಟೆ",
                "stop_id": "24175",
                "lat": 12.87041,
                "lon": 77.6583
              },
              {
                "name": "Bengaluru Central Jail",
                "name_kn": "ಬೆಙಲುರು ಕೆಂಟ್ರಲ್ ಜೈಲ್",
                "stop_id": "23376",
                "lat": 12.87374,
                "lon": 77.66629
              },
              {
                "name": "Rayasandra Circle",
                "name_kn": "ರಯಸಂದ್ರ ಕಿರ್ಕ್ಲೆ",
                "stop_id": "35372",
                "lat": 12.8757,
                "lon": 77.67112
              }
            ]
          },
          {
            "Route": "347-C",
            "RouteId": 6577,
            "RouteParentId": 3550,
            "Destination": "Chikka Beguru",
            "Via": "",
            "Area": "Kempegowda Bus Station",
            "PlatformNumber": "8",
            "KannadaDestination": "ಚಿಕ್ಕ ಬೆಗುರು",
            "KannadaArea": "ಕೆಂಪೇಗೌಡ ಬಸ್ ನಿಲ್ದಾಣ",
            "KannadaVia": "",
            "FromStationId": 21166,
            "Stops": [
              {
                "name": "Shanthinagara Bus Station",
                "name_kn": "ಶಂತಿನಗರ ಬುಸ್ ಸ್ಟಟಿೊಂ",
                "stop_id": "21166",
                "lat": 12.95449,
                "lon": 77.59258
              },
              {
                "name": "Wilson Garden Police Station",
                "name_kn": "ವಿಲ್ಸೊಂ ಗರ್ದೆಂ ಪೊಲಿಕೆ ಸ್ಟಟಿೊಂ",
                "stop_id": "21280",
                "lat": 12.95141,
                "lon": 77.5951
              },
              {
                "name": "Wilson Garden 12th Cross",
                "name_kn": "ವಿಲ್ಸೊಂ ಗರ್ದೆಂ 12ತ್ ಕ್ರೊಸ್ಸ್",
                "stop_id": "20560",
                "lat": 12.94725,
                "lon": 77.59794
              },
              {
                "name": "Lakkasandra",
                "name_kn": "ಲಕ್ಕಸಂದ್ರ",
                "stop_id": "20965",
                "lat": 12.94318,
                "lon": 77.59735
              },
              {
                "name": "Nimhans Hospital",
                "name_kn": "ನಿಂಹಂಸ್ ಹೊಸ್ಪಿಟಲ್",
                "stop_id": "21064",
                "lat": 12.93989,
                "lon": 77.59775
              },
              {
                "name": "Bengaluru Dairy Circle",
                "name_kn": "ಬೆಙಲುರು ದೈರೆ ಕಿರ್ಕ್ಲೆ",
                "stop_id": "20643",
                "lat": 12.9372,
                "lon": 77.60176
              },
              {
                "name": "Muneshwara Devasthana",
                "name_kn": "ಮುನೆಶ್ವರ ದೆವಸ್ತನ",
                "stop_id": "21033",
                "lat": 12.93646,
                "lon": 77.6066
              },
              {
                "name": "Hosur Road Junction",
                "name_kn": "ಹೊಸುರ್ ರೊದ್ ಜುಂಕ್ಟಿೊಂ",
                "stop_id": "20880",
                "lat": 12.93215,
                "lon": 77.61323
              },
              {
                "name": "St Johns Hospital",
                "name_kn": "ಸ್ಟ್ ಜೊಹ್ಂಸ್ ಹೊಸ್ಪಿಟಲ್",
                "stop_id": "21191",
                "lat": 12.92959,
                "lon": 77.61584
              },
              {
                "name": "Koramangala Water Tank",
                "name_kn": "ಕೊರಮಙಲ ವಟೆರ್ ಟಂಕ್",
                "stop_id": "21275",
                "lat": 12.92749,
                "lon": 77.62124
              },
              {
                "name": "Kudure Mukha Colony",
                "name_kn": "ಕುದುರೆ ಮುಖ ಕೊಲೊನೆ",
                "stop_id": "20952",
                "lat": 12.92572,
                "lon": 77.6254
              },
              {
                "name": "Krupanidhi College",
                "name_kn": "ಕ್ರುಪನಿಧಿ ಕೊಲ್ಲೆಗೆ",
                "stop_id": "20947",
                "lat": 12.92388,
                "lon": 77.62852
              },
              {
                "name": "Madivala",
                "name_kn": "ಮದಿವಲ",
                "stop_id": "20973",
                "lat": 12.92166,
                "lon": 77.62146
              },
              {
                "name": "Roopena Agrahara",
                "name_kn": "ರೂಪೆನ ಗ್ರಹರ",
                "stop_id": "21138",
                "lat": 12.91197,
                "lon": 77.62613
              },
              {
                "name": "Bommanahalli",
                "name_kn": "ಬೊಮ್ಮನಹಲ್ಲಿ",
                "stop_id": "20674",
                "lat": 12.90559,
                "lon": 77.63003
              },
              {
                "name": "Hongasandra Metro Station",
                "name_kn": "ಹೊಙಸಂದ್ರ ಮೆಟ್ರೊ ಸ್ಟಟಿೊಂ",
                "stop_id": "39873",
                "lat": 12.9019,
                "lon": 77.63225
              },
              {
                "name": "Garvebhavipalya",
                "name_kn": "ಗರ್ವೆಭವಿಪಲೆ",
                "stop_id": "20783",
                "lat": 12.8964,
                "lon": 77.63566
              },
              {
                "name": "Kudlu Gate",
                "name_kn": "ಕುದ್ಲು ಗಟೆ",
                "stop_id": "20950",
                "lat": 12.88985,
                "lon": 77.63969
              },
              {
                "name": "Singasandra Metro Station",
                "name_kn": "ಸಿಙಸಂದ್ರ ಮೆಟ್ರೊ ಸ್ಟಟಿೊಂ",
                "stop_id": "39871",
                "lat": 12.88106,
                "lon": 77.64508
              },
              {
                "name": "Singasandra",
                "name_kn": "ಸಿಙಸಂದ್ರ",
                "stop_id": "21181",
                "lat": 12.87886,
                "lon": 77.64651
              },
              {
                "name": "Hosa Road Metro Station",
                "name_kn": "ಹೊಸ ರೊದ್ ಮೆಟ್ರೊ ಸ್ಟಟಿೊಂ",
                "stop_id": "20840",
                "lat": 12.87069,
                "lon": 77.653
              },
              {
                "name": "Chikka Beguru",
                "name_kn": "ಚಿಕ್ಕ ಬೆಗುರು",
                "stop_id": "32261",
                "lat": 12.87873,
                "lon": 77.63767
              }
            ]
          },
          {
            "Route": "347-H",
            "RouteId": 6612,
            "RouteParentId": 3567,
            "Destination": "Basapura Electronic City",
            "Via": "",
            "Area": "Kempegowda Bus Station",
            "PlatformNumber": "8",
            "KannadaDestination": "ಬಸಪುರ ೆಲೆಕ್ಟ್ರೊನಿಕ್ ಕಿಟೆ",
            "KannadaArea": "ಕೆಂಪೇಗೌಡ ಬಸ್ ನಿಲ್ದಾಣ",
            "KannadaVia": "",
            "FromStationId": 21166,
            "Stops": [
              {
                "name": "Shanthinagara Bus Station",
                "name_kn": "ಶಂತಿನಗರ ಬುಸ್ ಸ್ಟಟಿೊಂ",
                "stop_id": "21166",
                "lat": 12.95449,
                "lon": 77.59258
              },
              {
                "name": "Wilson Garden Police Station",
                "name_kn": "ವಿಲ್ಸೊಂ ಗರ್ದೆಂ ಪೊಲಿಕೆ ಸ್ಟಟಿೊಂ",
                "stop_id": "21280",
                "lat": 12.95141,
                "lon": 77.5951
              },
              {
                "name": "Wilson Garden 12th Cross",
                "name_kn": "ವಿಲ್ಸೊಂ ಗರ್ದೆಂ 12ತ್ ಕ್ರೊಸ್ಸ್",
                "stop_id": "20560",
                "lat": 12.94725,
                "lon": 77.59794
              },
              {
                "name": "Lakkasandra",
                "name_kn": "ಲಕ್ಕಸಂದ್ರ",
                "stop_id": "20965",
                "lat": 12.94318,
                "lon": 77.59735
              },
              {
                "name": "Nimhans Hospital",
                "name_kn": "ನಿಂಹಂಸ್ ಹೊಸ್ಪಿಟಲ್",
                "stop_id": "21064",
                "lat": 12.93989,
                "lon": 77.59775
              },
              {
                "name": "Bengaluru Dairy Circle",
                "name_kn": "ಬೆಙಲುರು ದೈರೆ ಕಿರ್ಕ್ಲೆ",
                "stop_id": "20643",
                "lat": 12.9372,
                "lon": 77.60176
              },
              {
                "name": "Muneshwara Devasthana",
                "name_kn": "ಮುನೆಶ್ವರ ದೆವಸ್ತನ",
                "stop_id": "21033",
                "lat": 12.93646,
                "lon": 77.6066
              },
              {
                "name": "Hosur Road Junction",
                "name_kn": "ಹೊಸುರ್ ರೊದ್ ಜುಂಕ್ಟಿೊಂ",
                "stop_id": "20880",
                "lat": 12.93215,
                "lon": 77.61323
              },
              {
                "name": "St Johns Hospital",
                "name_kn": "ಸ್ಟ್ ಜೊಹ್ಂಸ್ ಹೊಸ್ಪಿಟಲ್",
                "stop_id": "21191",
                "lat": 12.92959,
                "lon": 77.61584
              },
              {
                "name": "Koramangala Water Tank",
                "name_kn": "ಕೊರಮಙಲ ವಟೆರ್ ಟಂಕ್",
                "stop_id": "21275",
                "lat": 12.92749,
                "lon": 77.62124
              },
              {
                "name": "Kudure Mukha Colony",
                "name_kn": "ಕುದುರೆ ಮುಖ ಕೊಲೊನೆ",
                "stop_id": "20952",
                "lat": 12.92572,
                "lon": 77.6254
              },
              {
                "name": "Krupanidhi College",
                "name_kn": "ಕ್ರುಪನಿಧಿ ಕೊಲ್ಲೆಗೆ",
                "stop_id": "20947",
                "lat": 12.92388,
                "lon": 77.62852
              },
              {
                "name": "Madivala",
                "name_kn": "ಮದಿವಲ",
                "stop_id": "20973",
                "lat": 12.92166,
                "lon": 77.62146
              },
              {
                "name": "Roopena Agrahara",
                "name_kn": "ರೂಪೆನ ಗ್ರಹರ",
                "stop_id": "21138",
                "lat": 12.91197,
                "lon": 77.62613
              },
              {
                "name": "Bommanahalli",
                "name_kn": "ಬೊಮ್ಮನಹಲ್ಲಿ",
                "stop_id": "20674",
                "lat": 12.90559,
                "lon": 77.63003
              },
              {
                "name": "Hongasandra Metro Station",
                "name_kn": "ಹೊಙಸಂದ್ರ ಮೆಟ್ರೊ ಸ್ಟಟಿೊಂ",
                "stop_id": "39873",
                "lat": 12.9019,
                "lon": 77.63225
              },
              {
                "name": "Garvebhavipalya",
                "name_kn": "ಗರ್ವೆಭವಿಪಲೆ",
                "stop_id": "20783",
                "lat": 12.8964,
                "lon": 77.63566
              },
              {
                "name": "Kudlu Gate",
                "name_kn": "ಕುದ್ಲು ಗಟೆ",
                "stop_id": "20950",
                "lat": 12.88985,
                "lon": 77.63969
              },
              {
                "name": "Singasandra Metro Station",
                "name_kn": "ಸಿಙಸಂದ್ರ ಮೆಟ್ರೊ ಸ್ಟಟಿೊಂ",
                "stop_id": "39871",
                "lat": 12.88106,
                "lon": 77.64508
              },
              {
                "name": "Singasandra",
                "name_kn": "ಸಿಙಸಂದ್ರ",
                "stop_id": "21181",
                "lat": 12.87886,
                "lon": 77.64651
              },
              {
                "name": "Hosa Road Metro Station",
                "name_kn": "ಹೊಸ ರೊದ್ ಮೆಟ್ರೊ ಸ್ಟಟಿೊಂ",
                "stop_id": "20840",
                "lat": 12.87069,
                "lon": 77.653
              },
              {
                "name": "Basapura Electronic City",
                "name_kn": "ಬಸಪುರ ೆಲೆಕ್ಟ್ರೊನಿಕ್ ಕಿಟೆ",
                "stop_id": "31899",
                "lat": 12.86411,
                "lon": 77.65033
              }
            ]
          },
          {
            "Route": "347-N",
            "RouteId": 6642,
            "RouteParentId": 3582,
            "Destination": "AECS Layout Singasandra",
            "Via": "",
            "Area": "Kempegowda Bus Station",
            "PlatformNumber": "8",
            "KannadaDestination": "ಅೆಕ್ಸ್ ಲಯೌಟ್ ಸಿಙಸಂದ್ರ",
            "KannadaArea": "ಕೆಂಪೇಗೌಡ ಬಸ್ ನಿಲ್ದಾಣ",
            "KannadaVia": "",
            "FromStationId": 21166,
            "Stops": [
              {
                "name": "Shanthinagara Bus Station",
                "name_kn": "ಶಂತಿನಗರ ಬುಸ್ ಸ್ಟಟಿೊಂ",
                "stop_id": "21166",
                "lat": 12.95449,
                "lon": 77.59258
              },
              {
                "name": "Wilson Garden Police Station",
                "name_kn": "ವಿಲ್ಸೊಂ ಗರ್ದೆಂ ಪೊಲಿಕೆ ಸ್ಟಟಿೊಂ",
                "stop_id": "21280",
                "lat": 12.95141,
                "lon": 77.5951
              },
              {
                "name": "Wilson Garden 12th Cross",
                "name_kn": "ವಿಲ್ಸೊಂ ಗರ್ದೆಂ 12ತ್ ಕ್ರೊಸ್ಸ್",
                "stop_id": "20560",
                "lat": 12.94725,
                "lon": 77.59794
              },
              {
                "name": "Lakkasandra",
                "name_kn": "ಲಕ್ಕಸಂದ್ರ",
                "stop_id": "20965",
                "lat": 12.94318,
                "lon": 77.59735
              },
              {
                "name": "Nimhans Hospital",
                "name_kn": "ನಿಂಹಂಸ್ ಹೊಸ್ಪಿಟಲ್",
                "stop_id": "21064",
                "lat": 12.93989,
                "lon": 77.59775
              },
              {
                "name": "Bengaluru Dairy Circle",
                "name_kn": "ಬೆಙಲುರು ದೈರೆ ಕಿರ್ಕ್ಲೆ",
                "stop_id": "20643",
                "lat": 12.9372,
                "lon": 77.60176
              },
              {
                "name": "Muneshwara Devasthana",
                "name_kn": "ಮುನೆಶ್ವರ ದೆವಸ್ತನ",
                "stop_id": "21033",
                "lat": 12.93646,
                "lon": 77.6066
              },
              {
                "name": "Hosur Road Junction",
                "name_kn": "ಹೊಸುರ್ ರೊದ್ ಜುಂಕ್ಟಿೊಂ",
                "stop_id": "20880",
                "lat": 12.93215,
                "lon": 77.61323
              },
              {
                "name": "St Johns Hospital",
                "name_kn": "ಸ್ಟ್ ಜೊಹ್ಂಸ್ ಹೊಸ್ಪಿಟಲ್",
                "stop_id": "21191",
                "lat": 12.92959,
                "lon": 77.61584
              },
              {
                "name": "Koramangala Water Tank",
                "name_kn": "ಕೊರಮಙಲ ವಟೆರ್ ಟಂಕ್",
                "stop_id": "21275",
                "lat": 12.92749,
                "lon": 77.62124
              },
              {
                "name": "Kudure Mukha Colony",
                "name_kn": "ಕುದುರೆ ಮುಖ ಕೊಲೊನೆ",
                "stop_id": "20952",
                "lat": 12.92572,
                "lon": 77.6254
              },
              {
                "name": "Krupanidhi College",
                "name_kn": "ಕ್ರುಪನಿಧಿ ಕೊಲ್ಲೆಗೆ",
                "stop_id": "20947",
                "lat": 12.92388,
                "lon": 77.62852
              },
              {
                "name": "Madivala",
                "name_kn": "ಮದಿವಲ",
                "stop_id": "20973",
                "lat": 12.92166,
                "lon": 77.62146
              },
              {
                "name": "Roopena Agrahara",
                "name_kn": "ರೂಪೆನ ಗ್ರಹರ",
                "stop_id": "21138",
                "lat": 12.91197,
                "lon": 77.62613
              },
              {
                "name": "Bommanahalli",
                "name_kn": "ಬೊಮ್ಮನಹಲ್ಲಿ",
                "stop_id": "20674",
                "lat": 12.90559,
                "lon": 77.63003
              },
              {
                "name": "Hongasandra Metro Station",
                "name_kn": "ಹೊಙಸಂದ್ರ ಮೆಟ್ರೊ ಸ್ಟಟಿೊಂ",
                "stop_id": "39873",
                "lat": 12.9019,
                "lon": 77.63225
              },
              {
                "name": "Garvebhavipalya",
                "name_kn": "ಗರ್ವೆಭವಿಪಲೆ",
                "stop_id": "20783",
                "lat": 12.8964,
                "lon": 77.63566
              },
              {
                "name": "Kudlu Gate",
                "name_kn": "ಕುದ್ಲು ಗಟೆ",
                "stop_id": "20950",
                "lat": 12.88985,
                "lon": 77.63969
              },
              {
                "name": "BTR Garden",
                "name_kn": "ಬ್ಟ್ರ್ ಗರ್ದೆಂ",
                "stop_id": "23327",
                "lat": 12.89033,
                "lon": 77.64645
              },
              {
                "name": "Kudlu Panchayath Office",
                "name_kn": "ಕುದ್ಲು ಪಂಚಯತ್ ೊೞ್ೞಿಕೆ",
                "stop_id": "35381",
                "lat": 12.88973,
                "lon": 77.64895
              },
              {
                "name": "AECS Layout Singasandra",
                "name_kn": "ಅೆಕ್ಸ್ ಲಯೌಟ್ ಸಿಙಸಂದ್ರ",
                "stop_id": "29451",
                "lat": 12.88306,
                "lon": 77.64991
              }
            ]
          },
          {
            "Route": "355-A",
            "RouteId": 9145,
            "RouteParentId": 4903,
            "Destination": "Sriramapura Bommasandra Road",
            "Via": "",
            "Area": "Kempegowda Bus Station",
            "PlatformNumber": "8",
            "KannadaDestination": "ಸ್ರಿರಮಪುರ ಬೊಮ್ಮಸಂದ್ರ ರೊದ್",
            "KannadaArea": "ಕೆಂಪೇಗೌಡ ಬಸ್ ನಿಲ್ದಾಣ",
            "KannadaVia": "",
            "FromStationId": 21166,
            "Stops": [
              {
                "name": "Shanthinagara Bus Station",
                "name_kn": "ಶಂತಿನಗರ ಬುಸ್ ಸ್ಟಟಿೊಂ",
                "stop_id": "21166",
                "lat": 12.95449,
                "lon": 77.59258
              },
              {
                "name": "Wilson Garden Police Station",
                "name_kn": "ವಿಲ್ಸೊಂ ಗರ್ದೆಂ ಪೊಲಿಕೆ ಸ್ಟಟಿೊಂ",
                "stop_id": "21280",
                "lat": 12.95141,
                "lon": 77.5951
              },
              {
                "name": "Wilson Garden 12th Cross",
                "name_kn": "ವಿಲ್ಸೊಂ ಗರ್ದೆಂ 12ತ್ ಕ್ರೊಸ್ಸ್",
                "stop_id": "20560",
                "lat": 12.94725,
                "lon": 77.59794
              },
              {
                "name": "Lakkasandra",
                "name_kn": "ಲಕ್ಕಸಂದ್ರ",
                "stop_id": "20965",
                "lat": 12.94318,
                "lon": 77.59735
              },
              {
                "name": "Nimhans Hospital",
                "name_kn": "ನಿಂಹಂಸ್ ಹೊಸ್ಪಿಟಲ್",
                "stop_id": "21064",
                "lat": 12.93989,
                "lon": 77.59775
              },
              {
                "name": "Bengaluru Dairy Circle",
                "name_kn": "ಬೆಙಲುರು ದೈರೆ ಕಿರ್ಕ್ಲೆ",
                "stop_id": "20643",
                "lat": 12.9372,
                "lon": 77.60176
              },
              {
                "name": "Muneshwara Devasthana",
                "name_kn": "ಮುನೆಶ್ವರ ದೆವಸ್ತನ",
                "stop_id": "21033",
                "lat": 12.93646,
                "lon": 77.6066
              },
              {
                "name": "Hosur Road Junction",
                "name_kn": "ಹೊಸುರ್ ರೊದ್ ಜುಂಕ್ಟಿೊಂ",
                "stop_id": "20880",
                "lat": 12.93215,
                "lon": 77.61323
              },
              {
                "name": "St Johns Hospital",
                "name_kn": "ಸ್ಟ್ ಜೊಹ್ಂಸ್ ಹೊಸ್ಪಿಟಲ್",
                "stop_id": "21191",
                "lat": 12.92959,
                "lon": 77.61584
              },
              {
                "name": "Koramangala Water Tank",
                "name_kn": "ಕೊರಮಙಲ ವಟೆರ್ ಟಂಕ್",
                "stop_id": "21275",
                "lat": 12.92749,
                "lon": 77.62124
              },
              {
                "name": "Kudure Mukha Colony",
                "name_kn": "ಕುದುರೆ ಮುಖ ಕೊಲೊನೆ",
                "stop_id": "20952",
                "lat": 12.92572,
                "lon": 77.6254
              },
              {
                "name": "Krupanidhi College",
                "name_kn": "ಕ್ರುಪನಿಧಿ ಕೊಲ್ಲೆಗೆ",
                "stop_id": "20947",
                "lat": 12.92388,
                "lon": 77.62852
              },
              {
                "name": "Madivala",
                "name_kn": "ಮದಿವಲ",
                "stop_id": "20973",
                "lat": 12.92166,
                "lon": 77.62146
              },
              {
                "name": "Roopena Agrahara",
                "name_kn": "ರೂಪೆನ ಗ್ರಹರ",
                "stop_id": "21138",
                "lat": 12.91197,
                "lon": 77.62613
              },
              {
                "name": "Bommanahalli",
                "name_kn": "ಬೊಮ್ಮನಹಲ್ಲಿ",
                "stop_id": "20674",
                "lat": 12.90559,
                "lon": 77.63003
              },
              {
                "name": "Hongasandra Metro Station",
                "name_kn": "ಹೊಙಸಂದ್ರ ಮೆಟ್ರೊ ಸ್ಟಟಿೊಂ",
                "stop_id": "39873",
                "lat": 12.9019,
                "lon": 77.63225
              },
              {
                "name": "Garvebhavipalya",
                "name_kn": "ಗರ್ವೆಭವಿಪಲೆ",
                "stop_id": "20783",
                "lat": 12.8964,
                "lon": 77.63566
              },
              {
                "name": "Kudlu Gate",
                "name_kn": "ಕುದ್ಲು ಗಟೆ",
                "stop_id": "20950",
                "lat": 12.88985,
                "lon": 77.63969
              },
              {
                "name": "Singasandra Metro Station",
                "name_kn": "ಸಿಙಸಂದ್ರ ಮೆಟ್ರೊ ಸ್ಟಟಿೊಂ",
                "stop_id": "39871",
                "lat": 12.88106,
                "lon": 77.64508
              },
              {
                "name": "Singasandra",
                "name_kn": "ಸಿಙಸಂದ್ರ",
                "stop_id": "21181",
                "lat": 12.87886,
                "lon": 77.64651
              },
              {
                "name": "Hosa Road Metro Station",
                "name_kn": "ಹೊಸ ರೊದ್ ಮೆಟ್ರೊ ಸ್ಟಟಿೊಂ",
                "stop_id": "20840",
                "lat": 12.87069,
                "lon": 77.653
              },
              {
                "name": "Beratena Agrahara Metro Station",
                "name_kn": "ಬೆರಟೆನ ಗ್ರಹರ ಮೆಟ್ರೊ ಸ್ಟಟಿೊಂ",
                "stop_id": "39868",
                "lat": 12.86401,
                "lon": 77.65824
              },
              {
                "name": "PESCE College Electronic City",
                "name_kn": "ಪೆಸ್ಕೆ ಕೊಲ್ಲೆಗೆ ೆಲೆಕ್ಟ್ರೊನಿಕ್ ಕಿಟೆ",
                "stop_id": "22380",
                "lat": 12.85881,
                "lon": 77.6624
              },
              {
                "name": "Konappana Agarhara (Electronic City Metro Station)",
                "name_kn": "ಕೊನಪ್ಪನ ಗರ್ಹರ (ೆಲೆಕ್ಟ್ರೊನಿಕ್ ಕಿಟೆ ಮೆಟ್ರೊ ಸ್ಟಟಿೊಂ)",
                "stop_id": "22192",
                "lat": 12.85611,
                "lon": 77.66454
              },
              {
                "name": "Electronic City",
                "name_kn": "ಎಲೆಕ್ಟ್ರೊನಿಕ್ ಕಿಟೆ",
                "stop_id": "21933",
                "lat": 12.84815,
                "lon": 77.67083
              },
              {
                "name": "Veerasandra",
                "name_kn": "ವೀರಸಂದ್ರ",
                "stop_id": "22594",
                "lat": 12.83997,
                "lon": 77.67709
              },
              {
                "name": "Huskur Gate",
                "name_kn": "ಹುಸ್ಕುರ್ ಗಟೆ",
                "stop_id": "22063",
                "lat": 12.8361,
                "lon": 77.67942
              },
              {
                "name": "SFS High School Hebbagodi",
                "name_kn": "ಸ್ೞ್ಸ್ ಹಿಘ್ ಸ್ಚೂಲ್ ಹೆಬ್ಬಗೊದಿ",
                "stop_id": "39202",
                "lat": 12.83378,
                "lon": 77.68021
              },
              {
                "name": "Hebbagodi",
                "name_kn": "ಹೆಬ್ಬಗೊದಿ",
                "stop_id": "22017",
                "lat": 12.82752,
                "lon": 77.68224
              },
              {
                "name": "Bommasandra",
                "name_kn": "ಬೊಮ್ಮಸಂದ್ರ",
                "stop_id": "23891",
                "lat": 12.81857,
                "lon": 77.68864
              },
              {
                "name": "Kottanayakana halli",
                "name_kn": "ಕೊಟನಯಕನ ಹಲ್ಲಿ",
                "stop_id": "31251",
                "lat": 12.81302,
                "lon": 77.68262
              },
              {
                "name": "Industrial Area Water Tank Bommasandra",
                "name_kn": "ಇಂದುಸ್ಟ್ರಿಲ್ ರೆ ವಟೆರ್ ಟಂಕ್ ಬೊಮ್ಮಸಂದ್ರ",
                "stop_id": "23876",
                "lat": 12.81695,
                "lon": 77.67627
              },
              {
                "name": "Aravinda Limited",
                "name_kn": "ಅರವಿಂದ ಲಿಮಿಟೆದ್",
                "stop_id": "23166",
                "lat": 12.81475,
                "lon": 77.67016
              },
              {
                "name": "Rupesh Hotel",
                "name_kn": "ರುಪೆಶ್ ಹೊಟೆಲ್",
                "stop_id": "23877",
                "lat": 12.81165,
                "lon": 77.66601
              },
              {
                "name": "Biocon Jigani Road",
                "name_kn": "ಬಿೊಕೊಂ ಜಿಗನಿ ರೊದ್",
                "stop_id": "23878",
                "lat": 12.80807,
                "lon": 77.66389
              },
              {
                "name": "Yarandahalli",
                "name_kn": "ಯರಂದಹಲ್ಲಿ",
                "stop_id": "35075",
                "lat": 12.80472,
                "lon": 77.66291
              },
              {
                "name": "Sriramapura Bommasandra Road",
                "name_kn": "ಸ್ರಿರಮಪುರ ಬೊಮ್ಮಸಂದ್ರ ರೊದ್",
                "stop_id": "34697",
                "lat": 12.80231,
                "lon": 77.66218
              }
            ]
          },
          {
            "Route": "354-C",
            "RouteId": 9147,
            "RouteParentId": 4904,
            "Destination": "Marsuru",
            "Via": "",
            "Area": "Kempegowda Bus Station",
            "PlatformNumber": "8",
            "KannadaDestination": "ಮರ್ಸುರು",
            "KannadaArea": "ಕೆಂಪೇಗೌಡ ಬಸ್ ನಿಲ್ದಾಣ",
            "KannadaVia": "",
            "FromStationId": 21166,
            "Stops": [
              {
                "name": "Shanthinagara Bus Station",
                "name_kn": "ಶಂತಿನಗರ ಬುಸ್ ಸ್ಟಟಿೊಂ",
                "stop_id": "21166",
                "lat": 12.95449,
                "lon": 77.59258
              },
              {
                "name": "Wilson Garden Police Station",
                "name_kn": "ವಿಲ್ಸೊಂ ಗರ್ದೆಂ ಪೊಲಿಕೆ ಸ್ಟಟಿೊಂ",
                "stop_id": "21280",
                "lat": 12.95141,
                "lon": 77.5951
              },
              {
                "name": "Wilson Garden 12th Cross",
                "name_kn": "ವಿಲ್ಸೊಂ ಗರ್ದೆಂ 12ತ್ ಕ್ರೊಸ್ಸ್",
                "stop_id": "20560",
                "lat": 12.94725,
                "lon": 77.59794
              },
              {
                "name": "Lakkasandra",
                "name_kn": "ಲಕ್ಕಸಂದ್ರ",
                "stop_id": "20965",
                "lat": 12.94318,
                "lon": 77.59735
              },
              {
                "name": "Nimhans Hospital",
                "name_kn": "ನಿಂಹಂಸ್ ಹೊಸ್ಪಿಟಲ್",
                "stop_id": "21064",
                "lat": 12.93989,
                "lon": 77.59775
              },
              {
                "name": "Bengaluru Dairy Circle",
                "name_kn": "ಬೆಙಲುರು ದೈರೆ ಕಿರ್ಕ್ಲೆ",
                "stop_id": "20643",
                "lat": 12.9372,
                "lon": 77.60176
              },
              {
                "name": "Muneshwara Devasthana",
                "name_kn": "ಮುನೆಶ್ವರ ದೆವಸ್ತನ",
                "stop_id": "21033",
                "lat": 12.93646,
                "lon": 77.6066
              },
              {
                "name": "Hosur Road Junction",
                "name_kn": "ಹೊಸುರ್ ರೊದ್ ಜುಂಕ್ಟಿೊಂ",
                "stop_id": "20880",
                "lat": 12.93215,
                "lon": 77.61323
              },
              {
                "name": "St Johns Hospital",
                "name_kn": "ಸ್ಟ್ ಜೊಹ್ಂಸ್ ಹೊಸ್ಪಿಟಲ್",
                "stop_id": "21191",
                "lat": 12.92959,
                "lon": 77.61584
              },
              {
                "name": "Koramangala Water Tank",
                "name_kn": "ಕೊರಮಙಲ ವಟೆರ್ ಟಂಕ್",
                "stop_id": "21275",
                "lat": 12.92749,
                "lon": 77.62124
              },
              {
                "name": "Kudure Mukha Colony",
                "name_kn": "ಕುದುರೆ ಮುಖ ಕೊಲೊನೆ",
                "stop_id": "20952",
                "lat": 12.92572,
                "lon": 77.6254
              },
              {
                "name": "Krupanidhi College",
                "name_kn": "ಕ್ರುಪನಿಧಿ ಕೊಲ್ಲೆಗೆ",
                "stop_id": "20947",
                "lat": 12.92388,
                "lon": 77.62852
              },
              {
                "name": "Madivala",
                "name_kn": "ಮದಿವಲ",
                "stop_id": "20973",
                "lat": 12.92166,
                "lon": 77.62146
              },
              {
                "name": "Roopena Agrahara",
                "name_kn": "ರೂಪೆನ ಗ್ರಹರ",
                "stop_id": "21138",
                "lat": 12.91197,
                "lon": 77.62613
              },
              {
                "name": "Bommanahalli",
                "name_kn": "ಬೊಮ್ಮನಹಲ್ಲಿ",
                "stop_id": "20674",
                "lat": 12.90559,
                "lon": 77.63003
              },
              {
                "name": "Hongasandra Metro Station",
                "name_kn": "ಹೊಙಸಂದ್ರ ಮೆಟ್ರೊ ಸ್ಟಟಿೊಂ",
                "stop_id": "39873",
                "lat": 12.9019,
                "lon": 77.63225
              },
              {
                "name": "Garvebhavipalya",
                "name_kn": "ಗರ್ವೆಭವಿಪಲೆ",
                "stop_id": "20783",
                "lat": 12.8964,
                "lon": 77.63566
              },
              {
                "name": "Kudlu Gate",
                "name_kn": "ಕುದ್ಲು ಗಟೆ",
                "stop_id": "20950",
                "lat": 12.88985,
                "lon": 77.63969
              },
              {
                "name": "Singasandra Metro Station",
                "name_kn": "ಸಿಙಸಂದ್ರ ಮೆಟ್ರೊ ಸ್ಟಟಿೊಂ",
                "stop_id": "39871",
                "lat": 12.88106,
                "lon": 77.64508
              },
              {
                "name": "Singasandra",
                "name_kn": "ಸಿಙಸಂದ್ರ",
                "stop_id": "21181",
                "lat": 12.87886,
                "lon": 77.64651
              },
              {
                "name": "Hosa Road Metro Station",
                "name_kn": "ಹೊಸ ರೊದ್ ಮೆಟ್ರೊ ಸ್ಟಟಿೊಂ",
                "stop_id": "20840",
                "lat": 12.87069,
                "lon": 77.653
              },
              {
                "name": "Beratena Agrahara Metro Station",
                "name_kn": "ಬೆರಟೆನ ಗ್ರಹರ ಮೆಟ್ರೊ ಸ್ಟಟಿೊಂ",
                "stop_id": "39868",
                "lat": 12.86401,
                "lon": 77.65824
              },
              {
                "name": "PESCE College Electronic City",
                "name_kn": "ಪೆಸ್ಕೆ ಕೊಲ್ಲೆಗೆ ೆಲೆಕ್ಟ್ರೊನಿಕ್ ಕಿಟೆ",
                "stop_id": "22380",
                "lat": 12.85881,
                "lon": 77.6624
              },
              {
                "name": "Konappana Agarhara (Electronic City Metro Station)",
                "name_kn": "ಕೊನಪ್ಪನ ಗರ್ಹರ (ೆಲೆಕ್ಟ್ರೊನಿಕ್ ಕಿಟೆ ಮೆಟ್ರೊ ಸ್ಟಟಿೊಂ)",
                "stop_id": "22192",
                "lat": 12.85611,
                "lon": 77.66454
              },
              {
                "name": "Electronic City",
                "name_kn": "ಎಲೆಕ್ಟ್ರೊನಿಕ್ ಕಿಟೆ",
                "stop_id": "21933",
                "lat": 12.84815,
                "lon": 77.67083
              },
              {
                "name": "Veerasandra",
                "name_kn": "ವೀರಸಂದ್ರ",
                "stop_id": "22594",
                "lat": 12.83997,
                "lon": 77.67709
              },
              {
                "name": "Huskur Gate",
                "name_kn": "ಹುಸ್ಕುರ್ ಗಟೆ",
                "stop_id": "22063",
                "lat": 12.8361,
                "lon": 77.67942
              },
              {
                "name": "SFS High School Hebbagodi",
                "name_kn": "ಸ್ೞ್ಸ್ ಹಿಘ್ ಸ್ಚೂಲ್ ಹೆಬ್ಬಗೊದಿ",
                "stop_id": "39202",
                "lat": 12.83378,
                "lon": 77.68021
              },
              {
                "name": "Hebbagodi",
                "name_kn": "ಹೆಬ್ಬಗೊದಿ",
                "stop_id": "22017",
                "lat": 12.82752,
                "lon": 77.68224
              },
              {
                "name": "Bommasandra",
                "name_kn": "ಬೊಮ್ಮಸಂದ್ರ",
                "stop_id": "21775",
                "lat": 12.81869,
                "lon": 77.68947
              },
              {
                "name": "BTL College",
                "name_kn": "ಬ್ಟ್ಲ್ ಕೊಲ್ಲೆಗೆ",
                "stop_id": "21786",
                "lat": 12.81185,
                "lon": 77.69485
              },
              {
                "name": "Hennagara Gate",
                "name_kn": "ಹೆಂನಗರ ಗಟೆ",
                "stop_id": "22023",
                "lat": 12.80676,
                "lon": 77.69892
              },
              {
                "name": "Chandapura",
                "name_kn": "ಚಂದಪುರ",
                "stop_id": "35916",
                "lat": 12.80181,
                "lon": 77.70512
              },
              {
                "name": "Chandapura KEB",
                "name_kn": "ಚಂದಪುರ ಕೆಬ್",
                "stop_id": "23834",
                "lat": 12.79874,
                "lon": 77.70603
              },
              {
                "name": "Suryacity Gate",
                "name_kn": "ಸುರೆಕಿಟೆ ಗಟೆ",
                "stop_id": "35227",
                "lat": 12.79265,
                "lon": 77.70614
              },
              {
                "name": "Surya Nagara",
                "name_kn": "ಸುರೆ ನಗರ",
                "stop_id": "23833",
                "lat": 12.79081,
                "lon": 77.70578
              },
              {
                "name": "Iggluru",
                "name_kn": "ಇಗ್ಗ್ಲುರು",
                "stop_id": "23835",
                "lat": 12.78647,
                "lon": 77.70328
              },
              {
                "name": "Ramakrishnapura Gate",
                "name_kn": "ರಮಕ್ರಿಶ್ನಪುರ ಗಟೆ",
                "stop_id": "35163",
                "lat": 12.77904,
                "lon": 77.70215
              },
              {
                "name": "Marasur Gate",
                "name_kn": "ಮರಸುರ್ ಗಟೆ",
                "stop_id": "23837",
                "lat": 12.76983,
                "lon": 77.70145
              },
              {
                "name": "Marsuru",
                "name_kn": "ಮರ್ಸುರು",
                "stop_id": "33853",
                "lat": 12.76198,
                "lon": 77.71383
              }
            ]
          },
          {
            "Route": "352-A",
            "RouteId": 9199,
            "RouteParentId": 4931,
            "Destination": "Hennagara",
            "Via": "",
            "Area": "Kempegowda Bus Station",
            "PlatformNumber": "8",
            "KannadaDestination": "ಹೆಂನಗರ",
            "KannadaArea": "ಕೆಂಪೇಗೌಡ ಬಸ್ ನಿಲ್ದಾಣ",
            "KannadaVia": "",
            "FromStationId": 21166,
            "Stops": [
              {
                "name": "Shanthinagara Bus Station",
                "name_kn": "ಶಂತಿನಗರ ಬುಸ್ ಸ್ಟಟಿೊಂ",
                "stop_id": "21166",
                "lat": 12.95449,
                "lon": 77.59258
              },
              {
                "name": "Wilson Garden Police Station",
                "name_kn": "ವಿಲ್ಸೊಂ ಗರ್ದೆಂ ಪೊಲಿಕೆ ಸ್ಟಟಿೊಂ",
                "stop_id": "21280",
                "lat": 12.95141,
                "lon": 77.5951
              },
              {
                "name": "Wilson Garden 12th Cross",
                "name_kn": "ವಿಲ್ಸೊಂ ಗರ್ದೆಂ 12ತ್ ಕ್ರೊಸ್ಸ್",
                "stop_id": "20560",
                "lat": 12.94725,
                "lon": 77.59794
              },
              {
                "name": "Lakkasandra",
                "name_kn": "ಲಕ್ಕಸಂದ್ರ",
                "stop_id": "20965",
                "lat": 12.94318,
                "lon": 77.59735
              },
              {
                "name": "Nimhans Hospital",
                "name_kn": "ನಿಂಹಂಸ್ ಹೊಸ್ಪಿಟಲ್",
                "stop_id": "21064",
                "lat": 12.93989,
                "lon": 77.59775
              },
              {
                "name": "Bengaluru Dairy Circle",
                "name_kn": "ಬೆಙಲುರು ದೈರೆ ಕಿರ್ಕ್ಲೆ",
                "stop_id": "20643",
                "lat": 12.9372,
                "lon": 77.60176
              },
              {
                "name": "Muneshwara Devasthana",
                "name_kn": "ಮುನೆಶ್ವರ ದೆವಸ್ತನ",
                "stop_id": "21033",
                "lat": 12.93646,
                "lon": 77.6066
              },
              {
                "name": "Hosur Road Junction",
                "name_kn": "ಹೊಸುರ್ ರೊದ್ ಜುಂಕ್ಟಿೊಂ",
                "stop_id": "20880",
                "lat": 12.93215,
                "lon": 77.61323
              },
              {
                "name": "St Johns Hospital",
                "name_kn": "ಸ್ಟ್ ಜೊಹ್ಂಸ್ ಹೊಸ್ಪಿಟಲ್",
                "stop_id": "21191",
                "lat": 12.92959,
                "lon": 77.61584
              },
              {
                "name": "Koramangala Water Tank",
                "name_kn": "ಕೊರಮಙಲ ವಟೆರ್ ಟಂಕ್",
                "stop_id": "21275",
                "lat": 12.92749,
                "lon": 77.62124
              },
              {
                "name": "Kudure Mukha Colony",
                "name_kn": "ಕುದುರೆ ಮುಖ ಕೊಲೊನೆ",
                "stop_id": "20952",
                "lat": 12.92572,
                "lon": 77.6254
              },
              {
                "name": "Krupanidhi College",
                "name_kn": "ಕ್ರುಪನಿಧಿ ಕೊಲ್ಲೆಗೆ",
                "stop_id": "20947",
                "lat": 12.92388,
                "lon": 77.62852
              },
              {
                "name": "Madivala",
                "name_kn": "ಮದಿವಲ",
                "stop_id": "20973",
                "lat": 12.92166,
                "lon": 77.62146
              },
              {
                "name": "Roopena Agrahara",
                "name_kn": "ರೂಪೆನ ಗ್ರಹರ",
                "stop_id": "21138",
                "lat": 12.91197,
                "lon": 77.62613
              },
              {
                "name": "Bommanahalli",
                "name_kn": "ಬೊಮ್ಮನಹಲ್ಲಿ",
                "stop_id": "20674",
                "lat": 12.90559,
                "lon": 77.63003
              },
              {
                "name": "Hongasandra Metro Station",
                "name_kn": "ಹೊಙಸಂದ್ರ ಮೆಟ್ರೊ ಸ್ಟಟಿೊಂ",
                "stop_id": "39873",
                "lat": 12.9019,
                "lon": 77.63225
              },
              {
                "name": "Garvebhavipalya",
                "name_kn": "ಗರ್ವೆಭವಿಪಲೆ",
                "stop_id": "20783",
                "lat": 12.8964,
                "lon": 77.63566
              },
              {
                "name": "Kudlu Gate",
                "name_kn": "ಕುದ್ಲು ಗಟೆ",
                "stop_id": "20950",
                "lat": 12.88985,
                "lon": 77.63969
              },
              {
                "name": "Singasandra Metro Station",
                "name_kn": "ಸಿಙಸಂದ್ರ ಮೆಟ್ರೊ ಸ್ಟಟಿೊಂ",
                "stop_id": "39871",
                "lat": 12.88106,
                "lon": 77.64508
              },
              {
                "name": "Singasandra",
                "name_kn": "ಸಿಙಸಂದ್ರ",
                "stop_id": "21181",
                "lat": 12.87886,
                "lon": 77.64651
              },
              {
                "name": "Hosa Road Metro Station",
                "name_kn": "ಹೊಸ ರೊದ್ ಮೆಟ್ರೊ ಸ್ಟಟಿೊಂ",
                "stop_id": "20840",
                "lat": 12.87069,
                "lon": 77.653
              },
              {
                "name": "Beratena Agrahara Metro Station",
                "name_kn": "ಬೆರಟೆನ ಗ್ರಹರ ಮೆಟ್ರೊ ಸ್ಟಟಿೊಂ",
                "stop_id": "39868",
                "lat": 12.86401,
                "lon": 77.65824
              },
              {
                "name": "PESCE College Electronic City",
                "name_kn": "ಪೆಸ್ಕೆ ಕೊಲ್ಲೆಗೆ ೆಲೆಕ್ಟ್ರೊನಿಕ್ ಕಿಟೆ",
                "stop_id": "22380",
                "lat": 12.85881,
                "lon": 77.6624
              },
              {
                "name": "Konappana Agarhara (Electronic City Metro Station)",
                "name_kn": "ಕೊನಪ್ಪನ ಗರ್ಹರ (ೆಲೆಕ್ಟ್ರೊನಿಕ್ ಕಿಟೆ ಮೆಟ್ರೊ ಸ್ಟಟಿೊಂ)",
                "stop_id": "22192",
                "lat": 12.85611,
                "lon": 77.66454
              },
              {
                "name": "Electronic City",
                "name_kn": "ಎಲೆಕ್ಟ್ರೊನಿಕ್ ಕಿಟೆ",
                "stop_id": "21933",
                "lat": 12.84815,
                "lon": 77.67083
              },
              {
                "name": "Veerasandra",
                "name_kn": "ವೀರಸಂದ್ರ",
                "stop_id": "22594",
                "lat": 12.83997,
                "lon": 77.67709
              },
              {
                "name": "Huskur Gate",
                "name_kn": "ಹುಸ್ಕುರ್ ಗಟೆ",
                "stop_id": "22063",
                "lat": 12.8361,
                "lon": 77.67942
              },
              {
                "name": "SFS High School Hebbagodi",
                "name_kn": "ಸ್ೞ್ಸ್ ಹಿಘ್ ಸ್ಚೂಲ್ ಹೆಬ್ಬಗೊದಿ",
                "stop_id": "39202",
                "lat": 12.83378,
                "lon": 77.68021
              },
              {
                "name": "Hebbagodi",
                "name_kn": "ಹೆಬ್ಬಗೊದಿ",
                "stop_id": "22017",
                "lat": 12.82752,
                "lon": 77.68224
              },
              {
                "name": "Bommasandra",
                "name_kn": "ಬೊಮ್ಮಸಂದ್ರ",
                "stop_id": "21775",
                "lat": 12.81869,
                "lon": 77.68947
              },
              {
                "name": "BTL College",
                "name_kn": "ಬ್ಟ್ಲ್ ಕೊಲ್ಲೆಗೆ",
                "stop_id": "21786",
                "lat": 12.81185,
                "lon": 77.69485
              },
              {
                "name": "Hennagara Gate",
                "name_kn": "ಹೆಂನಗರ ಗಟೆ",
                "stop_id": "22023",
                "lat": 12.80676,
                "lon": 77.69892
              },
              {
                "name": "Chandapura",
                "name_kn": "ಚಂದಪುರ",
                "stop_id": "21817",
                "lat": 12.80258,
                "lon": 77.70457
              },
              {
                "name": "Hennagara Gate",
                "name_kn": "ಹೆಂನಗರ ಗಟೆ",
                "stop_id": "22024",
                "lat": 12.80586,
                "lon": 77.69939
              },
              {
                "name": "Kittaganahalli Government School",
                "name_kn": "ಕಿಟಗನಹಲ್ಲಿ ಗೊವೆರ್ಂಮೆಂಟ್ ಸ್ಚೂಲ್",
                "stop_id": "39808",
                "lat": 12.80282,
                "lon": 77.69632
              },
              {
                "name": "Kittaganahalli Aswathakatte",
                "name_kn": "ಕಿಟಗನಹಲ್ಲಿ ಸ್ವತಕಟೆ",
                "stop_id": "39810",
                "lat": 12.80216,
                "lon": 77.69432
              },
              {
                "name": "Kithiganahalli",
                "name_kn": "ಕಿತಿಗನಹಲ್ಲಿ",
                "stop_id": "31094",
                "lat": 12.80074,
                "lon": 77.68961
              },
              {
                "name": "Kachanayakanahalli",
                "name_kn": "ಕಚನಯಕನಹಲ್ಲಿ",
                "stop_id": "30530",
                "lat": 12.79846,
                "lon": 77.68552
              },
              {
                "name": "Malgudi Layout",
                "name_kn": "ಮಲ್ಗುದಿ ಲಯೌಟ್",
                "stop_id": "39813",
                "lat": 12.79518,
                "lon": 77.6809
              },
              {
                "name": "Hosahalli",
                "name_kn": "ಹೊಸಹಲ್ಲಿ",
                "stop_id": "32953",
                "lat": 12.79294,
                "lon": 77.67845
              },
              {
                "name": "Carmel School",
                "name_kn": "ಕರ್ಮೆಲ್ ಸ್ಚೂಲ್",
                "stop_id": "39815",
                "lat": 12.79044,
                "lon": 77.67633
              },
              {
                "name": "Hennagara",
                "name_kn": "ಹೆಂನಗರ",
                "stop_id": "32910",
                "lat": 12.78849,
                "lon": 77.67367
              }
            ]
          },
          {
            "Route": "353-C",
            "RouteId": 9215,
            "RouteParentId": 4938,
            "Destination": "Jigani Bus Stand",
            "Via": "",
            "Area": "Kempegowda Bus Station",
            "PlatformNumber": "8",
            "KannadaDestination": "ಜಿಗನಿ ಬುಸ್ ಸ್ಟಂದ್",
            "KannadaArea": "ಕೆಂಪೇಗೌಡ ಬಸ್ ನಿಲ್ದಾಣ",
            "KannadaVia": "",
            "FromStationId": 21166,
            "Stops": [
              {
                "name": "Shanthinagara Bus Station",
                "name_kn": "ಶಂತಿನಗರ ಬುಸ್ ಸ್ಟಟಿೊಂ",
                "stop_id": "21166",
                "lat": 12.95449,
                "lon": 77.59258
              },
              {
                "name": "Wilson Garden Police Station",
                "name_kn": "ವಿಲ್ಸೊಂ ಗರ್ದೆಂ ಪೊಲಿಕೆ ಸ್ಟಟಿೊಂ",
                "stop_id": "21280",
                "lat": 12.95141,
                "lon": 77.5951
              },
              {
                "name": "Wilson Garden 12th Cross",
                "name_kn": "ವಿಲ್ಸೊಂ ಗರ್ದೆಂ 12ತ್ ಕ್ರೊಸ್ಸ್",
                "stop_id": "20560",
                "lat": 12.94725,
                "lon": 77.59794
              },
              {
                "name": "Lakkasandra",
                "name_kn": "ಲಕ್ಕಸಂದ್ರ",
                "stop_id": "20965",
                "lat": 12.94318,
                "lon": 77.59735
              },
              {
                "name": "Nimhans Hospital",
                "name_kn": "ನಿಂಹಂಸ್ ಹೊಸ್ಪಿಟಲ್",
                "stop_id": "21064",
                "lat": 12.93989,
                "lon": 77.59775
              },
              {
                "name": "Bengaluru Dairy Circle",
                "name_kn": "ಬೆಙಲುರು ದೈರೆ ಕಿರ್ಕ್ಲೆ",
                "stop_id": "20643",
                "lat": 12.9372,
                "lon": 77.60176
              },
              {
                "name": "Muneshwara Devasthana",
                "name_kn": "ಮುನೆಶ್ವರ ದೆವಸ್ತನ",
                "stop_id": "21033",
                "lat": 12.93646,
                "lon": 77.6066
              },
              {
                "name": "Hosur Road Junction",
                "name_kn": "ಹೊಸುರ್ ರೊದ್ ಜುಂಕ್ಟಿೊಂ",
                "stop_id": "20880",
                "lat": 12.93215,
                "lon": 77.61323
              },
              {
                "name": "St Johns Hospital",
                "name_kn": "ಸ್ಟ್ ಜೊಹ್ಂಸ್ ಹೊಸ್ಪಿಟಲ್",
                "stop_id": "21191",
                "lat": 12.92959,
                "lon": 77.61584
              },
              {
                "name": "Koramangala Water Tank",
                "name_kn": "ಕೊರಮಙಲ ವಟೆರ್ ಟಂಕ್",
                "stop_id": "21275",
                "lat": 12.92749,
                "lon": 77.62124
              },
              {
                "name": "Kudure Mukha Colony",
                "name_kn": "ಕುದುರೆ ಮುಖ ಕೊಲೊನೆ",
                "stop_id": "20952",
                "lat": 12.92572,
                "lon": 77.6254
              },
              {
                "name": "Krupanidhi College",
                "name_kn": "ಕ್ರುಪನಿಧಿ ಕೊಲ್ಲೆಗೆ",
                "stop_id": "20947",
                "lat": 12.92388,
                "lon": 77.62852
              },
              {
                "name": "Madivala",
                "name_kn": "ಮದಿವಲ",
                "stop_id": "20973",
                "lat": 12.92166,
                "lon": 77.62146
              },
              {
                "name": "Roopena Agrahara",
                "name_kn": "ರೂಪೆನ ಗ್ರಹರ",
                "stop_id": "21138",
                "lat": 12.91197,
                "lon": 77.62613
              },
              {
                "name": "Bommanahalli",
                "name_kn": "ಬೊಮ್ಮನಹಲ್ಲಿ",
                "stop_id": "20674",
                "lat": 12.90559,
                "lon": 77.63003
              },
              {
                "name": "Hongasandra Metro Station",
                "name_kn": "ಹೊಙಸಂದ್ರ ಮೆಟ್ರೊ ಸ್ಟಟಿೊಂ",
                "stop_id": "39873",
                "lat": 12.9019,
                "lon": 77.63225
              },
              {
                "name": "Garvebhavipalya",
                "name_kn": "ಗರ್ವೆಭವಿಪಲೆ",
                "stop_id": "20783",
                "lat": 12.8964,
                "lon": 77.63566
              },
              {
                "name": "Kudlu Gate",
                "name_kn": "ಕುದ್ಲು ಗಟೆ",
                "stop_id": "20950",
                "lat": 12.88985,
                "lon": 77.63969
              },
              {
                "name": "Singasandra Metro Station",
                "name_kn": "ಸಿಙಸಂದ್ರ ಮೆಟ್ರೊ ಸ್ಟಟಿೊಂ",
                "stop_id": "39871",
                "lat": 12.88106,
                "lon": 77.64508
              },
              {
                "name": "Singasandra",
                "name_kn": "ಸಿಙಸಂದ್ರ",
                "stop_id": "21181",
                "lat": 12.87886,
                "lon": 77.64651
              },
              {
                "name": "Hosa Road Metro Station",
                "name_kn": "ಹೊಸ ರೊದ್ ಮೆಟ್ರೊ ಸ್ಟಟಿೊಂ",
                "stop_id": "20840",
                "lat": 12.87069,
                "lon": 77.653
              },
              {
                "name": "Beratena Agrahara Metro Station",
                "name_kn": "ಬೆರಟೆನ ಗ್ರಹರ ಮೆಟ್ರೊ ಸ್ಟಟಿೊಂ",
                "stop_id": "39868",
                "lat": 12.86401,
                "lon": 77.65824
              },
              {
                "name": "PESCE College Electronic City",
                "name_kn": "ಪೆಸ್ಕೆ ಕೊಲ್ಲೆಗೆ ೆಲೆಕ್ಟ್ರೊನಿಕ್ ಕಿಟೆ",
                "stop_id": "22380",
                "lat": 12.85881,
                "lon": 77.6624
              },
              {
                "name": "Konappana Agarhara (Electronic City Metro Station)",
                "name_kn": "ಕೊನಪ್ಪನ ಗರ್ಹರ (ೆಲೆಕ್ಟ್ರೊನಿಕ್ ಕಿಟೆ ಮೆಟ್ರೊ ಸ್ಟಟಿೊಂ)",
                "stop_id": "22192",
                "lat": 12.85611,
                "lon": 77.66454
              },
              {
                "name": "Electronic City",
                "name_kn": "ಎಲೆಕ್ಟ್ರೊನಿಕ್ ಕಿಟೆ",
                "stop_id": "21933",
                "lat": 12.84815,
                "lon": 77.67083
              },
              {
                "name": "Veerasandra",
                "name_kn": "ವೀರಸಂದ್ರ",
                "stop_id": "22594",
                "lat": 12.83997,
                "lon": 77.67709
              },
              {
                "name": "Huskur Gate",
                "name_kn": "ಹುಸ್ಕುರ್ ಗಟೆ",
                "stop_id": "22063",
                "lat": 12.8361,
                "lon": 77.67942
              },
              {
                "name": "Hebbagodi",
                "name_kn": "ಹೆಬ್ಬಗೊದಿ",
                "stop_id": "22017",
                "lat": 12.82752,
                "lon": 77.68224
              },
              {
                "name": "Bommasandra",
                "name_kn": "ಬೊಮ್ಮಸಂದ್ರ",
                "stop_id": "21775",
                "lat": 12.81869,
                "lon": 77.68947
              },
              {
                "name": "BTL College",
                "name_kn": "ಬ್ಟ್ಲ್ ಕೊಲ್ಲೆಗೆ",
                "stop_id": "21786",
                "lat": 12.81185,
                "lon": 77.69485
              },
              {
                "name": "Hennagara Gate",
                "name_kn": "ಹೆಂನಗರ ಗಟೆ",
                "stop_id": "22023",
                "lat": 12.80676,
                "lon": 77.69892
              },
              {
                "name": "Chandapura",
                "name_kn": "ಚಂದಪುರ",
                "stop_id": "35916",
                "lat": 12.80181,
                "lon": 77.70512
              },
              {
                "name": "Chandapura KEB",
                "name_kn": "ಚಂದಪುರ ಕೆಬ್",
                "stop_id": "23834",
                "lat": 12.79874,
                "lon": 77.70603
              },
              {
                "name": "Suryacity Gate",
                "name_kn": "ಸುರೆಕಿಟೆ ಗಟೆ",
                "stop_id": "35227",
                "lat": 12.79265,
                "lon": 77.70614
              },
              {
                "name": "Surya Nagara",
                "name_kn": "ಸುರೆ ನಗರ",
                "stop_id": "23833",
                "lat": 12.79081,
                "lon": 77.70578
              },
              {
                "name": "Iggluru",
                "name_kn": "ಇಗ್ಗ್ಲುರು",
                "stop_id": "23835",
                "lat": 12.78647,
                "lon": 77.70328
              },
              {
                "name": "Ramakrishnapura Gate",
                "name_kn": "ರಮಕ್ರಿಶ್ನಪುರ ಗಟೆ",
                "stop_id": "35163",
                "lat": 12.77904,
                "lon": 77.70215
              },
              {
                "name": "Ramakrishnapura Circle",
                "name_kn": "ರಮಕ್ರಿಶ್ನಪುರ ಕಿರ್ಕ್ಲೆ",
                "stop_id": "27912",
                "lat": 12.7801,
                "lon": 77.69461
              },
              {
                "name": "Hinnakki",
                "name_kn": "ಹಿಂನಕ್ಕಿ",
                "stop_id": "32921",
                "lat": 12.77773,
                "lon": 77.68075
              },
              {
                "name": "Rajapura",
                "name_kn": "ರಜಪುರ",
                "stop_id": "27874",
                "lat": 12.77546,
                "lon": 77.67461
              },
              {
                "name": "Seethanayakanahalli",
                "name_kn": "ಸೀತನಯಕನಹಲ್ಲಿ",
                "stop_id": "34500",
                "lat": 12.76926,
                "lon": 77.65996
              },
              {
                "name": "Haragadde",
                "name_kn": "ಹರಗದ್ದೆ",
                "stop_id": "24221",
                "lat": 12.76503,
                "lon": 77.65364
              },
              {
                "name": "Madapatna",
                "name_kn": "ಮದಪಟ್ನ",
                "stop_id": "35296",
                "lat": 12.77244,
                "lon": 77.64824
              },
              {
                "name": "Jigani KEB",
                "name_kn": "ಜಿಗನಿ ಕೆಬ್",
                "stop_id": "35297",
                "lat": 12.77686,
                "lon": 77.64491
              },
              {
                "name": "Jigani APC Circle",
                "name_kn": "ಜಿಗನಿ ಪ್ಕ್ ಕಿರ್ಕ್ಲೆ",
                "stop_id": "22785",
                "lat": 12.7793,
                "lon": 77.64357
              },
              {
                "name": "Jigani Bus Stand",
                "name_kn": "ಜಿಗನಿ ಬುಸ್ ಸ್ಟಂದ್",
                "stop_id": "24225",
                "lat": 12.78661,
                "lon": 77.63762
              }
            ]
          },
          {
            "Route": "356-A",
            "RouteId": 9277,
            "RouteParentId": 4970,
            "Destination": "Thattanahalli",
            "Via": "",
            "Area": "Kempegowda Bus Station",
            "PlatformNumber": "8",
            "KannadaDestination": "ತಟನಹಲ್ಲಿ",
            "KannadaArea": "ಕೆಂಪೇಗೌಡ ಬಸ್ ನಿಲ್ದಾಣ",
            "KannadaVia": "",
            "FromStationId": 21166,
            "Stops": [
              {
                "name": "Shanthinagara Bus Station",
                "name_kn": "ಶಂತಿನಗರ ಬುಸ್ ಸ್ಟಟಿೊಂ",
                "stop_id": "21166",
                "lat": 12.95449,
                "lon": 77.59258
              },
              {
                "name": "Wilson Garden Police Station",
                "name_kn": "ವಿಲ್ಸೊಂ ಗರ್ದೆಂ ಪೊಲಿಕೆ ಸ್ಟಟಿೊಂ",
                "stop_id": "21280",
                "lat": 12.95141,
                "lon": 77.5951
              },
              {
                "name": "Wilson Garden 12th Cross",
                "name_kn": "ವಿಲ್ಸೊಂ ಗರ್ದೆಂ 12ತ್ ಕ್ರೊಸ್ಸ್",
                "stop_id": "20560",
                "lat": 12.94725,
                "lon": 77.59794
              },
              {
                "name": "Lakkasandra",
                "name_kn": "ಲಕ್ಕಸಂದ್ರ",
                "stop_id": "20965",
                "lat": 12.94318,
                "lon": 77.59735
              },
              {
                "name": "Nimhans Hospital",
                "name_kn": "ನಿಂಹಂಸ್ ಹೊಸ್ಪಿಟಲ್",
                "stop_id": "21064",
                "lat": 12.93989,
                "lon": 77.59775
              },
              {
                "name": "Bengaluru Dairy Circle",
                "name_kn": "ಬೆಙಲುರು ದೈರೆ ಕಿರ್ಕ್ಲೆ",
                "stop_id": "20643",
                "lat": 12.9372,
                "lon": 77.60176
              },
              {
                "name": "Muneshwara Devasthana",
                "name_kn": "ಮುನೆಶ್ವರ ದೆವಸ್ತನ",
                "stop_id": "21033",
                "lat": 12.93646,
                "lon": 77.6066
              },
              {
                "name": "Hosur Road Junction",
                "name_kn": "ಹೊಸುರ್ ರೊದ್ ಜುಂಕ್ಟಿೊಂ",
                "stop_id": "20880",
                "lat": 12.93215,
                "lon": 77.61323
              },
              {
                "name": "St Johns Hospital",
                "name_kn": "ಸ್ಟ್ ಜೊಹ್ಂಸ್ ಹೊಸ್ಪಿಟಲ್",
                "stop_id": "21191",
                "lat": 12.92959,
                "lon": 77.61584
              },
              {
                "name": "Koramangala Water Tank",
                "name_kn": "ಕೊರಮಙಲ ವಟೆರ್ ಟಂಕ್",
                "stop_id": "21275",
                "lat": 12.92749,
                "lon": 77.62124
              },
              {
                "name": "Kudure Mukha Colony",
                "name_kn": "ಕುದುರೆ ಮುಖ ಕೊಲೊನೆ",
                "stop_id": "20952",
                "lat": 12.92572,
                "lon": 77.6254
              },
              {
                "name": "Krupanidhi College",
                "name_kn": "ಕ್ರುಪನಿಧಿ ಕೊಲ್ಲೆಗೆ",
                "stop_id": "20947",
                "lat": 12.92388,
                "lon": 77.62852
              },
              {
                "name": "Madivala",
                "name_kn": "ಮದಿವಲ",
                "stop_id": "20973",
                "lat": 12.92166,
                "lon": 77.62146
              },
              {
                "name": "Roopena Agrahara",
                "name_kn": "ರೂಪೆನ ಗ್ರಹರ",
                "stop_id": "21138",
                "lat": 12.91197,
                "lon": 77.62613
              },
              {
                "name": "Bommanahalli",
                "name_kn": "ಬೊಮ್ಮನಹಲ್ಲಿ",
                "stop_id": "20674",
                "lat": 12.90559,
                "lon": 77.63003
              },
              {
                "name": "Hongasandra Metro Station",
                "name_kn": "ಹೊಙಸಂದ್ರ ಮೆಟ್ರೊ ಸ್ಟಟಿೊಂ",
                "stop_id": "39873",
                "lat": 12.9019,
                "lon": 77.63225
              },
              {
                "name": "Garvebhavipalya",
                "name_kn": "ಗರ್ವೆಭವಿಪಲೆ",
                "stop_id": "20783",
                "lat": 12.8964,
                "lon": 77.63566
              },
              {
                "name": "Kudlu Gate",
                "name_kn": "ಕುದ್ಲು ಗಟೆ",
                "stop_id": "20950",
                "lat": 12.88985,
                "lon": 77.63969
              },
              {
                "name": "Singasandra Metro Station",
                "name_kn": "ಸಿಙಸಂದ್ರ ಮೆಟ್ರೊ ಸ್ಟಟಿೊಂ",
                "stop_id": "39871",
                "lat": 12.88106,
                "lon": 77.64508
              },
              {
                "name": "Singasandra",
                "name_kn": "ಸಿಙಸಂದ್ರ",
                "stop_id": "21181",
                "lat": 12.87886,
                "lon": 77.64651
              },
              {
                "name": "Hosa Road Metro Station",
                "name_kn": "ಹೊಸ ರೊದ್ ಮೆಟ್ರೊ ಸ್ಟಟಿೊಂ",
                "stop_id": "20840",
                "lat": 12.87069,
                "lon": 77.653
              },
              {
                "name": "Beratena Agrahara Metro Station",
                "name_kn": "ಬೆರಟೆನ ಗ್ರಹರ ಮೆಟ್ರೊ ಸ್ಟಟಿೊಂ",
                "stop_id": "39868",
                "lat": 12.86401,
                "lon": 77.65824
              },
              {
                "name": "PESCE College Electronic City",
                "name_kn": "ಪೆಸ್ಕೆ ಕೊಲ್ಲೆಗೆ ೆಲೆಕ್ಟ್ರೊನಿಕ್ ಕಿಟೆ",
                "stop_id": "22380",
                "lat": 12.85881,
                "lon": 77.6624
              },
              {
                "name": "Konappana Agarhara (Electronic City Metro Station)",
                "name_kn": "ಕೊನಪ್ಪನ ಗರ್ಹರ (ೆಲೆಕ್ಟ್ರೊನಿಕ್ ಕಿಟೆ ಮೆಟ್ರೊ ಸ್ಟಟಿೊಂ)",
                "stop_id": "22192",
                "lat": 12.85611,
                "lon": 77.66454
              },
              {
                "name": "Electronic City",
                "name_kn": "ಎಲೆಕ್ಟ್ರೊನಿಕ್ ಕಿಟೆ",
                "stop_id": "21933",
                "lat": 12.84815,
                "lon": 77.67083
              },
              {
                "name": "Veerasandra",
                "name_kn": "ವೀರಸಂದ್ರ",
                "stop_id": "22594",
                "lat": 12.83997,
                "lon": 77.67709
              },
              {
                "name": "Huskur Gate",
                "name_kn": "ಹುಸ್ಕುರ್ ಗಟೆ",
                "stop_id": "22063",
                "lat": 12.8361,
                "lon": 77.67942
              },
              {
                "name": "Hebbagodi",
                "name_kn": "ಹೆಬ್ಬಗೊದಿ",
                "stop_id": "22017",
                "lat": 12.82752,
                "lon": 77.68224
              },
              {
                "name": "Bommasandra",
                "name_kn": "ಬೊಮ್ಮಸಂದ್ರ",
                "stop_id": "21775",
                "lat": 12.81869,
                "lon": 77.68947
              },
              {
                "name": "BTL College",
                "name_kn": "ಬ್ಟ್ಲ್ ಕೊಲ್ಲೆಗೆ",
                "stop_id": "21786",
                "lat": 12.81185,
                "lon": 77.69485
              },
              {
                "name": "Hennagara Gate",
                "name_kn": "ಹೆಂನಗರ ಗಟೆ",
                "stop_id": "22023",
                "lat": 12.80676,
                "lon": 77.69892
              },
              {
                "name": "Chandapura",
                "name_kn": "ಚಂದಪುರ",
                "stop_id": "35916",
                "lat": 12.80181,
                "lon": 77.70512
              },
              {
                "name": "Chandapura KEB",
                "name_kn": "ಚಂದಪುರ ಕೆಬ್",
                "stop_id": "23834",
                "lat": 12.79874,
                "lon": 77.70603
              },
              {
                "name": "Suryacity Gate",
                "name_kn": "ಸುರೆಕಿಟೆ ಗಟೆ",
                "stop_id": "35227",
                "lat": 12.79265,
                "lon": 77.70614
              },
              {
                "name": "Surya Nagara",
                "name_kn": "ಸುರೆ ನಗರ",
                "stop_id": "23833",
                "lat": 12.79081,
                "lon": 77.70578
              },
              {
                "name": "Iggluru",
                "name_kn": "ಇಗ್ಗ್ಲುರು",
                "stop_id": "23835",
                "lat": 12.78647,
                "lon": 77.70328
              },
              {
                "name": "Ramakrishnapura Gate",
                "name_kn": "ರಮಕ್ರಿಶ್ನಪುರ ಗಟೆ",
                "stop_id": "35163",
                "lat": 12.77904,
                "lon": 77.70215
              },
              {
                "name": "Marasur Gate",
                "name_kn": "ಮರಸುರ್ ಗಟೆ",
                "stop_id": "23837",
                "lat": 12.76983,
                "lon": 77.70145
              },
              {
                "name": "RK Farm",
                "name_kn": "ರ್ಕ್ ೞರ್ಂ",
                "stop_id": "23838",
                "lat": 12.75921,
                "lon": 77.70372
              },
              {
                "name": "VBHC Apartment Gate",
                "name_kn": "ವ್ಭ್ಕ್ ಪರ್ಟ್ಮೆಂಟ್ ಗಟೆ",
                "stop_id": "34911",
                "lat": 12.75752,
                "lon": 77.70463
              },
              {
                "name": "Byagadadenahalli Gate",
                "name_kn": "ಬೆಗದದೆನಹಲ್ಲಿ ಗಟೆ",
                "stop_id": "23839",
                "lat": 12.75224,
                "lon": 77.70671
              },
              {
                "name": "Avadadenahalli Gate",
                "name_kn": "ಅವದದೆನಹಲ್ಲಿ ಗಟೆ",
                "stop_id": "23840",
                "lat": 12.74668,
                "lon": 77.70779
              },
              {
                "name": "Thattanahalli",
                "name_kn": "ತಟನಹಲ್ಲಿ",
                "stop_id": "34800",
                "lat": 12.74546,
                "lon": 77.72474
              }
            ]
          },
          {
            "Route": "KBS-3A KBS-D38G",
            "RouteId": 9868,
            "RouteParentId": 5284,
            "Destination": "Depot-38 Gate",
            "Via": "",
            "Area": "Kempegowda Bus Station",
            "PlatformNumber": "8",
            "KannadaDestination": "ದೆಪೊಟ್-38 ಗಟೆ",
            "KannadaArea": "ಕೆಂಪೇಗೌಡ ಬಸ್ ನಿಲ್ದಾಣ",
            "KannadaVia": "",
            "FromStationId": 21166,
            "Stops": [
              {
                "name": "Shanthinagara Bus Station",
                "name_kn": "ಶಂತಿನಗರ ಬುಸ್ ಸ್ಟಟಿೊಂ",
                "stop_id": "21166",
                "lat": 12.95449,
                "lon": 77.59258
              },
              {
                "name": "Wilson Garden Police Station",
                "name_kn": "ವಿಲ್ಸೊಂ ಗರ್ದೆಂ ಪೊಲಿಕೆ ಸ್ಟಟಿೊಂ",
                "stop_id": "21280",
                "lat": 12.95141,
                "lon": 77.5951
              },
              {
                "name": "Wilson Garden 12th Cross",
                "name_kn": "ವಿಲ್ಸೊಂ ಗರ್ದೆಂ 12ತ್ ಕ್ರೊಸ್ಸ್",
                "stop_id": "20560",
                "lat": 12.94725,
                "lon": 77.59794
              },
              {
                "name": "Lakkasandra",
                "name_kn": "ಲಕ್ಕಸಂದ್ರ",
                "stop_id": "20965",
                "lat": 12.94318,
                "lon": 77.59735
              },
              {
                "name": "Nimhans Hospital",
                "name_kn": "ನಿಂಹಂಸ್ ಹೊಸ್ಪಿಟಲ್",
                "stop_id": "21064",
                "lat": 12.93989,
                "lon": 77.59775
              },
              {
                "name": "Bengaluru Dairy Circle",
                "name_kn": "ಬೆಙಲುರು ದೈರೆ ಕಿರ್ಕ್ಲೆ",
                "stop_id": "20643",
                "lat": 12.9372,
                "lon": 77.60176
              },
              {
                "name": "Muneshwara Devasthana",
                "name_kn": "ಮುನೆಶ್ವರ ದೆವಸ್ತನ",
                "stop_id": "21033",
                "lat": 12.93646,
                "lon": 77.6066
              },
              {
                "name": "Hosur Road Junction",
                "name_kn": "ಹೊಸುರ್ ರೊದ್ ಜುಂಕ್ಟಿೊಂ",
                "stop_id": "20880",
                "lat": 12.93215,
                "lon": 77.61323
              },
              {
                "name": "St Johns Hospital",
                "name_kn": "ಸ್ಟ್ ಜೊಹ್ಂಸ್ ಹೊಸ್ಪಿಟಲ್",
                "stop_id": "21191",
                "lat": 12.92959,
                "lon": 77.61584
              },
              {
                "name": "Koramangala Water Tank",
                "name_kn": "ಕೊರಮಙಲ ವಟೆರ್ ಟಂಕ್",
                "stop_id": "21275",
                "lat": 12.92749,
                "lon": 77.62124
              },
              {
                "name": "Kudure Mukha Colony",
                "name_kn": "ಕುದುರೆ ಮುಖ ಕೊಲೊನೆ",
                "stop_id": "20952",
                "lat": 12.92572,
                "lon": 77.6254
              },
              {
                "name": "Krupanidhi College",
                "name_kn": "ಕ್ರುಪನಿಧಿ ಕೊಲ್ಲೆಗೆ",
                "stop_id": "20947",
                "lat": 12.92388,
                "lon": 77.62852
              },
              {
                "name": "Madivala",
                "name_kn": "ಮದಿವಲ",
                "stop_id": "20973",
                "lat": 12.92166,
                "lon": 77.62146
              },
              {
                "name": "Roopena Agrahara",
                "name_kn": "ರೂಪೆನ ಗ್ರಹರ",
                "stop_id": "21138",
                "lat": 12.91197,
                "lon": 77.62613
              },
              {
                "name": "Bommanahalli",
                "name_kn": "ಬೊಮ್ಮನಹಲ್ಲಿ",
                "stop_id": "20674",
                "lat": 12.90559,
                "lon": 77.63003
              },
              {
                "name": "Hongasandra Metro Station",
                "name_kn": "ಹೊಙಸಂದ್ರ ಮೆಟ್ರೊ ಸ್ಟಟಿೊಂ",
                "stop_id": "39873",
                "lat": 12.9019,
                "lon": 77.63225
              },
              {
                "name": "Garvebhavipalya",
                "name_kn": "ಗರ್ವೆಭವಿಪಲೆ",
                "stop_id": "20783",
                "lat": 12.8964,
                "lon": 77.63566
              },
              {
                "name": "Kudlu Gate",
                "name_kn": "ಕುದ್ಲು ಗಟೆ",
                "stop_id": "20950",
                "lat": 12.88985,
                "lon": 77.63969
              },
              {
                "name": "Singasandra Metro Station",
                "name_kn": "ಸಿಙಸಂದ್ರ ಮೆಟ್ರೊ ಸ್ಟಟಿೊಂ",
                "stop_id": "39871",
                "lat": 12.88106,
                "lon": 77.64508
              },
              {
                "name": "Singasandra",
                "name_kn": "ಸಿಙಸಂದ್ರ",
                "stop_id": "21181",
                "lat": 12.87886,
                "lon": 77.64651
              },
              {
                "name": "Hosa Road Metro Station",
                "name_kn": "ಹೊಸ ರೊದ್ ಮೆಟ್ರೊ ಸ್ಟಟಿೊಂ",
                "stop_id": "20840",
                "lat": 12.87069,
                "lon": 77.653
              },
              {
                "name": "Beratena Agrahara Metro Station",
                "name_kn": "ಬೆರಟೆನ ಗ್ರಹರ ಮೆಟ್ರೊ ಸ್ಟಟಿೊಂ",
                "stop_id": "39868",
                "lat": 12.86401,
                "lon": 77.65824
              },
              {
                "name": "PESCE College Electronic City",
                "name_kn": "ಪೆಸ್ಕೆ ಕೊಲ್ಲೆಗೆ ೆಲೆಕ್ಟ್ರೊನಿಕ್ ಕಿಟೆ",
                "stop_id": "22380",
                "lat": 12.85881,
                "lon": 77.6624
              },
              {
                "name": "Konappana Agarhara (Electronic City Metro Station)",
                "name_kn": "ಕೊನಪ್ಪನ ಗರ್ಹರ (ೆಲೆಕ್ಟ್ರೊನಿಕ್ ಕಿಟೆ ಮೆಟ್ರೊ ಸ್ಟಟಿೊಂ)",
                "stop_id": "22192",
                "lat": 12.85611,
                "lon": 77.66454
              },
              {
                "name": "Electronic City",
                "name_kn": "ಎಲೆಕ್ಟ್ರೊನಿಕ್ ಕಿಟೆ",
                "stop_id": "21933",
                "lat": 12.84815,
                "lon": 77.67083
              },
              {
                "name": "Veerasandra",
                "name_kn": "ವೀರಸಂದ್ರ",
                "stop_id": "22594",
                "lat": 12.83997,
                "lon": 77.67709
              },
              {
                "name": "Huskur Gate",
                "name_kn": "ಹುಸ್ಕುರ್ ಗಟೆ",
                "stop_id": "22063",
                "lat": 12.8361,
                "lon": 77.67942
              },
              {
                "name": "Singena Agrahara Cross Fruits Market",
                "name_kn": "ಸಿಙೆನ ಗ್ರಹರ ಕ್ರೊಸ್ಸ್ ೞ್ರುಿಟ್ಸ್ ಮರ್ಕೆಟ್",
                "stop_id": "26491",
                "lat": 12.84257,
                "lon": 77.68718
              },
              {
                "name": "Doddamma Temple",
                "name_kn": "ದೊದ್ದಮ್ಮ ಟೆಂಪ್ಲೆ",
                "stop_id": "25107",
                "lat": 12.84741,
                "lon": 77.69086
              },
              {
                "name": "Depot-38 Gate",
                "name_kn": "ದೆಪೊಟ್-38 ಗಟೆ",
                "stop_id": "24866",
                "lat": 12.84901,
                "lon": 77.69247
              }
            ]
          },
          {
            "Route": "351-M",
            "RouteId": 9914,
            "RouteParentId": 5307,
            "Destination": "Muttanalluru",
            "Via": "",
            "Area": "Kempegowda Bus Station",
            "PlatformNumber": "8",
            "KannadaDestination": "ಮುಟನಲ್ಲುರು",
            "KannadaArea": "ಕೆಂಪೇಗೌಡ ಬಸ್ ನಿಲ್ದಾಣ",
            "KannadaVia": "",
            "FromStationId": 21166,
            "Stops": [
              {
                "name": "Shanthinagara Bus Station",
                "name_kn": "ಶಂತಿನಗರ ಬುಸ್ ಸ್ಟಟಿೊಂ",
                "stop_id": "21166",
                "lat": 12.95449,
                "lon": 77.59258
              },
              {
                "name": "Wilson Garden Police Station",
                "name_kn": "ವಿಲ್ಸೊಂ ಗರ್ದೆಂ ಪೊಲಿಕೆ ಸ್ಟಟಿೊಂ",
                "stop_id": "21280",
                "lat": 12.95141,
                "lon": 77.5951
              },
              {
                "name": "Wilson Garden 12th Cross",
                "name_kn": "ವಿಲ್ಸೊಂ ಗರ್ದೆಂ 12ತ್ ಕ್ರೊಸ್ಸ್",
                "stop_id": "20560",
                "lat": 12.94725,
                "lon": 77.59794
              },
              {
                "name": "Lakkasandra",
                "name_kn": "ಲಕ್ಕಸಂದ್ರ",
                "stop_id": "20965",
                "lat": 12.94318,
                "lon": 77.59735
              },
              {
                "name": "Nimhans Hospital",
                "name_kn": "ನಿಂಹಂಸ್ ಹೊಸ್ಪಿಟಲ್",
                "stop_id": "21064",
                "lat": 12.93989,
                "lon": 77.59775
              },
              {
                "name": "Bengaluru Dairy Circle",
                "name_kn": "ಬೆಙಲುರು ದೈರೆ ಕಿರ್ಕ್ಲೆ",
                "stop_id": "20643",
                "lat": 12.9372,
                "lon": 77.60176
              },
              {
                "name": "Muneshwara Devasthana",
                "name_kn": "ಮುನೆಶ್ವರ ದೆವಸ್ತನ",
                "stop_id": "21033",
                "lat": 12.93646,
                "lon": 77.6066
              },
              {
                "name": "Hosur Road Junction",
                "name_kn": "ಹೊಸುರ್ ರೊದ್ ಜುಂಕ್ಟಿೊಂ",
                "stop_id": "20880",
                "lat": 12.93215,
                "lon": 77.61323
              },
              {
                "name": "St Johns Hospital",
                "name_kn": "ಸ್ಟ್ ಜೊಹ್ಂಸ್ ಹೊಸ್ಪಿಟಲ್",
                "stop_id": "21191",
                "lat": 12.92959,
                "lon": 77.61584
              },
              {
                "name": "Koramangala Water Tank",
                "name_kn": "ಕೊರಮಙಲ ವಟೆರ್ ಟಂಕ್",
                "stop_id": "21275",
                "lat": 12.92749,
                "lon": 77.62124
              },
              {
                "name": "Kudure Mukha Colony",
                "name_kn": "ಕುದುರೆ ಮುಖ ಕೊಲೊನೆ",
                "stop_id": "20952",
                "lat": 12.92572,
                "lon": 77.6254
              },
              {
                "name": "Krupanidhi College",
                "name_kn": "ಕ್ರುಪನಿಧಿ ಕೊಲ್ಲೆಗೆ",
                "stop_id": "20947",
                "lat": 12.92388,
                "lon": 77.62852
              },
              {
                "name": "Madivala",
                "name_kn": "ಮದಿವಲ",
                "stop_id": "20973",
                "lat": 12.92166,
                "lon": 77.62146
              },
              {
                "name": "Roopena Agrahara",
                "name_kn": "ರೂಪೆನ ಗ್ರಹರ",
                "stop_id": "21138",
                "lat": 12.91197,
                "lon": 77.62613
              },
              {
                "name": "Bommanahalli",
                "name_kn": "ಬೊಮ್ಮನಹಲ್ಲಿ",
                "stop_id": "20674",
                "lat": 12.90559,
                "lon": 77.63003
              },
              {
                "name": "Hongasandra Metro Station",
                "name_kn": "ಹೊಙಸಂದ್ರ ಮೆಟ್ರೊ ಸ್ಟಟಿೊಂ",
                "stop_id": "39873",
                "lat": 12.9019,
                "lon": 77.63225
              },
              {
                "name": "Garvebhavipalya",
                "name_kn": "ಗರ್ವೆಭವಿಪಲೆ",
                "stop_id": "20783",
                "lat": 12.8964,
                "lon": 77.63566
              },
              {
                "name": "Kudlu Gate",
                "name_kn": "ಕುದ್ಲು ಗಟೆ",
                "stop_id": "20950",
                "lat": 12.88985,
                "lon": 77.63969
              },
              {
                "name": "Singasandra Metro Station",
                "name_kn": "ಸಿಙಸಂದ್ರ ಮೆಟ್ರೊ ಸ್ಟಟಿೊಂ",
                "stop_id": "39871",
                "lat": 12.88106,
                "lon": 77.64508
              },
              {
                "name": "Singasandra",
                "name_kn": "ಸಿಙಸಂದ್ರ",
                "stop_id": "21181",
                "lat": 12.87886,
                "lon": 77.64651
              },
              {
                "name": "Hosa Road Metro Station",
                "name_kn": "ಹೊಸ ರೊದ್ ಮೆಟ್ರೊ ಸ್ಟಟಿೊಂ",
                "stop_id": "20840",
                "lat": 12.87069,
                "lon": 77.653
              },
              {
                "name": "Beratena Agrahara Metro Station",
                "name_kn": "ಬೆರಟೆನ ಗ್ರಹರ ಮೆಟ್ರೊ ಸ್ಟಟಿೊಂ",
                "stop_id": "39868",
                "lat": 12.86401,
                "lon": 77.65824
              },
              {
                "name": "PESCE College Electronic City",
                "name_kn": "ಪೆಸ್ಕೆ ಕೊಲ್ಲೆಗೆ ೆಲೆಕ್ಟ್ರೊನಿಕ್ ಕಿಟೆ",
                "stop_id": "22380",
                "lat": 12.85881,
                "lon": 77.6624
              },
              {
                "name": "Konappana Agarhara (Electronic City Metro Station)",
                "name_kn": "ಕೊನಪ್ಪನ ಗರ್ಹರ (ೆಲೆಕ್ಟ್ರೊನಿಕ್ ಕಿಟೆ ಮೆಟ್ರೊ ಸ್ಟಟಿೊಂ)",
                "stop_id": "22192",
                "lat": 12.85611,
                "lon": 77.66454
              },
              {
                "name": "Electronic City",
                "name_kn": "ಎಲೆಕ್ಟ್ರೊನಿಕ್ ಕಿಟೆ",
                "stop_id": "21933",
                "lat": 12.84815,
                "lon": 77.67083
              },
              {
                "name": "Veerasandra",
                "name_kn": "ವೀರಸಂದ್ರ",
                "stop_id": "22594",
                "lat": 12.83997,
                "lon": 77.67709
              },
              {
                "name": "Huskur Gate",
                "name_kn": "ಹುಸ್ಕುರ್ ಗಟೆ",
                "stop_id": "22063",
                "lat": 12.8361,
                "lon": 77.67942
              },
              {
                "name": "SFS High School Hebbagodi",
                "name_kn": "ಸ್ೞ್ಸ್ ಹಿಘ್ ಸ್ಚೂಲ್ ಹೆಬ್ಬಗೊದಿ",
                "stop_id": "39202",
                "lat": 12.83378,
                "lon": 77.68021
              },
              {
                "name": "Hebbagodi",
                "name_kn": "ಹೆಬ್ಬಗೊದಿ",
                "stop_id": "22017",
                "lat": 12.82752,
                "lon": 77.68224
              },
              {
                "name": "Bommasandra",
                "name_kn": "ಬೊಮ್ಮಸಂದ್ರ",
                "stop_id": "21775",
                "lat": 12.81869,
                "lon": 77.68947
              },
              {
                "name": "BTL College",
                "name_kn": "ಬ್ಟ್ಲ್ ಕೊಲ್ಲೆಗೆ",
                "stop_id": "21786",
                "lat": 12.81185,
                "lon": 77.69485
              },
              {
                "name": "Hennagara Gate",
                "name_kn": "ಹೆಂನಗರ ಗಟೆ",
                "stop_id": "22023",
                "lat": 12.80676,
                "lon": 77.69892
              },
              {
                "name": "Chandapura",
                "name_kn": "ಚಂದಪುರ",
                "stop_id": "21817",
                "lat": 12.80258,
                "lon": 77.70457
              },
              {
                "name": "Heelalige Cross",
                "name_kn": "ಹೀಲಲಿಗೆ ಕ್ರೊಸ್ಸ್",
                "stop_id": "32897",
                "lat": 12.80877,
                "lon": 77.70892
              },
              {
                "name": "Ramasagara",
                "name_kn": "ರಮಸಗರ",
                "stop_id": "34369",
                "lat": 12.82087,
                "lon": 77.71873
              },
              {
                "name": "Nursery Farm",
                "name_kn": "ನುರ್ಸೆರೆ ೞರ್ಂ",
                "stop_id": "34179",
                "lat": 12.82884,
                "lon": 77.71973
              },
              {
                "name": "Singena Agrahara Cross",
                "name_kn": "ಸಿಙೆನ ಗ್ರಹರ ಕ್ರೊಸ್ಸ್",
                "stop_id": "26490",
                "lat": 12.83498,
                "lon": 77.71896
              },
              {
                "name": "Narayanaghatta Gate",
                "name_kn": "ನರಯನಘಟ ಗಟೆ",
                "stop_id": "34106",
                "lat": 12.83786,
                "lon": 77.72462
              },
              {
                "name": "Muttanalluru Junction",
                "name_kn": "ಮುಟನಲ್ಲುರು ಜುಂಕ್ಟಿೊಂ",
                "stop_id": "34006",
                "lat": 12.84306,
                "lon": 77.72752
              },
              {
                "name": "Muttanalluru",
                "name_kn": "ಮುಟನಲ್ಲುರು",
                "stop_id": "34004",
                "lat": 12.83246,
                "lon": 77.73463
              }
            ]
          },
          {
            "Route": "346-N",
            "RouteId": 10219,
            "RouteParentId": 5453,
            "Destination": "Dodda Thoguru",
            "Via": "",
            "Area": "Kempegowda Bus Station",
            "PlatformNumber": "8",
            "KannadaDestination": "ದೊದ್ದ ತೊಗುರು",
            "KannadaArea": "ಕೆಂಪೇಗೌಡ ಬಸ್ ನಿಲ್ದಾಣ",
            "KannadaVia": "",
            "FromStationId": 21166,
            "Stops": [
              {
                "name": "Shanthinagara Bus Station",
                "name_kn": "ಶಂತಿನಗರ ಬುಸ್ ಸ್ಟಟಿೊಂ",
                "stop_id": "21166",
                "lat": 12.95449,
                "lon": 77.59258
              },
              {
                "name": "Wilson Garden Police Station",
                "name_kn": "ವಿಲ್ಸೊಂ ಗರ್ದೆಂ ಪೊಲಿಕೆ ಸ್ಟಟಿೊಂ",
                "stop_id": "21280",
                "lat": 12.95141,
                "lon": 77.5951
              },
              {
                "name": "Wilson Garden 12th Cross",
                "name_kn": "ವಿಲ್ಸೊಂ ಗರ್ದೆಂ 12ತ್ ಕ್ರೊಸ್ಸ್",
                "stop_id": "20560",
                "lat": 12.94725,
                "lon": 77.59794
              },
              {
                "name": "Lakkasandra",
                "name_kn": "ಲಕ್ಕಸಂದ್ರ",
                "stop_id": "20965",
                "lat": 12.94318,
                "lon": 77.59735
              },
              {
                "name": "Nimhans Hospital",
                "name_kn": "ನಿಂಹಂಸ್ ಹೊಸ್ಪಿಟಲ್",
                "stop_id": "21064",
                "lat": 12.93989,
                "lon": 77.59775
              },
              {
                "name": "Bengaluru Dairy Circle",
                "name_kn": "ಬೆಙಲುರು ದೈರೆ ಕಿರ್ಕ್ಲೆ",
                "stop_id": "20643",
                "lat": 12.9372,
                "lon": 77.60176
              },
              {
                "name": "Muneshwara Devasthana",
                "name_kn": "ಮುನೆಶ್ವರ ದೆವಸ್ತನ",
                "stop_id": "21033",
                "lat": 12.93646,
                "lon": 77.6066
              },
              {
                "name": "Hosur Road Junction",
                "name_kn": "ಹೊಸುರ್ ರೊದ್ ಜುಂಕ್ಟಿೊಂ",
                "stop_id": "20880",
                "lat": 12.93215,
                "lon": 77.61323
              },
              {
                "name": "St Johns Hospital",
                "name_kn": "ಸ್ಟ್ ಜೊಹ್ಂಸ್ ಹೊಸ್ಪಿಟಲ್",
                "stop_id": "21191",
                "lat": 12.92959,
                "lon": 77.61584
              },
              {
                "name": "Koramangala Water Tank",
                "name_kn": "ಕೊರಮಙಲ ವಟೆರ್ ಟಂಕ್",
                "stop_id": "21275",
                "lat": 12.92749,
                "lon": 77.62124
              },
              {
                "name": "Kudure Mukha Colony",
                "name_kn": "ಕುದುರೆ ಮುಖ ಕೊಲೊನೆ",
                "stop_id": "20952",
                "lat": 12.92572,
                "lon": 77.6254
              },
              {
                "name": "Krupanidhi College",
                "name_kn": "ಕ್ರುಪನಿಧಿ ಕೊಲ್ಲೆಗೆ",
                "stop_id": "20947",
                "lat": 12.92388,
                "lon": 77.62852
              },
              {
                "name": "Madivala",
                "name_kn": "ಮದಿವಲ",
                "stop_id": "20973",
                "lat": 12.92166,
                "lon": 77.62146
              },
              {
                "name": "Roopena Agrahara",
                "name_kn": "ರೂಪೆನ ಗ್ರಹರ",
                "stop_id": "21138",
                "lat": 12.91197,
                "lon": 77.62613
              },
              {
                "name": "Bommanahalli",
                "name_kn": "ಬೊಮ್ಮನಹಲ್ಲಿ",
                "stop_id": "20674",
                "lat": 12.90559,
                "lon": 77.63003
              },
              {
                "name": "Hongasandra Metro Station",
                "name_kn": "ಹೊಙಸಂದ್ರ ಮೆಟ್ರೊ ಸ್ಟಟಿೊಂ",
                "stop_id": "39873",
                "lat": 12.9019,
                "lon": 77.63225
              },
              {
                "name": "Garvebhavipalya",
                "name_kn": "ಗರ್ವೆಭವಿಪಲೆ",
                "stop_id": "20783",
                "lat": 12.8964,
                "lon": 77.63566
              },
              {
                "name": "Kudlu Gate",
                "name_kn": "ಕುದ್ಲು ಗಟೆ",
                "stop_id": "20950",
                "lat": 12.88985,
                "lon": 77.63969
              },
              {
                "name": "Singasandra Metro Station",
                "name_kn": "ಸಿಙಸಂದ್ರ ಮೆಟ್ರೊ ಸ್ಟಟಿೊಂ",
                "stop_id": "39871",
                "lat": 12.88106,
                "lon": 77.64508
              },
              {
                "name": "Singasandra",
                "name_kn": "ಸಿಙಸಂದ್ರ",
                "stop_id": "21181",
                "lat": 12.87886,
                "lon": 77.64651
              },
              {
                "name": "Hosa Road Metro Station",
                "name_kn": "ಹೊಸ ರೊದ್ ಮೆಟ್ರೊ ಸ್ಟಟಿೊಂ",
                "stop_id": "20840",
                "lat": 12.87069,
                "lon": 77.653
              },
              {
                "name": "Beratena Agrahara Metro Station",
                "name_kn": "ಬೆರಟೆನ ಗ್ರಹರ ಮೆಟ್ರೊ ಸ್ಟಟಿೊಂ",
                "stop_id": "39868",
                "lat": 12.86401,
                "lon": 77.65824
              },
              {
                "name": "PESCE College Electronic City",
                "name_kn": "ಪೆಸ್ಕೆ ಕೊಲ್ಲೆಗೆ ೆಲೆಕ್ಟ್ರೊನಿಕ್ ಕಿಟೆ",
                "stop_id": "22380",
                "lat": 12.85881,
                "lon": 77.6624
              },
              {
                "name": "Konappana Agarhara",
                "name_kn": "ಕೊನಪ್ಪನ ಗರ್ಹರ",
                "stop_id": "20934",
                "lat": 12.85577,
                "lon": 77.66411
              },
              {
                "name": "Crown Plaza",
                "name_kn": "ಕ್ರೌಂ ಪ್ಲಜ಼",
                "stop_id": "20732",
                "lat": 12.85082,
                "lon": 77.66023
              },
              {
                "name": "Velankani Drive",
                "name_kn": "ವೆಲಂಕನಿ ದ್ರಿವೆ",
                "stop_id": "23330",
                "lat": 12.85104,
                "lon": 77.65748
              },
              {
                "name": "Dodda Thoguru",
                "name_kn": "ದೊದ್ದ ತೊಗುರು",
                "stop_id": "25057",
                "lat": 12.85055,
                "lon": 77.65512
              }
            ]
          },
          {
            "Route": "347-B",
            "RouteId": 11148,
            "RouteParentId": 5950,
            "Destination": "Haraluru",
            "Via": "",
            "Area": "Kempegowda Bus Station",
            "PlatformNumber": "8",
            "KannadaDestination": "ಹರಲುರು",
            "KannadaArea": "ಕೆಂಪೇಗೌಡ ಬಸ್ ನಿಲ್ದಾಣ",
            "KannadaVia": "",
            "FromStationId": 21166,
            "Stops": [
              {
                "name": "Shanthinagara Bus Station",
                "name_kn": "ಶಂತಿನಗರ ಬುಸ್ ಸ್ಟಟಿೊಂ",
                "stop_id": "21166",
                "lat": 12.95449,
                "lon": 77.59258
              },
              {
                "name": "Wilson Garden Police Station",
                "name_kn": "ವಿಲ್ಸೊಂ ಗರ್ದೆಂ ಪೊಲಿಕೆ ಸ್ಟಟಿೊಂ",
                "stop_id": "21280",
                "lat": 12.95141,
                "lon": 77.5951
              },
              {
                "name": "Wilson Garden 12th Cross",
                "name_kn": "ವಿಲ್ಸೊಂ ಗರ್ದೆಂ 12ತ್ ಕ್ರೊಸ್ಸ್",
                "stop_id": "20560",
                "lat": 12.94725,
                "lon": 77.59794
              },
              {
                "name": "Lakkasandra",
                "name_kn": "ಲಕ್ಕಸಂದ್ರ",
                "stop_id": "20965",
                "lat": 12.94318,
                "lon": 77.59735
              },
              {
                "name": "Nimhans Hospital",
                "name_kn": "ನಿಂಹಂಸ್ ಹೊಸ್ಪಿಟಲ್",
                "stop_id": "21064",
                "lat": 12.93989,
                "lon": 77.59775
              },
              {
                "name": "Bengaluru Dairy Circle",
                "name_kn": "ಬೆಙಲುರು ದೈರೆ ಕಿರ್ಕ್ಲೆ",
                "stop_id": "20643",
                "lat": 12.9372,
                "lon": 77.60176
              },
              {
                "name": "Muneshwara Devasthana",
                "name_kn": "ಮುನೆಶ್ವರ ದೆವಸ್ತನ",
                "stop_id": "21033",
                "lat": 12.93646,
                "lon": 77.6066
              },
              {
                "name": "Hosur Road Junction",
                "name_kn": "ಹೊಸುರ್ ರೊದ್ ಜುಂಕ್ಟಿೊಂ",
                "stop_id": "20880",
                "lat": 12.93215,
                "lon": 77.61323
              },
              {
                "name": "St Johns Hospital",
                "name_kn": "ಸ್ಟ್ ಜೊಹ್ಂಸ್ ಹೊಸ್ಪಿಟಲ್",
                "stop_id": "21191",
                "lat": 12.92959,
                "lon": 77.61584
              },
              {
                "name": "Koramangala Water Tank",
                "name_kn": "ಕೊರಮಙಲ ವಟೆರ್ ಟಂಕ್",
                "stop_id": "21275",
                "lat": 12.92749,
                "lon": 77.62124
              },
              {
                "name": "Kudure Mukha Colony",
                "name_kn": "ಕುದುರೆ ಮುಖ ಕೊಲೊನೆ",
                "stop_id": "20952",
                "lat": 12.92572,
                "lon": 77.6254
              },
              {
                "name": "Krupanidhi College",
                "name_kn": "ಕ್ರುಪನಿಧಿ ಕೊಲ್ಲೆಗೆ",
                "stop_id": "20947",
                "lat": 12.92388,
                "lon": 77.62852
              },
              {
                "name": "Madivala",
                "name_kn": "ಮದಿವಲ",
                "stop_id": "20973",
                "lat": 12.92166,
                "lon": 77.62146
              },
              {
                "name": "Roopena Agrahara",
                "name_kn": "ರೂಪೆನ ಗ್ರಹರ",
                "stop_id": "21138",
                "lat": 12.91197,
                "lon": 77.62613
              },
              {
                "name": "Bommanahalli",
                "name_kn": "ಬೊಮ್ಮನಹಲ್ಲಿ",
                "stop_id": "20674",
                "lat": 12.90559,
                "lon": 77.63003
              },
              {
                "name": "Hongasandra Metro Station",
                "name_kn": "ಹೊಙಸಂದ್ರ ಮೆಟ್ರೊ ಸ್ಟಟಿೊಂ",
                "stop_id": "39873",
                "lat": 12.9019,
                "lon": 77.63225
              },
              {
                "name": "Garvebhavipalya",
                "name_kn": "ಗರ್ವೆಭವಿಪಲೆ",
                "stop_id": "20783",
                "lat": 12.8964,
                "lon": 77.63566
              },
              {
                "name": "Kudlu Gate",
                "name_kn": "ಕುದ್ಲು ಗಟೆ",
                "stop_id": "20950",
                "lat": 12.88985,
                "lon": 77.63969
              },
              {
                "name": "BTR Garden",
                "name_kn": "ಬ್ಟ್ರ್ ಗರ್ದೆಂ",
                "stop_id": "23327",
                "lat": 12.89033,
                "lon": 77.64645
              },
              {
                "name": "Kudlu Panchayath Office",
                "name_kn": "ಕುದ್ಲು ಪಂಚಯತ್ ೊೞ್ೞಿಕೆ",
                "stop_id": "35381",
                "lat": 12.88973,
                "lon": 77.64895
              },
              {
                "name": "Kudlu",
                "name_kn": "ಕುದ್ಲು",
                "stop_id": "31294",
                "lat": 12.88957,
                "lon": 77.65506
              },
              {
                "name": "Kudlu Slum Board",
                "name_kn": "ಕುದ್ಲು ಸ್ಲುಂ ಬೊರ್ದ್",
                "stop_id": "36696",
                "lat": 12.88957,
                "lon": 77.65635
              },
              {
                "name": "Birla Haralur Road",
                "name_kn": "ಬಿರ್ಲ ಹರಲುರ್ ರೊದ್",
                "stop_id": "30110",
                "lat": 12.8942,
                "lon": 77.6571
              },
              {
                "name": "Haralur Junction",
                "name_kn": "ಹರಲುರ್ ಜುಂಕ್ಟಿೊಂ",
                "stop_id": "32856",
                "lat": 12.89824,
                "lon": 77.65824
              },
              {
                "name": "Haraluru",
                "name_kn": "ಹರಲುರು",
                "stop_id": "32857",
                "lat": 12.90149,
                "lon": 77.66039
              }
            ]
          },
          {
            "Route": "355",
            "RouteId": 13117,
            "RouteParentId": 6957,
            "Destination": "Bommasandra Village",
            "Via": "",
            "Area": "Kempegowda Bus Station",
            "PlatformNumber": "8",
            "KannadaDestination": "ಬೊಮ್ಮಸಂದ್ರ ವಿಲ್ಲಗೆ",
            "KannadaArea": "ಕೆಂಪೇಗೌಡ ಬಸ್ ನಿಲ್ದಾಣ",
            "KannadaVia": "",
            "FromStationId": 21166,
            "Stops": [
              {
                "name": "Shanthinagara Bus Station",
                "name_kn": "ಶಂತಿನಗರ ಬುಸ್ ಸ್ಟಟಿೊಂ",
                "stop_id": "21166",
                "lat": 12.95449,
                "lon": 77.59258
              },
              {
                "name": "Wilson Garden Police Station",
                "name_kn": "ವಿಲ್ಸೊಂ ಗರ್ದೆಂ ಪೊಲಿಕೆ ಸ್ಟಟಿೊಂ",
                "stop_id": "21280",
                "lat": 12.95141,
                "lon": 77.5951
              },
              {
                "name": "Wilson Garden 12th Cross",
                "name_kn": "ವಿಲ್ಸೊಂ ಗರ್ದೆಂ 12ತ್ ಕ್ರೊಸ್ಸ್",
                "stop_id": "20560",
                "lat": 12.94725,
                "lon": 77.59794
              },
              {
                "name": "Lakkasandra",
                "name_kn": "ಲಕ್ಕಸಂದ್ರ",
                "stop_id": "20965",
                "lat": 12.94318,
                "lon": 77.59735
              },
              {
                "name": "Nimhans Hospital",
                "name_kn": "ನಿಂಹಂಸ್ ಹೊಸ್ಪಿಟಲ್",
                "stop_id": "21064",
                "lat": 12.93989,
                "lon": 77.59775
              },
              {
                "name": "Bengaluru Dairy Circle",
                "name_kn": "ಬೆಙಲುರು ದೈರೆ ಕಿರ್ಕ್ಲೆ",
                "stop_id": "20643",
                "lat": 12.9372,
                "lon": 77.60176
              },
              {
                "name": "Muneshwara Devasthana",
                "name_kn": "ಮುನೆಶ್ವರ ದೆವಸ್ತನ",
                "stop_id": "21033",
                "lat": 12.93646,
                "lon": 77.6066
              },
              {
                "name": "Hosur Road Junction",
                "name_kn": "ಹೊಸುರ್ ರೊದ್ ಜುಂಕ್ಟಿೊಂ",
                "stop_id": "20880",
                "lat": 12.93215,
                "lon": 77.61323
              },
              {
                "name": "St Johns Hospital",
                "name_kn": "ಸ್ಟ್ ಜೊಹ್ಂಸ್ ಹೊಸ್ಪಿಟಲ್",
                "stop_id": "21191",
                "lat": 12.92959,
                "lon": 77.61584
              },
              {
                "name": "Koramangala Water Tank",
                "name_kn": "ಕೊರಮಙಲ ವಟೆರ್ ಟಂಕ್",
                "stop_id": "21275",
                "lat": 12.92749,
                "lon": 77.62124
              },
              {
                "name": "Kudure Mukha Colony",
                "name_kn": "ಕುದುರೆ ಮುಖ ಕೊಲೊನೆ",
                "stop_id": "20952",
                "lat": 12.92572,
                "lon": 77.6254
              },
              {
                "name": "Krupanidhi College",
                "name_kn": "ಕ್ರುಪನಿಧಿ ಕೊಲ್ಲೆಗೆ",
                "stop_id": "20947",
                "lat": 12.92388,
                "lon": 77.62852
              },
              {
                "name": "Madivala",
                "name_kn": "ಮದಿವಲ",
                "stop_id": "20973",
                "lat": 12.92166,
                "lon": 77.62146
              },
              {
                "name": "Roopena Agrahara",
                "name_kn": "ರೂಪೆನ ಗ್ರಹರ",
                "stop_id": "21138",
                "lat": 12.91197,
                "lon": 77.62613
              },
              {
                "name": "Bommanahalli",
                "name_kn": "ಬೊಮ್ಮನಹಲ್ಲಿ",
                "stop_id": "20674",
                "lat": 12.90559,
                "lon": 77.63003
              },
              {
                "name": "Hongasandra Metro Station",
                "name_kn": "ಹೊಙಸಂದ್ರ ಮೆಟ್ರೊ ಸ್ಟಟಿೊಂ",
                "stop_id": "39873",
                "lat": 12.9019,
                "lon": 77.63225
              },
              {
                "name": "Garvebhavipalya",
                "name_kn": "ಗರ್ವೆಭವಿಪಲೆ",
                "stop_id": "20783",
                "lat": 12.8964,
                "lon": 77.63566
              },
              {
                "name": "Kudlu Gate",
                "name_kn": "ಕುದ್ಲು ಗಟೆ",
                "stop_id": "20950",
                "lat": 12.88985,
                "lon": 77.63969
              },
              {
                "name": "Singasandra Metro Station",
                "name_kn": "ಸಿಙಸಂದ್ರ ಮೆಟ್ರೊ ಸ್ಟಟಿೊಂ",
                "stop_id": "39871",
                "lat": 12.88106,
                "lon": 77.64508
              },
              {
                "name": "Singasandra",
                "name_kn": "ಸಿಙಸಂದ್ರ",
                "stop_id": "21181",
                "lat": 12.87886,
                "lon": 77.64651
              },
              {
                "name": "Hosa Road Metro Station",
                "name_kn": "ಹೊಸ ರೊದ್ ಮೆಟ್ರೊ ಸ್ಟಟಿೊಂ",
                "stop_id": "20840",
                "lat": 12.87069,
                "lon": 77.653
              },
              {
                "name": "Beratena Agrahara Metro Station",
                "name_kn": "ಬೆರಟೆನ ಗ್ರಹರ ಮೆಟ್ರೊ ಸ್ಟಟಿೊಂ",
                "stop_id": "39868",
                "lat": 12.86401,
                "lon": 77.65824
              },
              {
                "name": "PESCE College Electronic City",
                "name_kn": "ಪೆಸ್ಕೆ ಕೊಲ್ಲೆಗೆ ೆಲೆಕ್ಟ್ರೊನಿಕ್ ಕಿಟೆ",
                "stop_id": "22380",
                "lat": 12.85881,
                "lon": 77.6624
              },
              {
                "name": "Konappana Agarhara (Electronic City Metro Station)",
                "name_kn": "ಕೊನಪ್ಪನ ಗರ್ಹರ (ೆಲೆಕ್ಟ್ರೊನಿಕ್ ಕಿಟೆ ಮೆಟ್ರೊ ಸ್ಟಟಿೊಂ)",
                "stop_id": "22192",
                "lat": 12.85611,
                "lon": 77.66454
              },
              {
                "name": "Electronic City",
                "name_kn": "ಎಲೆಕ್ಟ್ರೊನಿಕ್ ಕಿಟೆ",
                "stop_id": "21933",
                "lat": 12.84815,
                "lon": 77.67083
              },
              {
                "name": "Veerasandra",
                "name_kn": "ವೀರಸಂದ್ರ",
                "stop_id": "22594",
                "lat": 12.83997,
                "lon": 77.67709
              },
              {
                "name": "Huskur Gate",
                "name_kn": "ಹುಸ್ಕುರ್ ಗಟೆ",
                "stop_id": "22063",
                "lat": 12.8361,
                "lon": 77.67942
              },
              {
                "name": "Hebbagodi",
                "name_kn": "ಹೆಬ್ಬಗೊದಿ",
                "stop_id": "22017",
                "lat": 12.82752,
                "lon": 77.68224
              },
              {
                "name": "Bommasandra",
                "name_kn": "ಬೊಮ್ಮಸಂದ್ರ",
                "stop_id": "37910",
                "lat": 12.81893,
                "lon": 77.68939
              },
              {
                "name": "Govt Primary School Bommasandra",
                "name_kn": "ಗೊವ್ಟ್ ಪ್ರಿಮರೆ ಸ್ಚೂಲ್ ಬೊಮ್ಮಸಂದ್ರ",
                "stop_id": "38657",
                "lat": 12.81707,
                "lon": 77.69366
              },
              {
                "name": "Bommasandra Village",
                "name_kn": "ಬೊಮ್ಮಸಂದ್ರ ವಿಲ್ಲಗೆ",
                "stop_id": "38655",
                "lat": 12.8169,
                "lon": 77.69891
              }
            ]
          },
          {
            "Route": "353",
            "RouteId": 16642,
            "RouteParentId": 8912,
            "Destination": "Rajapura",
            "Via": "",
            "Area": "Kempegowda Bus Station",
            "PlatformNumber": "8",
            "KannadaDestination": "ರಜಪುರ",
            "KannadaArea": "ಕೆಂಪೇಗೌಡ ಬಸ್ ನಿಲ್ದಾಣ",
            "KannadaVia": "",
            "FromStationId": 21166,
            "Stops": [
              {
                "name": "Shanthinagara Bus Station",
                "name_kn": "ಶಂತಿನಗರ ಬುಸ್ ಸ್ಟಟಿೊಂ",
                "stop_id": "21166",
                "lat": 12.95449,
                "lon": 77.59258
              },
              {
                "name": "Wilson Garden Police Station",
                "name_kn": "ವಿಲ್ಸೊಂ ಗರ್ದೆಂ ಪೊಲಿಕೆ ಸ್ಟಟಿೊಂ",
                "stop_id": "21280",
                "lat": 12.95141,
                "lon": 77.5951
              },
              {
                "name": "Wilson Garden 12th Cross",
                "name_kn": "ವಿಲ್ಸೊಂ ಗರ್ದೆಂ 12ತ್ ಕ್ರೊಸ್ಸ್",
                "stop_id": "20560",
                "lat": 12.94725,
                "lon": 77.59794
              },
              {
                "name": "Lakkasandra",
                "name_kn": "ಲಕ್ಕಸಂದ್ರ",
                "stop_id": "20965",
                "lat": 12.94318,
                "lon": 77.59735
              },
              {
                "name": "Nimhans Hospital",
                "name_kn": "ನಿಂಹಂಸ್ ಹೊಸ್ಪಿಟಲ್",
                "stop_id": "21064",
                "lat": 12.93989,
                "lon": 77.59775
              },
              {
                "name": "Bengaluru Dairy Circle",
                "name_kn": "ಬೆಙಲುರು ದೈರೆ ಕಿರ್ಕ್ಲೆ",
                "stop_id": "20643",
                "lat": 12.9372,
                "lon": 77.60176
              },
              {
                "name": "Muneshwara Devasthana",
                "name_kn": "ಮುನೆಶ್ವರ ದೆವಸ್ತನ",
                "stop_id": "21033",
                "lat": 12.93646,
                "lon": 77.6066
              },
              {
                "name": "Hosur Road Junction",
                "name_kn": "ಹೊಸುರ್ ರೊದ್ ಜುಂಕ್ಟಿೊಂ",
                "stop_id": "20880",
                "lat": 12.93215,
                "lon": 77.61323
              },
              {
                "name": "St Johns Hospital",
                "name_kn": "ಸ್ಟ್ ಜೊಹ್ಂಸ್ ಹೊಸ್ಪಿಟಲ್",
                "stop_id": "21191",
                "lat": 12.92959,
                "lon": 77.61584
              },
              {
                "name": "Koramangala Water Tank",
                "name_kn": "ಕೊರಮಙಲ ವಟೆರ್ ಟಂಕ್",
                "stop_id": "21275",
                "lat": 12.92749,
                "lon": 77.62124
              },
              {
                "name": "Kudure Mukha Colony",
                "name_kn": "ಕುದುರೆ ಮುಖ ಕೊಲೊನೆ",
                "stop_id": "20952",
                "lat": 12.92572,
                "lon": 77.6254
              },
              {
                "name": "Krupanidhi College",
                "name_kn": "ಕ್ರುಪನಿಧಿ ಕೊಲ್ಲೆಗೆ",
                "stop_id": "20947",
                "lat": 12.92388,
                "lon": 77.62852
              },
              {
                "name": "Madivala",
                "name_kn": "ಮದಿವಲ",
                "stop_id": "20973",
                "lat": 12.92166,
                "lon": 77.62146
              },
              {
                "name": "Roopena Agrahara",
                "name_kn": "ರೂಪೆನ ಗ್ರಹರ",
                "stop_id": "21138",
                "lat": 12.91197,
                "lon": 77.62613
              },
              {
                "name": "Bommanahalli",
                "name_kn": "ಬೊಮ್ಮನಹಲ್ಲಿ",
                "stop_id": "20674",
                "lat": 12.90559,
                "lon": 77.63003
              },
              {
                "name": "Hongasandra Metro Station",
                "name_kn": "ಹೊಙಸಂದ್ರ ಮೆಟ್ರೊ ಸ್ಟಟಿೊಂ",
                "stop_id": "39873",
                "lat": 12.9019,
                "lon": 77.63225
              },
              {
                "name": "Garvebhavipalya",
                "name_kn": "ಗರ್ವೆಭವಿಪಲೆ",
                "stop_id": "20783",
                "lat": 12.8964,
                "lon": 77.63566
              },
              {
                "name": "Kudlu Gate",
                "name_kn": "ಕುದ್ಲು ಗಟೆ",
                "stop_id": "20950",
                "lat": 12.88985,
                "lon": 77.63969
              },
              {
                "name": "Singasandra Metro Station",
                "name_kn": "ಸಿಙಸಂದ್ರ ಮೆಟ್ರೊ ಸ್ಟಟಿೊಂ",
                "stop_id": "39871",
                "lat": 12.88106,
                "lon": 77.64508
              },
              {
                "name": "Singasandra",
                "name_kn": "ಸಿಙಸಂದ್ರ",
                "stop_id": "21181",
                "lat": 12.87886,
                "lon": 77.64651
              },
              {
                "name": "Hosa Road Metro Station",
                "name_kn": "ಹೊಸ ರೊದ್ ಮೆಟ್ರೊ ಸ್ಟಟಿೊಂ",
                "stop_id": "20840",
                "lat": 12.87069,
                "lon": 77.653
              },
              {
                "name": "Beratena Agrahara Metro Station",
                "name_kn": "ಬೆರಟೆನ ಗ್ರಹರ ಮೆಟ್ರೊ ಸ್ಟಟಿೊಂ",
                "stop_id": "39868",
                "lat": 12.86401,
                "lon": 77.65824
              },
              {
                "name": "PESCE College Electronic City",
                "name_kn": "ಪೆಸ್ಕೆ ಕೊಲ್ಲೆಗೆ ೆಲೆಕ್ಟ್ರೊನಿಕ್ ಕಿಟೆ",
                "stop_id": "22380",
                "lat": 12.85881,
                "lon": 77.6624
              },
              {
                "name": "Konappana Agarhara (Electronic City Metro Station)",
                "name_kn": "ಕೊನಪ್ಪನ ಗರ್ಹರ (ೆಲೆಕ್ಟ್ರೊನಿಕ್ ಕಿಟೆ ಮೆಟ್ರೊ ಸ್ಟಟಿೊಂ)",
                "stop_id": "22192",
                "lat": 12.85611,
                "lon": 77.66454
              },
              {
                "name": "Electronic City",
                "name_kn": "ಎಲೆಕ್ಟ್ರೊನಿಕ್ ಕಿಟೆ",
                "stop_id": "21933",
                "lat": 12.84815,
                "lon": 77.67083
              },
              {
                "name": "Veerasandra",
                "name_kn": "ವೀರಸಂದ್ರ",
                "stop_id": "22594",
                "lat": 12.83997,
                "lon": 77.67709
              },
              {
                "name": "Huskur Gate",
                "name_kn": "ಹುಸ್ಕುರ್ ಗಟೆ",
                "stop_id": "22063",
                "lat": 12.8361,
                "lon": 77.67942
              },
              {
                "name": "SFS High School Hebbagodi",
                "name_kn": "ಸ್ೞ್ಸ್ ಹಿಘ್ ಸ್ಚೂಲ್ ಹೆಬ್ಬಗೊದಿ",
                "stop_id": "39202",
                "lat": 12.83378,
                "lon": 77.68021
              },
              {
                "name": "Hebbagodi",
                "name_kn": "ಹೆಬ್ಬಗೊದಿ",
                "stop_id": "22017",
                "lat": 12.82752,
                "lon": 77.68224
              },
              {
                "name": "Bommasandra",
                "name_kn": "ಬೊಮ್ಮಸಂದ್ರ",
                "stop_id": "21775",
                "lat": 12.81869,
                "lon": 77.68947
              },
              {
                "name": "BTL College",
                "name_kn": "ಬ್ಟ್ಲ್ ಕೊಲ್ಲೆಗೆ",
                "stop_id": "21786",
                "lat": 12.81185,
                "lon": 77.69485
              },
              {
                "name": "Hennagara Gate",
                "name_kn": "ಹೆಂನಗರ ಗಟೆ",
                "stop_id": "22023",
                "lat": 12.80676,
                "lon": 77.69892
              },
              {
                "name": "Chandapura",
                "name_kn": "ಚಂದಪುರ",
                "stop_id": "21817",
                "lat": 12.80258,
                "lon": 77.70457
              },
              {
                "name": "Chandapura KEB",
                "name_kn": "ಚಂದಪುರ ಕೆಬ್",
                "stop_id": "23834",
                "lat": 12.79874,
                "lon": 77.70603
              },
              {
                "name": "Suryacity Gate",
                "name_kn": "ಸುರೆಕಿಟೆ ಗಟೆ",
                "stop_id": "35227",
                "lat": 12.79265,
                "lon": 77.70614
              },
              {
                "name": "Surya Nagara",
                "name_kn": "ಸುರೆ ನಗರ",
                "stop_id": "23833",
                "lat": 12.79081,
                "lon": 77.70578
              },
              {
                "name": "Iggluru",
                "name_kn": "ಇಗ್ಗ್ಲುರು",
                "stop_id": "23835",
                "lat": 12.78647,
                "lon": 77.70328
              },
              {
                "name": "Ramakrishnapura Gate",
                "name_kn": "ರಮಕ್ರಿಶ್ನಪುರ ಗಟೆ",
                "stop_id": "35163",
                "lat": 12.77904,
                "lon": 77.70215
              },
              {
                "name": "Ramakrishnapura Circle",
                "name_kn": "ರಮಕ್ರಿಶ್ನಪುರ ಕಿರ್ಕ್ಲೆ",
                "stop_id": "27912",
                "lat": 12.7801,
                "lon": 77.69461
              },
              {
                "name": "Suryanagara 2nd Stage B Block",
                "name_kn": "ಸುರೆನಗರ 2ಂದ್ ಸ್ಟಗೆ ಬ್ ಬ್ಲೊಕ್ಕ್",
                "stop_id": "39303",
                "lat": 12.77274,
                "lon": 77.6862
              },
              {
                "name": "Hinnakki",
                "name_kn": "ಹಿಂನಕ್ಕಿ",
                "stop_id": "32921",
                "lat": 12.77773,
                "lon": 77.68075
              },
              {
                "name": "Rajapura",
                "name_kn": "ರಜಪುರ",
                "stop_id": "27874",
                "lat": 12.77546,
                "lon": 77.67461
              }
            ]
          },
          {
            "Route": "KBS-3C FLYOVER",
            "RouteId": 2597,
            "RouteParentId": 1501,
            "Destination": "Surya Nagara",
            "Via": "",
            "Area": "Kempegowda Bus Station",
            "PlatformNumber": "8",
            "KannadaDestination": "ಸುರೆ ನಗರ",
            "KannadaArea": "ಕೆಂಪೇಗೌಡ ಬಸ್ ನಿಲ್ದಾಣ",
            "KannadaVia": "",
            "FromStationId": 21166,
            "Stops": [
              {
                "name": "Shanthinagara Bus Station",
                "name_kn": "ಶಂತಿನಗರ ಬುಸ್ ಸ್ಟಟಿೊಂ",
                "stop_id": "21166",
                "lat": 12.95449,
                "lon": 77.59258
              },
              {
                "name": "Wilson Garden Police Station",
                "name_kn": "ವಿಲ್ಸೊಂ ಗರ್ದೆಂ ಪೊಲಿಕೆ ಸ್ಟಟಿೊಂ",
                "stop_id": "21280",
                "lat": 12.95141,
                "lon": 77.5951
              },
              {
                "name": "Wilson Garden 12th Cross",
                "name_kn": "ವಿಲ್ಸೊಂ ಗರ್ದೆಂ 12ತ್ ಕ್ರೊಸ್ಸ್",
                "stop_id": "20560",
                "lat": 12.94725,
                "lon": 77.59794
              },
              {
                "name": "Lakkasandra",
                "name_kn": "ಲಕ್ಕಸಂದ್ರ",
                "stop_id": "20965",
                "lat": 12.94318,
                "lon": 77.59735
              },
              {
                "name": "Nimhans Hospital",
                "name_kn": "ನಿಂಹಂಸ್ ಹೊಸ್ಪಿಟಲ್",
                "stop_id": "21064",
                "lat": 12.93989,
                "lon": 77.59775
              },
              {
                "name": "Bengaluru Dairy Circle",
                "name_kn": "ಬೆಙಲುರು ದೈರೆ ಕಿರ್ಕ್ಲೆ",
                "stop_id": "20643",
                "lat": 12.9372,
                "lon": 77.60176
              },
              {
                "name": "Muneshwara Devasthana",
                "name_kn": "ಮುನೆಶ್ವರ ದೆವಸ್ತನ",
                "stop_id": "21033",
                "lat": 12.93646,
                "lon": 77.6066
              },
              {
                "name": "Hosur Road Junction",
                "name_kn": "ಹೊಸುರ್ ರೊದ್ ಜುಂಕ್ಟಿೊಂ",
                "stop_id": "20880",
                "lat": 12.93215,
                "lon": 77.61323
              },
              {
                "name": "St Johns Hospital",
                "name_kn": "ಸ್ಟ್ ಜೊಹ್ಂಸ್ ಹೊಸ್ಪಿಟಲ್",
                "stop_id": "21191",
                "lat": 12.92959,
                "lon": 77.61584
              },
              {
                "name": "Koramangala Water Tank",
                "name_kn": "ಕೊರಮಙಲ ವಟೆರ್ ಟಂಕ್",
                "stop_id": "21275",
                "lat": 12.92749,
                "lon": 77.62124
              },
              {
                "name": "Kudure Mukha Colony",
                "name_kn": "ಕುದುರೆ ಮುಖ ಕೊಲೊನೆ",
                "stop_id": "20952",
                "lat": 12.92572,
                "lon": 77.6254
              },
              {
                "name": "Krupanidhi College",
                "name_kn": "ಕ್ರುಪನಿಧಿ ಕೊಲ್ಲೆಗೆ",
                "stop_id": "20947",
                "lat": 12.92388,
                "lon": 77.62852
              },
              {
                "name": "Madivala",
                "name_kn": "ಮದಿವಲ",
                "stop_id": "20973",
                "lat": 12.92166,
                "lon": 77.62146
              },
              {
                "name": "Roopena Agrahara FLY",
                "name_kn": "ರೂಪೆನ ಗ್ರಹರ ೞ್ಲೆ",
                "stop_id": "35774",
                "lat": 12.91212,
                "lon": 77.62589
              },
              {
                "name": "Roopena Agrahara Toll",
                "name_kn": "ರೂಪೆನ ಗ್ರಹರ ಟೊಲ್ಲ್",
                "stop_id": "37735",
                "lat": 12.91166,
                "lon": 77.62617
              },
              {
                "name": "Bommanahalli Fly Over",
                "name_kn": "ಬೊಮ್ಮನಹಲ್ಲಿ ೞ್ಲೆ ೊವೆರ್",
                "stop_id": "35780",
                "lat": 12.9056,
                "lon": 77.62989
              },
              {
                "name": "Kudlu Gate Flyover",
                "name_kn": "ಕುದ್ಲು ಗಟೆ ೞ್ಲೆೊವೆರ್",
                "stop_id": "35797",
                "lat": 12.88977,
                "lon": 77.6396
              },
              {
                "name": "Singasandra FLY",
                "name_kn": "ಸಿಙಸಂದ್ರ ೞ್ಲೆ",
                "stop_id": "35786",
                "lat": 12.87879,
                "lon": 77.64637
              },
              {
                "name": "Hosa Road FLY",
                "name_kn": "ಹೊಸ ರೊದ್ ೞ್ಲೆ",
                "stop_id": "35788",
                "lat": 12.87051,
                "lon": 77.65297
              },
              {
                "name": "Konappana Agarhara Flyover",
                "name_kn": "ಕೊನಪ್ಪನ ಗರ್ಹರ ೞ್ಲೆೊವೆರ್",
                "stop_id": "35380",
                "lat": 12.85563,
                "lon": 77.6648
              },
              {
                "name": "Electronic City FLY",
                "name_kn": "ಎಲೆಕ್ಟ್ರೊನಿಕ್ ಕಿಟೆ ೞ್ಲೆ",
                "stop_id": "35801",
                "lat": 12.84807,
                "lon": 77.67071
              },
              {
                "name": "Veerasandra",
                "name_kn": "ವೀರಸಂದ್ರ",
                "stop_id": "22594",
                "lat": 12.83997,
                "lon": 77.67709
              },
              {
                "name": "Huskur Gate",
                "name_kn": "ಹುಸ್ಕುರ್ ಗಟೆ",
                "stop_id": "22063",
                "lat": 12.8361,
                "lon": 77.67942
              },
              {
                "name": "SFS High School Hebbagodi",
                "name_kn": "ಸ್ೞ್ಸ್ ಹಿಘ್ ಸ್ಚೂಲ್ ಹೆಬ್ಬಗೊದಿ",
                "stop_id": "39202",
                "lat": 12.83378,
                "lon": 77.68021
              },
              {
                "name": "Hebbagodi",
                "name_kn": "ಹೆಬ್ಬಗೊದಿ",
                "stop_id": "22017",
                "lat": 12.82752,
                "lon": 77.68224
              },
              {
                "name": "Bommasandra",
                "name_kn": "ಬೊಮ್ಮಸಂದ್ರ",
                "stop_id": "21775",
                "lat": 12.81869,
                "lon": 77.68947
              },
              {
                "name": "BTL College",
                "name_kn": "ಬ್ಟ್ಲ್ ಕೊಲ್ಲೆಗೆ",
                "stop_id": "21786",
                "lat": 12.81185,
                "lon": 77.69485
              },
              {
                "name": "Hennagara Gate",
                "name_kn": "ಹೆಂನಗರ ಗಟೆ",
                "stop_id": "22023",
                "lat": 12.80676,
                "lon": 77.69892
              },
              {
                "name": "Chandapura",
                "name_kn": "ಚಂದಪುರ",
                "stop_id": "35916",
                "lat": 12.80181,
                "lon": 77.70512
              },
              {
                "name": "Chandapura KEB",
                "name_kn": "ಚಂದಪುರ ಕೆಬ್",
                "stop_id": "23834",
                "lat": 12.79874,
                "lon": 77.70603
              },
              {
                "name": "Suryacity Gate",
                "name_kn": "ಸುರೆಕಿಟೆ ಗಟೆ",
                "stop_id": "35227",
                "lat": 12.79265,
                "lon": 77.70614
              },
              {
                "name": "Surya Nagara",
                "name_kn": "ಸುರೆ ನಗರ",
                "stop_id": "23833",
                "lat": 12.79081,
                "lon": 77.70578
              }
            ]
          },
          {
            "Route": "KBS-3F",
            "RouteId": 4915,
            "RouteParentId": 2697,
            "Destination": "Attibele Bus Stand",
            "Via": "",
            "Area": "Kempegowda Bus Station",
            "PlatformNumber": "8",
            "KannadaDestination": "ಅಟಿಬೆಲೆ ಬುಸ್ ಸ್ಟಂದ್",
            "KannadaArea": "ಕೆಂಪೇಗೌಡ ಬಸ್ ನಿಲ್ದಾಣ",
            "KannadaVia": "",
            "FromStationId": 21166,
            "Stops": [
              {
                "name": "Shanthinagara Bus Station",
                "name_kn": "ಶಂತಿನಗರ ಬುಸ್ ಸ್ಟಟಿೊಂ",
                "stop_id": "21166",
                "lat": 12.95449,
                "lon": 77.59258
              },
              {
                "name": "Wilson Garden Police Station",
                "name_kn": "ವಿಲ್ಸೊಂ ಗರ್ದೆಂ ಪೊಲಿಕೆ ಸ್ಟಟಿೊಂ",
                "stop_id": "21280",
                "lat": 12.95141,
                "lon": 77.5951
              },
              {
                "name": "Wilson Garden 12th Cross",
                "name_kn": "ವಿಲ್ಸೊಂ ಗರ್ದೆಂ 12ತ್ ಕ್ರೊಸ್ಸ್",
                "stop_id": "20560",
                "lat": 12.94725,
                "lon": 77.59794
              },
              {
                "name": "Lakkasandra",
                "name_kn": "ಲಕ್ಕಸಂದ್ರ",
                "stop_id": "20965",
                "lat": 12.94318,
                "lon": 77.59735
              },
              {
                "name": "Nimhans Hospital",
                "name_kn": "ನಿಂಹಂಸ್ ಹೊಸ್ಪಿಟಲ್",
                "stop_id": "21064",
                "lat": 12.93989,
                "lon": 77.59775
              },
              {
                "name": "Bengaluru Dairy Circle",
                "name_kn": "ಬೆಙಲುರು ದೈರೆ ಕಿರ್ಕ್ಲೆ",
                "stop_id": "20643",
                "lat": 12.9372,
                "lon": 77.60176
              },
              {
                "name": "Muneshwara Devasthana",
                "name_kn": "ಮುನೆಶ್ವರ ದೆವಸ್ತನ",
                "stop_id": "21033",
                "lat": 12.93646,
                "lon": 77.6066
              },
              {
                "name": "Hosur Road Junction",
                "name_kn": "ಹೊಸುರ್ ರೊದ್ ಜುಂಕ್ಟಿೊಂ",
                "stop_id": "20880",
                "lat": 12.93215,
                "lon": 77.61323
              },
              {
                "name": "St Johns Hospital",
                "name_kn": "ಸ್ಟ್ ಜೊಹ್ಂಸ್ ಹೊಸ್ಪಿಟಲ್",
                "stop_id": "21191",
                "lat": 12.92959,
                "lon": 77.61584
              },
              {
                "name": "Koramangala Water Tank",
                "name_kn": "ಕೊರಮಙಲ ವಟೆರ್ ಟಂಕ್",
                "stop_id": "21275",
                "lat": 12.92749,
                "lon": 77.62124
              },
              {
                "name": "Kudure Mukha Colony",
                "name_kn": "ಕುದುರೆ ಮುಖ ಕೊಲೊನೆ",
                "stop_id": "20952",
                "lat": 12.92572,
                "lon": 77.6254
              },
              {
                "name": "Krupanidhi College",
                "name_kn": "ಕ್ರುಪನಿಧಿ ಕೊಲ್ಲೆಗೆ",
                "stop_id": "20947",
                "lat": 12.92388,
                "lon": 77.62852
              },
              {
                "name": "Madivala",
                "name_kn": "ಮದಿವಲ",
                "stop_id": "20973",
                "lat": 12.92166,
                "lon": 77.62146
              },
              {
                "name": "Roopena Agrahara FLY",
                "name_kn": "ರೂಪೆನ ಗ್ರಹರ ೞ್ಲೆ",
                "stop_id": "35774",
                "lat": 12.91212,
                "lon": 77.62589
              },
              {
                "name": "Roopena Agrahara Toll",
                "name_kn": "ರೂಪೆನ ಗ್ರಹರ ಟೊಲ್ಲ್",
                "stop_id": "37735",
                "lat": 12.91166,
                "lon": 77.62617
              },
              {
                "name": "Bommanahalli Fly Over",
                "name_kn": "ಬೊಮ್ಮನಹಲ್ಲಿ ೞ್ಲೆ ೊವೆರ್",
                "stop_id": "35780",
                "lat": 12.9056,
                "lon": 77.62989
              },
              {
                "name": "Kudlu Gate Flyover",
                "name_kn": "ಕುದ್ಲು ಗಟೆ ೞ್ಲೆೊವೆರ್",
                "stop_id": "35797",
                "lat": 12.88977,
                "lon": 77.6396
              },
              {
                "name": "Singasandra FLY",
                "name_kn": "ಸಿಙಸಂದ್ರ ೞ್ಲೆ",
                "stop_id": "35786",
                "lat": 12.87879,
                "lon": 77.64637
              },
              {
                "name": "Hosa Road FLY",
                "name_kn": "ಹೊಸ ರೊದ್ ೞ್ಲೆ",
                "stop_id": "35788",
                "lat": 12.87051,
                "lon": 77.65297
              },
              {
                "name": "Konappana Agarhara Flyover",
                "name_kn": "ಕೊನಪ್ಪನ ಗರ್ಹರ ೞ್ಲೆೊವೆರ್",
                "stop_id": "35380",
                "lat": 12.85563,
                "lon": 77.6648
              },
              {
                "name": "Electronic City FLY",
                "name_kn": "ಎಲೆಕ್ಟ್ರೊನಿಕ್ ಕಿಟೆ ೞ್ಲೆ",
                "stop_id": "35801",
                "lat": 12.84807,
                "lon": 77.67071
              },
              {
                "name": "Veerasandra",
                "name_kn": "ವೀರಸಂದ್ರ",
                "stop_id": "22594",
                "lat": 12.83997,
                "lon": 77.67709
              },
              {
                "name": "Huskur Gate",
                "name_kn": "ಹುಸ್ಕುರ್ ಗಟೆ",
                "stop_id": "22063",
                "lat": 12.8361,
                "lon": 77.67942
              },
              {
                "name": "SFS High School Hebbagodi",
                "name_kn": "ಸ್ೞ್ಸ್ ಹಿಘ್ ಸ್ಚೂಲ್ ಹೆಬ್ಬಗೊದಿ",
                "stop_id": "39202",
                "lat": 12.83378,
                "lon": 77.68021
              },
              {
                "name": "Hebbagodi",
                "name_kn": "ಹೆಬ್ಬಗೊದಿ",
                "stop_id": "22017",
                "lat": 12.82752,
                "lon": 77.68224
              },
              {
                "name": "Bommasandra",
                "name_kn": "ಬೊಮ್ಮಸಂದ್ರ",
                "stop_id": "21775",
                "lat": 12.81869,
                "lon": 77.68947
              },
              {
                "name": "BTL College",
                "name_kn": "ಬ್ಟ್ಲ್ ಕೊಲ್ಲೆಗೆ",
                "stop_id": "21786",
                "lat": 12.81185,
                "lon": 77.69485
              },
              {
                "name": "Hennagara Gate",
                "name_kn": "ಹೆಂನಗರ ಗಟೆ",
                "stop_id": "22023",
                "lat": 12.80676,
                "lon": 77.69892
              },
              {
                "name": "Chandapura",
                "name_kn": "ಚಂದಪುರ",
                "stop_id": "21817",
                "lat": 12.80258,
                "lon": 77.70457
              },
              {
                "name": "Hale Chandapura",
                "name_kn": "ಹಲೆ ಚಂದಪುರ",
                "stop_id": "22007",
                "lat": 12.80182,
                "lon": 77.71151
              },
              {
                "name": "Tirumagondanahalli",
                "name_kn": "ಟಿರುಮಗೊಂದನಹಲ್ಲಿ",
                "stop_id": "22560",
                "lat": 12.79407,
                "lon": 77.72165
              },
              {
                "name": "Neraluru Gate",
                "name_kn": "ನೆರಲುರು ಗಟೆ",
                "stop_id": "22354",
                "lat": 12.79229,
                "lon": 77.72844
              },
              {
                "name": "Guddahatti Gate",
                "name_kn": "ಗುದ್ದಹಟಿ ಗಟೆ",
                "stop_id": "21986",
                "lat": 12.78811,
                "lon": 77.73702
              },
              {
                "name": "Guestline Hotel",
                "name_kn": "ಗುೆಸ್ಟ್ಲಿನೆ ಹೊಟೆಲ್",
                "stop_id": "21992",
                "lat": 12.78673,
                "lon": 77.7419
              },
              {
                "name": "Yadavanahalli",
                "name_kn": "ಯದವನಹಲ್ಲಿ",
                "stop_id": "22625",
                "lat": 12.78558,
                "lon": 77.75079
              },
              {
                "name": "Attibele Bus Stand",
                "name_kn": "ಅಟಿಬೆಲೆ ಬುಸ್ ಸ್ಟಂದ್",
                "stop_id": "21670",
                "lat": 12.77805,
                "lon": 77.77034
              }
            ]
          },
          {
            "Route": "353-E KBS-HNK",
            "RouteId": 15227,
            "RouteParentId": 8160,
            "Destination": "Hinnakki Village",
            "Via": "",
            "Area": "Kempegowda Bus Station",
            "PlatformNumber": "8",
            "KannadaDestination": "ಹಿಂನಕ್ಕಿ ವಿಲ್ಲಗೆ",
            "KannadaArea": "ಕೆಂಪೇಗೌಡ ಬಸ್ ನಿಲ್ದಾಣ",
            "KannadaVia": "",
            "FromStationId": 21166,
            "Stops": [
              {
                "name": "Shanthinagara Bus Station",
                "name_kn": "ಶಂತಿನಗರ ಬುಸ್ ಸ್ಟಟಿೊಂ",
                "stop_id": "21166",
                "lat": 12.95449,
                "lon": 77.59258
              },
              {
                "name": "Wilson Garden Police Station",
                "name_kn": "ವಿಲ್ಸೊಂ ಗರ್ದೆಂ ಪೊಲಿಕೆ ಸ್ಟಟಿೊಂ",
                "stop_id": "21280",
                "lat": 12.95141,
                "lon": 77.5951
              },
              {
                "name": "Wilson Garden 12th Cross",
                "name_kn": "ವಿಲ್ಸೊಂ ಗರ್ದೆಂ 12ತ್ ಕ್ರೊಸ್ಸ್",
                "stop_id": "20560",
                "lat": 12.94725,
                "lon": 77.59794
              },
              {
                "name": "Lakkasandra",
                "name_kn": "ಲಕ್ಕಸಂದ್ರ",
                "stop_id": "20965",
                "lat": 12.94318,
                "lon": 77.59735
              },
              {
                "name": "Nimhans Hospital",
                "name_kn": "ನಿಂಹಂಸ್ ಹೊಸ್ಪಿಟಲ್",
                "stop_id": "21064",
                "lat": 12.93989,
                "lon": 77.59775
              },
              {
                "name": "Bengaluru Dairy Circle",
                "name_kn": "ಬೆಙಲುರು ದೈರೆ ಕಿರ್ಕ್ಲೆ",
                "stop_id": "20643",
                "lat": 12.9372,
                "lon": 77.60176
              },
              {
                "name": "Muneshwara Devasthana",
                "name_kn": "ಮುನೆಶ್ವರ ದೆವಸ್ತನ",
                "stop_id": "21033",
                "lat": 12.93646,
                "lon": 77.6066
              },
              {
                "name": "Hosur Road Junction",
                "name_kn": "ಹೊಸುರ್ ರೊದ್ ಜುಂಕ್ಟಿೊಂ",
                "stop_id": "20880",
                "lat": 12.93215,
                "lon": 77.61323
              },
              {
                "name": "St Johns Hospital",
                "name_kn": "ಸ್ಟ್ ಜೊಹ್ಂಸ್ ಹೊಸ್ಪಿಟಲ್",
                "stop_id": "21191",
                "lat": 12.92959,
                "lon": 77.61584
              },
              {
                "name": "Koramangala Water Tank",
                "name_kn": "ಕೊರಮಙಲ ವಟೆರ್ ಟಂಕ್",
                "stop_id": "21275",
                "lat": 12.92749,
                "lon": 77.62124
              },
              {
                "name": "Kudure Mukha Colony",
                "name_kn": "ಕುದುರೆ ಮುಖ ಕೊಲೊನೆ",
                "stop_id": "20952",
                "lat": 12.92572,
                "lon": 77.6254
              },
              {
                "name": "Krupanidhi College",
                "name_kn": "ಕ್ರುಪನಿಧಿ ಕೊಲ್ಲೆಗೆ",
                "stop_id": "20947",
                "lat": 12.92388,
                "lon": 77.62852
              },
              {
                "name": "Madivala",
                "name_kn": "ಮದಿವಲ",
                "stop_id": "20973",
                "lat": 12.92166,
                "lon": 77.62146
              },
              {
                "name": "Roopena Agrahara",
                "name_kn": "ರೂಪೆನ ಗ್ರಹರ",
                "stop_id": "21138",
                "lat": 12.91197,
                "lon": 77.62613
              },
              {
                "name": "Bommanahalli",
                "name_kn": "ಬೊಮ್ಮನಹಲ್ಲಿ",
                "stop_id": "20674",
                "lat": 12.90559,
                "lon": 77.63003
              },
              {
                "name": "Garvebhavipalya",
                "name_kn": "ಗರ್ವೆಭವಿಪಲೆ",
                "stop_id": "20783",
                "lat": 12.8964,
                "lon": 77.63566
              },
              {
                "name": "Kudlu Gate",
                "name_kn": "ಕುದ್ಲು ಗಟೆ",
                "stop_id": "20950",
                "lat": 12.88985,
                "lon": 77.63969
              },
              {
                "name": "Singasandra",
                "name_kn": "ಸಿಙಸಂದ್ರ",
                "stop_id": "21181",
                "lat": 12.87886,
                "lon": 77.64651
              },
              {
                "name": "Hosa Road Metro Station",
                "name_kn": "ಹೊಸ ರೊದ್ ಮೆಟ್ರೊ ಸ್ಟಟಿೊಂ",
                "stop_id": "20840",
                "lat": 12.87069,
                "lon": 77.653
              },
              {
                "name": "PESCE College Electronic City",
                "name_kn": "ಪೆಸ್ಕೆ ಕೊಲ್ಲೆಗೆ ೆಲೆಕ್ಟ್ರೊನಿಕ್ ಕಿಟೆ",
                "stop_id": "22380",
                "lat": 12.85881,
                "lon": 77.6624
              },
              {
                "name": "Konappana Agarhara (Electronic City Metro Station)",
                "name_kn": "ಕೊನಪ್ಪನ ಗರ್ಹರ (ೆಲೆಕ್ಟ್ರೊನಿಕ್ ಕಿಟೆ ಮೆಟ್ರೊ ಸ್ಟಟಿೊಂ)",
                "stop_id": "22192",
                "lat": 12.85611,
                "lon": 77.66454
              },
              {
                "name": "Electronic City",
                "name_kn": "ಎಲೆಕ್ಟ್ರೊನಿಕ್ ಕಿಟೆ",
                "stop_id": "21933",
                "lat": 12.84815,
                "lon": 77.67083
              },
              {
                "name": "Veerasandra",
                "name_kn": "ವೀರಸಂದ್ರ",
                "stop_id": "22594",
                "lat": 12.83997,
                "lon": 77.67709
              },
              {
                "name": "Huskur Gate",
                "name_kn": "ಹುಸ್ಕುರ್ ಗಟೆ",
                "stop_id": "22063",
                "lat": 12.8361,
                "lon": 77.67942
              },
              {
                "name": "SFS High School Hebbagodi",
                "name_kn": "ಸ್ೞ್ಸ್ ಹಿಘ್ ಸ್ಚೂಲ್ ಹೆಬ್ಬಗೊದಿ",
                "stop_id": "39202",
                "lat": 12.83378,
                "lon": 77.68021
              },
              {
                "name": "Hebbagodi",
                "name_kn": "ಹೆಬ್ಬಗೊದಿ",
                "stop_id": "22017",
                "lat": 12.82752,
                "lon": 77.68224
              },
              {
                "name": "Bommasandra",
                "name_kn": "ಬೊಮ್ಮಸಂದ್ರ",
                "stop_id": "21775",
                "lat": 12.81869,
                "lon": 77.68947
              },
              {
                "name": "BTL College",
                "name_kn": "ಬ್ಟ್ಲ್ ಕೊಲ್ಲೆಗೆ",
                "stop_id": "21786",
                "lat": 12.81185,
                "lon": 77.69485
              },
              {
                "name": "Hennagara Gate",
                "name_kn": "ಹೆಂನಗರ ಗಟೆ",
                "stop_id": "22023",
                "lat": 12.80676,
                "lon": 77.69892
              },
              {
                "name": "Chandapura",
                "name_kn": "ಚಂದಪುರ",
                "stop_id": "35916",
                "lat": 12.80181,
                "lon": 77.70512
              },
              {
                "name": "Chandapura KEB",
                "name_kn": "ಚಂದಪುರ ಕೆಬ್",
                "stop_id": "23834",
                "lat": 12.79874,
                "lon": 77.70603
              },
              {
                "name": "Suryacity Gate",
                "name_kn": "ಸುರೆಕಿಟೆ ಗಟೆ",
                "stop_id": "35227",
                "lat": 12.79265,
                "lon": 77.70614
              },
              {
                "name": "Surya Nagara",
                "name_kn": "ಸುರೆ ನಗರ",
                "stop_id": "23833",
                "lat": 12.79081,
                "lon": 77.70578
              },
              {
                "name": "Iggluru",
                "name_kn": "ಇಗ್ಗ್ಲುರು",
                "stop_id": "23835",
                "lat": 12.78647,
                "lon": 77.70328
              },
              {
                "name": "Ramakrishnapura Gate",
                "name_kn": "ರಮಕ್ರಿಶ್ನಪುರ ಗಟೆ",
                "stop_id": "35163",
                "lat": 12.77904,
                "lon": 77.70215
              },
              {
                "name": "Ramakrishnapura Circle",
                "name_kn": "ರಮಕ್ರಿಶ್ನಪುರ ಕಿರ್ಕ್ಲೆ",
                "stop_id": "27912",
                "lat": 12.7801,
                "lon": 77.69461
              },
              {
                "name": "Suryanagara 2nd Stage B Block",
                "name_kn": "ಸುರೆನಗರ 2ಂದ್ ಸ್ಟಗೆ ಬ್ ಬ್ಲೊಕ್ಕ್",
                "stop_id": "39303",
                "lat": 12.77274,
                "lon": 77.6862
              },
              {
                "name": "Hinnakki Village",
                "name_kn": "ಹಿಂನಕ್ಕಿ ವಿಲ್ಲಗೆ",
                "stop_id": "39549",
                "lat": 12.77689,
                "lon": 77.68143
              }
            ]
          },
          {
            "Route": "EXP-KBS3A",
            "RouteId": 15733,
            "RouteParentId": 8438,
            "Destination": "Attibele Bus Stand",
            "Via": "",
            "Area": "Kempegowda Bus Station",
            "PlatformNumber": "8",
            "KannadaDestination": "ಅಟಿಬೆಲೆ ಬುಸ್ ಸ್ಟಂದ್",
            "KannadaArea": "ಕೆಂಪೇಗೌಡ ಬಸ್ ನಿಲ್ದಾಣ",
            "KannadaVia": "",
            "FromStationId": 21166,
            "Stops": [
              {
                "name": "Shanthinagara Bus Station",
                "name_kn": "ಶಂತಿನಗರ ಬುಸ್ ಸ್ಟಟಿೊಂ",
                "stop_id": "21166",
                "lat": 12.95449,
                "lon": 77.59258
              },
              {
                "name": "Lakkasandra",
                "name_kn": "ಲಕ್ಕಸಂದ್ರ",
                "stop_id": "20965",
                "lat": 12.94318,
                "lon": 77.59735
              },
              {
                "name": "St Johns Hospital",
                "name_kn": "ಸ್ಟ್ ಜೊಹ್ಂಸ್ ಹೊಸ್ಪಿಟಲ್",
                "stop_id": "21191",
                "lat": 12.92959,
                "lon": 77.61584
              },
              {
                "name": "Madivala",
                "name_kn": "ಮದಿವಲ",
                "stop_id": "20973",
                "lat": 12.92166,
                "lon": 77.62146
              },
              {
                "name": "Roopena Agrahara",
                "name_kn": "ರೂಪೆನ ಗ್ರಹರ",
                "stop_id": "37600",
                "lat": 12.91185,
                "lon": 77.626
              },
              {
                "name": "Roopena Agrahara Toll",
                "name_kn": "ರೂಪೆನ ಗ್ರಹರ ಟೊಲ್ಲ್",
                "stop_id": "37735",
                "lat": 12.91166,
                "lon": 77.62617
              },
              {
                "name": "Electronic City FLY",
                "name_kn": "ಎಲೆಕ್ಟ್ರೊನಿಕ್ ಕಿಟೆ ೞ್ಲೆ",
                "stop_id": "35801",
                "lat": 12.84807,
                "lon": 77.67071
              },
              {
                "name": "Hebbagodi",
                "name_kn": "ಹೆಬ್ಬಗೊದಿ",
                "stop_id": "22017",
                "lat": 12.82752,
                "lon": 77.68224
              },
              {
                "name": "Chandapura",
                "name_kn": "ಚಂದಪುರ",
                "stop_id": "21817",
                "lat": 12.80258,
                "lon": 77.70457
              },
              {
                "name": "Guestline Hotel",
                "name_kn": "ಗುೆಸ್ಟ್ಲಿನೆ ಹೊಟೆಲ್",
                "stop_id": "21992",
                "lat": 12.78673,
                "lon": 77.7419
              },
              {
                "name": "Attibele Bus Stand",
                "name_kn": "ಅಟಿಬೆಲೆ ಬುಸ್ ಸ್ಟಂದ್",
                "stop_id": "21670",
                "lat": 12.77805,
                "lon": 77.77034
              }
            ]
          },
          {
            "Route": "EXP-356KA",
            "RouteId": 15854,
            "RouteParentId": 8499,
            "Destination": "Anekal",
            "Via": "",
            "Area": "Kempegowda Bus Station",
            "PlatformNumber": "8",
            "KannadaDestination": "ಅನೆಕಲ್",
            "KannadaArea": "ಕೆಂಪೇಗೌಡ ಬಸ್ ನಿಲ್ದಾಣ",
            "KannadaVia": "",
            "FromStationId": 21166,
            "Stops": [
              {
                "name": "Shanthinagara Bus Station",
                "name_kn": "ಶಂತಿನಗರ ಬುಸ್ ಸ್ಟಟಿೊಂ",
                "stop_id": "21166",
                "lat": 12.95449,
                "lon": 77.59258
              },
              {
                "name": "Lakkasandra",
                "name_kn": "ಲಕ್ಕಸಂದ್ರ",
                "stop_id": "20965",
                "lat": 12.94318,
                "lon": 77.59735
              },
              {
                "name": "St Johns Hospital",
                "name_kn": "ಸ್ಟ್ ಜೊಹ್ಂಸ್ ಹೊಸ್ಪಿಟಲ್",
                "stop_id": "21191",
                "lat": 12.92959,
                "lon": 77.61584
              },
              {
                "name": "Madivala",
                "name_kn": "ಮದಿವಲ",
                "stop_id": "20973",
                "lat": 12.92166,
                "lon": 77.62146
              },
              {
                "name": "Roopena Agrahara FLY",
                "name_kn": "ರೂಪೆನ ಗ್ರಹರ ೞ್ಲೆ",
                "stop_id": "35774",
                "lat": 12.91212,
                "lon": 77.62589
              },
              {
                "name": "Roopena Agrahara Toll",
                "name_kn": "ರೂಪೆನ ಗ್ರಹರ ಟೊಲ್ಲ್",
                "stop_id": "37735",
                "lat": 12.91166,
                "lon": 77.62617
              },
              {
                "name": "Electronic City FLY",
                "name_kn": "ಎಲೆಕ್ಟ್ರೊನಿಕ್ ಕಿಟೆ ೞ್ಲೆ",
                "stop_id": "35801",
                "lat": 12.84807,
                "lon": 77.67071
              },
              {
                "name": "Hebbagodi",
                "name_kn": "ಹೆಬ್ಬಗೊದಿ",
                "stop_id": "22017",
                "lat": 12.82752,
                "lon": 77.68224
              },
              {
                "name": "Chandapura",
                "name_kn": "ಚಂದಪುರ",
                "stop_id": "35916",
                "lat": 12.80181,
                "lon": 77.70512
              },
              {
                "name": "Marasur Gate",
                "name_kn": "ಮರಸುರ್ ಗಟೆ",
                "stop_id": "23837",
                "lat": 12.76983,
                "lon": 77.70145
              },
              {
                "name": "Anekal",
                "name_kn": "ಅನೆಕಲ್",
                "stop_id": "23094",
                "lat": 12.70939,
                "lon": 77.69641
              }
            ]
          },
          {
            "Route": "365",
            "RouteId": 1667,
            "RouteParentId": 997,
            "Destination": "Bannerughatta National Park",
            "Via": "",
            "Area": "Kempegowda Bus Station",
            "PlatformNumber": "8",
            "KannadaDestination": "ಬಂನೆರುಘಟ ನಟಿೊನಲ್ ಪರ್ಕ್",
            "KannadaArea": "ಕೆಂಪೇಗೌಡ ಬಸ್ ನಿಲ್ದಾಣ",
            "KannadaVia": "",
            "FromStationId": 21166,
            "Stops": [
              {
                "name": "Shanthinagara Bus Station",
                "name_kn": "ಶಂತಿನಗರ ಬುಸ್ ಸ್ಟಟಿೊಂ",
                "stop_id": "21166",
                "lat": 12.95449,
                "lon": 77.59258
              },
              {
                "name": "Wilson Garden Police Station",
                "name_kn": "ವಿಲ್ಸೊಂ ಗರ್ದೆಂ ಪೊಲಿಕೆ ಸ್ಟಟಿೊಂ",
                "stop_id": "21280",
                "lat": 12.95141,
                "lon": 77.5951
              },
              {
                "name": "Wilson Garden 12th Cross",
                "name_kn": "ವಿಲ್ಸೊಂ ಗರ್ದೆಂ 12ತ್ ಕ್ರೊಸ್ಸ್",
                "stop_id": "20560",
                "lat": 12.94725,
                "lon": 77.59794
              },
              {
                "name": "Lakkasandra",
                "name_kn": "ಲಕ್ಕಸಂದ್ರ",
                "stop_id": "20965",
                "lat": 12.94318,
                "lon": 77.59735
              },
              {
                "name": "Nimhans Hospital",
                "name_kn": "ನಿಂಹಂಸ್ ಹೊಸ್ಪಿಟಲ್",
                "stop_id": "21064",
                "lat": 12.93989,
                "lon": 77.59775
              },
              {
                "name": "Bengaluru Dairy Circle",
                "name_kn": "ಬೆಙಲುರು ದೈರೆ ಕಿರ್ಕ್ಲೆ",
                "stop_id": "35108",
                "lat": 12.93535,
                "lon": 77.60143
              },
              {
                "name": "Ananda Ashrama (BG Rd)",
                "name_kn": "ಅನಂದ ಶ್ರಮ (ಬ್ಗ್ ರ್ದ್)",
                "stop_id": "22744",
                "lat": 12.9275,
                "lon": 77.60062
              },
              {
                "name": "Jalabhavan",
                "name_kn": "ಜಲಭವಂ",
                "stop_id": "35767",
                "lat": 12.92316,
                "lon": 77.60036
              },
              {
                "name": "Gurappanapalya",
                "name_kn": "ಗುರಪ್ಪನಪಲೆ",
                "stop_id": "22745",
                "lat": 12.91985,
                "lon": 77.60025
              },
              {
                "name": "MICO Layout Checkpost Gopalan mall",
                "name_kn": "ಮಿಕೊ ಲಯೌಟ್ ಚೆಕ್ಕ್ಪೊಸ್ಟ್ ಗೊಪಲಂ ಮಲ್ಲ್",
                "stop_id": "23575",
                "lat": 12.91413,
                "lon": 77.60001
              },
              {
                "name": "JP Nagara 3rd Phase",
                "name_kn": "ಜ್ಪ್ ನಗರ 3ರ್ದ್ ಫಸೆ",
                "stop_id": "35076",
                "lat": 12.90809,
                "lon": 77.60045
              },
              {
                "name": "Bilekahalli",
                "name_kn": "ಬಿಲೆಕಹಲ್ಲಿ",
                "stop_id": "23577",
                "lat": 12.90079,
                "lon": 77.60112
              },
              {
                "name": "Apollo Hospital",
                "name_kn": "ಅಪೊಲ್ಲೊ ಹೊಸ್ಪಿಟಲ್",
                "stop_id": "23578",
                "lat": 12.89662,
                "lon": 77.6
              },
              {
                "name": "HSBC",
                "name_kn": "ಹ್ಸ್ಬ್ಕ್",
                "stop_id": "35120",
                "lat": 12.89202,
                "lon": 77.59882
              },
              {
                "name": "Arakere Gate",
                "name_kn": "ಅರಕೆರೆ ಗಟೆ",
                "stop_id": "23145",
                "lat": 12.89024,
                "lon": 77.59811
              },
              {
                "name": "BPL",
                "name_kn": "ಬ್ಪ್ಲ್",
                "stop_id": "35109",
                "lat": 12.88702,
                "lon": 77.59697
              },
              {
                "name": "Hulimavu Gate",
                "name_kn": "ಹುಲಿಮವು ಗಟೆ",
                "stop_id": "22749",
                "lat": 12.8822,
                "lon": 77.59623
              },
              {
                "name": "Meenakshi Temple",
                "name_kn": "ಮೀನಕ್ಷಿ ಟೆಂಪ್ಲೆ",
                "stop_id": "23584",
                "lat": 12.87467,
                "lon": 77.5949
              },
              {
                "name": "Loyola School",
                "name_kn": "ಲೊಯೊಲ ಸ್ಚೂಲ್",
                "stop_id": "35161",
                "lat": 12.87103,
                "lon": 77.59364
              },
              {
                "name": "Kalena Agrahara",
                "name_kn": "ಕಲೆನ ಗ್ರಹರ",
                "stop_id": "23586",
                "lat": 12.86671,
                "lon": 77.59215
              },
              {
                "name": "Himagiri",
                "name_kn": "ಹಿಮಗಿರಿ",
                "stop_id": "23587",
                "lat": 12.86231,
                "lon": 77.59059
              },
              {
                "name": "Gottigere",
                "name_kn": "ಗೊಟಿಗೆರೆ",
                "stop_id": "23588",
                "lat": 12.85652,
                "lon": 77.5889
              },
              {
                "name": "T John College",
                "name_kn": "ಟ್ ಜೊಹ್ಂ ಕೊಲ್ಲೆಗೆ",
                "stop_id": "35130",
                "lat": 12.84984,
                "lon": 77.58834
              },
              {
                "name": "Basavanapura Gate",
                "name_kn": "ಬಸವನಪುರ ಗಟೆ",
                "stop_id": "22752",
                "lat": 12.84634,
                "lon": 77.58822
              },
              {
                "name": "Koli Farm Gate",
                "name_kn": "ಕೊಲಿ ೞರ್ಂ ಗಟೆ",
                "stop_id": "35093",
                "lat": 12.84145,
                "lon": 77.58859
              },
              {
                "name": "Kalkere",
                "name_kn": "ಕಲ್ಕೆರೆ",
                "stop_id": "35062",
                "lat": 12.83262,
                "lon": 77.58906
              },
              {
                "name": "AMC College",
                "name_kn": "ಅಂಕ್ ಕೊಲ್ಲೆಗೆ",
                "stop_id": "23060",
                "lat": 12.82938,
                "lon": 77.58759
              },
              {
                "name": "Sampangiram Nagara",
                "name_kn": "ಸಂಪಙಿರಂ ನಗರ",
                "stop_id": "23779",
                "lat": 12.82533,
                "lon": 77.58621
              },
              {
                "name": "Rayan International School",
                "name_kn": "ರಯಂ ಿಂಟೆರ್ನಟಿೊನಲ್ ಸ್ಚೂಲ್",
                "stop_id": "23780",
                "lat": 12.81956,
                "lon": 77.58481
              },
              {
                "name": "Ananda Ashrama Bannerughatta",
                "name_kn": "ಅನಂದ ಶ್ರಮ ಬಂನೆರುಘಟ",
                "stop_id": "39749",
                "lat": 12.81799,
                "lon": 77.58412
              },
              {
                "name": "Vijaya Bank Bannerughatta",
                "name_kn": "ವಿಜಯ ಬಂಕ್ ಬಂನೆರುಘಟ",
                "stop_id": "23781",
                "lat": 12.81559,
                "lon": 77.58317
              },
              {
                "name": "Bannerughatta Circle",
                "name_kn": "ಬಂನೆರುಘಟ ಕಿರ್ಕ್ಲೆ",
                "stop_id": "39211",
                "lat": 12.81365,
                "lon": 77.58088
              },
              {
                "name": "Prabasnagara",
                "name_kn": "ಪ್ರಬಸ್ನಗರ",
                "stop_id": "23783",
                "lat": 12.81172,
                "lon": 77.57851
              },
              {
                "name": "Sampigehalli Bannerughatta",
                "name_kn": "ಸಂಪಿಗೆಹಲ್ಲಿ ಬಂನೆರುಘಟ",
                "stop_id": "35054",
                "lat": 12.80536,
                "lon": 77.57887
              },
              {
                "name": "Bannerughatta National Park",
                "name_kn": "ಬಂನೆರುಘಟ ನಟಿೊನಲ್ ಪರ್ಕ್",
                "stop_id": "23785",
                "lat": 12.80079,
                "lon": 77.57787
              }
            ]
          },
          {
            "Route": "365-J",
            "RouteId": 1802,
            "RouteParentId": 1070,
            "Destination": "Jigani APC Circle",
            "Via": "",
            "Area": "Kempegowda Bus Station",
            "PlatformNumber": "8",
            "KannadaDestination": "ಜಿಗನಿ ಪ್ಕ್ ಕಿರ್ಕ್ಲೆ",
            "KannadaArea": "ಕೆಂಪೇಗೌಡ ಬಸ್ ನಿಲ್ದಾಣ",
            "KannadaVia": "",
            "FromStationId": 21166,
            "Stops": [
              {
                "name": "Shanthinagara Bus Station",
                "name_kn": "ಶಂತಿನಗರ ಬುಸ್ ಸ್ಟಟಿೊಂ",
                "stop_id": "21166",
                "lat": 12.95449,
                "lon": 77.59258
              },
              {
                "name": "Wilson Garden Police Station",
                "name_kn": "ವಿಲ್ಸೊಂ ಗರ್ದೆಂ ಪೊಲಿಕೆ ಸ್ಟಟಿೊಂ",
                "stop_id": "21280",
                "lat": 12.95141,
                "lon": 77.5951
              },
              {
                "name": "Wilson Garden 12th Cross",
                "name_kn": "ವಿಲ್ಸೊಂ ಗರ್ದೆಂ 12ತ್ ಕ್ರೊಸ್ಸ್",
                "stop_id": "20560",
                "lat": 12.94725,
                "lon": 77.59794
              },
              {
                "name": "Lakkasandra",
                "name_kn": "ಲಕ್ಕಸಂದ್ರ",
                "stop_id": "20965",
                "lat": 12.94318,
                "lon": 77.59735
              },
              {
                "name": "Nimhans Hospital",
                "name_kn": "ನಿಂಹಂಸ್ ಹೊಸ್ಪಿಟಲ್",
                "stop_id": "21064",
                "lat": 12.93989,
                "lon": 77.59775
              },
              {
                "name": "Bengaluru Dairy Circle",
                "name_kn": "ಬೆಙಲುರು ದೈರೆ ಕಿರ್ಕ್ಲೆ",
                "stop_id": "35108",
                "lat": 12.93535,
                "lon": 77.60143
              },
              {
                "name": "Ananda Ashrama (BG Rd)",
                "name_kn": "ಅನಂದ ಶ್ರಮ (ಬ್ಗ್ ರ್ದ್)",
                "stop_id": "22744",
                "lat": 12.9275,
                "lon": 77.60062
              },
              {
                "name": "Jalabhavan",
                "name_kn": "ಜಲಭವಂ",
                "stop_id": "35767",
                "lat": 12.92316,
                "lon": 77.60036
              },
              {
                "name": "Gurappanapalya",
                "name_kn": "ಗುರಪ್ಪನಪಲೆ",
                "stop_id": "22745",
                "lat": 12.91985,
                "lon": 77.60025
              },
              {
                "name": "MICO Layout Checkpost Gopalan mall",
                "name_kn": "ಮಿಕೊ ಲಯೌಟ್ ಚೆಕ್ಕ್ಪೊಸ್ಟ್ ಗೊಪಲಂ ಮಲ್ಲ್",
                "stop_id": "23575",
                "lat": 12.91413,
                "lon": 77.60001
              },
              {
                "name": "JP Nagara 3rd Phase",
                "name_kn": "ಜ್ಪ್ ನಗರ 3ರ್ದ್ ಫಸೆ",
                "stop_id": "35076",
                "lat": 12.90809,
                "lon": 77.60045
              },
              {
                "name": "Bilekahalli",
                "name_kn": "ಬಿಲೆಕಹಲ್ಲಿ",
                "stop_id": "23577",
                "lat": 12.90079,
                "lon": 77.60112
              },
              {
                "name": "Apollo Hospital",
                "name_kn": "ಅಪೊಲ್ಲೊ ಹೊಸ್ಪಿಟಲ್",
                "stop_id": "23578",
                "lat": 12.89662,
                "lon": 77.6
              },
              {
                "name": "HSBC",
                "name_kn": "ಹ್ಸ್ಬ್ಕ್",
                "stop_id": "35120",
                "lat": 12.89202,
                "lon": 77.59882
              },
              {
                "name": "Arakere Gate",
                "name_kn": "ಅರಕೆರೆ ಗಟೆ",
                "stop_id": "23145",
                "lat": 12.89024,
                "lon": 77.59811
              },
              {
                "name": "BPL",
                "name_kn": "ಬ್ಪ್ಲ್",
                "stop_id": "35109",
                "lat": 12.88702,
                "lon": 77.59697
              },
              {
                "name": "Hulimavu Gate",
                "name_kn": "ಹುಲಿಮವು ಗಟೆ",
                "stop_id": "22749",
                "lat": 12.8822,
                "lon": 77.59623
              },
              {
                "name": "Meenakshi Temple",
                "name_kn": "ಮೀನಕ್ಷಿ ಟೆಂಪ್ಲೆ",
                "stop_id": "23584",
                "lat": 12.87467,
                "lon": 77.5949
              },
              {
                "name": "Loyola School",
                "name_kn": "ಲೊಯೊಲ ಸ್ಚೂಲ್",
                "stop_id": "35161",
                "lat": 12.87103,
                "lon": 77.59364
              },
              {
                "name": "Kalena Agrahara",
                "name_kn": "ಕಲೆನ ಗ್ರಹರ",
                "stop_id": "23586",
                "lat": 12.86671,
                "lon": 77.59215
              },
              {
                "name": "Himagiri",
                "name_kn": "ಹಿಮಗಿರಿ",
                "stop_id": "23587",
                "lat": 12.86231,
                "lon": 77.59059
              },
              {
                "name": "Gottigere",
                "name_kn": "ಗೊಟಿಗೆರೆ",
                "stop_id": "23588",
                "lat": 12.85652,
                "lon": 77.5889
              },
              {
                "name": "T John College",
                "name_kn": "ಟ್ ಜೊಹ್ಂ ಕೊಲ್ಲೆಗೆ",
                "stop_id": "35130",
                "lat": 12.84984,
                "lon": 77.58834
              },
              {
                "name": "Basavanapura Gate",
                "name_kn": "ಬಸವನಪುರ ಗಟೆ",
                "stop_id": "22752",
                "lat": 12.84634,
                "lon": 77.58822
              },
              {
                "name": "Koli Farm Gate",
                "name_kn": "ಕೊಲಿ ೞರ್ಂ ಗಟೆ",
                "stop_id": "35093",
                "lat": 12.84145,
                "lon": 77.58859
              },
              {
                "name": "Kalkere",
                "name_kn": "ಕಲ್ಕೆರೆ",
                "stop_id": "35062",
                "lat": 12.83262,
                "lon": 77.58906
              },
              {
                "name": "AMC College",
                "name_kn": "ಅಂಕ್ ಕೊಲ್ಲೆಗೆ",
                "stop_id": "23060",
                "lat": 12.82938,
                "lon": 77.58759
              },
              {
                "name": "Sampangiram Nagara",
                "name_kn": "ಸಂಪಙಿರಂ ನಗರ",
                "stop_id": "23779",
                "lat": 12.82533,
                "lon": 77.58621
              },
              {
                "name": "Rayan International School",
                "name_kn": "ರಯಂ ಿಂಟೆರ್ನಟಿೊನಲ್ ಸ್ಚೂಲ್",
                "stop_id": "23780",
                "lat": 12.81956,
                "lon": 77.58481
              },
              {
                "name": "Ananda Ashrama Bannerughatta",
                "name_kn": "ಅನಂದ ಶ್ರಮ ಬಂನೆರುಘಟ",
                "stop_id": "39749",
                "lat": 12.81799,
                "lon": 77.58412
              },
              {
                "name": "Vijaya Bank Bannerughatta",
                "name_kn": "ವಿಜಯ ಬಂಕ್ ಬಂನೆರುಘಟ",
                "stop_id": "23781",
                "lat": 12.81559,
                "lon": 77.58317
              },
              {
                "name": "Bannerughatta Circle",
                "name_kn": "ಬಂನೆರುಘಟ ಕಿರ್ಕ್ಲೆ",
                "stop_id": "35145",
                "lat": 12.8135,
                "lon": 77.58127
              },
              {
                "name": "Sarala Birla Academy",
                "name_kn": "ಸರಲ ಬಿರ್ಲ ಕದೆಮೆ",
                "stop_id": "24076",
                "lat": 12.8117,
                "lon": 77.58446
              },
              {
                "name": "Junglepalya Gate",
                "name_kn": "ಜುಙ್ಲೆಪಲೆ ಗಟೆ",
                "stop_id": "24077",
                "lat": 12.80837,
                "lon": 77.59051
              },
              {
                "name": "Mantapa Cross",
                "name_kn": "ಮಂಟಪ ಕ್ರೊಸ್ಸ್",
                "stop_id": "22779",
                "lat": 12.80303,
                "lon": 77.59615
              },
              {
                "name": "Ragihalli Gate",
                "name_kn": "ರಗಿಹಲ್ಲಿ ಗಟೆ",
                "stop_id": "24079",
                "lat": 12.80036,
                "lon": 77.59897
              },
              {
                "name": "Begihalli",
                "name_kn": "ಬೆಗಿಹಲ್ಲಿ",
                "stop_id": "24080",
                "lat": 12.79796,
                "lon": 77.60381
              },
              {
                "name": "Koppa Gate",
                "name_kn": "ಕೊಪ್ಪ ಗಟೆ",
                "stop_id": "24081",
                "lat": 12.79639,
                "lon": 77.61621
              },
              {
                "name": "Harapanahalli",
                "name_kn": "ಹರಪನಹಲ್ಲಿ",
                "stop_id": "35085",
                "lat": 12.79197,
                "lon": 77.62352
              },
              {
                "name": "Jigani Double Road",
                "name_kn": "ಜಿಗನಿ ದೌಬ್ಲೆ ರೊದ್",
                "stop_id": "35299",
                "lat": 12.78862,
                "lon": 77.62959
              },
              {
                "name": "Jigani Tent",
                "name_kn": "ಜಿಗನಿ ಟೆಂಟ್",
                "stop_id": "24084",
                "lat": 12.78737,
                "lon": 77.63331
              },
              {
                "name": "Jigani Bus Stand",
                "name_kn": "ಜಿಗನಿ ಬುಸ್ ಸ್ಟಂದ್",
                "stop_id": "24085",
                "lat": 12.78664,
                "lon": 77.63743
              },
              {
                "name": "Jigani APC Circle",
                "name_kn": "ಜಿಗನಿ ಪ್ಕ್ ಕಿರ್ಕ್ಲೆ",
                "stop_id": "35167",
                "lat": 12.77935,
                "lon": 77.64358
              }
            ]
          },
          {
            "Route": "369-G",
            "RouteId": 1981,
            "RouteParentId": 1166,
            "Destination": "Chikka Kammanahalli",
            "Via": "",
            "Area": "Kempegowda Bus Station",
            "PlatformNumber": "8",
            "KannadaDestination": "ಚಿಕ್ಕ ಕಮ್ಮನಹಲ್ಲಿ",
            "KannadaArea": "ಕೆಂಪೇಗೌಡ ಬಸ್ ನಿಲ್ದಾಣ",
            "KannadaVia": "",
            "FromStationId": 21166,
            "Stops": [
              {
                "name": "Shanthinagara Bus Station",
                "name_kn": "ಶಂತಿನಗರ ಬುಸ್ ಸ್ಟಟಿೊಂ",
                "stop_id": "21166",
                "lat": 12.95449,
                "lon": 77.59258
              },
              {
                "name": "Wilson Garden Police Station",
                "name_kn": "ವಿಲ್ಸೊಂ ಗರ್ದೆಂ ಪೊಲಿಕೆ ಸ್ಟಟಿೊಂ",
                "stop_id": "21280",
                "lat": 12.95141,
                "lon": 77.5951
              },
              {
                "name": "Wilson Garden 12th Cross",
                "name_kn": "ವಿಲ್ಸೊಂ ಗರ್ದೆಂ 12ತ್ ಕ್ರೊಸ್ಸ್",
                "stop_id": "20560",
                "lat": 12.94725,
                "lon": 77.59794
              },
              {
                "name": "Lakkasandra",
                "name_kn": "ಲಕ್ಕಸಂದ್ರ",
                "stop_id": "20965",
                "lat": 12.94318,
                "lon": 77.59735
              },
              {
                "name": "Nimhans Hospital",
                "name_kn": "ನಿಂಹಂಸ್ ಹೊಸ್ಪಿಟಲ್",
                "stop_id": "21064",
                "lat": 12.93989,
                "lon": 77.59775
              },
              {
                "name": "Bengaluru Dairy Circle",
                "name_kn": "ಬೆಙಲುರು ದೈರೆ ಕಿರ್ಕ್ಲೆ",
                "stop_id": "35108",
                "lat": 12.93535,
                "lon": 77.60143
              },
              {
                "name": "Ananda Ashrama (BG Rd)",
                "name_kn": "ಅನಂದ ಶ್ರಮ (ಬ್ಗ್ ರ್ದ್)",
                "stop_id": "22744",
                "lat": 12.9275,
                "lon": 77.60062
              },
              {
                "name": "Jalabhavan",
                "name_kn": "ಜಲಭವಂ",
                "stop_id": "35767",
                "lat": 12.92316,
                "lon": 77.60036
              },
              {
                "name": "Gurappanapalya",
                "name_kn": "ಗುರಪ್ಪನಪಲೆ",
                "stop_id": "22745",
                "lat": 12.91985,
                "lon": 77.60025
              },
              {
                "name": "MICO Layout Checkpost Gopalan mall",
                "name_kn": "ಮಿಕೊ ಲಯೌಟ್ ಚೆಕ್ಕ್ಪೊಸ್ಟ್ ಗೊಪಲಂ ಮಲ್ಲ್",
                "stop_id": "23575",
                "lat": 12.91413,
                "lon": 77.60001
              },
              {
                "name": "JP Nagara 3rd Phase",
                "name_kn": "ಜ್ಪ್ ನಗರ 3ರ್ದ್ ಫಸೆ",
                "stop_id": "35076",
                "lat": 12.90809,
                "lon": 77.60045
              },
              {
                "name": "Bilekahalli",
                "name_kn": "ಬಿಲೆಕಹಲ್ಲಿ",
                "stop_id": "23577",
                "lat": 12.90079,
                "lon": 77.60112
              },
              {
                "name": "Apollo Hospital",
                "name_kn": "ಅಪೊಲ್ಲೊ ಹೊಸ್ಪಿಟಲ್",
                "stop_id": "23578",
                "lat": 12.89662,
                "lon": 77.6
              },
              {
                "name": "HSBC",
                "name_kn": "ಹ್ಸ್ಬ್ಕ್",
                "stop_id": "35120",
                "lat": 12.89202,
                "lon": 77.59882
              },
              {
                "name": "Arakere Gate",
                "name_kn": "ಅರಕೆರೆ ಗಟೆ",
                "stop_id": "23145",
                "lat": 12.89024,
                "lon": 77.59811
              },
              {
                "name": "BPL",
                "name_kn": "ಬ್ಪ್ಲ್",
                "stop_id": "35109",
                "lat": 12.88702,
                "lon": 77.59697
              },
              {
                "name": "Hulimavu Gate",
                "name_kn": "ಹುಲಿಮವು ಗಟೆ",
                "stop_id": "22749",
                "lat": 12.8822,
                "lon": 77.59623
              },
              {
                "name": "Meenakshi Temple",
                "name_kn": "ಮೀನಕ್ಷಿ ಟೆಂಪ್ಲೆ",
                "stop_id": "23584",
                "lat": 12.87467,
                "lon": 77.5949
              },
              {
                "name": "Nobo Nagara",
                "name_kn": "ನೊಬೊ ನಗರ",
                "stop_id": "27501",
                "lat": 12.8682,
                "lon": 77.59783
              },
              {
                "name": "AECS Dental College",
                "name_kn": "ಅೆಕ್ಸ್ ದೆಂಟಲ್ ಕೊಲ್ಲೆಗೆ",
                "stop_id": "35541",
                "lat": 12.8654,
                "lon": 77.59836
              },
              {
                "name": "Doddakammanahalli",
                "name_kn": "ದೊದ್ದಕಮ್ಮನಹಲ್ಲಿ",
                "stop_id": "32540",
                "lat": 12.85316,
                "lon": 77.59994
              },
              {
                "name": "Chikka Kammanahalli",
                "name_kn": "ಚಿಕ್ಕ ಕಮ್ಮನಹಲ್ಲಿ",
                "stop_id": "32275",
                "lat": 12.84969,
                "lon": 77.59996
              }
            ]
          },
          {
            "Route": "365-D",
            "RouteId": 1983,
            "RouteParentId": 1167,
            "Destination": "Bilavaradahalli",
            "Via": "",
            "Area": "Kempegowda Bus Station",
            "PlatformNumber": "8",
            "KannadaDestination": "ಬಿಲವರದಹಲ್ಲಿ",
            "KannadaArea": "ಕೆಂಪೇಗೌಡ ಬಸ್ ನಿಲ್ದಾಣ",
            "KannadaVia": "",
            "FromStationId": 21166,
            "Stops": [
              {
                "name": "Shanthinagara Bus Station",
                "name_kn": "ಶಂತಿನಗರ ಬುಸ್ ಸ್ಟಟಿೊಂ",
                "stop_id": "21166",
                "lat": 12.95449,
                "lon": 77.59258
              },
              {
                "name": "Wilson Garden Police Station",
                "name_kn": "ವಿಲ್ಸೊಂ ಗರ್ದೆಂ ಪೊಲಿಕೆ ಸ್ಟಟಿೊಂ",
                "stop_id": "21280",
                "lat": 12.95141,
                "lon": 77.5951
              },
              {
                "name": "Wilson Garden 12th Cross",
                "name_kn": "ವಿಲ್ಸೊಂ ಗರ್ದೆಂ 12ತ್ ಕ್ರೊಸ್ಸ್",
                "stop_id": "20560",
                "lat": 12.94725,
                "lon": 77.59794
              },
              {
                "name": "Lakkasandra",
                "name_kn": "ಲಕ್ಕಸಂದ್ರ",
                "stop_id": "20965",
                "lat": 12.94318,
                "lon": 77.59735
              },
              {
                "name": "Nimhans Hospital",
                "name_kn": "ನಿಂಹಂಸ್ ಹೊಸ್ಪಿಟಲ್",
                "stop_id": "21064",
                "lat": 12.93989,
                "lon": 77.59775
              },
              {
                "name": "Bengaluru Dairy Circle",
                "name_kn": "ಬೆಙಲುರು ದೈರೆ ಕಿರ್ಕ್ಲೆ",
                "stop_id": "35108",
                "lat": 12.93535,
                "lon": 77.60143
              },
              {
                "name": "Ananda Ashrama (BG Rd)",
                "name_kn": "ಅನಂದ ಶ್ರಮ (ಬ್ಗ್ ರ್ದ್)",
                "stop_id": "22744",
                "lat": 12.9275,
                "lon": 77.60062
              },
              {
                "name": "Jalabhavan",
                "name_kn": "ಜಲಭವಂ",
                "stop_id": "35767",
                "lat": 12.92316,
                "lon": 77.60036
              },
              {
                "name": "Gurappanapalya",
                "name_kn": "ಗುರಪ್ಪನಪಲೆ",
                "stop_id": "22745",
                "lat": 12.91985,
                "lon": 77.60025
              },
              {
                "name": "MICO Layout Checkpost Gopalan mall",
                "name_kn": "ಮಿಕೊ ಲಯೌಟ್ ಚೆಕ್ಕ್ಪೊಸ್ಟ್ ಗೊಪಲಂ ಮಲ್ಲ್",
                "stop_id": "23575",
                "lat": 12.91413,
                "lon": 77.60001
              },
              {
                "name": "JP Nagara 3rd Phase",
                "name_kn": "ಜ್ಪ್ ನಗರ 3ರ್ದ್ ಫಸೆ",
                "stop_id": "35076",
                "lat": 12.90809,
                "lon": 77.60045
              },
              {
                "name": "Bilekahalli",
                "name_kn": "ಬಿಲೆಕಹಲ್ಲಿ",
                "stop_id": "23577",
                "lat": 12.90079,
                "lon": 77.60112
              },
              {
                "name": "Apollo Hospital",
                "name_kn": "ಅಪೊಲ್ಲೊ ಹೊಸ್ಪಿಟಲ್",
                "stop_id": "23578",
                "lat": 12.89662,
                "lon": 77.6
              },
              {
                "name": "HSBC",
                "name_kn": "ಹ್ಸ್ಬ್ಕ್",
                "stop_id": "35120",
                "lat": 12.89202,
                "lon": 77.59882
              },
              {
                "name": "Arakere Gate",
                "name_kn": "ಅರಕೆರೆ ಗಟೆ",
                "stop_id": "23145",
                "lat": 12.89024,
                "lon": 77.59811
              },
              {
                "name": "BPL",
                "name_kn": "ಬ್ಪ್ಲ್",
                "stop_id": "35109",
                "lat": 12.88702,
                "lon": 77.59697
              },
              {
                "name": "Hulimavu Gate",
                "name_kn": "ಹುಲಿಮವು ಗಟೆ",
                "stop_id": "22749",
                "lat": 12.8822,
                "lon": 77.59623
              },
              {
                "name": "Meenakshi Temple",
                "name_kn": "ಮೀನಕ್ಷಿ ಟೆಂಪ್ಲೆ",
                "stop_id": "23584",
                "lat": 12.87467,
                "lon": 77.5949
              },
              {
                "name": "Loyola School",
                "name_kn": "ಲೊಯೊಲ ಸ್ಚೂಲ್",
                "stop_id": "35161",
                "lat": 12.87103,
                "lon": 77.59364
              },
              {
                "name": "Kalena Agrahara",
                "name_kn": "ಕಲೆನ ಗ್ರಹರ",
                "stop_id": "23586",
                "lat": 12.86671,
                "lon": 77.59215
              },
              {
                "name": "Himagiri",
                "name_kn": "ಹಿಮಗಿರಿ",
                "stop_id": "23587",
                "lat": 12.86231,
                "lon": 77.59059
              },
              {
                "name": "Gottigere",
                "name_kn": "ಗೊಟಿಗೆರೆ",
                "stop_id": "23588",
                "lat": 12.85652,
                "lon": 77.5889
              },
              {
                "name": "T John College",
                "name_kn": "ಟ್ ಜೊಹ್ಂ ಕೊಲ್ಲೆಗೆ",
                "stop_id": "35130",
                "lat": 12.84984,
                "lon": 77.58834
              },
              {
                "name": "Basavanapura Gate",
                "name_kn": "ಬಸವನಪುರ ಗಟೆ",
                "stop_id": "22752",
                "lat": 12.84634,
                "lon": 77.58822
              },
              {
                "name": "Koli Farm Gate",
                "name_kn": "ಕೊಲಿ ೞರ್ಂ ಗಟೆ",
                "stop_id": "35093",
                "lat": 12.84145,
                "lon": 77.58859
              },
              {
                "name": "Weavers Colony",
                "name_kn": "ವೆವೆರ್ಸ್ ಕೊಲೊನೆ",
                "stop_id": "23738",
                "lat": 12.84445,
                "lon": 77.58379
              },
              {
                "name": "Maruthi Badavane",
                "name_kn": "ಮರುತಿ ಬದವನೆ",
                "stop_id": "35110",
                "lat": 12.83994,
                "lon": 77.58055
              },
              {
                "name": "Bilavaradahalli",
                "name_kn": "ಬಿಲವರದಹಲ್ಲಿ",
                "stop_id": "23740",
                "lat": 12.83617,
                "lon": 77.57681
              }
            ]
          },
          {
            "Route": "365-E",
            "RouteId": 1985,
            "RouteParentId": 1168,
            "Destination": "Shanubhoganahalli Bannerughatta",
            "Via": "",
            "Area": "Kempegowda Bus Station",
            "PlatformNumber": "8",
            "KannadaDestination": "ಶನುಭೊಗನಹಲ್ಲಿ ಬಂನೆರುಘಟ",
            "KannadaArea": "ಕೆಂಪೇಗೌಡ ಬಸ್ ನಿಲ್ದಾಣ",
            "KannadaVia": "",
            "FromStationId": 21166,
            "Stops": [
              {
                "name": "Shanthinagara Bus Station",
                "name_kn": "ಶಂತಿನಗರ ಬುಸ್ ಸ್ಟಟಿೊಂ",
                "stop_id": "21166",
                "lat": 12.95449,
                "lon": 77.59258
              },
              {
                "name": "Wilson Garden Police Station",
                "name_kn": "ವಿಲ್ಸೊಂ ಗರ್ದೆಂ ಪೊಲಿಕೆ ಸ್ಟಟಿೊಂ",
                "stop_id": "21280",
                "lat": 12.95141,
                "lon": 77.5951
              },
              {
                "name": "Wilson Garden 12th Cross",
                "name_kn": "ವಿಲ್ಸೊಂ ಗರ್ದೆಂ 12ತ್ ಕ್ರೊಸ್ಸ್",
                "stop_id": "20560",
                "lat": 12.94725,
                "lon": 77.59794
              },
              {
                "name": "Lakkasandra",
                "name_kn": "ಲಕ್ಕಸಂದ್ರ",
                "stop_id": "20965",
                "lat": 12.94318,
                "lon": 77.59735
              },
              {
                "name": "Nimhans Hospital",
                "name_kn": "ನಿಂಹಂಸ್ ಹೊಸ್ಪಿಟಲ್",
                "stop_id": "21064",
                "lat": 12.93989,
                "lon": 77.59775
              },
              {
                "name": "Bengaluru Dairy Circle",
                "name_kn": "ಬೆಙಲುರು ದೈರೆ ಕಿರ್ಕ್ಲೆ",
                "stop_id": "35108",
                "lat": 12.93535,
                "lon": 77.60143
              },
              {
                "name": "Ananda Ashrama (BG Rd)",
                "name_kn": "ಅನಂದ ಶ್ರಮ (ಬ್ಗ್ ರ್ದ್)",
                "stop_id": "22744",
                "lat": 12.9275,
                "lon": 77.60062
              },
              {
                "name": "Jalabhavan",
                "name_kn": "ಜಲಭವಂ",
                "stop_id": "35767",
                "lat": 12.92316,
                "lon": 77.60036
              },
              {
                "name": "Gurappanapalya",
                "name_kn": "ಗುರಪ್ಪನಪಲೆ",
                "stop_id": "22745",
                "lat": 12.91985,
                "lon": 77.60025
              },
              {
                "name": "MICO Layout Checkpost Gopalan mall",
                "name_kn": "ಮಿಕೊ ಲಯೌಟ್ ಚೆಕ್ಕ್ಪೊಸ್ಟ್ ಗೊಪಲಂ ಮಲ್ಲ್",
                "stop_id": "23575",
                "lat": 12.91413,
                "lon": 77.60001
              },
              {
                "name": "JP Nagara 3rd Phase",
                "name_kn": "ಜ್ಪ್ ನಗರ 3ರ್ದ್ ಫಸೆ",
                "stop_id": "35076",
                "lat": 12.90809,
                "lon": 77.60045
              },
              {
                "name": "Bilekahalli",
                "name_kn": "ಬಿಲೆಕಹಲ್ಲಿ",
                "stop_id": "23577",
                "lat": 12.90079,
                "lon": 77.60112
              },
              {
                "name": "Apollo Hospital",
                "name_kn": "ಅಪೊಲ್ಲೊ ಹೊಸ್ಪಿಟಲ್",
                "stop_id": "23578",
                "lat": 12.89662,
                "lon": 77.6
              },
              {
                "name": "HSBC",
                "name_kn": "ಹ್ಸ್ಬ್ಕ್",
                "stop_id": "35120",
                "lat": 12.89202,
                "lon": 77.59882
              },
              {
                "name": "Arakere Gate",
                "name_kn": "ಅರಕೆರೆ ಗಟೆ",
                "stop_id": "23145",
                "lat": 12.89024,
                "lon": 77.59811
              },
              {
                "name": "BPL",
                "name_kn": "ಬ್ಪ್ಲ್",
                "stop_id": "35109",
                "lat": 12.88702,
                "lon": 77.59697
              },
              {
                "name": "Hulimavu Gate",
                "name_kn": "ಹುಲಿಮವು ಗಟೆ",
                "stop_id": "22749",
                "lat": 12.8822,
                "lon": 77.59623
              },
              {
                "name": "Meenakshi Temple",
                "name_kn": "ಮೀನಕ್ಷಿ ಟೆಂಪ್ಲೆ",
                "stop_id": "23584",
                "lat": 12.87467,
                "lon": 77.5949
              },
              {
                "name": "Loyola School",
                "name_kn": "ಲೊಯೊಲ ಸ್ಚೂಲ್",
                "stop_id": "35161",
                "lat": 12.87103,
                "lon": 77.59364
              },
              {
                "name": "Kalena Agrahara",
                "name_kn": "ಕಲೆನ ಗ್ರಹರ",
                "stop_id": "23586",
                "lat": 12.86671,
                "lon": 77.59215
              },
              {
                "name": "Himagiri",
                "name_kn": "ಹಿಮಗಿರಿ",
                "stop_id": "23587",
                "lat": 12.86231,
                "lon": 77.59059
              },
              {
                "name": "Gottigere",
                "name_kn": "ಗೊಟಿಗೆರೆ",
                "stop_id": "23588",
                "lat": 12.85652,
                "lon": 77.5889
              },
              {
                "name": "T John College",
                "name_kn": "ಟ್ ಜೊಹ್ಂ ಕೊಲ್ಲೆಗೆ",
                "stop_id": "35130",
                "lat": 12.84984,
                "lon": 77.58834
              },
              {
                "name": "Basavanapura Gate",
                "name_kn": "ಬಸವನಪುರ ಗಟೆ",
                "stop_id": "22752",
                "lat": 12.84634,
                "lon": 77.58822
              },
              {
                "name": "Koli Farm Gate",
                "name_kn": "ಕೊಲಿ ೞರ್ಂ ಗಟೆ",
                "stop_id": "35093",
                "lat": 12.84145,
                "lon": 77.58859
              },
              {
                "name": "Weavers Colony",
                "name_kn": "ವೆವೆರ್ಸ್ ಕೊಲೊನೆ",
                "stop_id": "23738",
                "lat": 12.84445,
                "lon": 77.58379
              },
              {
                "name": "Maruthi Badavane",
                "name_kn": "ಮರುತಿ ಬದವನೆ",
                "stop_id": "35110",
                "lat": 12.83994,
                "lon": 77.58055
              },
              {
                "name": "Bilavaradahalli",
                "name_kn": "ಬಿಲವರದಹಲ್ಲಿ",
                "stop_id": "23740",
                "lat": 12.83617,
                "lon": 77.57681
              },
              {
                "name": "Muneshwara Temple",
                "name_kn": "ಮುನೆಶ್ವರ ಟೆಂಪ್ಲೆ",
                "stop_id": "35115",
                "lat": 12.83574,
                "lon": 77.57216
              },
              {
                "name": "Anandgiri layout",
                "name_kn": "ಅನಂದ್ಗಿರಿ ಲಯೌಟ್",
                "stop_id": "39923",
                "lat": 12.82781,
                "lon": 77.56638
              },
              {
                "name": "Shanubhoganahalli 1st Cross",
                "name_kn": "ಶನುಭೊಗನಹಲ್ಲಿ 1ಸ್ಟ್ ಕ್ರೊಸ್ಸ್",
                "stop_id": "23742",
                "lat": 12.828,
                "lon": 77.56254
              },
              {
                "name": "Shanubhoganahalli Bannerughatta",
                "name_kn": "ಶನುಭೊಗನಹಲ್ಲಿ ಬಂನೆರುಘಟ",
                "stop_id": "23743",
                "lat": 12.8267,
                "lon": 77.56146
              }
            ]
          },
          {
            "Route": "365-K",
            "RouteId": 3541,
            "RouteParentId": 1993,
            "Destination": "CK Palya",
            "Via": "",
            "Area": "Kempegowda Bus Station",
            "PlatformNumber": "8",
            "KannadaDestination": "ಕ್ಕ್ ಪಲೆ",
            "KannadaArea": "ಕೆಂಪೇಗೌಡ ಬಸ್ ನಿಲ್ದಾಣ",
            "KannadaVia": "",
            "FromStationId": 21166,
            "Stops": [
              {
                "name": "Shanthinagara Bus Station",
                "name_kn": "ಶಂತಿನಗರ ಬುಸ್ ಸ್ಟಟಿೊಂ",
                "stop_id": "21166",
                "lat": 12.95449,
                "lon": 77.59258
              },
              {
                "name": "Wilson Garden Police Station",
                "name_kn": "ವಿಲ್ಸೊಂ ಗರ್ದೆಂ ಪೊಲಿಕೆ ಸ್ಟಟಿೊಂ",
                "stop_id": "21280",
                "lat": 12.95141,
                "lon": 77.5951
              },
              {
                "name": "Wilson Garden 12th Cross",
                "name_kn": "ವಿಲ್ಸೊಂ ಗರ್ದೆಂ 12ತ್ ಕ್ರೊಸ್ಸ್",
                "stop_id": "20560",
                "lat": 12.94725,
                "lon": 77.59794
              },
              {
                "name": "Lakkasandra",
                "name_kn": "ಲಕ್ಕಸಂದ್ರ",
                "stop_id": "20965",
                "lat": 12.94318,
                "lon": 77.59735
              },
              {
                "name": "Nimhans Hospital",
                "name_kn": "ನಿಂಹಂಸ್ ಹೊಸ್ಪಿಟಲ್",
                "stop_id": "21064",
                "lat": 12.93989,
                "lon": 77.59775
              },
              {
                "name": "Bengaluru Dairy Circle",
                "name_kn": "ಬೆಙಲುರು ದೈರೆ ಕಿರ್ಕ್ಲೆ",
                "stop_id": "35108",
                "lat": 12.93535,
                "lon": 77.60143
              },
              {
                "name": "Ananda Ashrama (BG Rd)",
                "name_kn": "ಅನಂದ ಶ್ರಮ (ಬ್ಗ್ ರ್ದ್)",
                "stop_id": "22744",
                "lat": 12.9275,
                "lon": 77.60062
              },
              {
                "name": "Jalabhavan",
                "name_kn": "ಜಲಭವಂ",
                "stop_id": "35767",
                "lat": 12.92316,
                "lon": 77.60036
              },
              {
                "name": "Gurappanapalya",
                "name_kn": "ಗುರಪ್ಪನಪಲೆ",
                "stop_id": "22745",
                "lat": 12.91985,
                "lon": 77.60025
              },
              {
                "name": "MICO Layout Checkpost Gopalan mall",
                "name_kn": "ಮಿಕೊ ಲಯೌಟ್ ಚೆಕ್ಕ್ಪೊಸ್ಟ್ ಗೊಪಲಂ ಮಲ್ಲ್",
                "stop_id": "23575",
                "lat": 12.91413,
                "lon": 77.60001
              },
              {
                "name": "JP Nagara 3rd Phase",
                "name_kn": "ಜ್ಪ್ ನಗರ 3ರ್ದ್ ಫಸೆ",
                "stop_id": "35076",
                "lat": 12.90809,
                "lon": 77.60045
              },
              {
                "name": "Bilekahalli",
                "name_kn": "ಬಿಲೆಕಹಲ್ಲಿ",
                "stop_id": "23577",
                "lat": 12.90079,
                "lon": 77.60112
              },
              {
                "name": "Apollo Hospital",
                "name_kn": "ಅಪೊಲ್ಲೊ ಹೊಸ್ಪಿಟಲ್",
                "stop_id": "23578",
                "lat": 12.89662,
                "lon": 77.6
              },
              {
                "name": "HSBC",
                "name_kn": "ಹ್ಸ್ಬ್ಕ್",
                "stop_id": "35120",
                "lat": 12.89202,
                "lon": 77.59882
              },
              {
                "name": "Arakere Gate",
                "name_kn": "ಅರಕೆರೆ ಗಟೆ",
                "stop_id": "23145",
                "lat": 12.89024,
                "lon": 77.59811
              },
              {
                "name": "BPL",
                "name_kn": "ಬ್ಪ್ಲ್",
                "stop_id": "35109",
                "lat": 12.88702,
                "lon": 77.59697
              },
              {
                "name": "Hulimavu Gate",
                "name_kn": "ಹುಲಿಮವು ಗಟೆ",
                "stop_id": "22749",
                "lat": 12.8822,
                "lon": 77.59623
              },
              {
                "name": "Meenakshi Temple",
                "name_kn": "ಮೀನಕ್ಷಿ ಟೆಂಪ್ಲೆ",
                "stop_id": "23584",
                "lat": 12.87467,
                "lon": 77.5949
              },
              {
                "name": "Loyola School",
                "name_kn": "ಲೊಯೊಲ ಸ್ಚೂಲ್",
                "stop_id": "35161",
                "lat": 12.87103,
                "lon": 77.59364
              },
              {
                "name": "Kalena Agrahara",
                "name_kn": "ಕಲೆನ ಗ್ರಹರ",
                "stop_id": "23586",
                "lat": 12.86671,
                "lon": 77.59215
              },
              {
                "name": "Himagiri",
                "name_kn": "ಹಿಮಗಿರಿ",
                "stop_id": "23587",
                "lat": 12.86231,
                "lon": 77.59059
              },
              {
                "name": "Gottigere",
                "name_kn": "ಗೊಟಿಗೆರೆ",
                "stop_id": "23588",
                "lat": 12.85652,
                "lon": 77.5889
              },
              {
                "name": "T John College",
                "name_kn": "ಟ್ ಜೊಹ್ಂ ಕೊಲ್ಲೆಗೆ",
                "stop_id": "35130",
                "lat": 12.84984,
                "lon": 77.58834
              },
              {
                "name": "Basavanapura Gate",
                "name_kn": "ಬಸವನಪುರ ಗಟೆ",
                "stop_id": "22752",
                "lat": 12.84634,
                "lon": 77.58822
              },
              {
                "name": "Koli Farm Gate",
                "name_kn": "ಕೊಲಿ ೞರ್ಂ ಗಟೆ",
                "stop_id": "35134",
                "lat": 12.84174,
                "lon": 77.58863
              },
              {
                "name": "CK Palya Cross",
                "name_kn": "ಕ್ಕ್ ಪಲೆ ಕ್ರೊಸ್ಸ್",
                "stop_id": "35341",
                "lat": 12.84055,
                "lon": 77.59357
              },
              {
                "name": "Hommadevanahalli Cross",
                "name_kn": "ಹೊಮ್ಮದೆವನಹಲ್ಲಿ ಕ್ರೊಸ್ಸ್",
                "stop_id": "23493",
                "lat": 12.84075,
                "lon": 77.59725
              },
              {
                "name": "CK Palya Dinne",
                "name_kn": "ಕ್ಕ್ ಪಲೆ ದಿಂನೆ",
                "stop_id": "23591",
                "lat": 12.83831,
                "lon": 77.60501
              },
              {
                "name": "CK Palya",
                "name_kn": "ಕ್ಕ್ ಪಲೆ",
                "stop_id": "23592",
                "lat": 12.8334,
                "lon": 77.60871
              }
            ]
          },
          {
            "Route": "365-S",
            "RouteId": 3547,
            "RouteParentId": 1997,
            "Destination": "Mutturayanaswamy Doddy",
            "Via": "",
            "Area": "Kempegowda Bus Station",
            "PlatformNumber": "8",
            "KannadaDestination": "ಮುಟುರಯನಸ್ವಮೆ ದೊದ್ಠೆ",
            "KannadaArea": "ಕೆಂಪೇಗೌಡ ಬಸ್ ನಿಲ್ದಾಣ",
            "KannadaVia": "",
            "FromStationId": 21166,
            "Stops": [
              {
                "name": "Shanthinagara Bus Station",
                "name_kn": "ಶಂತಿನಗರ ಬುಸ್ ಸ್ಟಟಿೊಂ",
                "stop_id": "21166",
                "lat": 12.95449,
                "lon": 77.59258
              },
              {
                "name": "Wilson Garden Police Station",
                "name_kn": "ವಿಲ್ಸೊಂ ಗರ್ದೆಂ ಪೊಲಿಕೆ ಸ್ಟಟಿೊಂ",
                "stop_id": "21280",
                "lat": 12.95141,
                "lon": 77.5951
              },
              {
                "name": "Wilson Garden 12th Cross",
                "name_kn": "ವಿಲ್ಸೊಂ ಗರ್ದೆಂ 12ತ್ ಕ್ರೊಸ್ಸ್",
                "stop_id": "20560",
                "lat": 12.94725,
                "lon": 77.59794
              },
              {
                "name": "Lakkasandra",
                "name_kn": "ಲಕ್ಕಸಂದ್ರ",
                "stop_id": "20965",
                "lat": 12.94318,
                "lon": 77.59735
              },
              {
                "name": "Nimhans Hospital",
                "name_kn": "ನಿಂಹಂಸ್ ಹೊಸ್ಪಿಟಲ್",
                "stop_id": "21064",
                "lat": 12.93989,
                "lon": 77.59775
              },
              {
                "name": "Bengaluru Dairy Circle",
                "name_kn": "ಬೆಙಲುರು ದೈರೆ ಕಿರ್ಕ್ಲೆ",
                "stop_id": "35108",
                "lat": 12.93535,
                "lon": 77.60143
              },
              {
                "name": "Ananda Ashrama (BG Rd)",
                "name_kn": "ಅನಂದ ಶ್ರಮ (ಬ್ಗ್ ರ್ದ್)",
                "stop_id": "22744",
                "lat": 12.9275,
                "lon": 77.60062
              },
              {
                "name": "Jalabhavan",
                "name_kn": "ಜಲಭವಂ",
                "stop_id": "35767",
                "lat": 12.92316,
                "lon": 77.60036
              },
              {
                "name": "Gurappanapalya",
                "name_kn": "ಗುರಪ್ಪನಪಲೆ",
                "stop_id": "22745",
                "lat": 12.91985,
                "lon": 77.60025
              },
              {
                "name": "MICO Layout Checkpost Gopalan mall",
                "name_kn": "ಮಿಕೊ ಲಯೌಟ್ ಚೆಕ್ಕ್ಪೊಸ್ಟ್ ಗೊಪಲಂ ಮಲ್ಲ್",
                "stop_id": "23575",
                "lat": 12.91413,
                "lon": 77.60001
              },
              {
                "name": "JP Nagara 3rd Phase",
                "name_kn": "ಜ್ಪ್ ನಗರ 3ರ್ದ್ ಫಸೆ",
                "stop_id": "35076",
                "lat": 12.90809,
                "lon": 77.60045
              },
              {
                "name": "Bilekahalli",
                "name_kn": "ಬಿಲೆಕಹಲ್ಲಿ",
                "stop_id": "23577",
                "lat": 12.90079,
                "lon": 77.60112
              },
              {
                "name": "Apollo Hospital",
                "name_kn": "ಅಪೊಲ್ಲೊ ಹೊಸ್ಪಿಟಲ್",
                "stop_id": "23578",
                "lat": 12.89662,
                "lon": 77.6
              },
              {
                "name": "HSBC",
                "name_kn": "ಹ್ಸ್ಬ್ಕ್",
                "stop_id": "35120",
                "lat": 12.89202,
                "lon": 77.59882
              },
              {
                "name": "Arakere Gate",
                "name_kn": "ಅರಕೆರೆ ಗಟೆ",
                "stop_id": "23145",
                "lat": 12.89024,
                "lon": 77.59811
              },
              {
                "name": "BPL",
                "name_kn": "ಬ್ಪ್ಲ್",
                "stop_id": "35109",
                "lat": 12.88702,
                "lon": 77.59697
              },
              {
                "name": "Hulimavu Gate",
                "name_kn": "ಹುಲಿಮವು ಗಟೆ",
                "stop_id": "22749",
                "lat": 12.8822,
                "lon": 77.59623
              },
              {
                "name": "Meenakshi Temple",
                "name_kn": "ಮೀನಕ್ಷಿ ಟೆಂಪ್ಲೆ",
                "stop_id": "23584",
                "lat": 12.87467,
                "lon": 77.5949
              },
              {
                "name": "Loyola School",
                "name_kn": "ಲೊಯೊಲ ಸ್ಚೂಲ್",
                "stop_id": "35161",
                "lat": 12.87103,
                "lon": 77.59364
              },
              {
                "name": "Kalena Agrahara",
                "name_kn": "ಕಲೆನ ಗ್ರಹರ",
                "stop_id": "23586",
                "lat": 12.86671,
                "lon": 77.59215
              },
              {
                "name": "Himagiri",
                "name_kn": "ಹಿಮಗಿರಿ",
                "stop_id": "23587",
                "lat": 12.86231,
                "lon": 77.59059
              },
              {
                "name": "Gottigere",
                "name_kn": "ಗೊಟಿಗೆರೆ",
                "stop_id": "23588",
                "lat": 12.85652,
                "lon": 77.5889
              },
              {
                "name": "T John College",
                "name_kn": "ಟ್ ಜೊಹ್ಂ ಕೊಲ್ಲೆಗೆ",
                "stop_id": "35130",
                "lat": 12.84984,
                "lon": 77.58834
              },
              {
                "name": "Basavanapura Gate",
                "name_kn": "ಬಸವನಪುರ ಗಟೆ",
                "stop_id": "22752",
                "lat": 12.84634,
                "lon": 77.58822
              },
              {
                "name": "Koli Farm Gate",
                "name_kn": "ಕೊಲಿ ೞರ್ಂ ಗಟೆ",
                "stop_id": "35093",
                "lat": 12.84145,
                "lon": 77.58859
              },
              {
                "name": "Kalkere",
                "name_kn": "ಕಲ್ಕೆರೆ",
                "stop_id": "35062",
                "lat": 12.83262,
                "lon": 77.58906
              },
              {
                "name": "AMC College",
                "name_kn": "ಅಂಕ್ ಕೊಲ್ಲೆಗೆ",
                "stop_id": "23060",
                "lat": 12.82938,
                "lon": 77.58759
              },
              {
                "name": "Sampangiram Nagara",
                "name_kn": "ಸಂಪಙಿರಂ ನಗರ",
                "stop_id": "23779",
                "lat": 12.82533,
                "lon": 77.58621
              },
              {
                "name": "Rayan International School",
                "name_kn": "ರಯಂ ಿಂಟೆರ್ನಟಿೊನಲ್ ಸ್ಚೂಲ್",
                "stop_id": "23780",
                "lat": 12.81956,
                "lon": 77.58481
              },
              {
                "name": "Ananda Ashrama Bannerughatta",
                "name_kn": "ಅನಂದ ಶ್ರಮ ಬಂನೆರುಘಟ",
                "stop_id": "39749",
                "lat": 12.81799,
                "lon": 77.58412
              },
              {
                "name": "Vijaya Bank Bannerughatta",
                "name_kn": "ವಿಜಯ ಬಂಕ್ ಬಂನೆರುಘಟ",
                "stop_id": "23781",
                "lat": 12.81559,
                "lon": 77.58317
              },
              {
                "name": "Bannerughatta Circle",
                "name_kn": "ಬಂನೆರುಘಟ ಕಿರ್ಕ್ಲೆ",
                "stop_id": "35145",
                "lat": 12.8135,
                "lon": 77.58127
              },
              {
                "name": "Sarala Birla Academy",
                "name_kn": "ಸರಲ ಬಿರ್ಲ ಕದೆಮೆ",
                "stop_id": "24076",
                "lat": 12.8117,
                "lon": 77.58446
              },
              {
                "name": "Junglepalya Gate",
                "name_kn": "ಜುಙ್ಲೆಪಲೆ ಗಟೆ",
                "stop_id": "24077",
                "lat": 12.80837,
                "lon": 77.59051
              },
              {
                "name": "Mantapa Cross",
                "name_kn": "ಮಂಟಪ ಕ್ರೊಸ್ಸ್",
                "stop_id": "22779",
                "lat": 12.80303,
                "lon": 77.59615
              },
              {
                "name": "Ragihalli Gate",
                "name_kn": "ರಗಿಹಲ್ಲಿ ಗಟೆ",
                "stop_id": "24079",
                "lat": 12.80036,
                "lon": 77.59897
              },
              {
                "name": "Begihalli",
                "name_kn": "ಬೆಗಿಹಲ್ಲಿ",
                "stop_id": "24080",
                "lat": 12.79796,
                "lon": 77.60381
              },
              {
                "name": "Koppa Gate",
                "name_kn": "ಕೊಪ್ಪ ಗಟೆ",
                "stop_id": "24081",
                "lat": 12.79639,
                "lon": 77.61621
              },
              {
                "name": "Harapanahalli",
                "name_kn": "ಹರಪನಹಲ್ಲಿ",
                "stop_id": "35085",
                "lat": 12.79197,
                "lon": 77.62352
              },
              {
                "name": "Harapanahalli Village",
                "name_kn": "ಹರಪನಹಲ್ಲಿ ವಿಲ್ಲಗೆ",
                "stop_id": "25764",
                "lat": 12.79075,
                "lon": 77.62223
              },
              {
                "name": "Nisarga Badavane East Gate",
                "name_kn": "ನಿಸರ್ಗ ಬದವನೆ ೆಸ್ಟ್ ಗಟೆ",
                "stop_id": "34167",
                "lat": 12.78732,
                "lon": 77.62171
              },
              {
                "name": "Bukkasagara",
                "name_kn": "ಬುಕ್ಕಸಗರ",
                "stop_id": "32146",
                "lat": 12.77881,
                "lon": 77.61964
              },
              {
                "name": "Mahanthalingapura",
                "name_kn": "ಮಹಂತಲಿಙಪುರ",
                "stop_id": "28630",
                "lat": 12.76664,
                "lon": 77.61854
              },
              {
                "name": "Yallammana doddi",
                "name_kn": "ಯಲ್ಲಮ್ಮನ ದೊದ್ದಿ",
                "stop_id": "35023",
                "lat": 12.74702,
                "lon": 77.60822
              },
              {
                "name": "Krishnayyana Doddy",
                "name_kn": "ಕ್ರಿಶ್ನಯೆನ ದೊದ್ಠೆ",
                "stop_id": "31275",
                "lat": 12.75264,
                "lon": 77.61167
              },
              {
                "name": "Mutturayanaswamy Doddy",
                "name_kn": "ಮುಟುರಯನಸ್ವಮೆ ದೊದ್ಠೆ",
                "stop_id": "34009",
                "lat": 12.74764,
                "lon": 77.61494
              }
            ]
          },
          {
            "Route": "365-B",
            "RouteId": 3558,
            "RouteParentId": 2005,
            "Destination": "Malenallasandra",
            "Via": "",
            "Area": "Kempegowda Bus Station",
            "PlatformNumber": "8",
            "KannadaDestination": "ಮಲೆನಲ್ಲಸಂದ್ರ",
            "KannadaArea": "ಕೆಂಪೇಗೌಡ ಬಸ್ ನಿಲ್ದಾಣ",
            "KannadaVia": "",
            "FromStationId": 21166,
            "Stops": [
              {
                "name": "Shanthinagara Bus Station",
                "name_kn": "ಶಂತಿನಗರ ಬುಸ್ ಸ್ಟಟಿೊಂ",
                "stop_id": "21166",
                "lat": 12.95449,
                "lon": 77.59258
              },
              {
                "name": "Wilson Garden Police Station",
                "name_kn": "ವಿಲ್ಸೊಂ ಗರ್ದೆಂ ಪೊಲಿಕೆ ಸ್ಟಟಿೊಂ",
                "stop_id": "21280",
                "lat": 12.95141,
                "lon": 77.5951
              },
              {
                "name": "Wilson Garden 12th Cross",
                "name_kn": "ವಿಲ್ಸೊಂ ಗರ್ದೆಂ 12ತ್ ಕ್ರೊಸ್ಸ್",
                "stop_id": "20560",
                "lat": 12.94725,
                "lon": 77.59794
              },
              {
                "name": "Lakkasandra",
                "name_kn": "ಲಕ್ಕಸಂದ್ರ",
                "stop_id": "20965",
                "lat": 12.94318,
                "lon": 77.59735
              },
              {
                "name": "Nimhans Hospital",
                "name_kn": "ನಿಂಹಂಸ್ ಹೊಸ್ಪಿಟಲ್",
                "stop_id": "21064",
                "lat": 12.93989,
                "lon": 77.59775
              },
              {
                "name": "Bengaluru Dairy Circle",
                "name_kn": "ಬೆಙಲುರು ದೈರೆ ಕಿರ್ಕ್ಲೆ",
                "stop_id": "35108",
                "lat": 12.93535,
                "lon": 77.60143
              },
              {
                "name": "Ananda Ashrama (BG Rd)",
                "name_kn": "ಅನಂದ ಶ್ರಮ (ಬ್ಗ್ ರ್ದ್)",
                "stop_id": "22744",
                "lat": 12.9275,
                "lon": 77.60062
              },
              {
                "name": "Jalabhavan",
                "name_kn": "ಜಲಭವಂ",
                "stop_id": "35767",
                "lat": 12.92316,
                "lon": 77.60036
              },
              {
                "name": "Gurappanapalya",
                "name_kn": "ಗುರಪ್ಪನಪಲೆ",
                "stop_id": "22745",
                "lat": 12.91985,
                "lon": 77.60025
              },
              {
                "name": "MICO Layout Checkpost Gopalan mall",
                "name_kn": "ಮಿಕೊ ಲಯೌಟ್ ಚೆಕ್ಕ್ಪೊಸ್ಟ್ ಗೊಪಲಂ ಮಲ್ಲ್",
                "stop_id": "23575",
                "lat": 12.91413,
                "lon": 77.60001
              },
              {
                "name": "JP Nagara 3rd Phase",
                "name_kn": "ಜ್ಪ್ ನಗರ 3ರ್ದ್ ಫಸೆ",
                "stop_id": "35076",
                "lat": 12.90809,
                "lon": 77.60045
              },
              {
                "name": "Bilekahalli",
                "name_kn": "ಬಿಲೆಕಹಲ್ಲಿ",
                "stop_id": "23577",
                "lat": 12.90079,
                "lon": 77.60112
              },
              {
                "name": "Apollo Hospital",
                "name_kn": "ಅಪೊಲ್ಲೊ ಹೊಸ್ಪಿಟಲ್",
                "stop_id": "23578",
                "lat": 12.89662,
                "lon": 77.6
              },
              {
                "name": "HSBC",
                "name_kn": "ಹ್ಸ್ಬ್ಕ್",
                "stop_id": "35120",
                "lat": 12.89202,
                "lon": 77.59882
              },
              {
                "name": "Arakere Gate",
                "name_kn": "ಅರಕೆರೆ ಗಟೆ",
                "stop_id": "23145",
                "lat": 12.89024,
                "lon": 77.59811
              },
              {
                "name": "BPL",
                "name_kn": "ಬ್ಪ್ಲ್",
                "stop_id": "35109",
                "lat": 12.88702,
                "lon": 77.59697
              },
              {
                "name": "Hulimavu Gate",
                "name_kn": "ಹುಲಿಮವು ಗಟೆ",
                "stop_id": "22749",
                "lat": 12.8822,
                "lon": 77.59623
              },
              {
                "name": "Meenakshi Temple",
                "name_kn": "ಮೀನಕ್ಷಿ ಟೆಂಪ್ಲೆ",
                "stop_id": "23584",
                "lat": 12.87467,
                "lon": 77.5949
              },
              {
                "name": "Loyola School",
                "name_kn": "ಲೊಯೊಲ ಸ್ಚೂಲ್",
                "stop_id": "35161",
                "lat": 12.87103,
                "lon": 77.59364
              },
              {
                "name": "Kalena Agrahara",
                "name_kn": "ಕಲೆನ ಗ್ರಹರ",
                "stop_id": "23586",
                "lat": 12.86671,
                "lon": 77.59215
              },
              {
                "name": "Himagiri",
                "name_kn": "ಹಿಮಗಿರಿ",
                "stop_id": "23587",
                "lat": 12.86231,
                "lon": 77.59059
              },
              {
                "name": "Gottigere",
                "name_kn": "ಗೊಟಿಗೆರೆ",
                "stop_id": "23588",
                "lat": 12.85652,
                "lon": 77.5889
              },
              {
                "name": "T John College",
                "name_kn": "ಟ್ ಜೊಹ್ಂ ಕೊಲ್ಲೆಗೆ",
                "stop_id": "35130",
                "lat": 12.84984,
                "lon": 77.58834
              },
              {
                "name": "Basavanapura Gate",
                "name_kn": "ಬಸವನಪುರ ಗಟೆ",
                "stop_id": "22752",
                "lat": 12.84634,
                "lon": 77.58822
              },
              {
                "name": "Koli Farm Gate",
                "name_kn": "ಕೊಲಿ ೞರ್ಂ ಗಟೆ",
                "stop_id": "35093",
                "lat": 12.84145,
                "lon": 77.58859
              },
              {
                "name": "Malenallasandra Junction",
                "name_kn": "ಮಲೆನಲ್ಲಸಂದ್ರ ಜುಂಕ್ಟಿೊಂ",
                "stop_id": "24126",
                "lat": 12.8354,
                "lon": 77.5893
              },
              {
                "name": "Tulips Resort",
                "name_kn": "ಟುಲಿಪ್ಸ್ ರೆಸೊರ್ಟ್",
                "stop_id": "35223",
                "lat": 12.8286,
                "lon": 77.59556
              },
              {
                "name": "Sakalavara",
                "name_kn": "ಸಕಲವರ",
                "stop_id": "35224",
                "lat": 12.82073,
                "lon": 77.60909
              },
              {
                "name": "Malenallasandra",
                "name_kn": "ಮಲೆನಲ್ಲಸಂದ್ರ",
                "stop_id": "33761",
                "lat": 12.80662,
                "lon": 77.6046
              }
            ]
          },
          {
            "Route": "365-Q",
            "RouteId": 3563,
            "RouteParentId": 2002,
            "Destination": "Dyavasandra",
            "Via": "",
            "Area": "Kempegowda Bus Station",
            "PlatformNumber": "8",
            "KannadaDestination": "ಠೆವಸಂದ್ರ",
            "KannadaArea": "ಕೆಂಪೇಗೌಡ ಬಸ್ ನಿಲ್ದಾಣ",
            "KannadaVia": "",
            "FromStationId": 21166,
            "Stops": [
              {
                "name": "Shanthinagara Bus Station",
                "name_kn": "ಶಂತಿನಗರ ಬುಸ್ ಸ್ಟಟಿೊಂ",
                "stop_id": "21166",
                "lat": 12.95449,
                "lon": 77.59258
              },
              {
                "name": "Wilson Garden Police Station",
                "name_kn": "ವಿಲ್ಸೊಂ ಗರ್ದೆಂ ಪೊಲಿಕೆ ಸ್ಟಟಿೊಂ",
                "stop_id": "21280",
                "lat": 12.95141,
                "lon": 77.5951
              },
              {
                "name": "Wilson Garden 12th Cross",
                "name_kn": "ವಿಲ್ಸೊಂ ಗರ್ದೆಂ 12ತ್ ಕ್ರೊಸ್ಸ್",
                "stop_id": "20560",
                "lat": 12.94725,
                "lon": 77.59794
              },
              {
                "name": "Lakkasandra",
                "name_kn": "ಲಕ್ಕಸಂದ್ರ",
                "stop_id": "20965",
                "lat": 12.94318,
                "lon": 77.59735
              },
              {
                "name": "Nimhans Hospital",
                "name_kn": "ನಿಂಹಂಸ್ ಹೊಸ್ಪಿಟಲ್",
                "stop_id": "21064",
                "lat": 12.93989,
                "lon": 77.59775
              },
              {
                "name": "Bengaluru Dairy Circle",
                "name_kn": "ಬೆಙಲುರು ದೈರೆ ಕಿರ್ಕ್ಲೆ",
                "stop_id": "35108",
                "lat": 12.93535,
                "lon": 77.60143
              },
              {
                "name": "Ananda Ashrama (BG Rd)",
                "name_kn": "ಅನಂದ ಶ್ರಮ (ಬ್ಗ್ ರ್ದ್)",
                "stop_id": "22744",
                "lat": 12.9275,
                "lon": 77.60062
              },
              {
                "name": "Jalabhavan",
                "name_kn": "ಜಲಭವಂ",
                "stop_id": "35767",
                "lat": 12.92316,
                "lon": 77.60036
              },
              {
                "name": "Gurappanapalya",
                "name_kn": "ಗುರಪ್ಪನಪಲೆ",
                "stop_id": "22745",
                "lat": 12.91985,
                "lon": 77.60025
              },
              {
                "name": "MICO Layout Checkpost Gopalan mall",
                "name_kn": "ಮಿಕೊ ಲಯೌಟ್ ಚೆಕ್ಕ್ಪೊಸ್ಟ್ ಗೊಪಲಂ ಮಲ್ಲ್",
                "stop_id": "23575",
                "lat": 12.91413,
                "lon": 77.60001
              },
              {
                "name": "JP Nagara 3rd Phase",
                "name_kn": "ಜ್ಪ್ ನಗರ 3ರ್ದ್ ಫಸೆ",
                "stop_id": "35076",
                "lat": 12.90809,
                "lon": 77.60045
              },
              {
                "name": "Bilekahalli",
                "name_kn": "ಬಿಲೆಕಹಲ್ಲಿ",
                "stop_id": "23577",
                "lat": 12.90079,
                "lon": 77.60112
              },
              {
                "name": "Apollo Hospital",
                "name_kn": "ಅಪೊಲ್ಲೊ ಹೊಸ್ಪಿಟಲ್",
                "stop_id": "23578",
                "lat": 12.89662,
                "lon": 77.6
              },
              {
                "name": "HSBC",
                "name_kn": "ಹ್ಸ್ಬ್ಕ್",
                "stop_id": "35120",
                "lat": 12.89202,
                "lon": 77.59882
              },
              {
                "name": "Arakere Gate",
                "name_kn": "ಅರಕೆರೆ ಗಟೆ",
                "stop_id": "23145",
                "lat": 12.89024,
                "lon": 77.59811
              },
              {
                "name": "BPL",
                "name_kn": "ಬ್ಪ್ಲ್",
                "stop_id": "35109",
                "lat": 12.88702,
                "lon": 77.59697
              },
              {
                "name": "Hulimavu Gate",
                "name_kn": "ಹುಲಿಮವು ಗಟೆ",
                "stop_id": "22749",
                "lat": 12.8822,
                "lon": 77.59623
              },
              {
                "name": "Meenakshi Temple",
                "name_kn": "ಮೀನಕ್ಷಿ ಟೆಂಪ್ಲೆ",
                "stop_id": "23584",
                "lat": 12.87467,
                "lon": 77.5949
              },
              {
                "name": "Loyola School",
                "name_kn": "ಲೊಯೊಲ ಸ್ಚೂಲ್",
                "stop_id": "35161",
                "lat": 12.87103,
                "lon": 77.59364
              },
              {
                "name": "Kalena Agrahara",
                "name_kn": "ಕಲೆನ ಗ್ರಹರ",
                "stop_id": "23586",
                "lat": 12.86671,
                "lon": 77.59215
              },
              {
                "name": "Himagiri",
                "name_kn": "ಹಿಮಗಿರಿ",
                "stop_id": "23587",
                "lat": 12.86231,
                "lon": 77.59059
              },
              {
                "name": "Gottigere",
                "name_kn": "ಗೊಟಿಗೆರೆ",
                "stop_id": "23588",
                "lat": 12.85652,
                "lon": 77.5889
              },
              {
                "name": "T John College",
                "name_kn": "ಟ್ ಜೊಹ್ಂ ಕೊಲ್ಲೆಗೆ",
                "stop_id": "35130",
                "lat": 12.84984,
                "lon": 77.58834
              },
              {
                "name": "Basavanapura Gate",
                "name_kn": "ಬಸವನಪುರ ಗಟೆ",
                "stop_id": "22752",
                "lat": 12.84634,
                "lon": 77.58822
              },
              {
                "name": "Koli Farm Gate",
                "name_kn": "ಕೊಲಿ ೞರ್ಂ ಗಟೆ",
                "stop_id": "35093",
                "lat": 12.84145,
                "lon": 77.58859
              },
              {
                "name": "Kalkere",
                "name_kn": "ಕಲ್ಕೆರೆ",
                "stop_id": "35062",
                "lat": 12.83262,
                "lon": 77.58906
              },
              {
                "name": "AMC College",
                "name_kn": "ಅಂಕ್ ಕೊಲ್ಲೆಗೆ",
                "stop_id": "23060",
                "lat": 12.82938,
                "lon": 77.58759
              },
              {
                "name": "Sampangiram Nagara",
                "name_kn": "ಸಂಪಙಿರಂ ನಗರ",
                "stop_id": "23779",
                "lat": 12.82533,
                "lon": 77.58621
              },
              {
                "name": "Rayan International School",
                "name_kn": "ರಯಂ ಿಂಟೆರ್ನಟಿೊನಲ್ ಸ್ಚೂಲ್",
                "stop_id": "23780",
                "lat": 12.81956,
                "lon": 77.58481
              },
              {
                "name": "Ananda Ashrama Bannerughatta",
                "name_kn": "ಅನಂದ ಶ್ರಮ ಬಂನೆರುಘಟ",
                "stop_id": "39749",
                "lat": 12.81799,
                "lon": 77.58412
              },
              {
                "name": "Vijaya Bank Bannerughatta",
                "name_kn": "ವಿಜಯ ಬಂಕ್ ಬಂನೆರುಘಟ",
                "stop_id": "23781",
                "lat": 12.81559,
                "lon": 77.58317
              },
              {
                "name": "Bannerughatta Circle",
                "name_kn": "ಬಂನೆರುಘಟ ಕಿರ್ಕ್ಲೆ",
                "stop_id": "35145",
                "lat": 12.8135,
                "lon": 77.58127
              },
              {
                "name": "Sarala Birla Academy",
                "name_kn": "ಸರಲ ಬಿರ್ಲ ಕದೆಮೆ",
                "stop_id": "24076",
                "lat": 12.8117,
                "lon": 77.58446
              },
              {
                "name": "Junglepalya Gate",
                "name_kn": "ಜುಙ್ಲೆಪಲೆ ಗಟೆ",
                "stop_id": "24077",
                "lat": 12.80837,
                "lon": 77.59051
              },
              {
                "name": "Mantapa Cross",
                "name_kn": "ಮಂಟಪ ಕ್ರೊಸ್ಸ್",
                "stop_id": "22779",
                "lat": 12.80303,
                "lon": 77.59615
              },
              {
                "name": "Ragihalli Gate",
                "name_kn": "ರಗಿಹಲ್ಲಿ ಗಟೆ",
                "stop_id": "24079",
                "lat": 12.80036,
                "lon": 77.59897
              },
              {
                "name": "Begihalli",
                "name_kn": "ಬೆಗಿಹಲ್ಲಿ",
                "stop_id": "24080",
                "lat": 12.79796,
                "lon": 77.60381
              },
              {
                "name": "Koppa Gate",
                "name_kn": "ಕೊಪ್ಪ ಗಟೆ",
                "stop_id": "24081",
                "lat": 12.79639,
                "lon": 77.61621
              },
              {
                "name": "Harapanahalli",
                "name_kn": "ಹರಪನಹಲ್ಲಿ",
                "stop_id": "35085",
                "lat": 12.79197,
                "lon": 77.62352
              },
              {
                "name": "Jigani Double Road",
                "name_kn": "ಜಿಗನಿ ದೌಬ್ಲೆ ರೊದ್",
                "stop_id": "35299",
                "lat": 12.78862,
                "lon": 77.62959
              },
              {
                "name": "Jigani Tent",
                "name_kn": "ಜಿಗನಿ ಟೆಂಟ್",
                "stop_id": "24084",
                "lat": 12.78737,
                "lon": 77.63331
              },
              {
                "name": "Jigani Bus Stand",
                "name_kn": "ಜಿಗನಿ ಬುಸ್ ಸ್ಟಂದ್",
                "stop_id": "24085",
                "lat": 12.78664,
                "lon": 77.63743
              },
              {
                "name": "Jigani APC Circle",
                "name_kn": "ಜಿಗನಿ ಪ್ಕ್ ಕಿರ್ಕ್ಲೆ",
                "stop_id": "35167",
                "lat": 12.77935,
                "lon": 77.64358
              },
              {
                "name": "Jigani KEB",
                "name_kn": "ಜಿಗನಿ ಕೆಬ್",
                "stop_id": "35118",
                "lat": 12.77695,
                "lon": 77.64496
              },
              {
                "name": "Madapatna",
                "name_kn": "ಮದಪಟ್ನ",
                "stop_id": "35119",
                "lat": 12.77262,
                "lon": 77.64815
              },
              {
                "name": "Haragadde",
                "name_kn": "ಹರಗದ್ದೆ",
                "stop_id": "24089",
                "lat": 12.76507,
                "lon": 77.65365
              },
              {
                "name": "Haragadde Cross",
                "name_kn": "ಹರಗದ್ದೆ ಕ್ರೊಸ್ಸ್",
                "stop_id": "25750",
                "lat": 12.7643,
                "lon": 77.65404
              },
              {
                "name": "Dyavasandra",
                "name_kn": "ಠೆವಸಂದ್ರ",
                "stop_id": "25177",
                "lat": 12.75753,
                "lon": 77.64803
              }
            ]
          },
          {
            "Route": "365-W",
            "RouteId": 3606,
            "RouteParentId": 2021,
            "Destination": "Vaderamanchanahalli Jigani",
            "Via": "",
            "Area": "Kempegowda Bus Station",
            "PlatformNumber": "8",
            "KannadaDestination": "ವದೆರಮಂಚನಹಲ್ಲಿ ಜಿಗನಿ",
            "KannadaArea": "ಕೆಂಪೇಗೌಡ ಬಸ್ ನಿಲ್ದಾಣ",
            "KannadaVia": "",
            "FromStationId": 21166,
            "Stops": [
              {
                "name": "Shanthinagara Bus Station",
                "name_kn": "ಶಂತಿನಗರ ಬುಸ್ ಸ್ಟಟಿೊಂ",
                "stop_id": "21166",
                "lat": 12.95449,
                "lon": 77.59258
              },
              {
                "name": "Wilson Garden Police Station",
                "name_kn": "ವಿಲ್ಸೊಂ ಗರ್ದೆಂ ಪೊಲಿಕೆ ಸ್ಟಟಿೊಂ",
                "stop_id": "21280",
                "lat": 12.95141,
                "lon": 77.5951
              },
              {
                "name": "Wilson Garden 12th Cross",
                "name_kn": "ವಿಲ್ಸೊಂ ಗರ್ದೆಂ 12ತ್ ಕ್ರೊಸ್ಸ್",
                "stop_id": "20560",
                "lat": 12.94725,
                "lon": 77.59794
              },
              {
                "name": "Lakkasandra",
                "name_kn": "ಲಕ್ಕಸಂದ್ರ",
                "stop_id": "20965",
                "lat": 12.94318,
                "lon": 77.59735
              },
              {
                "name": "Nimhans Hospital",
                "name_kn": "ನಿಂಹಂಸ್ ಹೊಸ್ಪಿಟಲ್",
                "stop_id": "21064",
                "lat": 12.93989,
                "lon": 77.59775
              },
              {
                "name": "Bengaluru Dairy Circle",
                "name_kn": "ಬೆಙಲುರು ದೈರೆ ಕಿರ್ಕ್ಲೆ",
                "stop_id": "35108",
                "lat": 12.93535,
                "lon": 77.60143
              },
              {
                "name": "Ananda Ashrama (BG Rd)",
                "name_kn": "ಅನಂದ ಶ್ರಮ (ಬ್ಗ್ ರ್ದ್)",
                "stop_id": "22744",
                "lat": 12.9275,
                "lon": 77.60062
              },
              {
                "name": "Jalabhavan",
                "name_kn": "ಜಲಭವಂ",
                "stop_id": "35767",
                "lat": 12.92316,
                "lon": 77.60036
              },
              {
                "name": "Gurappanapalya",
                "name_kn": "ಗುರಪ್ಪನಪಲೆ",
                "stop_id": "22745",
                "lat": 12.91985,
                "lon": 77.60025
              },
              {
                "name": "MICO Layout Checkpost Gopalan mall",
                "name_kn": "ಮಿಕೊ ಲಯೌಟ್ ಚೆಕ್ಕ್ಪೊಸ್ಟ್ ಗೊಪಲಂ ಮಲ್ಲ್",
                "stop_id": "23575",
                "lat": 12.91413,
                "lon": 77.60001
              },
              {
                "name": "JP Nagara 3rd Phase",
                "name_kn": "ಜ್ಪ್ ನಗರ 3ರ್ದ್ ಫಸೆ",
                "stop_id": "35076",
                "lat": 12.90809,
                "lon": 77.60045
              },
              {
                "name": "Bilekahalli",
                "name_kn": "ಬಿಲೆಕಹಲ್ಲಿ",
                "stop_id": "23577",
                "lat": 12.90079,
                "lon": 77.60112
              },
              {
                "name": "Apollo Hospital",
                "name_kn": "ಅಪೊಲ್ಲೊ ಹೊಸ್ಪಿಟಲ್",
                "stop_id": "23578",
                "lat": 12.89662,
                "lon": 77.6
              },
              {
                "name": "HSBC",
                "name_kn": "ಹ್ಸ್ಬ್ಕ್",
                "stop_id": "35120",
                "lat": 12.89202,
                "lon": 77.59882
              },
              {
                "name": "Arakere Gate",
                "name_kn": "ಅರಕೆರೆ ಗಟೆ",
                "stop_id": "23145",
                "lat": 12.89024,
                "lon": 77.59811
              },
              {
                "name": "BPL",
                "name_kn": "ಬ್ಪ್ಲ್",
                "stop_id": "35109",
                "lat": 12.88702,
                "lon": 77.59697
              },
              {
                "name": "Hulimavu Gate",
                "name_kn": "ಹುಲಿಮವು ಗಟೆ",
                "stop_id": "22749",
                "lat": 12.8822,
                "lon": 77.59623
              },
              {
                "name": "Meenakshi Temple",
                "name_kn": "ಮೀನಕ್ಷಿ ಟೆಂಪ್ಲೆ",
                "stop_id": "23584",
                "lat": 12.87467,
                "lon": 77.5949
              },
              {
                "name": "Loyola School",
                "name_kn": "ಲೊಯೊಲ ಸ್ಚೂಲ್",
                "stop_id": "35161",
                "lat": 12.87103,
                "lon": 77.59364
              },
              {
                "name": "Kalena Agrahara",
                "name_kn": "ಕಲೆನ ಗ್ರಹರ",
                "stop_id": "23586",
                "lat": 12.86671,
                "lon": 77.59215
              },
              {
                "name": "Himagiri",
                "name_kn": "ಹಿಮಗಿರಿ",
                "stop_id": "23587",
                "lat": 12.86231,
                "lon": 77.59059
              },
              {
                "name": "Gottigere",
                "name_kn": "ಗೊಟಿಗೆರೆ",
                "stop_id": "23588",
                "lat": 12.85652,
                "lon": 77.5889
              },
              {
                "name": "T John College",
                "name_kn": "ಟ್ ಜೊಹ್ಂ ಕೊಲ್ಲೆಗೆ",
                "stop_id": "35130",
                "lat": 12.84984,
                "lon": 77.58834
              },
              {
                "name": "Basavanapura Gate",
                "name_kn": "ಬಸವನಪುರ ಗಟೆ",
                "stop_id": "22752",
                "lat": 12.84634,
                "lon": 77.58822
              },
              {
                "name": "Koli Farm Gate",
                "name_kn": "ಕೊಲಿ ೞರ್ಂ ಗಟೆ",
                "stop_id": "35093",
                "lat": 12.84145,
                "lon": 77.58859
              },
              {
                "name": "Kalkere",
                "name_kn": "ಕಲ್ಕೆರೆ",
                "stop_id": "35062",
                "lat": 12.83262,
                "lon": 77.58906
              },
              {
                "name": "AMC College",
                "name_kn": "ಅಂಕ್ ಕೊಲ್ಲೆಗೆ",
                "stop_id": "23060",
                "lat": 12.82938,
                "lon": 77.58759
              },
              {
                "name": "Sampangiram Nagara",
                "name_kn": "ಸಂಪಙಿರಂ ನಗರ",
                "stop_id": "23779",
                "lat": 12.82533,
                "lon": 77.58621
              },
              {
                "name": "Rayan International School",
                "name_kn": "ರಯಂ ಿಂಟೆರ್ನಟಿೊನಲ್ ಸ್ಚೂಲ್",
                "stop_id": "23780",
                "lat": 12.81956,
                "lon": 77.58481
              },
              {
                "name": "Ananda Ashrama Bannerughatta",
                "name_kn": "ಅನಂದ ಶ್ರಮ ಬಂನೆರುಘಟ",
                "stop_id": "39749",
                "lat": 12.81799,
                "lon": 77.58412
              },
              {
                "name": "Vijaya Bank Bannerughatta",
                "name_kn": "ವಿಜಯ ಬಂಕ್ ಬಂನೆರುಘಟ",
                "stop_id": "23781",
                "lat": 12.81559,
                "lon": 77.58317
              },
              {
                "name": "Bannerughatta Circle",
                "name_kn": "ಬಂನೆರುಘಟ ಕಿರ್ಕ್ಲೆ",
                "stop_id": "35145",
                "lat": 12.8135,
                "lon": 77.58127
              },
              {
                "name": "Sarala Birla Academy",
                "name_kn": "ಸರಲ ಬಿರ್ಲ ಕದೆಮೆ",
                "stop_id": "24076",
                "lat": 12.8117,
                "lon": 77.58446
              },
              {
                "name": "Junglepalya Gate",
                "name_kn": "ಜುಙ್ಲೆಪಲೆ ಗಟೆ",
                "stop_id": "24077",
                "lat": 12.80837,
                "lon": 77.59051
              },
              {
                "name": "Mantapa Cross",
                "name_kn": "ಮಂಟಪ ಕ್ರೊಸ್ಸ್",
                "stop_id": "22779",
                "lat": 12.80303,
                "lon": 77.59615
              },
              {
                "name": "Ragihalli Gate",
                "name_kn": "ರಗಿಹಲ್ಲಿ ಗಟೆ",
                "stop_id": "24079",
                "lat": 12.80036,
                "lon": 77.59897
              },
              {
                "name": "Begihalli",
                "name_kn": "ಬೆಗಿಹಲ್ಲಿ",
                "stop_id": "24080",
                "lat": 12.79796,
                "lon": 77.60381
              },
              {
                "name": "Koppa Gate",
                "name_kn": "ಕೊಪ್ಪ ಗಟೆ",
                "stop_id": "24081",
                "lat": 12.79639,
                "lon": 77.61621
              },
              {
                "name": "Harapanahalli",
                "name_kn": "ಹರಪನಹಲ್ಲಿ",
                "stop_id": "35085",
                "lat": 12.79197,
                "lon": 77.62352
              },
              {
                "name": "Jigani Double Road",
                "name_kn": "ಜಿಗನಿ ದೌಬ್ಲೆ ರೊದ್",
                "stop_id": "35299",
                "lat": 12.78862,
                "lon": 77.62959
              },
              {
                "name": "Jigani Tent",
                "name_kn": "ಜಿಗನಿ ಟೆಂಟ್",
                "stop_id": "24084",
                "lat": 12.78737,
                "lon": 77.63331
              },
              {
                "name": "Jigani Bus Stand",
                "name_kn": "ಜಿಗನಿ ಬುಸ್ ಸ್ಟಂದ್",
                "stop_id": "24085",
                "lat": 12.78664,
                "lon": 77.63743
              },
              {
                "name": "Jigani APC Circle",
                "name_kn": "ಜಿಗನಿ ಪ್ಕ್ ಕಿರ್ಕ್ಲೆ",
                "stop_id": "35167",
                "lat": 12.77935,
                "lon": 77.64358
              },
              {
                "name": "YHK Hospital",
                "name_kn": "ಯ್ಹ್ಕ್ ಹೊಸ್ಪಿಟಲ್",
                "stop_id": "22843",
                "lat": 12.77945,
                "lon": 77.63652
              },
              {
                "name": "Narasimha Temple",
                "name_kn": "ನರಸಿಂಹ ಟೆಂಪ್ಲೆ",
                "stop_id": "24120",
                "lat": 12.7762,
                "lon": 77.63615
              },
              {
                "name": "Vaderamanchanahalli Jigani",
                "name_kn": "ವದೆರಮಂಚನಹಲ್ಲಿ ಜಿಗನಿ",
                "stop_id": "24276",
                "lat": 12.7683,
                "lon": 77.63028
              }
            ]
          },
          {
            "Route": "V-365",
            "RouteId": 3616,
            "RouteParentId": 2027,
            "Destination": "Bannerughatta National Park",
            "Via": "",
            "Area": "Kempegowda Bus Station",
            "PlatformNumber": "8",
            "KannadaDestination": "ಬಂನೆರುಘಟ ನಟಿೊನಲ್ ಪರ್ಕ್",
            "KannadaArea": "ಕೆಂಪೇಗೌಡ ಬಸ್ ನಿಲ್ದಾಣ",
            "KannadaVia": "",
            "FromStationId": 21166,
            "Stops": [
              {
                "name": "Shanthinagara Bus Station",
                "name_kn": "ಶಂತಿನಗರ ಬುಸ್ ಸ್ಟಟಿೊಂ",
                "stop_id": "21166",
                "lat": 12.95449,
                "lon": 77.59258
              },
              {
                "name": "Wilson Garden Police Station",
                "name_kn": "ವಿಲ್ಸೊಂ ಗರ್ದೆಂ ಪೊಲಿಕೆ ಸ್ಟಟಿೊಂ",
                "stop_id": "21280",
                "lat": 12.95141,
                "lon": 77.5951
              },
              {
                "name": "Wilson Garden 12th Cross",
                "name_kn": "ವಿಲ್ಸೊಂ ಗರ್ದೆಂ 12ತ್ ಕ್ರೊಸ್ಸ್",
                "stop_id": "20560",
                "lat": 12.94725,
                "lon": 77.59794
              },
              {
                "name": "Lakkasandra",
                "name_kn": "ಲಕ್ಕಸಂದ್ರ",
                "stop_id": "20965",
                "lat": 12.94318,
                "lon": 77.59735
              },
              {
                "name": "Nimhans Hospital",
                "name_kn": "ನಿಂಹಂಸ್ ಹೊಸ್ಪಿಟಲ್",
                "stop_id": "21064",
                "lat": 12.93989,
                "lon": 77.59775
              },
              {
                "name": "Bengaluru Dairy Circle",
                "name_kn": "ಬೆಙಲುರು ದೈರೆ ಕಿರ್ಕ್ಲೆ",
                "stop_id": "35108",
                "lat": 12.93535,
                "lon": 77.60143
              },
              {
                "name": "Ananda Ashrama (BG Rd)",
                "name_kn": "ಅನಂದ ಶ್ರಮ (ಬ್ಗ್ ರ್ದ್)",
                "stop_id": "22744",
                "lat": 12.9275,
                "lon": 77.60062
              },
              {
                "name": "Jalabhavan",
                "name_kn": "ಜಲಭವಂ",
                "stop_id": "35767",
                "lat": 12.92316,
                "lon": 77.60036
              },
              {
                "name": "Gurappanapalya",
                "name_kn": "ಗುರಪ್ಪನಪಲೆ",
                "stop_id": "22745",
                "lat": 12.91985,
                "lon": 77.60025
              },
              {
                "name": "MICO Layout Checkpost Gopalan mall",
                "name_kn": "ಮಿಕೊ ಲಯೌಟ್ ಚೆಕ್ಕ್ಪೊಸ್ಟ್ ಗೊಪಲಂ ಮಲ್ಲ್",
                "stop_id": "23575",
                "lat": 12.91413,
                "lon": 77.60001
              },
              {
                "name": "JP Nagara 3rd Phase",
                "name_kn": "ಜ್ಪ್ ನಗರ 3ರ್ದ್ ಫಸೆ",
                "stop_id": "35076",
                "lat": 12.90809,
                "lon": 77.60045
              },
              {
                "name": "Bilekahalli",
                "name_kn": "ಬಿಲೆಕಹಲ್ಲಿ",
                "stop_id": "23577",
                "lat": 12.90079,
                "lon": 77.60112
              },
              {
                "name": "Apollo Hospital",
                "name_kn": "ಅಪೊಲ್ಲೊ ಹೊಸ್ಪಿಟಲ್",
                "stop_id": "23578",
                "lat": 12.89662,
                "lon": 77.6
              },
              {
                "name": "HSBC",
                "name_kn": "ಹ್ಸ್ಬ್ಕ್",
                "stop_id": "35120",
                "lat": 12.89202,
                "lon": 77.59882
              },
              {
                "name": "Arakere Gate",
                "name_kn": "ಅರಕೆರೆ ಗಟೆ",
                "stop_id": "23145",
                "lat": 12.89024,
                "lon": 77.59811
              },
              {
                "name": "BPL",
                "name_kn": "ಬ್ಪ್ಲ್",
                "stop_id": "35109",
                "lat": 12.88702,
                "lon": 77.59697
              },
              {
                "name": "Hulimavu Gate",
                "name_kn": "ಹುಲಿಮವು ಗಟೆ",
                "stop_id": "22749",
                "lat": 12.8822,
                "lon": 77.59623
              },
              {
                "name": "Meenakshi Temple",
                "name_kn": "ಮೀನಕ್ಷಿ ಟೆಂಪ್ಲೆ",
                "stop_id": "23584",
                "lat": 12.87467,
                "lon": 77.5949
              },
              {
                "name": "Loyola School",
                "name_kn": "ಲೊಯೊಲ ಸ್ಚೂಲ್",
                "stop_id": "35161",
                "lat": 12.87103,
                "lon": 77.59364
              },
              {
                "name": "Kalena Agrahara",
                "name_kn": "ಕಲೆನ ಗ್ರಹರ",
                "stop_id": "23586",
                "lat": 12.86671,
                "lon": 77.59215
              },
              {
                "name": "Himagiri",
                "name_kn": "ಹಿಮಗಿರಿ",
                "stop_id": "23587",
                "lat": 12.86231,
                "lon": 77.59059
              },
              {
                "name": "Gottigere",
                "name_kn": "ಗೊಟಿಗೆರೆ",
                "stop_id": "23588",
                "lat": 12.85652,
                "lon": 77.5889
              },
              {
                "name": "T John College",
                "name_kn": "ಟ್ ಜೊಹ್ಂ ಕೊಲ್ಲೆಗೆ",
                "stop_id": "35130",
                "lat": 12.84984,
                "lon": 77.58834
              },
              {
                "name": "Basavanapura Gate",
                "name_kn": "ಬಸವನಪುರ ಗಟೆ",
                "stop_id": "22752",
                "lat": 12.84634,
                "lon": 77.58822
              },
              {
                "name": "Koli Farm Gate",
                "name_kn": "ಕೊಲಿ ೞರ್ಂ ಗಟೆ",
                "stop_id": "35093",
                "lat": 12.84145,
                "lon": 77.58859
              },
              {
                "name": "Kalkere",
                "name_kn": "ಕಲ್ಕೆರೆ",
                "stop_id": "35062",
                "lat": 12.83262,
                "lon": 77.58906
              },
              {
                "name": "AMC College",
                "name_kn": "ಅಂಕ್ ಕೊಲ್ಲೆಗೆ",
                "stop_id": "23060",
                "lat": 12.82938,
                "lon": 77.58759
              },
              {
                "name": "Sampangiram Nagara",
                "name_kn": "ಸಂಪಙಿರಂ ನಗರ",
                "stop_id": "23779",
                "lat": 12.82533,
                "lon": 77.58621
              },
              {
                "name": "Rayan International School",
                "name_kn": "ರಯಂ ಿಂಟೆರ್ನಟಿೊನಲ್ ಸ್ಚೂಲ್",
                "stop_id": "23780",
                "lat": 12.81956,
                "lon": 77.58481
              },
              {
                "name": "Ananda Ashrama Bannerughatta",
                "name_kn": "ಅನಂದ ಶ್ರಮ ಬಂನೆರುಘಟ",
                "stop_id": "39749",
                "lat": 12.81799,
                "lon": 77.58412
              },
              {
                "name": "Bannerughatta Circle",
                "name_kn": "ಬಂನೆರುಘಟ ಕಿರ್ಕ್ಲೆ",
                "stop_id": "35145",
                "lat": 12.8135,
                "lon": 77.58127
              },
              {
                "name": "Vijaya Bank Bannerughatta",
                "name_kn": "ವಿಜಯ ಬಂಕ್ ಬಂನೆರುಘಟ",
                "stop_id": "23781",
                "lat": 12.81559,
                "lon": 77.58317
              },
              {
                "name": "Bannerughatta Circle",
                "name_kn": "ಬಂನೆರುಘಟ ಕಿರ್ಕ್ಲೆ",
                "stop_id": "39211",
                "lat": 12.81365,
                "lon": 77.58088
              },
              {
                "name": "Prabasnagara",
                "name_kn": "ಪ್ರಬಸ್ನಗರ",
                "stop_id": "23783",
                "lat": 12.81172,
                "lon": 77.57851
              },
              {
                "name": "Sampigehalli Bannerughatta",
                "name_kn": "ಸಂಪಿಗೆಹಲ್ಲಿ ಬಂನೆರುಘಟ",
                "stop_id": "35054",
                "lat": 12.80536,
                "lon": 77.57887
              },
              {
                "name": "Bannerughatta National Park",
                "name_kn": "ಬಂನೆರುಘಟ ನಟಿೊನಲ್ ಪರ್ಕ್",
                "stop_id": "23785",
                "lat": 12.80079,
                "lon": 77.57787
              }
            ]
          },
          {
            "Route": "365 KBS-D34G",
            "RouteId": 4285,
            "RouteParentId": 2359,
            "Destination": "Depot-34 Gate",
            "Via": "",
            "Area": "Kempegowda Bus Station",
            "PlatformNumber": "8",
            "KannadaDestination": "ದೆಪೊಟ್-34 ಗಟೆ",
            "KannadaArea": "ಕೆಂಪೇಗೌಡ ಬಸ್ ನಿಲ್ದಾಣ",
            "KannadaVia": "",
            "FromStationId": 21166,
            "Stops": [
              {
                "name": "Shanthinagara Bus Station",
                "name_kn": "ಶಂತಿನಗರ ಬುಸ್ ಸ್ಟಟಿೊಂ",
                "stop_id": "21166",
                "lat": 12.95449,
                "lon": 77.59258
              },
              {
                "name": "Wilson Garden Police Station",
                "name_kn": "ವಿಲ್ಸೊಂ ಗರ್ದೆಂ ಪೊಲಿಕೆ ಸ್ಟಟಿೊಂ",
                "stop_id": "21280",
                "lat": 12.95141,
                "lon": 77.5951
              },
              {
                "name": "Wilson Garden 12th Cross",
                "name_kn": "ವಿಲ್ಸೊಂ ಗರ್ದೆಂ 12ತ್ ಕ್ರೊಸ್ಸ್",
                "stop_id": "20560",
                "lat": 12.94725,
                "lon": 77.59794
              },
              {
                "name": "Lakkasandra",
                "name_kn": "ಲಕ್ಕಸಂದ್ರ",
                "stop_id": "20965",
                "lat": 12.94318,
                "lon": 77.59735
              },
              {
                "name": "Nimhans Hospital",
                "name_kn": "ನಿಂಹಂಸ್ ಹೊಸ್ಪಿಟಲ್",
                "stop_id": "21064",
                "lat": 12.93989,
                "lon": 77.59775
              },
              {
                "name": "Bengaluru Dairy Circle",
                "name_kn": "ಬೆಙಲುರು ದೈರೆ ಕಿರ್ಕ್ಲೆ",
                "stop_id": "35108",
                "lat": 12.93535,
                "lon": 77.60143
              },
              {
                "name": "Ananda Ashrama (BG Rd)",
                "name_kn": "ಅನಂದ ಶ್ರಮ (ಬ್ಗ್ ರ್ದ್)",
                "stop_id": "22744",
                "lat": 12.9275,
                "lon": 77.60062
              },
              {
                "name": "Jalabhavan",
                "name_kn": "ಜಲಭವಂ",
                "stop_id": "35767",
                "lat": 12.92316,
                "lon": 77.60036
              },
              {
                "name": "Gurappanapalya",
                "name_kn": "ಗುರಪ್ಪನಪಲೆ",
                "stop_id": "22745",
                "lat": 12.91985,
                "lon": 77.60025
              },
              {
                "name": "MICO Layout Checkpost Gopalan mall",
                "name_kn": "ಮಿಕೊ ಲಯೌಟ್ ಚೆಕ್ಕ್ಪೊಸ್ಟ್ ಗೊಪಲಂ ಮಲ್ಲ್",
                "stop_id": "23575",
                "lat": 12.91413,
                "lon": 77.60001
              },
              {
                "name": "JP Nagara 3rd Phase",
                "name_kn": "ಜ್ಪ್ ನಗರ 3ರ್ದ್ ಫಸೆ",
                "stop_id": "35076",
                "lat": 12.90809,
                "lon": 77.60045
              },
              {
                "name": "Bilekahalli",
                "name_kn": "ಬಿಲೆಕಹಲ್ಲಿ",
                "stop_id": "23577",
                "lat": 12.90079,
                "lon": 77.60112
              },
              {
                "name": "Apollo Hospital",
                "name_kn": "ಅಪೊಲ್ಲೊ ಹೊಸ್ಪಿಟಲ್",
                "stop_id": "23578",
                "lat": 12.89662,
                "lon": 77.6
              },
              {
                "name": "HSBC",
                "name_kn": "ಹ್ಸ್ಬ್ಕ್",
                "stop_id": "35120",
                "lat": 12.89202,
                "lon": 77.59882
              },
              {
                "name": "Arakere Gate",
                "name_kn": "ಅರಕೆರೆ ಗಟೆ",
                "stop_id": "23145",
                "lat": 12.89024,
                "lon": 77.59811
              },
              {
                "name": "BPL",
                "name_kn": "ಬ್ಪ್ಲ್",
                "stop_id": "35109",
                "lat": 12.88702,
                "lon": 77.59697
              },
              {
                "name": "Hulimavu Gate",
                "name_kn": "ಹುಲಿಮವು ಗಟೆ",
                "stop_id": "22749",
                "lat": 12.8822,
                "lon": 77.59623
              },
              {
                "name": "Meenakshi Temple",
                "name_kn": "ಮೀನಕ್ಷಿ ಟೆಂಪ್ಲೆ",
                "stop_id": "23584",
                "lat": 12.87467,
                "lon": 77.5949
              },
              {
                "name": "Loyola School",
                "name_kn": "ಲೊಯೊಲ ಸ್ಚೂಲ್",
                "stop_id": "35161",
                "lat": 12.87103,
                "lon": 77.59364
              },
              {
                "name": "Depot-34 Gate",
                "name_kn": "ದೆಪೊಟ್-34 ಗಟೆ",
                "stop_id": "32430",
                "lat": 12.87023,
                "lon": 77.58567
              }
            ]
          },
          {
            "Route": "368",
            "RouteId": 4300,
            "RouteParentId": 2373,
            "Destination": "Bannerughatta National Park",
            "Via": "",
            "Area": "Shivajinagara Bus Station",
            "PlatformNumber": "8",
            "KannadaDestination": "ಬಂನೆರುಘಟ ನಟಿೊನಲ್ ಪರ್ಕ್",
            "KannadaArea": "ಶಿವಾಜಿನಗರ ಬಸ್ ನಿಲ್ದಾಣ",
            "KannadaVia": "",
            "FromStationId": 21166,
            "Stops": [
              {
                "name": "Shanthinagara Bus Station",
                "name_kn": "ಶಂತಿನಗರ ಬುಸ್ ಸ್ಟಟಿೊಂ",
                "stop_id": "21166",
                "lat": 12.95449,
                "lon": 77.59258
              },
              {
                "name": "Wilson Garden Police Station",
                "name_kn": "ವಿಲ್ಸೊಂ ಗರ್ದೆಂ ಪೊಲಿಕೆ ಸ್ಟಟಿೊಂ",
                "stop_id": "21280",
                "lat": 12.95141,
                "lon": 77.5951
              },
              {
                "name": "Wilson Garden 12th Cross",
                "name_kn": "ವಿಲ್ಸೊಂ ಗರ್ದೆಂ 12ತ್ ಕ್ರೊಸ್ಸ್",
                "stop_id": "20560",
                "lat": 12.94725,
                "lon": 77.59794
              },
              {
                "name": "Lakkasandra",
                "name_kn": "ಲಕ್ಕಸಂದ್ರ",
                "stop_id": "20965",
                "lat": 12.94318,
                "lon": 77.59735
              },
              {
                "name": "Nimhans Hospital",
                "name_kn": "ನಿಂಹಂಸ್ ಹೊಸ್ಪಿಟಲ್",
                "stop_id": "21064",
                "lat": 12.93989,
                "lon": 77.59775
              },
              {
                "name": "Bengaluru Dairy Circle",
                "name_kn": "ಬೆಙಲುರು ದೈರೆ ಕಿರ್ಕ್ಲೆ",
                "stop_id": "35108",
                "lat": 12.93535,
                "lon": 77.60143
              },
              {
                "name": "Ananda Ashrama (BG Rd)",
                "name_kn": "ಅನಂದ ಶ್ರಮ (ಬ್ಗ್ ರ್ದ್)",
                "stop_id": "22744",
                "lat": 12.9275,
                "lon": 77.60062
              },
              {
                "name": "Jalabhavan",
                "name_kn": "ಜಲಭವಂ",
                "stop_id": "35767",
                "lat": 12.92316,
                "lon": 77.60036
              },
              {
                "name": "Gurappanapalya",
                "name_kn": "ಗುರಪ್ಪನಪಲೆ",
                "stop_id": "22745",
                "lat": 12.91985,
                "lon": 77.60025
              },
              {
                "name": "MICO Layout Checkpost Gopalan mall",
                "name_kn": "ಮಿಕೊ ಲಯೌಟ್ ಚೆಕ್ಕ್ಪೊಸ್ಟ್ ಗೊಪಲಂ ಮಲ್ಲ್",
                "stop_id": "23575",
                "lat": 12.91413,
                "lon": 77.60001
              },
              {
                "name": "JP Nagara 3rd Phase",
                "name_kn": "ಜ್ಪ್ ನಗರ 3ರ್ದ್ ಫಸೆ",
                "stop_id": "35076",
                "lat": 12.90809,
                "lon": 77.60045
              },
              {
                "name": "Bilekahalli",
                "name_kn": "ಬಿಲೆಕಹಲ್ಲಿ",
                "stop_id": "23577",
                "lat": 12.90079,
                "lon": 77.60112
              },
              {
                "name": "Apollo Hospital",
                "name_kn": "ಅಪೊಲ್ಲೊ ಹೊಸ್ಪಿಟಲ್",
                "stop_id": "23578",
                "lat": 12.89662,
                "lon": 77.6
              },
              {
                "name": "HSBC",
                "name_kn": "ಹ್ಸ್ಬ್ಕ್",
                "stop_id": "35120",
                "lat": 12.89202,
                "lon": 77.59882
              },
              {
                "name": "Arakere Gate",
                "name_kn": "ಅರಕೆರೆ ಗಟೆ",
                "stop_id": "23145",
                "lat": 12.89024,
                "lon": 77.59811
              },
              {
                "name": "BPL",
                "name_kn": "ಬ್ಪ್ಲ್",
                "stop_id": "35109",
                "lat": 12.88702,
                "lon": 77.59697
              },
              {
                "name": "Hulimavu Gate",
                "name_kn": "ಹುಲಿಮವು ಗಟೆ",
                "stop_id": "22749",
                "lat": 12.8822,
                "lon": 77.59623
              },
              {
                "name": "Meenakshi Temple",
                "name_kn": "ಮೀನಕ್ಷಿ ಟೆಂಪ್ಲೆ",
                "stop_id": "23584",
                "lat": 12.87467,
                "lon": 77.5949
              },
              {
                "name": "Loyola School",
                "name_kn": "ಲೊಯೊಲ ಸ್ಚೂಲ್",
                "stop_id": "35161",
                "lat": 12.87103,
                "lon": 77.59364
              },
              {
                "name": "Kalena Agrahara",
                "name_kn": "ಕಲೆನ ಗ್ರಹರ",
                "stop_id": "23586",
                "lat": 12.86671,
                "lon": 77.59215
              },
              {
                "name": "Himagiri",
                "name_kn": "ಹಿಮಗಿರಿ",
                "stop_id": "23587",
                "lat": 12.86231,
                "lon": 77.59059
              },
              {
                "name": "Gottigere",
                "name_kn": "ಗೊಟಿಗೆರೆ",
                "stop_id": "23588",
                "lat": 12.85652,
                "lon": 77.5889
              },
              {
                "name": "T John College",
                "name_kn": "ಟ್ ಜೊಹ್ಂ ಕೊಲ್ಲೆಗೆ",
                "stop_id": "35130",
                "lat": 12.84984,
                "lon": 77.58834
              },
              {
                "name": "Basavanapura Gate",
                "name_kn": "ಬಸವನಪುರ ಗಟೆ",
                "stop_id": "22752",
                "lat": 12.84634,
                "lon": 77.58822
              },
              {
                "name": "Koli Farm Gate",
                "name_kn": "ಕೊಲಿ ೞರ್ಂ ಗಟೆ",
                "stop_id": "35093",
                "lat": 12.84145,
                "lon": 77.58859
              },
              {
                "name": "Kalkere",
                "name_kn": "ಕಲ್ಕೆರೆ",
                "stop_id": "35062",
                "lat": 12.83262,
                "lon": 77.58906
              },
              {
                "name": "AMC College",
                "name_kn": "ಅಂಕ್ ಕೊಲ್ಲೆಗೆ",
                "stop_id": "23060",
                "lat": 12.82938,
                "lon": 77.58759
              },
              {
                "name": "Sampangiram Nagara",
                "name_kn": "ಸಂಪಙಿರಂ ನಗರ",
                "stop_id": "23779",
                "lat": 12.82533,
                "lon": 77.58621
              },
              {
                "name": "Rayan International School",
                "name_kn": "ರಯಂ ಿಂಟೆರ್ನಟಿೊನಲ್ ಸ್ಚೂಲ್",
                "stop_id": "23780",
                "lat": 12.81956,
                "lon": 77.58481
              },
              {
                "name": "Ananda Ashrama Bannerughatta",
                "name_kn": "ಅನಂದ ಶ್ರಮ ಬಂನೆರುಘಟ",
                "stop_id": "39749",
                "lat": 12.81799,
                "lon": 77.58412
              },
              {
                "name": "Vijaya Bank Bannerughatta",
                "name_kn": "ವಿಜಯ ಬಂಕ್ ಬಂನೆರುಘಟ",
                "stop_id": "23781",
                "lat": 12.81559,
                "lon": 77.58317
              },
              {
                "name": "Bannerughatta Circle",
                "name_kn": "ಬಂನೆರುಘಟ ಕಿರ್ಕ್ಲೆ",
                "stop_id": "39211",
                "lat": 12.81365,
                "lon": 77.58088
              },
              {
                "name": "Prabasnagara",
                "name_kn": "ಪ್ರಬಸ್ನಗರ",
                "stop_id": "23783",
                "lat": 12.81172,
                "lon": 77.57851
              },
              {
                "name": "Sampigehalli Bannerughatta",
                "name_kn": "ಸಂಪಿಗೆಹಲ್ಲಿ ಬಂನೆರುಘಟ",
                "stop_id": "35054",
                "lat": 12.80536,
                "lon": 77.57887
              },
              {
                "name": "Bannerughatta National Park",
                "name_kn": "ಬಂನೆರುಘಟ ನಟಿೊನಲ್ ಪರ್ಕ್",
                "stop_id": "23785",
                "lat": 12.80079,
                "lon": 77.57787
              }
            ]
          },
          {
            "Route": "371-D",
            "RouteId": 4538,
            "RouteParentId": 2494,
            "Destination": "Kaggalipura",
            "Via": "",
            "Area": "Kempegowda Bus Station",
            "PlatformNumber": "8",
            "KannadaDestination": "ಕಗ್ಗಲಿಪುರ",
            "KannadaArea": "ಕೆಂಪೇಗೌಡ ಬಸ್ ನಿಲ್ದಾಣ",
            "KannadaVia": "",
            "FromStationId": 21166,
            "Stops": [
              {
                "name": "Shanthinagara Bus Station",
                "name_kn": "ಶಂತಿನಗರ ಬುಸ್ ಸ್ಟಟಿೊಂ",
                "stop_id": "21166",
                "lat": 12.95449,
                "lon": 77.59258
              },
              {
                "name": "Wilson Garden Police Station",
                "name_kn": "ವಿಲ್ಸೊಂ ಗರ್ದೆಂ ಪೊಲಿಕೆ ಸ್ಟಟಿೊಂ",
                "stop_id": "21280",
                "lat": 12.95141,
                "lon": 77.5951
              },
              {
                "name": "Wilson Garden 12th Cross",
                "name_kn": "ವಿಲ್ಸೊಂ ಗರ್ದೆಂ 12ತ್ ಕ್ರೊಸ್ಸ್",
                "stop_id": "20560",
                "lat": 12.94725,
                "lon": 77.59794
              },
              {
                "name": "Lakkasandra",
                "name_kn": "ಲಕ್ಕಸಂದ್ರ",
                "stop_id": "20965",
                "lat": 12.94318,
                "lon": 77.59735
              },
              {
                "name": "Nimhans Hospital",
                "name_kn": "ನಿಂಹಂಸ್ ಹೊಸ್ಪಿಟಲ್",
                "stop_id": "21064",
                "lat": 12.93989,
                "lon": 77.59775
              },
              {
                "name": "Bengaluru Dairy Circle",
                "name_kn": "ಬೆಙಲುರು ದೈರೆ ಕಿರ್ಕ್ಲೆ",
                "stop_id": "35108",
                "lat": 12.93535,
                "lon": 77.60143
              },
              {
                "name": "Ananda Ashrama (BG Rd)",
                "name_kn": "ಅನಂದ ಶ್ರಮ (ಬ್ಗ್ ರ್ದ್)",
                "stop_id": "22744",
                "lat": 12.9275,
                "lon": 77.60062
              },
              {
                "name": "Jalabhavan",
                "name_kn": "ಜಲಭವಂ",
                "stop_id": "35767",
                "lat": 12.92316,
                "lon": 77.60036
              },
              {
                "name": "Gurappanapalya",
                "name_kn": "ಗುರಪ್ಪನಪಲೆ",
                "stop_id": "22745",
                "lat": 12.91985,
                "lon": 77.60025
              },
              {
                "name": "MICO Layout Checkpost Gopalan mall",
                "name_kn": "ಮಿಕೊ ಲಯೌಟ್ ಚೆಕ್ಕ್ಪೊಸ್ಟ್ ಗೊಪಲಂ ಮಲ್ಲ್",
                "stop_id": "23575",
                "lat": 12.91413,
                "lon": 77.60001
              },
              {
                "name": "JP Nagara 3rd Phase",
                "name_kn": "ಜ್ಪ್ ನಗರ 3ರ್ದ್ ಫಸೆ",
                "stop_id": "35076",
                "lat": 12.90809,
                "lon": 77.60045
              },
              {
                "name": "Bilekahalli",
                "name_kn": "ಬಿಲೆಕಹಲ್ಲಿ",
                "stop_id": "23577",
                "lat": 12.90079,
                "lon": 77.60112
              },
              {
                "name": "Apollo Hospital",
                "name_kn": "ಅಪೊಲ್ಲೊ ಹೊಸ್ಪಿಟಲ್",
                "stop_id": "23578",
                "lat": 12.89662,
                "lon": 77.6
              },
              {
                "name": "HSBC",
                "name_kn": "ಹ್ಸ್ಬ್ಕ್",
                "stop_id": "35120",
                "lat": 12.89202,
                "lon": 77.59882
              },
              {
                "name": "Arakere Gate",
                "name_kn": "ಅರಕೆರೆ ಗಟೆ",
                "stop_id": "23145",
                "lat": 12.89024,
                "lon": 77.59811
              },
              {
                "name": "BPL",
                "name_kn": "ಬ್ಪ್ಲ್",
                "stop_id": "35109",
                "lat": 12.88702,
                "lon": 77.59697
              },
              {
                "name": "Hulimavu Gate",
                "name_kn": "ಹುಲಿಮವು ಗಟೆ",
                "stop_id": "22749",
                "lat": 12.8822,
                "lon": 77.59623
              },
              {
                "name": "Meenakshi Temple",
                "name_kn": "ಮೀನಕ್ಷಿ ಟೆಂಪ್ಲೆ",
                "stop_id": "23584",
                "lat": 12.87467,
                "lon": 77.5949
              },
              {
                "name": "Loyola School",
                "name_kn": "ಲೊಯೊಲ ಸ್ಚೂಲ್",
                "stop_id": "35161",
                "lat": 12.87103,
                "lon": 77.59364
              },
              {
                "name": "Kalena Agrahara",
                "name_kn": "ಕಲೆನ ಗ್ರಹರ",
                "stop_id": "23586",
                "lat": 12.86671,
                "lon": 77.59215
              },
              {
                "name": "Himagiri",
                "name_kn": "ಹಿಮಗಿರಿ",
                "stop_id": "23587",
                "lat": 12.86231,
                "lon": 77.59059
              },
              {
                "name": "Gottigere",
                "name_kn": "ಗೊಟಿಗೆರೆ",
                "stop_id": "23588",
                "lat": 12.85652,
                "lon": 77.5889
              },
              {
                "name": "T John College",
                "name_kn": "ಟ್ ಜೊಹ್ಂ ಕೊಲ್ಲೆಗೆ",
                "stop_id": "35130",
                "lat": 12.84984,
                "lon": 77.58834
              },
              {
                "name": "Basavanapura Gate",
                "name_kn": "ಬಸವನಪುರ ಗಟೆ",
                "stop_id": "22752",
                "lat": 12.84634,
                "lon": 77.58822
              },
              {
                "name": "Koli Farm Gate",
                "name_kn": "ಕೊಲಿ ೞರ್ಂ ಗಟೆ",
                "stop_id": "35093",
                "lat": 12.84145,
                "lon": 77.58859
              },
              {
                "name": "Kalkere",
                "name_kn": "ಕಲ್ಕೆರೆ",
                "stop_id": "35062",
                "lat": 12.83262,
                "lon": 77.58906
              },
              {
                "name": "AMC College",
                "name_kn": "ಅಂಕ್ ಕೊಲ್ಲೆಗೆ",
                "stop_id": "23060",
                "lat": 12.82938,
                "lon": 77.58759
              },
              {
                "name": "Sampangiram Nagara",
                "name_kn": "ಸಂಪಙಿರಂ ನಗರ",
                "stop_id": "23779",
                "lat": 12.82533,
                "lon": 77.58621
              },
              {
                "name": "Rayan International School",
                "name_kn": "ರಯಂ ಿಂಟೆರ್ನಟಿೊನಲ್ ಸ್ಚೂಲ್",
                "stop_id": "23780",
                "lat": 12.81956,
                "lon": 77.58481
              },
              {
                "name": "Vijaya Bank Bannerughatta",
                "name_kn": "ವಿಜಯ ಬಂಕ್ ಬಂನೆರುಘಟ",
                "stop_id": "23781",
                "lat": 12.81559,
                "lon": 77.58317
              },
              {
                "name": "Ananda Ashrama Bannerughatta",
                "name_kn": "ಅನಂದ ಶ್ರಮ ಬಂನೆರುಘಟ",
                "stop_id": "39748",
                "lat": 12.818,
                "lon": 77.58395
              },
              {
                "name": "Bannerughatta Circle",
                "name_kn": "ಬಂನೆರುಘಟ ಕಿರ್ಕ್ಲೆ",
                "stop_id": "35145",
                "lat": 12.8135,
                "lon": 77.58127
              },
              {
                "name": "Sipgere Gate",
                "name_kn": "ಸಿಪ್ಗೆರೆ ಗಟೆ",
                "stop_id": "26493",
                "lat": 12.82227,
                "lon": 77.57717
              },
              {
                "name": "Bilavaradahalli Cross",
                "name_kn": "ಬಿಲವರದಹಲ್ಲಿ ಕ್ರೊಸ್ಸ್",
                "stop_id": "30092",
                "lat": 12.8224,
                "lon": 77.57236
              },
              {
                "name": "Kesaraguppe",
                "name_kn": "ಕೆಸರಗುಪ್ಪೆ",
                "stop_id": "31048",
                "lat": 12.81662,
                "lon": 77.56701
              },
              {
                "name": "Boothanahalli",
                "name_kn": "ಬೂತನಹಲ್ಲಿ",
                "stop_id": "32149",
                "lat": 12.80452,
                "lon": 77.56044
              },
              {
                "name": "Hakki Pikki Colony Cross",
                "name_kn": "ಹಕ್ಕಿ ಪಿಕ್ಕಿ ಕೊಲೊನೆ ಕ್ರೊಸ್ಸ್",
                "stop_id": "32815",
                "lat": 12.80242,
                "lon": 77.55888
              },
              {
                "name": "Shylendra Doddy",
                "name_kn": "ಶೆಲೆಂದ್ರ ದೊದ್ಠೆ",
                "stop_id": "26415",
                "lat": 12.80071,
                "lon": 77.55289
              },
              {
                "name": "Byatarayana Doddy Cross",
                "name_kn": "ಬೆಟರಯನ ದೊದ್ಠೆ ಕ್ರೊಸ್ಸ್",
                "stop_id": "32165",
                "lat": 12.80368,
                "lon": 77.54362
              },
              {
                "name": "C R P F Kaggalipura Main Road",
                "name_kn": "ಕ್ ರ್ ಪ್ ೞ್ ಕಗ್ಗಲಿಪುರ ಮೈಂ ರೊದ್",
                "stop_id": "32385",
                "lat": 12.79562,
                "lon": 77.53931
              },
              {
                "name": "Nallakkana Doddy Cross",
                "name_kn": "ನಲ್ಲಕ್ಕನ ದೊದ್ಠೆ ಕ್ರೊಸ್ಸ್",
                "stop_id": "34075",
                "lat": 12.79803,
                "lon": 77.52601
              },
              {
                "name": "Gulakamale",
                "name_kn": "ಗುಲಕಮಲೆ",
                "stop_id": "21995",
                "lat": 12.7976,
                "lon": 77.52366
              },
              {
                "name": "Vasudevapura",
                "name_kn": "ವಸುದೆವಪುರ",
                "stop_id": "22591",
                "lat": 12.79801,
                "lon": 77.52034
              },
              {
                "name": "Christ School",
                "name_kn": "ಚ್ರಿಸ್ಟ್ ಸ್ಚೂಲ್",
                "stop_id": "24688",
                "lat": 12.79913,
                "lon": 77.51193
              },
              {
                "name": "Kaggalipura",
                "name_kn": "ಕಗ್ಗಲಿಪುರ",
                "stop_id": "22138",
                "lat": 12.80034,
                "lon": 77.50836
              }
            ]
          },
          {
            "Route": "365-J KBS-D27",
            "RouteId": 6937,
            "RouteParentId": 3732,
            "Destination": "Depot-27 Gate",
            "Via": "",
            "Area": "Kempegowda Bus Station",
            "PlatformNumber": "8",
            "KannadaDestination": "ದೆಪೊಟ್-27 ಗಟೆ",
            "KannadaArea": "ಕೆಂಪೇಗೌಡ ಬಸ್ ನಿಲ್ದಾಣ",
            "KannadaVia": "",
            "FromStationId": 21166,
            "Stops": [
              {
                "name": "Shanthinagara Bus Station",
                "name_kn": "ಶಂತಿನಗರ ಬುಸ್ ಸ್ಟಟಿೊಂ",
                "stop_id": "21166",
                "lat": 12.95449,
                "lon": 77.59258
              },
              {
                "name": "Wilson Garden Police Station",
                "name_kn": "ವಿಲ್ಸೊಂ ಗರ್ದೆಂ ಪೊಲಿಕೆ ಸ್ಟಟಿೊಂ",
                "stop_id": "21280",
                "lat": 12.95141,
                "lon": 77.5951
              },
              {
                "name": "Wilson Garden 12th Cross",
                "name_kn": "ವಿಲ್ಸೊಂ ಗರ್ದೆಂ 12ತ್ ಕ್ರೊಸ್ಸ್",
                "stop_id": "20560",
                "lat": 12.94725,
                "lon": 77.59794
              },
              {
                "name": "Lakkasandra",
                "name_kn": "ಲಕ್ಕಸಂದ್ರ",
                "stop_id": "20965",
                "lat": 12.94318,
                "lon": 77.59735
              },
              {
                "name": "Nimhans Hospital",
                "name_kn": "ನಿಂಹಂಸ್ ಹೊಸ್ಪಿಟಲ್",
                "stop_id": "21064",
                "lat": 12.93989,
                "lon": 77.59775
              },
              {
                "name": "Bengaluru Dairy Circle",
                "name_kn": "ಬೆಙಲುರು ದೈರೆ ಕಿರ್ಕ್ಲೆ",
                "stop_id": "35108",
                "lat": 12.93535,
                "lon": 77.60143
              },
              {
                "name": "Ananda Ashrama (BG Rd)",
                "name_kn": "ಅನಂದ ಶ್ರಮ (ಬ್ಗ್ ರ್ದ್)",
                "stop_id": "22744",
                "lat": 12.9275,
                "lon": 77.60062
              },
              {
                "name": "Jalabhavan",
                "name_kn": "ಜಲಭವಂ",
                "stop_id": "35767",
                "lat": 12.92316,
                "lon": 77.60036
              },
              {
                "name": "Gurappanapalya",
                "name_kn": "ಗುರಪ್ಪನಪಲೆ",
                "stop_id": "22745",
                "lat": 12.91985,
                "lon": 77.60025
              },
              {
                "name": "MICO Layout Checkpost Gopalan mall",
                "name_kn": "ಮಿಕೊ ಲಯೌಟ್ ಚೆಕ್ಕ್ಪೊಸ್ಟ್ ಗೊಪಲಂ ಮಲ್ಲ್",
                "stop_id": "23575",
                "lat": 12.91413,
                "lon": 77.60001
              },
              {
                "name": "JP Nagara 3rd Phase",
                "name_kn": "ಜ್ಪ್ ನಗರ 3ರ್ದ್ ಫಸೆ",
                "stop_id": "35076",
                "lat": 12.90809,
                "lon": 77.60045
              },
              {
                "name": "Bilekahalli",
                "name_kn": "ಬಿಲೆಕಹಲ್ಲಿ",
                "stop_id": "23577",
                "lat": 12.90079,
                "lon": 77.60112
              },
              {
                "name": "Apollo Hospital",
                "name_kn": "ಅಪೊಲ್ಲೊ ಹೊಸ್ಪಿಟಲ್",
                "stop_id": "23578",
                "lat": 12.89662,
                "lon": 77.6
              },
              {
                "name": "HSBC",
                "name_kn": "ಹ್ಸ್ಬ್ಕ್",
                "stop_id": "35120",
                "lat": 12.89202,
                "lon": 77.59882
              },
              {
                "name": "Arakere Gate",
                "name_kn": "ಅರಕೆರೆ ಗಟೆ",
                "stop_id": "23145",
                "lat": 12.89024,
                "lon": 77.59811
              },
              {
                "name": "BPL",
                "name_kn": "ಬ್ಪ್ಲ್",
                "stop_id": "35109",
                "lat": 12.88702,
                "lon": 77.59697
              },
              {
                "name": "Hulimavu Gate",
                "name_kn": "ಹುಲಿಮವು ಗಟೆ",
                "stop_id": "22749",
                "lat": 12.8822,
                "lon": 77.59623
              },
              {
                "name": "Meenakshi Temple",
                "name_kn": "ಮೀನಕ್ಷಿ ಟೆಂಪ್ಲೆ",
                "stop_id": "23584",
                "lat": 12.87467,
                "lon": 77.5949
              },
              {
                "name": "Loyola School",
                "name_kn": "ಲೊಯೊಲ ಸ್ಚೂಲ್",
                "stop_id": "35161",
                "lat": 12.87103,
                "lon": 77.59364
              },
              {
                "name": "Kalena Agrahara",
                "name_kn": "ಕಲೆನ ಗ್ರಹರ",
                "stop_id": "23586",
                "lat": 12.86671,
                "lon": 77.59215
              },
              {
                "name": "Himagiri",
                "name_kn": "ಹಿಮಗಿರಿ",
                "stop_id": "23587",
                "lat": 12.86231,
                "lon": 77.59059
              },
              {
                "name": "Gottigere",
                "name_kn": "ಗೊಟಿಗೆರೆ",
                "stop_id": "23588",
                "lat": 12.85652,
                "lon": 77.5889
              },
              {
                "name": "T John College",
                "name_kn": "ಟ್ ಜೊಹ್ಂ ಕೊಲ್ಲೆಗೆ",
                "stop_id": "35130",
                "lat": 12.84984,
                "lon": 77.58834
              },
              {
                "name": "Basavanapura Gate",
                "name_kn": "ಬಸವನಪುರ ಗಟೆ",
                "stop_id": "22752",
                "lat": 12.84634,
                "lon": 77.58822
              },
              {
                "name": "Koli Farm Gate",
                "name_kn": "ಕೊಲಿ ೞರ್ಂ ಗಟೆ",
                "stop_id": "35093",
                "lat": 12.84145,
                "lon": 77.58859
              },
              {
                "name": "Kalkere",
                "name_kn": "ಕಲ್ಕೆರೆ",
                "stop_id": "35062",
                "lat": 12.83262,
                "lon": 77.58906
              },
              {
                "name": "AMC College",
                "name_kn": "ಅಂಕ್ ಕೊಲ್ಲೆಗೆ",
                "stop_id": "23060",
                "lat": 12.82938,
                "lon": 77.58759
              },
              {
                "name": "Sampangiram Nagara",
                "name_kn": "ಸಂಪಙಿರಂ ನಗರ",
                "stop_id": "23779",
                "lat": 12.82533,
                "lon": 77.58621
              },
              {
                "name": "Rayan International School",
                "name_kn": "ರಯಂ ಿಂಟೆರ್ನಟಿೊನಲ್ ಸ್ಚೂಲ್",
                "stop_id": "23780",
                "lat": 12.81956,
                "lon": 77.58481
              },
              {
                "name": "Ananda Ashrama Bannerughatta",
                "name_kn": "ಅನಂದ ಶ್ರಮ ಬಂನೆರುಘಟ",
                "stop_id": "39749",
                "lat": 12.81799,
                "lon": 77.58412
              },
              {
                "name": "Vijaya Bank Bannerughatta",
                "name_kn": "ವಿಜಯ ಬಂಕ್ ಬಂನೆರುಘಟ",
                "stop_id": "23781",
                "lat": 12.81559,
                "lon": 77.58317
              },
              {
                "name": "Bannerughatta Circle",
                "name_kn": "ಬಂನೆರುಘಟ ಕಿರ್ಕ್ಲೆ",
                "stop_id": "35145",
                "lat": 12.8135,
                "lon": 77.58127
              },
              {
                "name": "Sarala Birla Academy",
                "name_kn": "ಸರಲ ಬಿರ್ಲ ಕದೆಮೆ",
                "stop_id": "24076",
                "lat": 12.8117,
                "lon": 77.58446
              },
              {
                "name": "Junglepalya Gate",
                "name_kn": "ಜುಙ್ಲೆಪಲೆ ಗಟೆ",
                "stop_id": "24077",
                "lat": 12.80837,
                "lon": 77.59051
              },
              {
                "name": "Mantapa Cross",
                "name_kn": "ಮಂಟಪ ಕ್ರೊಸ್ಸ್",
                "stop_id": "22779",
                "lat": 12.80303,
                "lon": 77.59615
              },
              {
                "name": "Ragihalli Gate",
                "name_kn": "ರಗಿಹಲ್ಲಿ ಗಟೆ",
                "stop_id": "24079",
                "lat": 12.80036,
                "lon": 77.59897
              },
              {
                "name": "Begihalli",
                "name_kn": "ಬೆಗಿಹಲ್ಲಿ",
                "stop_id": "24080",
                "lat": 12.79796,
                "lon": 77.60381
              },
              {
                "name": "Koppa Gate",
                "name_kn": "ಕೊಪ್ಪ ಗಟೆ",
                "stop_id": "24081",
                "lat": 12.79639,
                "lon": 77.61621
              },
              {
                "name": "Harapanahalli",
                "name_kn": "ಹರಪನಹಲ್ಲಿ",
                "stop_id": "35085",
                "lat": 12.79197,
                "lon": 77.62352
              },
              {
                "name": "Jigani Double Road",
                "name_kn": "ಜಿಗನಿ ದೌಬ್ಲೆ ರೊದ್",
                "stop_id": "35299",
                "lat": 12.78862,
                "lon": 77.62959
              },
              {
                "name": "Jigani Tent",
                "name_kn": "ಜಿಗನಿ ಟೆಂಟ್",
                "stop_id": "24084",
                "lat": 12.78737,
                "lon": 77.63331
              },
              {
                "name": "Jigani Bus Stand",
                "name_kn": "ಜಿಗನಿ ಬುಸ್ ಸ್ಟಂದ್",
                "stop_id": "24085",
                "lat": 12.78664,
                "lon": 77.63743
              },
              {
                "name": "Jigani APC Circle",
                "name_kn": "ಜಿಗನಿ ಪ್ಕ್ ಕಿರ್ಕ್ಲೆ",
                "stop_id": "35167",
                "lat": 12.77935,
                "lon": 77.64358
              },
              {
                "name": "YHK Hospital",
                "name_kn": "ಯ್ಹ್ಕ್ ಹೊಸ್ಪಿಟಲ್",
                "stop_id": "22843",
                "lat": 12.77945,
                "lon": 77.63652
              },
              {
                "name": "Depot-27 Gate",
                "name_kn": "ದೆಪೊಟ್-27 ಗಟೆ",
                "stop_id": "36343",
                "lat": 12.78003,
                "lon": 77.63445
              }
            ]
          },
          {
            "Route": "370-A KBS-UJPD",
            "RouteId": 6954,
            "RouteParentId": 3741,
            "Destination": "UjinappanaDoddy",
            "Via": "",
            "Area": "Kempegowda Bus Station",
            "PlatformNumber": "8",
            "KannadaDestination": "ಉಜಿನಪ್ಪನದೊದ್ಠೆ",
            "KannadaArea": "ಕೆಂಪೇಗೌಡ ಬಸ್ ನಿಲ್ದಾಣ",
            "KannadaVia": "",
            "FromStationId": 21166,
            "Stops": [
              {
                "name": "Shanthinagara Bus Station",
                "name_kn": "ಶಂತಿನಗರ ಬುಸ್ ಸ್ಟಟಿೊಂ",
                "stop_id": "21166",
                "lat": 12.95449,
                "lon": 77.59258
              },
              {
                "name": "Wilson Garden Police Station",
                "name_kn": "ವಿಲ್ಸೊಂ ಗರ್ದೆಂ ಪೊಲಿಕೆ ಸ್ಟಟಿೊಂ",
                "stop_id": "21280",
                "lat": 12.95141,
                "lon": 77.5951
              },
              {
                "name": "Wilson Garden 12th Cross",
                "name_kn": "ವಿಲ್ಸೊಂ ಗರ್ದೆಂ 12ತ್ ಕ್ರೊಸ್ಸ್",
                "stop_id": "20560",
                "lat": 12.94725,
                "lon": 77.59794
              },
              {
                "name": "Lakkasandra",
                "name_kn": "ಲಕ್ಕಸಂದ್ರ",
                "stop_id": "20965",
                "lat": 12.94318,
                "lon": 77.59735
              },
              {
                "name": "Nimhans Hospital",
                "name_kn": "ನಿಂಹಂಸ್ ಹೊಸ್ಪಿಟಲ್",
                "stop_id": "21064",
                "lat": 12.93989,
                "lon": 77.59775
              },
              {
                "name": "Bengaluru Dairy Circle",
                "name_kn": "ಬೆಙಲುರು ದೈರೆ ಕಿರ್ಕ್ಲೆ",
                "stop_id": "35108",
                "lat": 12.93535,
                "lon": 77.60143
              },
              {
                "name": "Ananda Ashrama (BG Rd)",
                "name_kn": "ಅನಂದ ಶ್ರಮ (ಬ್ಗ್ ರ್ದ್)",
                "stop_id": "22744",
                "lat": 12.9275,
                "lon": 77.60062
              },
              {
                "name": "Jalabhavan",
                "name_kn": "ಜಲಭವಂ",
                "stop_id": "35767",
                "lat": 12.92316,
                "lon": 77.60036
              },
              {
                "name": "Gurappanapalya",
                "name_kn": "ಗುರಪ್ಪನಪಲೆ",
                "stop_id": "22745",
                "lat": 12.91985,
                "lon": 77.60025
              },
              {
                "name": "MICO Layout Checkpost Gopalan mall",
                "name_kn": "ಮಿಕೊ ಲಯೌಟ್ ಚೆಕ್ಕ್ಪೊಸ್ಟ್ ಗೊಪಲಂ ಮಲ್ಲ್",
                "stop_id": "23575",
                "lat": 12.91413,
                "lon": 77.60001
              },
              {
                "name": "JP Nagara 3rd Phase",
                "name_kn": "ಜ್ಪ್ ನಗರ 3ರ್ದ್ ಫಸೆ",
                "stop_id": "35076",
                "lat": 12.90809,
                "lon": 77.60045
              },
              {
                "name": "Bilekahalli",
                "name_kn": "ಬಿಲೆಕಹಲ್ಲಿ",
                "stop_id": "23577",
                "lat": 12.90079,
                "lon": 77.60112
              },
              {
                "name": "Apollo Hospital",
                "name_kn": "ಅಪೊಲ್ಲೊ ಹೊಸ್ಪಿಟಲ್",
                "stop_id": "23578",
                "lat": 12.89662,
                "lon": 77.6
              },
              {
                "name": "HSBC",
                "name_kn": "ಹ್ಸ್ಬ್ಕ್",
                "stop_id": "35120",
                "lat": 12.89202,
                "lon": 77.59882
              },
              {
                "name": "Arakere Gate",
                "name_kn": "ಅರಕೆರೆ ಗಟೆ",
                "stop_id": "23145",
                "lat": 12.89024,
                "lon": 77.59811
              },
              {
                "name": "BPL",
                "name_kn": "ಬ್ಪ್ಲ್",
                "stop_id": "35109",
                "lat": 12.88702,
                "lon": 77.59697
              },
              {
                "name": "Hulimavu Gate",
                "name_kn": "ಹುಲಿಮವು ಗಟೆ",
                "stop_id": "22749",
                "lat": 12.8822,
                "lon": 77.59623
              },
              {
                "name": "Meenakshi Temple",
                "name_kn": "ಮೀನಕ್ಷಿ ಟೆಂಪ್ಲೆ",
                "stop_id": "23584",
                "lat": 12.87467,
                "lon": 77.5949
              },
              {
                "name": "Loyola School",
                "name_kn": "ಲೊಯೊಲ ಸ್ಚೂಲ್",
                "stop_id": "35161",
                "lat": 12.87103,
                "lon": 77.59364
              },
              {
                "name": "Kalena Agrahara",
                "name_kn": "ಕಲೆನ ಗ್ರಹರ",
                "stop_id": "23586",
                "lat": 12.86671,
                "lon": 77.59215
              },
              {
                "name": "Himagiri",
                "name_kn": "ಹಿಮಗಿರಿ",
                "stop_id": "23587",
                "lat": 12.86231,
                "lon": 77.59059
              },
              {
                "name": "Gottigere",
                "name_kn": "ಗೊಟಿಗೆರೆ",
                "stop_id": "23588",
                "lat": 12.85652,
                "lon": 77.5889
              },
              {
                "name": "T John College",
                "name_kn": "ಟ್ ಜೊಹ್ಂ ಕೊಲ್ಲೆಗೆ",
                "stop_id": "35130",
                "lat": 12.84984,
                "lon": 77.58834
              },
              {
                "name": "Basavanapura Gate",
                "name_kn": "ಬಸವನಪುರ ಗಟೆ",
                "stop_id": "22752",
                "lat": 12.84634,
                "lon": 77.58822
              },
              {
                "name": "Koli Farm Gate",
                "name_kn": "ಕೊಲಿ ೞರ್ಂ ಗಟೆ",
                "stop_id": "35093",
                "lat": 12.84145,
                "lon": 77.58859
              },
              {
                "name": "Kalkere",
                "name_kn": "ಕಲ್ಕೆರೆ",
                "stop_id": "35062",
                "lat": 12.83262,
                "lon": 77.58906
              },
              {
                "name": "AMC College",
                "name_kn": "ಅಂಕ್ ಕೊಲ್ಲೆಗೆ",
                "stop_id": "23060",
                "lat": 12.82938,
                "lon": 77.58759
              },
              {
                "name": "Sampangiram Nagara",
                "name_kn": "ಸಂಪಙಿರಂ ನಗರ",
                "stop_id": "23779",
                "lat": 12.82533,
                "lon": 77.58621
              },
              {
                "name": "Rayan International School",
                "name_kn": "ರಯಂ ಿಂಟೆರ್ನಟಿೊನಲ್ ಸ್ಚೂಲ್",
                "stop_id": "23780",
                "lat": 12.81956,
                "lon": 77.58481
              },
              {
                "name": "Ananda Ashrama Bannerughatta",
                "name_kn": "ಅನಂದ ಶ್ರಮ ಬಂನೆರುಘಟ",
                "stop_id": "39749",
                "lat": 12.81799,
                "lon": 77.58412
              },
              {
                "name": "Vijaya Bank Bannerughatta",
                "name_kn": "ವಿಜಯ ಬಂಕ್ ಬಂನೆರುಘಟ",
                "stop_id": "23781",
                "lat": 12.81559,
                "lon": 77.58317
              },
              {
                "name": "Bannerughatta Circle",
                "name_kn": "ಬಂನೆರುಘಟ ಕಿರ್ಕ್ಲೆ",
                "stop_id": "35145",
                "lat": 12.8135,
                "lon": 77.58127
              },
              {
                "name": "Sarala Birla Academy",
                "name_kn": "ಸರಲ ಬಿರ್ಲ ಕದೆಮೆ",
                "stop_id": "24076",
                "lat": 12.8117,
                "lon": 77.58446
              },
              {
                "name": "Junglepalya Gate",
                "name_kn": "ಜುಙ್ಲೆಪಲೆ ಗಟೆ",
                "stop_id": "24077",
                "lat": 12.80837,
                "lon": 77.59051
              },
              {
                "name": "Mantapa Cross",
                "name_kn": "ಮಂಟಪ ಕ್ರೊಸ್ಸ್",
                "stop_id": "22779",
                "lat": 12.80303,
                "lon": 77.59615
              },
              {
                "name": "Ragihalli Gate",
                "name_kn": "ರಗಿಹಲ್ಲಿ ಗಟೆ",
                "stop_id": "24079",
                "lat": 12.80036,
                "lon": 77.59897
              },
              {
                "name": "Kaleshwari Bannerughatta Road",
                "name_kn": "ಕಲೆಶ್ವರಿ ಬಂನೆರುಘಟ ರೊದ್",
                "stop_id": "35319",
                "lat": 12.79349,
                "lon": 77.59409
              },
              {
                "name": "Mutturayanaswamy Temple",
                "name_kn": "ಮುಟುರಯನಸ್ವಮೆ ಟೆಂಪ್ಲೆ",
                "stop_id": "35320",
                "lat": 12.76848,
                "lon": 77.58494
              },
              {
                "name": "RamanayakanaDoddy Cross",
                "name_kn": "ರಮನಯಕನದೊದ್ಠೆ ಕ್ರೊಸ್ಸ್",
                "stop_id": "35321",
                "lat": 12.74564,
                "lon": 77.57579
              },
              {
                "name": "Ragihalli",
                "name_kn": "ರಗಿಹಲ್ಲಿ",
                "stop_id": "35322",
                "lat": 12.73881,
                "lon": 77.57435
              },
              {
                "name": "Koratagere Doddy",
                "name_kn": "ಕೊರಟಗೆರೆ ದೊದ್ಠೆ",
                "stop_id": "24309",
                "lat": 12.72935,
                "lon": 77.57047
              },
              {
                "name": "Shivanahalli Hongemara",
                "name_kn": "ಶಿವನಹಲ್ಲಿ ಹೊಙೆಮರ",
                "stop_id": "35323",
                "lat": 12.72442,
                "lon": 77.5699
              },
              {
                "name": "Shivanahalli",
                "name_kn": "ಶಿವನಹಲ್ಲಿ",
                "stop_id": "35324",
                "lat": 12.72333,
                "lon": 77.57256
              },
              {
                "name": "Jaypura Doddy",
                "name_kn": "ಜಯ್ಪುರ ದೊದ್ಠೆ",
                "stop_id": "35325",
                "lat": 12.70869,
                "lon": 77.56939
              },
              {
                "name": "Kariyappana Doddy",
                "name_kn": "ಕರಿಯಪ್ಪನ ದೊದ್ಠೆ",
                "stop_id": "35326",
                "lat": 12.71068,
                "lon": 77.5793
              },
              {
                "name": "UjinappanaDoddy",
                "name_kn": "ಉಜಿನಪ್ಪನದೊದ್ಠೆ",
                "stop_id": "35327",
                "lat": 12.71749,
                "lon": 77.58762
              }
            ]
          },
          {
            "Route": "369-C",
            "RouteId": 6972,
            "RouteParentId": 3750,
            "Destination": "Hulimavu",
            "Via": "",
            "Area": "Kempegowda Bus Station",
            "PlatformNumber": "8",
            "KannadaDestination": "ಹುಲಿಮವು",
            "KannadaArea": "ಕೆಂಪೇಗೌಡ ಬಸ್ ನಿಲ್ದಾಣ",
            "KannadaVia": "",
            "FromStationId": 21166,
            "Stops": [
              {
                "name": "Shanthinagara Bus Station",
                "name_kn": "ಶಂತಿನಗರ ಬುಸ್ ಸ್ಟಟಿೊಂ",
                "stop_id": "21166",
                "lat": 12.95449,
                "lon": 77.59258
              },
              {
                "name": "Wilson Garden Police Station",
                "name_kn": "ವಿಲ್ಸೊಂ ಗರ್ದೆಂ ಪೊಲಿಕೆ ಸ್ಟಟಿೊಂ",
                "stop_id": "21280",
                "lat": 12.95141,
                "lon": 77.5951
              },
              {
                "name": "Wilson Garden 12th Cross",
                "name_kn": "ವಿಲ್ಸೊಂ ಗರ್ದೆಂ 12ತ್ ಕ್ರೊಸ್ಸ್",
                "stop_id": "20560",
                "lat": 12.94725,
                "lon": 77.59794
              },
              {
                "name": "Lakkasandra",
                "name_kn": "ಲಕ್ಕಸಂದ್ರ",
                "stop_id": "20965",
                "lat": 12.94318,
                "lon": 77.59735
              },
              {
                "name": "Nimhans Hospital",
                "name_kn": "ನಿಂಹಂಸ್ ಹೊಸ್ಪಿಟಲ್",
                "stop_id": "21064",
                "lat": 12.93989,
                "lon": 77.59775
              },
              {
                "name": "Bengaluru Dairy Circle",
                "name_kn": "ಬೆಙಲುರು ದೈರೆ ಕಿರ್ಕ್ಲೆ",
                "stop_id": "35108",
                "lat": 12.93535,
                "lon": 77.60143
              },
              {
                "name": "Ananda Ashrama (BG Rd)",
                "name_kn": "ಅನಂದ ಶ್ರಮ (ಬ್ಗ್ ರ್ದ್)",
                "stop_id": "22744",
                "lat": 12.9275,
                "lon": 77.60062
              },
              {
                "name": "Jalabhavan",
                "name_kn": "ಜಲಭವಂ",
                "stop_id": "35767",
                "lat": 12.92316,
                "lon": 77.60036
              },
              {
                "name": "Gurappanapalya",
                "name_kn": "ಗುರಪ್ಪನಪಲೆ",
                "stop_id": "22745",
                "lat": 12.91985,
                "lon": 77.60025
              },
              {
                "name": "MICO Layout Checkpost Gopalan mall",
                "name_kn": "ಮಿಕೊ ಲಯೌಟ್ ಚೆಕ್ಕ್ಪೊಸ್ಟ್ ಗೊಪಲಂ ಮಲ್ಲ್",
                "stop_id": "23575",
                "lat": 12.91413,
                "lon": 77.60001
              },
              {
                "name": "JP Nagara 3rd Phase",
                "name_kn": "ಜ್ಪ್ ನಗರ 3ರ್ದ್ ಫಸೆ",
                "stop_id": "35076",
                "lat": 12.90809,
                "lon": 77.60045
              },
              {
                "name": "Bilekahalli",
                "name_kn": "ಬಿಲೆಕಹಲ್ಲಿ",
                "stop_id": "23577",
                "lat": 12.90079,
                "lon": 77.60112
              },
              {
                "name": "Apollo Hospital",
                "name_kn": "ಅಪೊಲ್ಲೊ ಹೊಸ್ಪಿಟಲ್",
                "stop_id": "23578",
                "lat": 12.89662,
                "lon": 77.6
              },
              {
                "name": "HSBC",
                "name_kn": "ಹ್ಸ್ಬ್ಕ್",
                "stop_id": "35120",
                "lat": 12.89202,
                "lon": 77.59882
              },
              {
                "name": "Arakere Gate",
                "name_kn": "ಅರಕೆರೆ ಗಟೆ",
                "stop_id": "23145",
                "lat": 12.89024,
                "lon": 77.59811
              },
              {
                "name": "BPL",
                "name_kn": "ಬ್ಪ್ಲ್",
                "stop_id": "35109",
                "lat": 12.88702,
                "lon": 77.59697
              },
              {
                "name": "Hulimavu Gate",
                "name_kn": "ಹುಲಿಮವು ಗಟೆ",
                "stop_id": "22749",
                "lat": 12.8822,
                "lon": 77.59623
              },
              {
                "name": "Royal Meenakshi Mall BG Road",
                "name_kn": "ರೊಯಲ್ ಮೀನಕ್ಷಿ ಮಲ್ಲ್ ಬ್ಗ್ ರೊದ್",
                "stop_id": "28059",
                "lat": 12.8765,
                "lon": 77.59615
              },
              {
                "name": "Hulimavu",
                "name_kn": "ಹುಲಿಮವು",
                "stop_id": "32994",
                "lat": 12.87718,
                "lon": 77.60221
              }
            ]
          },
          {
            "Route": "369-D",
            "RouteId": 8146,
            "RouteParentId": 4377,
            "Destination": "Shanthiniketan Layout",
            "Via": "",
            "Area": "Kempegowda Bus Station",
            "PlatformNumber": "8",
            "KannadaDestination": "ಶಂತಿನಿಕೆಟಂ ಲಯೌಟ್",
            "KannadaArea": "ಕೆಂಪೇಗೌಡ ಬಸ್ ನಿಲ್ದಾಣ",
            "KannadaVia": "",
            "FromStationId": 21166,
            "Stops": [
              {
                "name": "Shanthinagara Bus Station",
                "name_kn": "ಶಂತಿನಗರ ಬುಸ್ ಸ್ಟಟಿೊಂ",
                "stop_id": "21166",
                "lat": 12.95449,
                "lon": 77.59258
              },
              {
                "name": "Wilson Garden Police Station",
                "name_kn": "ವಿಲ್ಸೊಂ ಗರ್ದೆಂ ಪೊಲಿಕೆ ಸ್ಟಟಿೊಂ",
                "stop_id": "21280",
                "lat": 12.95141,
                "lon": 77.5951
              },
              {
                "name": "Wilson Garden 12th Cross",
                "name_kn": "ವಿಲ್ಸೊಂ ಗರ್ದೆಂ 12ತ್ ಕ್ರೊಸ್ಸ್",
                "stop_id": "20560",
                "lat": 12.94725,
                "lon": 77.59794
              },
              {
                "name": "Lakkasandra",
                "name_kn": "ಲಕ್ಕಸಂದ್ರ",
                "stop_id": "20965",
                "lat": 12.94318,
                "lon": 77.59735
              },
              {
                "name": "Nimhans Hospital",
                "name_kn": "ನಿಂಹಂಸ್ ಹೊಸ್ಪಿಟಲ್",
                "stop_id": "21064",
                "lat": 12.93989,
                "lon": 77.59775
              },
              {
                "name": "Bengaluru Dairy Circle",
                "name_kn": "ಬೆಙಲುರು ದೈರೆ ಕಿರ್ಕ್ಲೆ",
                "stop_id": "35108",
                "lat": 12.93535,
                "lon": 77.60143
              },
              {
                "name": "Ananda Ashrama (BG Rd)",
                "name_kn": "ಅನಂದ ಶ್ರಮ (ಬ್ಗ್ ರ್ದ್)",
                "stop_id": "22744",
                "lat": 12.9275,
                "lon": 77.60062
              },
              {
                "name": "Jalabhavan",
                "name_kn": "ಜಲಭವಂ",
                "stop_id": "35767",
                "lat": 12.92316,
                "lon": 77.60036
              },
              {
                "name": "Gurappanapalya",
                "name_kn": "ಗುರಪ್ಪನಪಲೆ",
                "stop_id": "22745",
                "lat": 12.91985,
                "lon": 77.60025
              },
              {
                "name": "MICO Layout Checkpost Gopalan mall",
                "name_kn": "ಮಿಕೊ ಲಯೌಟ್ ಚೆಕ್ಕ್ಪೊಸ್ಟ್ ಗೊಪಲಂ ಮಲ್ಲ್",
                "stop_id": "23575",
                "lat": 12.91413,
                "lon": 77.60001
              },
              {
                "name": "JP Nagara 3rd Phase",
                "name_kn": "ಜ್ಪ್ ನಗರ 3ರ್ದ್ ಫಸೆ",
                "stop_id": "35076",
                "lat": 12.90809,
                "lon": 77.60045
              },
              {
                "name": "Bilekahalli",
                "name_kn": "ಬಿಲೆಕಹಲ್ಲಿ",
                "stop_id": "23577",
                "lat": 12.90079,
                "lon": 77.60112
              },
              {
                "name": "Apollo Hospital",
                "name_kn": "ಅಪೊಲ್ಲೊ ಹೊಸ್ಪಿಟಲ್",
                "stop_id": "23578",
                "lat": 12.89662,
                "lon": 77.6
              },
              {
                "name": "HSBC",
                "name_kn": "ಹ್ಸ್ಬ್ಕ್",
                "stop_id": "35120",
                "lat": 12.89202,
                "lon": 77.59882
              },
              {
                "name": "Arakere Gate",
                "name_kn": "ಅರಕೆರೆ ಗಟೆ",
                "stop_id": "23145",
                "lat": 12.89024,
                "lon": 77.59811
              },
              {
                "name": "Govt Hospital Arakere",
                "name_kn": "ಗೊವ್ಟ್ ಹೊಸ್ಪಿಟಲ್ ರಕೆರೆ",
                "stop_id": "23580",
                "lat": 12.88724,
                "lon": 77.60321
              },
              {
                "name": "Shanthiniketan Layout",
                "name_kn": "ಶಂತಿನಿಕೆಟಂ ಲಯೌಟ್",
                "stop_id": "23581",
                "lat": 12.88283,
                "lon": 77.60348
              }
            ]
          },
          {
            "Route": "365-E KBS-BTD",
            "RouteId": 8178,
            "RouteParentId": 4394,
            "Destination": "Byatarayana Doddy",
            "Via": "",
            "Area": "Kempegowda Bus Station",
            "PlatformNumber": "8",
            "KannadaDestination": "ಬೆಟರಯನ ದೊದ್ಠೆ",
            "KannadaArea": "ಕೆಂಪೇಗೌಡ ಬಸ್ ನಿಲ್ದಾಣ",
            "KannadaVia": "",
            "FromStationId": 21166,
            "Stops": [
              {
                "name": "Shanthinagara Bus Station",
                "name_kn": "ಶಂತಿನಗರ ಬುಸ್ ಸ್ಟಟಿೊಂ",
                "stop_id": "21166",
                "lat": 12.95449,
                "lon": 77.59258
              },
              {
                "name": "Wilson Garden Police Station",
                "name_kn": "ವಿಲ್ಸೊಂ ಗರ್ದೆಂ ಪೊಲಿಕೆ ಸ್ಟಟಿೊಂ",
                "stop_id": "21280",
                "lat": 12.95141,
                "lon": 77.5951
              },
              {
                "name": "Wilson Garden 12th Cross",
                "name_kn": "ವಿಲ್ಸೊಂ ಗರ್ದೆಂ 12ತ್ ಕ್ರೊಸ್ಸ್",
                "stop_id": "20560",
                "lat": 12.94725,
                "lon": 77.59794
              },
              {
                "name": "Lakkasandra",
                "name_kn": "ಲಕ್ಕಸಂದ್ರ",
                "stop_id": "20965",
                "lat": 12.94318,
                "lon": 77.59735
              },
              {
                "name": "Nimhans Hospital",
                "name_kn": "ನಿಂಹಂಸ್ ಹೊಸ್ಪಿಟಲ್",
                "stop_id": "21064",
                "lat": 12.93989,
                "lon": 77.59775
              },
              {
                "name": "Bengaluru Dairy Circle",
                "name_kn": "ಬೆಙಲುರು ದೈರೆ ಕಿರ್ಕ್ಲೆ",
                "stop_id": "35108",
                "lat": 12.93535,
                "lon": 77.60143
              },
              {
                "name": "Ananda Ashrama (BG Rd)",
                "name_kn": "ಅನಂದ ಶ್ರಮ (ಬ್ಗ್ ರ್ದ್)",
                "stop_id": "22744",
                "lat": 12.9275,
                "lon": 77.60062
              },
              {
                "name": "Jalabhavan",
                "name_kn": "ಜಲಭವಂ",
                "stop_id": "35767",
                "lat": 12.92316,
                "lon": 77.60036
              },
              {
                "name": "Gurappanapalya",
                "name_kn": "ಗುರಪ್ಪನಪಲೆ",
                "stop_id": "22745",
                "lat": 12.91985,
                "lon": 77.60025
              },
              {
                "name": "MICO Layout Checkpost Gopalan mall",
                "name_kn": "ಮಿಕೊ ಲಯೌಟ್ ಚೆಕ್ಕ್ಪೊಸ್ಟ್ ಗೊಪಲಂ ಮಲ್ಲ್",
                "stop_id": "23575",
                "lat": 12.91413,
                "lon": 77.60001
              },
              {
                "name": "JP Nagara 3rd Phase",
                "name_kn": "ಜ್ಪ್ ನಗರ 3ರ್ದ್ ಫಸೆ",
                "stop_id": "35076",
                "lat": 12.90809,
                "lon": 77.60045
              },
              {
                "name": "Bilekahalli",
                "name_kn": "ಬಿಲೆಕಹಲ್ಲಿ",
                "stop_id": "23577",
                "lat": 12.90079,
                "lon": 77.60112
              },
              {
                "name": "Apollo Hospital",
                "name_kn": "ಅಪೊಲ್ಲೊ ಹೊಸ್ಪಿಟಲ್",
                "stop_id": "23578",
                "lat": 12.89662,
                "lon": 77.6
              },
              {
                "name": "HSBC",
                "name_kn": "ಹ್ಸ್ಬ್ಕ್",
                "stop_id": "35120",
                "lat": 12.89202,
                "lon": 77.59882
              },
              {
                "name": "Arakere Gate",
                "name_kn": "ಅರಕೆರೆ ಗಟೆ",
                "stop_id": "23145",
                "lat": 12.89024,
                "lon": 77.59811
              },
              {
                "name": "BPL",
                "name_kn": "ಬ್ಪ್ಲ್",
                "stop_id": "35109",
                "lat": 12.88702,
                "lon": 77.59697
              },
              {
                "name": "Hulimavu Gate",
                "name_kn": "ಹುಲಿಮವು ಗಟೆ",
                "stop_id": "22749",
                "lat": 12.8822,
                "lon": 77.59623
              },
              {
                "name": "Meenakshi Temple",
                "name_kn": "ಮೀನಕ್ಷಿ ಟೆಂಪ್ಲೆ",
                "stop_id": "23584",
                "lat": 12.87467,
                "lon": 77.5949
              },
              {
                "name": "Loyola School",
                "name_kn": "ಲೊಯೊಲ ಸ್ಚೂಲ್",
                "stop_id": "35161",
                "lat": 12.87103,
                "lon": 77.59364
              },
              {
                "name": "Kalena Agrahara",
                "name_kn": "ಕಲೆನ ಗ್ರಹರ",
                "stop_id": "23586",
                "lat": 12.86671,
                "lon": 77.59215
              },
              {
                "name": "Himagiri",
                "name_kn": "ಹಿಮಗಿರಿ",
                "stop_id": "23587",
                "lat": 12.86231,
                "lon": 77.59059
              },
              {
                "name": "Gottigere",
                "name_kn": "ಗೊಟಿಗೆರೆ",
                "stop_id": "23588",
                "lat": 12.85652,
                "lon": 77.5889
              },
              {
                "name": "T John College",
                "name_kn": "ಟ್ ಜೊಹ್ಂ ಕೊಲ್ಲೆಗೆ",
                "stop_id": "35130",
                "lat": 12.84984,
                "lon": 77.58834
              },
              {
                "name": "Basavanapura Gate",
                "name_kn": "ಬಸವನಪುರ ಗಟೆ",
                "stop_id": "22752",
                "lat": 12.84634,
                "lon": 77.58822
              },
              {
                "name": "Koli Farm Gate",
                "name_kn": "ಕೊಲಿ ೞರ್ಂ ಗಟೆ",
                "stop_id": "35093",
                "lat": 12.84145,
                "lon": 77.58859
              },
              {
                "name": "Weavers Colony",
                "name_kn": "ವೆವೆರ್ಸ್ ಕೊಲೊನೆ",
                "stop_id": "23738",
                "lat": 12.84445,
                "lon": 77.58379
              },
              {
                "name": "Maruthi Badavane",
                "name_kn": "ಮರುತಿ ಬದವನೆ",
                "stop_id": "35110",
                "lat": 12.83994,
                "lon": 77.58055
              },
              {
                "name": "Bilavaradahalli",
                "name_kn": "ಬಿಲವರದಹಲ್ಲಿ",
                "stop_id": "23740",
                "lat": 12.83617,
                "lon": 77.57681
              },
              {
                "name": "Muneshwara Temple",
                "name_kn": "ಮುನೆಶ್ವರ ಟೆಂಪ್ಲೆ",
                "stop_id": "35115",
                "lat": 12.83574,
                "lon": 77.57216
              },
              {
                "name": "Anandgiri layout",
                "name_kn": "ಅನಂದ್ಗಿರಿ ಲಯೌಟ್",
                "stop_id": "39923",
                "lat": 12.82781,
                "lon": 77.56638
              },
              {
                "name": "Shanubhoganahalli 1st Cross",
                "name_kn": "ಶನುಭೊಗನಹಲ್ಲಿ 1ಸ್ಟ್ ಕ್ರೊಸ್ಸ್",
                "stop_id": "23742",
                "lat": 12.828,
                "lon": 77.56254
              },
              {
                "name": "Shanubhoganahalli Bannerughatta",
                "name_kn": "ಶನುಭೊಗನಹಲ್ಲಿ ಬಂನೆರುಘಟ",
                "stop_id": "23743",
                "lat": 12.8267,
                "lon": 77.56146
              },
              {
                "name": "Kencharayana Doddy",
                "name_kn": "ಕೆಂಚರಯನ ದೊದ್ಠೆ",
                "stop_id": "24150",
                "lat": 12.81955,
                "lon": 77.55618
              },
              {
                "name": "Byatarayana Doddy",
                "name_kn": "ಬೆಟರಯನ ದೊದ್ಠೆ",
                "stop_id": "24151",
                "lat": 12.81629,
                "lon": 77.55077
              }
            ]
          },
          {
            "Route": "365 KBS-JRML",
            "RouteId": 8295,
            "RouteParentId": 4454,
            "Destination": "Jayaram Layout (Hale Sampigehalli)",
            "Via": "",
            "Area": "Kempegowda Bus Station",
            "PlatformNumber": "8",
            "KannadaDestination": "ಜಯರಂ ಲಯೌಟ್ (ಹಲೆ ಸಂಪಿಗೆಹಲ್ಲಿ)",
            "KannadaArea": "ಕೆಂಪೇಗೌಡ ಬಸ್ ನಿಲ್ದಾಣ",
            "KannadaVia": "",
            "FromStationId": 21166,
            "Stops": [
              {
                "name": "Shanthinagara Bus Station",
                "name_kn": "ಶಂತಿನಗರ ಬುಸ್ ಸ್ಟಟಿೊಂ",
                "stop_id": "21166",
                "lat": 12.95449,
                "lon": 77.59258
              },
              {
                "name": "Wilson Garden Police Station",
                "name_kn": "ವಿಲ್ಸೊಂ ಗರ್ದೆಂ ಪೊಲಿಕೆ ಸ್ಟಟಿೊಂ",
                "stop_id": "21280",
                "lat": 12.95141,
                "lon": 77.5951
              },
              {
                "name": "Wilson Garden 12th Cross",
                "name_kn": "ವಿಲ್ಸೊಂ ಗರ್ದೆಂ 12ತ್ ಕ್ರೊಸ್ಸ್",
                "stop_id": "20560",
                "lat": 12.94725,
                "lon": 77.59794
              },
              {
                "name": "Lakkasandra",
                "name_kn": "ಲಕ್ಕಸಂದ್ರ",
                "stop_id": "20965",
                "lat": 12.94318,
                "lon": 77.59735
              },
              {
                "name": "Nimhans Hospital",
                "name_kn": "ನಿಂಹಂಸ್ ಹೊಸ್ಪಿಟಲ್",
                "stop_id": "21064",
                "lat": 12.93989,
                "lon": 77.59775
              },
              {
                "name": "Bengaluru Dairy Circle",
                "name_kn": "ಬೆಙಲುರು ದೈರೆ ಕಿರ್ಕ್ಲೆ",
                "stop_id": "35108",
                "lat": 12.93535,
                "lon": 77.60143
              },
              {
                "name": "Ananda Ashrama (BG Rd)",
                "name_kn": "ಅನಂದ ಶ್ರಮ (ಬ್ಗ್ ರ್ದ್)",
                "stop_id": "22744",
                "lat": 12.9275,
                "lon": 77.60062
              },
              {
                "name": "Jalabhavan",
                "name_kn": "ಜಲಭವಂ",
                "stop_id": "35767",
                "lat": 12.92316,
                "lon": 77.60036
              },
              {
                "name": "Gurappanapalya",
                "name_kn": "ಗುರಪ್ಪನಪಲೆ",
                "stop_id": "22745",
                "lat": 12.91985,
                "lon": 77.60025
              },
              {
                "name": "MICO Layout Checkpost Gopalan mall",
                "name_kn": "ಮಿಕೊ ಲಯೌಟ್ ಚೆಕ್ಕ್ಪೊಸ್ಟ್ ಗೊಪಲಂ ಮಲ್ಲ್",
                "stop_id": "23575",
                "lat": 12.91413,
                "lon": 77.60001
              },
              {
                "name": "JP Nagara 3rd Phase",
                "name_kn": "ಜ್ಪ್ ನಗರ 3ರ್ದ್ ಫಸೆ",
                "stop_id": "35076",
                "lat": 12.90809,
                "lon": 77.60045
              },
              {
                "name": "Bilekahalli",
                "name_kn": "ಬಿಲೆಕಹಲ್ಲಿ",
                "stop_id": "23577",
                "lat": 12.90079,
                "lon": 77.60112
              },
              {
                "name": "Apollo Hospital",
                "name_kn": "ಅಪೊಲ್ಲೊ ಹೊಸ್ಪಿಟಲ್",
                "stop_id": "23578",
                "lat": 12.89662,
                "lon": 77.6
              },
              {
                "name": "HSBC",
                "name_kn": "ಹ್ಸ್ಬ್ಕ್",
                "stop_id": "35120",
                "lat": 12.89202,
                "lon": 77.59882
              },
              {
                "name": "Arakere Gate",
                "name_kn": "ಅರಕೆರೆ ಗಟೆ",
                "stop_id": "23145",
                "lat": 12.89024,
                "lon": 77.59811
              },
              {
                "name": "BPL",
                "name_kn": "ಬ್ಪ್ಲ್",
                "stop_id": "35109",
                "lat": 12.88702,
                "lon": 77.59697
              },
              {
                "name": "Hulimavu Gate",
                "name_kn": "ಹುಲಿಮವು ಗಟೆ",
                "stop_id": "22749",
                "lat": 12.8822,
                "lon": 77.59623
              },
              {
                "name": "Meenakshi Temple",
                "name_kn": "ಮೀನಕ್ಷಿ ಟೆಂಪ್ಲೆ",
                "stop_id": "23584",
                "lat": 12.87467,
                "lon": 77.5949
              },
              {
                "name": "Loyola School",
                "name_kn": "ಲೊಯೊಲ ಸ್ಚೂಲ್",
                "stop_id": "35161",
                "lat": 12.87103,
                "lon": 77.59364
              },
              {
                "name": "Kalena Agrahara",
                "name_kn": "ಕಲೆನ ಗ್ರಹರ",
                "stop_id": "23586",
                "lat": 12.86671,
                "lon": 77.59215
              },
              {
                "name": "Himagiri",
                "name_kn": "ಹಿಮಗಿರಿ",
                "stop_id": "23587",
                "lat": 12.86231,
                "lon": 77.59059
              },
              {
                "name": "Gottigere",
                "name_kn": "ಗೊಟಿಗೆರೆ",
                "stop_id": "23588",
                "lat": 12.85652,
                "lon": 77.5889
              },
              {
                "name": "T John College",
                "name_kn": "ಟ್ ಜೊಹ್ಂ ಕೊಲ್ಲೆಗೆ",
                "stop_id": "35130",
                "lat": 12.84984,
                "lon": 77.58834
              },
              {
                "name": "Basavanapura Gate",
                "name_kn": "ಬಸವನಪುರ ಗಟೆ",
                "stop_id": "22752",
                "lat": 12.84634,
                "lon": 77.58822
              },
              {
                "name": "Koli Farm Gate",
                "name_kn": "ಕೊಲಿ ೞರ್ಂ ಗಟೆ",
                "stop_id": "35093",
                "lat": 12.84145,
                "lon": 77.58859
              },
              {
                "name": "Kalkere",
                "name_kn": "ಕಲ್ಕೆರೆ",
                "stop_id": "35062",
                "lat": 12.83262,
                "lon": 77.58906
              },
              {
                "name": "AMC College",
                "name_kn": "ಅಂಕ್ ಕೊಲ್ಲೆಗೆ",
                "stop_id": "23060",
                "lat": 12.82938,
                "lon": 77.58759
              },
              {
                "name": "Sampangiram Nagara",
                "name_kn": "ಸಂಪಙಿರಂ ನಗರ",
                "stop_id": "23779",
                "lat": 12.82533,
                "lon": 77.58621
              },
              {
                "name": "Rayan International School",
                "name_kn": "ರಯಂ ಿಂಟೆರ್ನಟಿೊನಲ್ ಸ್ಚೂಲ್",
                "stop_id": "23780",
                "lat": 12.81956,
                "lon": 77.58481
              },
              {
                "name": "Vijaya Bank Bannerughatta",
                "name_kn": "ವಿಜಯ ಬಂಕ್ ಬಂನೆರುಘಟ",
                "stop_id": "23781",
                "lat": 12.81559,
                "lon": 77.58317
              },
              {
                "name": "Bannerughatta Circle",
                "name_kn": "ಬಂನೆರುಘಟ ಕಿರ್ಕ್ಲೆ",
                "stop_id": "35145",
                "lat": 12.8135,
                "lon": 77.58127
              },
              {
                "name": "Sarala Birla Academy",
                "name_kn": "ಸರಲ ಬಿರ್ಲ ಕದೆಮೆ",
                "stop_id": "24076",
                "lat": 12.8117,
                "lon": 77.58446
              },
              {
                "name": "Jayaram Layout (Hale Sampigehalli)",
                "name_kn": "ಜಯರಂ ಲಯೌಟ್ (ಹಲೆ ಸಂಪಿಗೆಹಲ್ಲಿ)",
                "stop_id": "33121",
                "lat": 12.81357,
                "lon": 77.58964
              }
            ]
          },
          {
            "Route": "372-E KBS-CNP",
            "RouteId": 9531,
            "RouteParentId": 5105,
            "Destination": "Chinnaiahnapalya",
            "Via": "",
            "Area": "Kempegowda Bus Station",
            "PlatformNumber": "8",
            "KannadaDestination": "ಚಿಂನೈಹ್ನಪಲೆ",
            "KannadaArea": "ಕೆಂಪೇಗೌಡ ಬಸ್ ನಿಲ್ದಾಣ",
            "KannadaVia": "",
            "FromStationId": 21166,
            "Stops": [
              {
                "name": "Shanthinagara Bus Station",
                "name_kn": "ಶಂತಿನಗರ ಬುಸ್ ಸ್ಟಟಿೊಂ",
                "stop_id": "21166",
                "lat": 12.95449,
                "lon": 77.59258
              },
              {
                "name": "Wilson Garden Police Station",
                "name_kn": "ವಿಲ್ಸೊಂ ಗರ್ದೆಂ ಪೊಲಿಕೆ ಸ್ಟಟಿೊಂ",
                "stop_id": "21280",
                "lat": 12.95141,
                "lon": 77.5951
              },
              {
                "name": "Wilson Garden 12th Cross",
                "name_kn": "ವಿಲ್ಸೊಂ ಗರ್ದೆಂ 12ತ್ ಕ್ರೊಸ್ಸ್",
                "stop_id": "20560",
                "lat": 12.94725,
                "lon": 77.59794
              },
              {
                "name": "Lakkasandra",
                "name_kn": "ಲಕ್ಕಸಂದ್ರ",
                "stop_id": "20965",
                "lat": 12.94318,
                "lon": 77.59735
              },
              {
                "name": "Nimhans Hospital",
                "name_kn": "ನಿಂಹಂಸ್ ಹೊಸ್ಪಿಟಲ್",
                "stop_id": "21064",
                "lat": 12.93989,
                "lon": 77.59775
              },
              {
                "name": "Bengaluru Dairy Circle",
                "name_kn": "ಬೆಙಲುರು ದೈರೆ ಕಿರ್ಕ್ಲೆ",
                "stop_id": "35108",
                "lat": 12.93535,
                "lon": 77.60143
              },
              {
                "name": "Ananda Ashrama (BG Rd)",
                "name_kn": "ಅನಂದ ಶ್ರಮ (ಬ್ಗ್ ರ್ದ್)",
                "stop_id": "22744",
                "lat": 12.9275,
                "lon": 77.60062
              },
              {
                "name": "Jalabhavan",
                "name_kn": "ಜಲಭವಂ",
                "stop_id": "35767",
                "lat": 12.92316,
                "lon": 77.60036
              },
              {
                "name": "Gurappanapalya",
                "name_kn": "ಗುರಪ್ಪನಪಲೆ",
                "stop_id": "22745",
                "lat": 12.91985,
                "lon": 77.60025
              },
              {
                "name": "MICO Layout Checkpost Gopalan mall",
                "name_kn": "ಮಿಕೊ ಲಯೌಟ್ ಚೆಕ್ಕ್ಪೊಸ್ಟ್ ಗೊಪಲಂ ಮಲ್ಲ್",
                "stop_id": "23575",
                "lat": 12.91413,
                "lon": 77.60001
              },
              {
                "name": "JP Nagara 3rd Phase",
                "name_kn": "ಜ್ಪ್ ನಗರ 3ರ್ದ್ ಫಸೆ",
                "stop_id": "35076",
                "lat": 12.90809,
                "lon": 77.60045
              },
              {
                "name": "Bilekahalli",
                "name_kn": "ಬಿಲೆಕಹಲ್ಲಿ",
                "stop_id": "23577",
                "lat": 12.90079,
                "lon": 77.60112
              },
              {
                "name": "Apollo Hospital",
                "name_kn": "ಅಪೊಲ್ಲೊ ಹೊಸ್ಪಿಟಲ್",
                "stop_id": "23578",
                "lat": 12.89662,
                "lon": 77.6
              },
              {
                "name": "HSBC",
                "name_kn": "ಹ್ಸ್ಬ್ಕ್",
                "stop_id": "35120",
                "lat": 12.89202,
                "lon": 77.59882
              },
              {
                "name": "Arakere Gate",
                "name_kn": "ಅರಕೆರೆ ಗಟೆ",
                "stop_id": "23145",
                "lat": 12.89024,
                "lon": 77.59811
              },
              {
                "name": "BPL",
                "name_kn": "ಬ್ಪ್ಲ್",
                "stop_id": "35109",
                "lat": 12.88702,
                "lon": 77.59697
              },
              {
                "name": "Hulimavu Gate",
                "name_kn": "ಹುಲಿಮವು ಗಟೆ",
                "stop_id": "22749",
                "lat": 12.8822,
                "lon": 77.59623
              },
              {
                "name": "Meenakshi Temple",
                "name_kn": "ಮೀನಕ್ಷಿ ಟೆಂಪ್ಲೆ",
                "stop_id": "23584",
                "lat": 12.87467,
                "lon": 77.5949
              },
              {
                "name": "Loyola School",
                "name_kn": "ಲೊಯೊಲ ಸ್ಚೂಲ್",
                "stop_id": "35161",
                "lat": 12.87103,
                "lon": 77.59364
              },
              {
                "name": "Kalena Agrahara",
                "name_kn": "ಕಲೆನ ಗ್ರಹರ",
                "stop_id": "23586",
                "lat": 12.86671,
                "lon": 77.59215
              },
              {
                "name": "Himagiri",
                "name_kn": "ಹಿಮಗಿರಿ",
                "stop_id": "23587",
                "lat": 12.86231,
                "lon": 77.59059
              },
              {
                "name": "Gottigere",
                "name_kn": "ಗೊಟಿಗೆರೆ",
                "stop_id": "23588",
                "lat": 12.85652,
                "lon": 77.5889
              },
              {
                "name": "T John College",
                "name_kn": "ಟ್ ಜೊಹ್ಂ ಕೊಲ್ಲೆಗೆ",
                "stop_id": "35130",
                "lat": 12.84984,
                "lon": 77.58834
              },
              {
                "name": "Basavanapura Gate",
                "name_kn": "ಬಸವನಪುರ ಗಟೆ",
                "stop_id": "22752",
                "lat": 12.84634,
                "lon": 77.58822
              },
              {
                "name": "Koli Farm Gate",
                "name_kn": "ಕೊಲಿ ೞರ್ಂ ಗಟೆ",
                "stop_id": "35093",
                "lat": 12.84145,
                "lon": 77.58859
              },
              {
                "name": "Kalkere",
                "name_kn": "ಕಲ್ಕೆರೆ",
                "stop_id": "35062",
                "lat": 12.83262,
                "lon": 77.58906
              },
              {
                "name": "AMC College",
                "name_kn": "ಅಂಕ್ ಕೊಲ್ಲೆಗೆ",
                "stop_id": "23060",
                "lat": 12.82938,
                "lon": 77.58759
              },
              {
                "name": "Sampangiram Nagara",
                "name_kn": "ಸಂಪಙಿರಂ ನಗರ",
                "stop_id": "23779",
                "lat": 12.82533,
                "lon": 77.58621
              },
              {
                "name": "Rayan International School",
                "name_kn": "ರಯಂ ಿಂಟೆರ್ನಟಿೊನಲ್ ಸ್ಚೂಲ್",
                "stop_id": "23780",
                "lat": 12.81956,
                "lon": 77.58481
              },
              {
                "name": "Ananda Ashrama Bannerughatta",
                "name_kn": "ಅನಂದ ಶ್ರಮ ಬಂನೆರುಘಟ",
                "stop_id": "39749",
                "lat": 12.81799,
                "lon": 77.58412
              },
              {
                "name": "Vijaya Bank Bannerughatta",
                "name_kn": "ವಿಜಯ ಬಂಕ್ ಬಂನೆರುಘಟ",
                "stop_id": "23781",
                "lat": 12.81559,
                "lon": 77.58317
              },
              {
                "name": "Bannerughatta Circle",
                "name_kn": "ಬಂನೆರುಘಟ ಕಿರ್ಕ್ಲೆ",
                "stop_id": "35145",
                "lat": 12.8135,
                "lon": 77.58127
              },
              {
                "name": "Sarala Birla Academy",
                "name_kn": "ಸರಲ ಬಿರ್ಲ ಕದೆಮೆ",
                "stop_id": "24076",
                "lat": 12.8117,
                "lon": 77.58446
              },
              {
                "name": "Junglepalya Gate",
                "name_kn": "ಜುಙ್ಲೆಪಲೆ ಗಟೆ",
                "stop_id": "24077",
                "lat": 12.80837,
                "lon": 77.59051
              },
              {
                "name": "Mantapa Cross",
                "name_kn": "ಮಂಟಪ ಕ್ರೊಸ್ಸ್",
                "stop_id": "22779",
                "lat": 12.80303,
                "lon": 77.59615
              },
              {
                "name": "Ragihalli Gate",
                "name_kn": "ರಗಿಹಲ್ಲಿ ಗಟೆ",
                "stop_id": "24079",
                "lat": 12.80036,
                "lon": 77.59897
              },
              {
                "name": "Begihalli",
                "name_kn": "ಬೆಗಿಹಲ್ಲಿ",
                "stop_id": "24080",
                "lat": 12.79796,
                "lon": 77.60381
              },
              {
                "name": "Koppa Gate",
                "name_kn": "ಕೊಪ್ಪ ಗಟೆ",
                "stop_id": "24081",
                "lat": 12.79639,
                "lon": 77.61621
              },
              {
                "name": "Harapanahalli",
                "name_kn": "ಹರಪನಹಲ್ಲಿ",
                "stop_id": "35085",
                "lat": 12.79197,
                "lon": 77.62352
              },
              {
                "name": "Jigani Double Road",
                "name_kn": "ಜಿಗನಿ ದೌಬ್ಲೆ ರೊದ್",
                "stop_id": "35299",
                "lat": 12.78862,
                "lon": 77.62959
              },
              {
                "name": "Jigani Tent",
                "name_kn": "ಜಿಗನಿ ಟೆಂಟ್",
                "stop_id": "24084",
                "lat": 12.78737,
                "lon": 77.63331
              },
              {
                "name": "Jigani Bus Stand",
                "name_kn": "ಜಿಗನಿ ಬುಸ್ ಸ್ಟಂದ್",
                "stop_id": "24085",
                "lat": 12.78664,
                "lon": 77.63743
              },
              {
                "name": "Jigani APC Circle",
                "name_kn": "ಜಿಗನಿ ಪ್ಕ್ ಕಿರ್ಕ್ಲೆ",
                "stop_id": "35167",
                "lat": 12.77935,
                "lon": 77.64358
              },
              {
                "name": "YHK Hospital",
                "name_kn": "ಯ್ಹ್ಕ್ ಹೊಸ್ಪಿಟಲ್",
                "stop_id": "22843",
                "lat": 12.77945,
                "lon": 77.63652
              },
              {
                "name": "OTC Circle",
                "name_kn": "ಒಟ್ಕ್ ಕಿರ್ಕ್ಲೆ",
                "stop_id": "34194",
                "lat": 12.78122,
                "lon": 77.63079
              },
              {
                "name": "Kallubalu Cross",
                "name_kn": "ಕಲ್ಲುಬಲು ಕ್ರೊಸ್ಸ್",
                "stop_id": "33270",
                "lat": 12.77103,
                "lon": 77.62727
              },
              {
                "name": "Vaderamanchanahalli Jigani",
                "name_kn": "ವದೆರಮಂಚನಹಲ್ಲಿ ಜಿಗನಿ",
                "stop_id": "24121",
                "lat": 12.76836,
                "lon": 77.63027
              },
              {
                "name": "Konasandra Cross",
                "name_kn": "ಕೊನಸಂದ್ರ ಕ್ರೊಸ್ಸ್",
                "stop_id": "33563",
                "lat": 12.76432,
                "lon": 77.63555
              },
              {
                "name": "Dyavasandra Cross",
                "name_kn": "ಠೆವಸಂದ್ರ ಕ್ರೊಸ್ಸ್",
                "stop_id": "32579",
                "lat": 12.75795,
                "lon": 77.64057
              },
              {
                "name": "Bommandahalli",
                "name_kn": "ಬೊಮ್ಮಂದಹಲ್ಲಿ",
                "stop_id": "30167",
                "lat": 12.75406,
                "lon": 77.64278
              },
              {
                "name": "Nosenuru Cross",
                "name_kn": "ನೊಸೆನುರು ಕ್ರೊಸ್ಸ್",
                "stop_id": "34176",
                "lat": 12.74929,
                "lon": 77.64431
              },
              {
                "name": "Gollahalli",
                "name_kn": "ಗೊಲ್ಲಹಲ್ಲಿ",
                "stop_id": "32705",
                "lat": 12.74198,
                "lon": 77.64604
              },
              {
                "name": "Aduru",
                "name_kn": "ಅದುರು",
                "stop_id": "22994",
                "lat": 12.73301,
                "lon": 77.6544
              },
              {
                "name": "Siddanapalya",
                "name_kn": "ಸಿದ್ದನಪಲೆ",
                "stop_id": "26434",
                "lat": 12.7247,
                "lon": 77.65966
              },
              {
                "name": "Chinnaiahnapalya",
                "name_kn": "ಚಿಂನೈಹ್ನಪಲೆ",
                "stop_id": "24621",
                "lat": 12.72257,
                "lon": 77.65589
              }
            ]
          },
          {
            "Route": "365-JA",
            "RouteId": 14927,
            "RouteParentId": 7999,
            "Destination": "Jigani DLF Cloub House",
            "Via": "",
            "Area": "Kempegowda Bus Station",
            "PlatformNumber": "8",
            "KannadaDestination": "ಜಿಗನಿ ದ್ಲ್ೞ್ ಕ್ಲೌಬ್ ಹೌಸೆ",
            "KannadaArea": "ಕೆಂಪೇಗೌಡ ಬಸ್ ನಿಲ್ದಾಣ",
            "KannadaVia": "",
            "FromStationId": 21166,
            "Stops": [
              {
                "name": "Shanthinagara Bus Station",
                "name_kn": "ಶಂತಿನಗರ ಬುಸ್ ಸ್ಟಟಿೊಂ",
                "stop_id": "21166",
                "lat": 12.95449,
                "lon": 77.59258
              },
              {
                "name": "Wilson Garden Police Station",
                "name_kn": "ವಿಲ್ಸೊಂ ಗರ್ದೆಂ ಪೊಲಿಕೆ ಸ್ಟಟಿೊಂ",
                "stop_id": "21280",
                "lat": 12.95141,
                "lon": 77.5951
              },
              {
                "name": "Wilson Garden 12th Cross",
                "name_kn": "ವಿಲ್ಸೊಂ ಗರ್ದೆಂ 12ತ್ ಕ್ರೊಸ್ಸ್",
                "stop_id": "20560",
                "lat": 12.94725,
                "lon": 77.59794
              },
              {
                "name": "Lakkasandra",
                "name_kn": "ಲಕ್ಕಸಂದ್ರ",
                "stop_id": "20965",
                "lat": 12.94318,
                "lon": 77.59735
              },
              {
                "name": "Nimhans Hospital",
                "name_kn": "ನಿಂಹಂಸ್ ಹೊಸ್ಪಿಟಲ್",
                "stop_id": "21064",
                "lat": 12.93989,
                "lon": 77.59775
              },
              {
                "name": "Bengaluru Dairy Circle",
                "name_kn": "ಬೆಙಲುರು ದೈರೆ ಕಿರ್ಕ್ಲೆ",
                "stop_id": "35108",
                "lat": 12.93535,
                "lon": 77.60143
              },
              {
                "name": "Ananda Ashrama (BG Rd)",
                "name_kn": "ಅನಂದ ಶ್ರಮ (ಬ್ಗ್ ರ್ದ್)",
                "stop_id": "22744",
                "lat": 12.9275,
                "lon": 77.60062
              },
              {
                "name": "Jalabhavan",
                "name_kn": "ಜಲಭವಂ",
                "stop_id": "35767",
                "lat": 12.92316,
                "lon": 77.60036
              },
              {
                "name": "Gurappanapalya",
                "name_kn": "ಗುರಪ್ಪನಪಲೆ",
                "stop_id": "22745",
                "lat": 12.91985,
                "lon": 77.60025
              },
              {
                "name": "MICO Layout Checkpost Gopalan mall",
                "name_kn": "ಮಿಕೊ ಲಯೌಟ್ ಚೆಕ್ಕ್ಪೊಸ್ಟ್ ಗೊಪಲಂ ಮಲ್ಲ್",
                "stop_id": "23575",
                "lat": 12.91413,
                "lon": 77.60001
              },
              {
                "name": "JP Nagara 3rd Phase",
                "name_kn": "ಜ್ಪ್ ನಗರ 3ರ್ದ್ ಫಸೆ",
                "stop_id": "35076",
                "lat": 12.90809,
                "lon": 77.60045
              },
              {
                "name": "Bilekahalli",
                "name_kn": "ಬಿಲೆಕಹಲ್ಲಿ",
                "stop_id": "23577",
                "lat": 12.90079,
                "lon": 77.60112
              },
              {
                "name": "Apollo Hospital",
                "name_kn": "ಅಪೊಲ್ಲೊ ಹೊಸ್ಪಿಟಲ್",
                "stop_id": "23578",
                "lat": 12.89662,
                "lon": 77.6
              },
              {
                "name": "HSBC",
                "name_kn": "ಹ್ಸ್ಬ್ಕ್",
                "stop_id": "35120",
                "lat": 12.89202,
                "lon": 77.59882
              },
              {
                "name": "Arakere Gate",
                "name_kn": "ಅರಕೆರೆ ಗಟೆ",
                "stop_id": "23145",
                "lat": 12.89024,
                "lon": 77.59811
              },
              {
                "name": "BPL",
                "name_kn": "ಬ್ಪ್ಲ್",
                "stop_id": "35109",
                "lat": 12.88702,
                "lon": 77.59697
              },
              {
                "name": "Hulimavu Gate",
                "name_kn": "ಹುಲಿಮವು ಗಟೆ",
                "stop_id": "22749",
                "lat": 12.8822,
                "lon": 77.59623
              },
              {
                "name": "Meenakshi Temple",
                "name_kn": "ಮೀನಕ್ಷಿ ಟೆಂಪ್ಲೆ",
                "stop_id": "23584",
                "lat": 12.87467,
                "lon": 77.5949
              },
              {
                "name": "Loyola School",
                "name_kn": "ಲೊಯೊಲ ಸ್ಚೂಲ್",
                "stop_id": "35161",
                "lat": 12.87103,
                "lon": 77.59364
              },
              {
                "name": "Kalena Agrahara",
                "name_kn": "ಕಲೆನ ಗ್ರಹರ",
                "stop_id": "23586",
                "lat": 12.86671,
                "lon": 77.59215
              },
              {
                "name": "Himagiri",
                "name_kn": "ಹಿಮಗಿರಿ",
                "stop_id": "23587",
                "lat": 12.86231,
                "lon": 77.59059
              },
              {
                "name": "Gottigere",
                "name_kn": "ಗೊಟಿಗೆರೆ",
                "stop_id": "23588",
                "lat": 12.85652,
                "lon": 77.5889
              },
              {
                "name": "T John College",
                "name_kn": "ಟ್ ಜೊಹ್ಂ ಕೊಲ್ಲೆಗೆ",
                "stop_id": "35130",
                "lat": 12.84984,
                "lon": 77.58834
              },
              {
                "name": "Basavanapura Gate",
                "name_kn": "ಬಸವನಪುರ ಗಟೆ",
                "stop_id": "22752",
                "lat": 12.84634,
                "lon": 77.58822
              },
              {
                "name": "Koli Farm Gate",
                "name_kn": "ಕೊಲಿ ೞರ್ಂ ಗಟೆ",
                "stop_id": "35093",
                "lat": 12.84145,
                "lon": 77.58859
              },
              {
                "name": "Kalkere",
                "name_kn": "ಕಲ್ಕೆರೆ",
                "stop_id": "35062",
                "lat": 12.83262,
                "lon": 77.58906
              },
              {
                "name": "AMC College",
                "name_kn": "ಅಂಕ್ ಕೊಲ್ಲೆಗೆ",
                "stop_id": "23060",
                "lat": 12.82938,
                "lon": 77.58759
              },
              {
                "name": "Sampangiram Nagara",
                "name_kn": "ಸಂಪಙಿರಂ ನಗರ",
                "stop_id": "23779",
                "lat": 12.82533,
                "lon": 77.58621
              },
              {
                "name": "Rayan International School",
                "name_kn": "ರಯಂ ಿಂಟೆರ್ನಟಿೊನಲ್ ಸ್ಚೂಲ್",
                "stop_id": "23780",
                "lat": 12.81956,
                "lon": 77.58481
              },
              {
                "name": "Ananda Ashrama Bannerughatta",
                "name_kn": "ಅನಂದ ಶ್ರಮ ಬಂನೆರುಘಟ",
                "stop_id": "39749",
                "lat": 12.81799,
                "lon": 77.58412
              },
              {
                "name": "Vijaya Bank Bannerughatta",
                "name_kn": "ವಿಜಯ ಬಂಕ್ ಬಂನೆರುಘಟ",
                "stop_id": "23781",
                "lat": 12.81559,
                "lon": 77.58317
              },
              {
                "name": "Bannerughatta Circle",
                "name_kn": "ಬಂನೆರುಘಟ ಕಿರ್ಕ್ಲೆ",
                "stop_id": "35145",
                "lat": 12.8135,
                "lon": 77.58127
              },
              {
                "name": "Sarala Birla Academy",
                "name_kn": "ಸರಲ ಬಿರ್ಲ ಕದೆಮೆ",
                "stop_id": "24076",
                "lat": 12.8117,
                "lon": 77.58446
              },
              {
                "name": "Junglepalya Gate",
                "name_kn": "ಜುಙ್ಲೆಪಲೆ ಗಟೆ",
                "stop_id": "24077",
                "lat": 12.80837,
                "lon": 77.59051
              },
              {
                "name": "Mantapa Cross",
                "name_kn": "ಮಂಟಪ ಕ್ರೊಸ್ಸ್",
                "stop_id": "22779",
                "lat": 12.80303,
                "lon": 77.59615
              },
              {
                "name": "Ragihalli Gate",
                "name_kn": "ರಗಿಹಲ್ಲಿ ಗಟೆ",
                "stop_id": "24079",
                "lat": 12.80036,
                "lon": 77.59897
              },
              {
                "name": "Begihalli",
                "name_kn": "ಬೆಗಿಹಲ್ಲಿ",
                "stop_id": "24080",
                "lat": 12.79796,
                "lon": 77.60381
              },
              {
                "name": "Koppa Gate",
                "name_kn": "ಕೊಪ್ಪ ಗಟೆ",
                "stop_id": "24081",
                "lat": 12.79639,
                "lon": 77.61621
              },
              {
                "name": "Harapanahalli",
                "name_kn": "ಹರಪನಹಲ್ಲಿ",
                "stop_id": "35085",
                "lat": 12.79197,
                "lon": 77.62352
              },
              {
                "name": "Jigani Double Road",
                "name_kn": "ಜಿಗನಿ ದೌಬ್ಲೆ ರೊದ್",
                "stop_id": "35299",
                "lat": 12.78862,
                "lon": 77.62959
              },
              {
                "name": "Jigani Tent",
                "name_kn": "ಜಿಗನಿ ಟೆಂಟ್",
                "stop_id": "24084",
                "lat": 12.78737,
                "lon": 77.63331
              },
              {
                "name": "Jigani Bus Stand",
                "name_kn": "ಜಿಗನಿ ಬುಸ್ ಸ್ಟಂದ್",
                "stop_id": "24085",
                "lat": 12.78664,
                "lon": 77.63743
              },
              {
                "name": "Jigani APC Circle",
                "name_kn": "ಜಿಗನಿ ಪ್ಕ್ ಕಿರ್ಕ್ಲೆ",
                "stop_id": "35298",
                "lat": 12.77926,
                "lon": 77.64385
              },
              {
                "name": "Navya Badavane",
                "name_kn": "ನವೆ ಬದವನೆ",
                "stop_id": "29359",
                "lat": 12.78732,
                "lon": 77.65385
              },
              {
                "name": "Jigani DLF Cloub House",
                "name_kn": "ಜಿಗನಿ ದ್ಲ್ೞ್ ಕ್ಲೌಬ್ ಹೌಸೆ",
                "stop_id": "39290",
                "lat": 12.78503,
                "lon": 77.66051
              }
            ]
          },
          {
            "Route": "365-J KBS-NSB-D27G",
            "RouteId": 15024,
            "RouteParentId": 8050,
            "Destination": "Depot-27 Gate",
            "Via": "",
            "Area": "Kempegowda Bus Station",
            "PlatformNumber": "8",
            "KannadaDestination": "ದೆಪೊಟ್-27 ಗಟೆ",
            "KannadaArea": "ಕೆಂಪೇಗೌಡ ಬಸ್ ನಿಲ್ದಾಣ",
            "KannadaVia": "",
            "FromStationId": 21166,
            "Stops": [
              {
                "name": "Shanthinagara Bus Station",
                "name_kn": "ಶಂತಿನಗರ ಬುಸ್ ಸ್ಟಟಿೊಂ",
                "stop_id": "21166",
                "lat": 12.95449,
                "lon": 77.59258
              },
              {
                "name": "Wilson Garden Police Station",
                "name_kn": "ವಿಲ್ಸೊಂ ಗರ್ದೆಂ ಪೊಲಿಕೆ ಸ್ಟಟಿೊಂ",
                "stop_id": "21280",
                "lat": 12.95141,
                "lon": 77.5951
              },
              {
                "name": "Wilson Garden 12th Cross",
                "name_kn": "ವಿಲ್ಸೊಂ ಗರ್ದೆಂ 12ತ್ ಕ್ರೊಸ್ಸ್",
                "stop_id": "20560",
                "lat": 12.94725,
                "lon": 77.59794
              },
              {
                "name": "Lakkasandra",
                "name_kn": "ಲಕ್ಕಸಂದ್ರ",
                "stop_id": "20965",
                "lat": 12.94318,
                "lon": 77.59735
              },
              {
                "name": "Nimhans Hospital",
                "name_kn": "ನಿಂಹಂಸ್ ಹೊಸ್ಪಿಟಲ್",
                "stop_id": "21064",
                "lat": 12.93989,
                "lon": 77.59775
              },
              {
                "name": "Bengaluru Dairy Circle",
                "name_kn": "ಬೆಙಲುರು ದೈರೆ ಕಿರ್ಕ್ಲೆ",
                "stop_id": "35108",
                "lat": 12.93535,
                "lon": 77.60143
              },
              {
                "name": "Ananda Ashrama (BG Rd)",
                "name_kn": "ಅನಂದ ಶ್ರಮ (ಬ್ಗ್ ರ್ದ್)",
                "stop_id": "22744",
                "lat": 12.9275,
                "lon": 77.60062
              },
              {
                "name": "Jalabhavan",
                "name_kn": "ಜಲಭವಂ",
                "stop_id": "35767",
                "lat": 12.92316,
                "lon": 77.60036
              },
              {
                "name": "Gurappanapalya",
                "name_kn": "ಗುರಪ್ಪನಪಲೆ",
                "stop_id": "22745",
                "lat": 12.91985,
                "lon": 77.60025
              },
              {
                "name": "MICO Layout Checkpost Gopalan mall",
                "name_kn": "ಮಿಕೊ ಲಯೌಟ್ ಚೆಕ್ಕ್ಪೊಸ್ಟ್ ಗೊಪಲಂ ಮಲ್ಲ್",
                "stop_id": "23575",
                "lat": 12.91413,
                "lon": 77.60001
              },
              {
                "name": "JP Nagara 3rd Phase",
                "name_kn": "ಜ್ಪ್ ನಗರ 3ರ್ದ್ ಫಸೆ",
                "stop_id": "35076",
                "lat": 12.90809,
                "lon": 77.60045
              },
              {
                "name": "Bilekahalli",
                "name_kn": "ಬಿಲೆಕಹಲ್ಲಿ",
                "stop_id": "23577",
                "lat": 12.90079,
                "lon": 77.60112
              },
              {
                "name": "Apollo Hospital",
                "name_kn": "ಅಪೊಲ್ಲೊ ಹೊಸ್ಪಿಟಲ್",
                "stop_id": "23578",
                "lat": 12.89662,
                "lon": 77.6
              },
              {
                "name": "HSBC",
                "name_kn": "ಹ್ಸ್ಬ್ಕ್",
                "stop_id": "35120",
                "lat": 12.89202,
                "lon": 77.59882
              },
              {
                "name": "Arakere Gate",
                "name_kn": "ಅರಕೆರೆ ಗಟೆ",
                "stop_id": "23145",
                "lat": 12.89024,
                "lon": 77.59811
              },
              {
                "name": "BPL",
                "name_kn": "ಬ್ಪ್ಲ್",
                "stop_id": "35109",
                "lat": 12.88702,
                "lon": 77.59697
              },
              {
                "name": "Hulimavu Gate",
                "name_kn": "ಹುಲಿಮವು ಗಟೆ",
                "stop_id": "22749",
                "lat": 12.8822,
                "lon": 77.59623
              },
              {
                "name": "Meenakshi Temple",
                "name_kn": "ಮೀನಕ್ಷಿ ಟೆಂಪ್ಲೆ",
                "stop_id": "23584",
                "lat": 12.87467,
                "lon": 77.5949
              },
              {
                "name": "Loyola School",
                "name_kn": "ಲೊಯೊಲ ಸ್ಚೂಲ್",
                "stop_id": "35161",
                "lat": 12.87103,
                "lon": 77.59364
              },
              {
                "name": "Kalena Agrahara",
                "name_kn": "ಕಲೆನ ಗ್ರಹರ",
                "stop_id": "23586",
                "lat": 12.86671,
                "lon": 77.59215
              },
              {
                "name": "Himagiri",
                "name_kn": "ಹಿಮಗಿರಿ",
                "stop_id": "23587",
                "lat": 12.86231,
                "lon": 77.59059
              },
              {
                "name": "Gottigere",
                "name_kn": "ಗೊಟಿಗೆರೆ",
                "stop_id": "23588",
                "lat": 12.85652,
                "lon": 77.5889
              },
              {
                "name": "T John College",
                "name_kn": "ಟ್ ಜೊಹ್ಂ ಕೊಲ್ಲೆಗೆ",
                "stop_id": "35130",
                "lat": 12.84984,
                "lon": 77.58834
              },
              {
                "name": "Basavanapura Gate",
                "name_kn": "ಬಸವನಪುರ ಗಟೆ",
                "stop_id": "22752",
                "lat": 12.84634,
                "lon": 77.58822
              },
              {
                "name": "Koli Farm Gate",
                "name_kn": "ಕೊಲಿ ೞರ್ಂ ಗಟೆ",
                "stop_id": "35093",
                "lat": 12.84145,
                "lon": 77.58859
              },
              {
                "name": "Kalkere",
                "name_kn": "ಕಲ್ಕೆರೆ",
                "stop_id": "35062",
                "lat": 12.83262,
                "lon": 77.58906
              },
              {
                "name": "AMC College",
                "name_kn": "ಅಂಕ್ ಕೊಲ್ಲೆಗೆ",
                "stop_id": "23060",
                "lat": 12.82938,
                "lon": 77.58759
              },
              {
                "name": "Sampangiram Nagara",
                "name_kn": "ಸಂಪಙಿರಂ ನಗರ",
                "stop_id": "23779",
                "lat": 12.82533,
                "lon": 77.58621
              },
              {
                "name": "Rayan International School",
                "name_kn": "ರಯಂ ಿಂಟೆರ್ನಟಿೊನಲ್ ಸ್ಚೂಲ್",
                "stop_id": "23780",
                "lat": 12.81956,
                "lon": 77.58481
              },
              {
                "name": "Ananda Ashrama Bannerughatta",
                "name_kn": "ಅನಂದ ಶ್ರಮ ಬಂನೆರುಘಟ",
                "stop_id": "39749",
                "lat": 12.81799,
                "lon": 77.58412
              },
              {
                "name": "Vijaya Bank Bannerughatta",
                "name_kn": "ವಿಜಯ ಬಂಕ್ ಬಂನೆರುಘಟ",
                "stop_id": "23781",
                "lat": 12.81559,
                "lon": 77.58317
              },
              {
                "name": "Bannerughatta Circle",
                "name_kn": "ಬಂನೆರುಘಟ ಕಿರ್ಕ್ಲೆ",
                "stop_id": "35145",
                "lat": 12.8135,
                "lon": 77.58127
              },
              {
                "name": "Sarala Birla Academy",
                "name_kn": "ಸರಲ ಬಿರ್ಲ ಕದೆಮೆ",
                "stop_id": "24076",
                "lat": 12.8117,
                "lon": 77.58446
              },
              {
                "name": "Junglepalya Gate",
                "name_kn": "ಜುಙ್ಲೆಪಲೆ ಗಟೆ",
                "stop_id": "24077",
                "lat": 12.80837,
                "lon": 77.59051
              },
              {
                "name": "Mantapa Cross",
                "name_kn": "ಮಂಟಪ ಕ್ರೊಸ್ಸ್",
                "stop_id": "22779",
                "lat": 12.80303,
                "lon": 77.59615
              },
              {
                "name": "Ragihalli Gate",
                "name_kn": "ರಗಿಹಲ್ಲಿ ಗಟೆ",
                "stop_id": "24079",
                "lat": 12.80036,
                "lon": 77.59897
              },
              {
                "name": "Begihalli",
                "name_kn": "ಬೆಗಿಹಲ್ಲಿ",
                "stop_id": "24080",
                "lat": 12.79796,
                "lon": 77.60381
              },
              {
                "name": "Koppa Gate",
                "name_kn": "ಕೊಪ್ಪ ಗಟೆ",
                "stop_id": "24081",
                "lat": 12.79639,
                "lon": 77.61621
              },
              {
                "name": "Nisarga Badavane",
                "name_kn": "ನಿಸರ್ಗ ಬದವನೆ",
                "stop_id": "34166",
                "lat": 12.78296,
                "lon": 77.61296
              },
              {
                "name": "Depot-27 Gate",
                "name_kn": "ದೆಪೊಟ್-27 ಗಟೆ",
                "stop_id": "36342",
                "lat": 12.7801,
                "lon": 77.63448
              }
            ]
          },
          {
            "Route": "365-DB",
            "RouteId": 15472,
            "RouteParentId": 8295,
            "Destination": "Byatarayana Doddy",
            "Via": "",
            "Area": "Kempegowda Bus Station",
            "PlatformNumber": "8",
            "KannadaDestination": "ಬೆಟರಯನ ದೊದ್ಠೆ",
            "KannadaArea": "ಕೆಂಪೇಗೌಡ ಬಸ್ ನಿಲ್ದಾಣ",
            "KannadaVia": "",
            "FromStationId": 21166,
            "Stops": [
              {
                "name": "Shanthinagara Bus Station",
                "name_kn": "ಶಂತಿನಗರ ಬುಸ್ ಸ್ಟಟಿೊಂ",
                "stop_id": "21166",
                "lat": 12.95449,
                "lon": 77.59258
              },
              {
                "name": "Wilson Garden Police Station",
                "name_kn": "ವಿಲ್ಸೊಂ ಗರ್ದೆಂ ಪೊಲಿಕೆ ಸ್ಟಟಿೊಂ",
                "stop_id": "21280",
                "lat": 12.95141,
                "lon": 77.5951
              },
              {
                "name": "Wilson Garden 12th Cross",
                "name_kn": "ವಿಲ್ಸೊಂ ಗರ್ದೆಂ 12ತ್ ಕ್ರೊಸ್ಸ್",
                "stop_id": "20560",
                "lat": 12.94725,
                "lon": 77.59794
              },
              {
                "name": "Lakkasandra",
                "name_kn": "ಲಕ್ಕಸಂದ್ರ",
                "stop_id": "20965",
                "lat": 12.94318,
                "lon": 77.59735
              },
              {
                "name": "Nimhans Hospital",
                "name_kn": "ನಿಂಹಂಸ್ ಹೊಸ್ಪಿಟಲ್",
                "stop_id": "21064",
                "lat": 12.93989,
                "lon": 77.59775
              },
              {
                "name": "Bengaluru Dairy Circle",
                "name_kn": "ಬೆಙಲುರು ದೈರೆ ಕಿರ್ಕ್ಲೆ",
                "stop_id": "35108",
                "lat": 12.93535,
                "lon": 77.60143
              },
              {
                "name": "Ananda Ashrama (BG Rd)",
                "name_kn": "ಅನಂದ ಶ್ರಮ (ಬ್ಗ್ ರ್ದ್)",
                "stop_id": "22744",
                "lat": 12.9275,
                "lon": 77.60062
              },
              {
                "name": "Jalabhavan",
                "name_kn": "ಜಲಭವಂ",
                "stop_id": "35767",
                "lat": 12.92316,
                "lon": 77.60036
              },
              {
                "name": "Gurappanapalya",
                "name_kn": "ಗುರಪ್ಪನಪಲೆ",
                "stop_id": "22745",
                "lat": 12.91985,
                "lon": 77.60025
              },
              {
                "name": "MICO Layout Checkpost Gopalan mall",
                "name_kn": "ಮಿಕೊ ಲಯೌಟ್ ಚೆಕ್ಕ್ಪೊಸ್ಟ್ ಗೊಪಲಂ ಮಲ್ಲ್",
                "stop_id": "23575",
                "lat": 12.91413,
                "lon": 77.60001
              },
              {
                "name": "JP Nagara 3rd Phase",
                "name_kn": "ಜ್ಪ್ ನಗರ 3ರ್ದ್ ಫಸೆ",
                "stop_id": "35076",
                "lat": 12.90809,
                "lon": 77.60045
              },
              {
                "name": "Bilekahalli",
                "name_kn": "ಬಿಲೆಕಹಲ್ಲಿ",
                "stop_id": "23577",
                "lat": 12.90079,
                "lon": 77.60112
              },
              {
                "name": "Apollo Hospital",
                "name_kn": "ಅಪೊಲ್ಲೊ ಹೊಸ್ಪಿಟಲ್",
                "stop_id": "23578",
                "lat": 12.89662,
                "lon": 77.6
              },
              {
                "name": "HSBC",
                "name_kn": "ಹ್ಸ್ಬ್ಕ್",
                "stop_id": "35120",
                "lat": 12.89202,
                "lon": 77.59882
              },
              {
                "name": "Arakere Gate",
                "name_kn": "ಅರಕೆರೆ ಗಟೆ",
                "stop_id": "23145",
                "lat": 12.89024,
                "lon": 77.59811
              },
              {
                "name": "BPL",
                "name_kn": "ಬ್ಪ್ಲ್",
                "stop_id": "35109",
                "lat": 12.88702,
                "lon": 77.59697
              },
              {
                "name": "Hulimavu Gate",
                "name_kn": "ಹುಲಿಮವು ಗಟೆ",
                "stop_id": "22749",
                "lat": 12.8822,
                "lon": 77.59623
              },
              {
                "name": "Meenakshi Temple",
                "name_kn": "ಮೀನಕ್ಷಿ ಟೆಂಪ್ಲೆ",
                "stop_id": "23584",
                "lat": 12.87467,
                "lon": 77.5949
              },
              {
                "name": "Loyola School",
                "name_kn": "ಲೊಯೊಲ ಸ್ಚೂಲ್",
                "stop_id": "35161",
                "lat": 12.87103,
                "lon": 77.59364
              },
              {
                "name": "Kalena Agrahara",
                "name_kn": "ಕಲೆನ ಗ್ರಹರ",
                "stop_id": "23586",
                "lat": 12.86671,
                "lon": 77.59215
              },
              {
                "name": "Himagiri",
                "name_kn": "ಹಿಮಗಿರಿ",
                "stop_id": "23587",
                "lat": 12.86231,
                "lon": 77.59059
              },
              {
                "name": "Gottigere",
                "name_kn": "ಗೊಟಿಗೆರೆ",
                "stop_id": "23588",
                "lat": 12.85652,
                "lon": 77.5889
              },
              {
                "name": "T John College",
                "name_kn": "ಟ್ ಜೊಹ್ಂ ಕೊಲ್ಲೆಗೆ",
                "stop_id": "35130",
                "lat": 12.84984,
                "lon": 77.58834
              },
              {
                "name": "Basavanapura Gate",
                "name_kn": "ಬಸವನಪುರ ಗಟೆ",
                "stop_id": "22752",
                "lat": 12.84634,
                "lon": 77.58822
              },
              {
                "name": "Koli Farm Gate",
                "name_kn": "ಕೊಲಿ ೞರ್ಂ ಗಟೆ",
                "stop_id": "35093",
                "lat": 12.84145,
                "lon": 77.58859
              },
              {
                "name": "Weavers Colony",
                "name_kn": "ವೆವೆರ್ಸ್ ಕೊಲೊನೆ",
                "stop_id": "23738",
                "lat": 12.84445,
                "lon": 77.58379
              },
              {
                "name": "Maruthi Badavane",
                "name_kn": "ಮರುತಿ ಬದವನೆ",
                "stop_id": "35110",
                "lat": 12.83994,
                "lon": 77.58055
              },
              {
                "name": "Bilavaradahalli",
                "name_kn": "ಬಿಲವರದಹಲ್ಲಿ",
                "stop_id": "23740",
                "lat": 12.83617,
                "lon": 77.57681
              },
              {
                "name": "Muneshwara Temple",
                "name_kn": "ಮುನೆಶ್ವರ ಟೆಂಪ್ಲೆ",
                "stop_id": "35115",
                "lat": 12.83574,
                "lon": 77.57216
              },
              {
                "name": "Anandgiri layout",
                "name_kn": "ಅನಂದ್ಗಿರಿ ಲಯೌಟ್",
                "stop_id": "39923",
                "lat": 12.82781,
                "lon": 77.56638
              },
              {
                "name": "Shanubhoganahalli 1st Cross",
                "name_kn": "ಶನುಭೊಗನಹಲ್ಲಿ 1ಸ್ಟ್ ಕ್ರೊಸ್ಸ್",
                "stop_id": "23742",
                "lat": 12.828,
                "lon": 77.56254
              },
              {
                "name": "Shanubhoganahalli Bannerughatta",
                "name_kn": "ಶನುಭೊಗನಹಲ್ಲಿ ಬಂನೆರುಘಟ",
                "stop_id": "23743",
                "lat": 12.8267,
                "lon": 77.56146
              },
              {
                "name": "Kencharayana Doddy",
                "name_kn": "ಕೆಂಚರಯನ ದೊದ್ಠೆ",
                "stop_id": "24150",
                "lat": 12.81955,
                "lon": 77.55618
              },
              {
                "name": "Byatarayana Doddy",
                "name_kn": "ಬೆಟರಯನ ದೊದ್ಠೆ",
                "stop_id": "24151",
                "lat": 12.81629,
                "lon": 77.55077
              }
            ]
          },
          {
            "Route": "365-N",
            "RouteId": 15756,
            "RouteParentId": 8449,
            "Destination": "Giddenahalli Prashanti Kuteera",
            "Via": "",
            "Area": "Kempegowda Bus Station",
            "PlatformNumber": "8",
            "KannadaDestination": "ಗಿದ್ದೆನಹಲ್ಲಿ ಪ್ರಶಂಟಿ ಕುಟೀರ",
            "KannadaArea": "ಕೆಂಪೇಗೌಡ ಬಸ್ ನಿಲ್ದಾಣ",
            "KannadaVia": "",
            "FromStationId": 21166,
            "Stops": [
              {
                "name": "Shanthinagara Bus Station",
                "name_kn": "ಶಂತಿನಗರ ಬುಸ್ ಸ್ಟಟಿೊಂ",
                "stop_id": "21166",
                "lat": 12.95449,
                "lon": 77.59258
              },
              {
                "name": "Wilson Garden Police Station",
                "name_kn": "ವಿಲ್ಸೊಂ ಗರ್ದೆಂ ಪೊಲಿಕೆ ಸ್ಟಟಿೊಂ",
                "stop_id": "21280",
                "lat": 12.95141,
                "lon": 77.5951
              },
              {
                "name": "Wilson Garden 12th Cross",
                "name_kn": "ವಿಲ್ಸೊಂ ಗರ್ದೆಂ 12ತ್ ಕ್ರೊಸ್ಸ್",
                "stop_id": "20560",
                "lat": 12.94725,
                "lon": 77.59794
              },
              {
                "name": "Lakkasandra",
                "name_kn": "ಲಕ್ಕಸಂದ್ರ",
                "stop_id": "20965",
                "lat": 12.94318,
                "lon": 77.59735
              },
              {
                "name": "Nimhans Hospital",
                "name_kn": "ನಿಂಹಂಸ್ ಹೊಸ್ಪಿಟಲ್",
                "stop_id": "21064",
                "lat": 12.93989,
                "lon": 77.59775
              },
              {
                "name": "Bengaluru Dairy Circle",
                "name_kn": "ಬೆಙಲುರು ದೈರೆ ಕಿರ್ಕ್ಲೆ",
                "stop_id": "35108",
                "lat": 12.93535,
                "lon": 77.60143
              },
              {
                "name": "Ananda Ashrama (BG Rd)",
                "name_kn": "ಅನಂದ ಶ್ರಮ (ಬ್ಗ್ ರ್ದ್)",
                "stop_id": "22744",
                "lat": 12.9275,
                "lon": 77.60062
              },
              {
                "name": "Jalabhavan",
                "name_kn": "ಜಲಭವಂ",
                "stop_id": "35767",
                "lat": 12.92316,
                "lon": 77.60036
              },
              {
                "name": "Gurappanapalya",
                "name_kn": "ಗುರಪ್ಪನಪಲೆ",
                "stop_id": "22745",
                "lat": 12.91985,
                "lon": 77.60025
              },
              {
                "name": "MICO Layout Checkpost Gopalan mall",
                "name_kn": "ಮಿಕೊ ಲಯೌಟ್ ಚೆಕ್ಕ್ಪೊಸ್ಟ್ ಗೊಪಲಂ ಮಲ್ಲ್",
                "stop_id": "23575",
                "lat": 12.91413,
                "lon": 77.60001
              },
              {
                "name": "JP Nagara 3rd Phase",
                "name_kn": "ಜ್ಪ್ ನಗರ 3ರ್ದ್ ಫಸೆ",
                "stop_id": "35076",
                "lat": 12.90809,
                "lon": 77.60045
              },
              {
                "name": "Bilekahalli",
                "name_kn": "ಬಿಲೆಕಹಲ್ಲಿ",
                "stop_id": "23577",
                "lat": 12.90079,
                "lon": 77.60112
              },
              {
                "name": "Apollo Hospital",
                "name_kn": "ಅಪೊಲ್ಲೊ ಹೊಸ್ಪಿಟಲ್",
                "stop_id": "23578",
                "lat": 12.89662,
                "lon": 77.6
              },
              {
                "name": "HSBC",
                "name_kn": "ಹ್ಸ್ಬ್ಕ್",
                "stop_id": "35120",
                "lat": 12.89202,
                "lon": 77.59882
              },
              {
                "name": "Arakere Gate",
                "name_kn": "ಅರಕೆರೆ ಗಟೆ",
                "stop_id": "23145",
                "lat": 12.89024,
                "lon": 77.59811
              },
              {
                "name": "BPL",
                "name_kn": "ಬ್ಪ್ಲ್",
                "stop_id": "35109",
                "lat": 12.88702,
                "lon": 77.59697
              },
              {
                "name": "Hulimavu Gate",
                "name_kn": "ಹುಲಿಮವು ಗಟೆ",
                "stop_id": "22749",
                "lat": 12.8822,
                "lon": 77.59623
              },
              {
                "name": "Meenakshi Temple",
                "name_kn": "ಮೀನಕ್ಷಿ ಟೆಂಪ್ಲೆ",
                "stop_id": "23584",
                "lat": 12.87467,
                "lon": 77.5949
              },
              {
                "name": "Loyola School",
                "name_kn": "ಲೊಯೊಲ ಸ್ಚೂಲ್",
                "stop_id": "35161",
                "lat": 12.87103,
                "lon": 77.59364
              },
              {
                "name": "Kalena Agrahara",
                "name_kn": "ಕಲೆನ ಗ್ರಹರ",
                "stop_id": "23586",
                "lat": 12.86671,
                "lon": 77.59215
              },
              {
                "name": "Himagiri",
                "name_kn": "ಹಿಮಗಿರಿ",
                "stop_id": "23587",
                "lat": 12.86231,
                "lon": 77.59059
              },
              {
                "name": "Gottigere",
                "name_kn": "ಗೊಟಿಗೆರೆ",
                "stop_id": "23588",
                "lat": 12.85652,
                "lon": 77.5889
              },
              {
                "name": "T John College",
                "name_kn": "ಟ್ ಜೊಹ್ಂ ಕೊಲ್ಲೆಗೆ",
                "stop_id": "35130",
                "lat": 12.84984,
                "lon": 77.58834
              },
              {
                "name": "Basavanapura Gate",
                "name_kn": "ಬಸವನಪುರ ಗಟೆ",
                "stop_id": "22752",
                "lat": 12.84634,
                "lon": 77.58822
              },
              {
                "name": "Koli Farm Gate",
                "name_kn": "ಕೊಲಿ ೞರ್ಂ ಗಟೆ",
                "stop_id": "35093",
                "lat": 12.84145,
                "lon": 77.58859
              },
              {
                "name": "Kalkere",
                "name_kn": "ಕಲ್ಕೆರೆ",
                "stop_id": "35062",
                "lat": 12.83262,
                "lon": 77.58906
              },
              {
                "name": "AMC College",
                "name_kn": "ಅಂಕ್ ಕೊಲ್ಲೆಗೆ",
                "stop_id": "23060",
                "lat": 12.82938,
                "lon": 77.58759
              },
              {
                "name": "Sampangiram Nagara",
                "name_kn": "ಸಂಪಙಿರಂ ನಗರ",
                "stop_id": "23779",
                "lat": 12.82533,
                "lon": 77.58621
              },
              {
                "name": "Rayan International School",
                "name_kn": "ರಯಂ ಿಂಟೆರ್ನಟಿೊನಲ್ ಸ್ಚೂಲ್",
                "stop_id": "23780",
                "lat": 12.81956,
                "lon": 77.58481
              },
              {
                "name": "Ananda Ashrama Bannerughatta",
                "name_kn": "ಅನಂದ ಶ್ರಮ ಬಂನೆರುಘಟ",
                "stop_id": "39749",
                "lat": 12.81799,
                "lon": 77.58412
              },
              {
                "name": "Vijaya Bank Bannerughatta",
                "name_kn": "ವಿಜಯ ಬಂಕ್ ಬಂನೆರುಘಟ",
                "stop_id": "23781",
                "lat": 12.81559,
                "lon": 77.58317
              },
              {
                "name": "Bannerughatta Circle",
                "name_kn": "ಬಂನೆರುಘಟ ಕಿರ್ಕ್ಲೆ",
                "stop_id": "35145",
                "lat": 12.8135,
                "lon": 77.58127
              },
              {
                "name": "Sarala Birla Academy",
                "name_kn": "ಸರಲ ಬಿರ್ಲ ಕದೆಮೆ",
                "stop_id": "24076",
                "lat": 12.8117,
                "lon": 77.58446
              },
              {
                "name": "Junglepalya Gate",
                "name_kn": "ಜುಙ್ಲೆಪಲೆ ಗಟೆ",
                "stop_id": "24077",
                "lat": 12.80837,
                "lon": 77.59051
              },
              {
                "name": "Mantapa Cross",
                "name_kn": "ಮಂಟಪ ಕ್ರೊಸ್ಸ್",
                "stop_id": "22779",
                "lat": 12.80303,
                "lon": 77.59615
              },
              {
                "name": "Ragihalli Gate",
                "name_kn": "ರಗಿಹಲ್ಲಿ ಗಟೆ",
                "stop_id": "24079",
                "lat": 12.80036,
                "lon": 77.59897
              },
              {
                "name": "Begihalli",
                "name_kn": "ಬೆಗಿಹಲ್ಲಿ",
                "stop_id": "24080",
                "lat": 12.79796,
                "lon": 77.60381
              },
              {
                "name": "Koppa Gate",
                "name_kn": "ಕೊಪ್ಪ ಗಟೆ",
                "stop_id": "24081",
                "lat": 12.79639,
                "lon": 77.61621
              },
              {
                "name": "Harapanahalli",
                "name_kn": "ಹರಪನಹಲ್ಲಿ",
                "stop_id": "35085",
                "lat": 12.79197,
                "lon": 77.62352
              },
              {
                "name": "Jigani Double Road",
                "name_kn": "ಜಿಗನಿ ದೌಬ್ಲೆ ರೊದ್",
                "stop_id": "35299",
                "lat": 12.78862,
                "lon": 77.62959
              },
              {
                "name": "Jigani Tent",
                "name_kn": "ಜಿಗನಿ ಟೆಂಟ್",
                "stop_id": "24084",
                "lat": 12.78737,
                "lon": 77.63331
              },
              {
                "name": "Jigani Bus Stand",
                "name_kn": "ಜಿಗನಿ ಬುಸ್ ಸ್ಟಂದ್",
                "stop_id": "24085",
                "lat": 12.78664,
                "lon": 77.63743
              },
              {
                "name": "Jigani APC Circle",
                "name_kn": "ಜಿಗನಿ ಪ್ಕ್ ಕಿರ್ಕ್ಲೆ",
                "stop_id": "35167",
                "lat": 12.77935,
                "lon": 77.64358
              },
              {
                "name": "YHK Hospital",
                "name_kn": "ಯ್ಹ್ಕ್ ಹೊಸ್ಪಿಟಲ್",
                "stop_id": "22843",
                "lat": 12.77945,
                "lon": 77.63652
              },
              {
                "name": "OTC Circle",
                "name_kn": "ಒಟ್ಕ್ ಕಿರ್ಕ್ಲೆ",
                "stop_id": "34194",
                "lat": 12.78122,
                "lon": 77.63079
              },
              {
                "name": "Kallubalu Cross",
                "name_kn": "ಕಲ್ಲುಬಲು ಕ್ರೊಸ್ಸ್",
                "stop_id": "30657",
                "lat": 12.77098,
                "lon": 77.62722
              },
              {
                "name": "Kallubalu",
                "name_kn": "ಕಲ್ಲುಬಲು",
                "stop_id": "33266",
                "lat": 12.76964,
                "lon": 77.62246
              },
              {
                "name": "Giddenahalli",
                "name_kn": "ಗಿದ್ದೆನಹಲ್ಲಿ",
                "stop_id": "25411",
                "lat": 12.75691,
                "lon": 77.62458
              },
              {
                "name": "Giddenahalli Prashanti Kuteera",
                "name_kn": "ಗಿದ್ದೆನಹಲ್ಲಿ ಪ್ರಶಂಟಿ ಕುಟೀರ",
                "stop_id": "39640",
                "lat": 12.75738,
                "lon": 77.62482
              }
            ]
          },
          {
            "Route": "140 KMT-SNBS-KRMTTMC",
            "RouteId": 14355,
            "RouteParentId": 7682,
            "Destination": "Koramangala Bus Station",
            "Via": "",
            "Area": "KR Market",
            "PlatformNumber": "8",
            "KannadaDestination": "ಕೊರಮಙಲ ಬುಸ್ ಸ್ಟಟಿೊಂ",
            "KannadaArea": "ಕೆಆರ್ ಮಾರುಕಟ್ಟೆ",
            "KannadaVia": "",
            "FromStationId": 21166,
            "Stops": [
              {
                "name": "Shanthinagara Bus Station",
                "name_kn": "ಶಂತಿನಗರ ಬುಸ್ ಸ್ಟಟಿೊಂ",
                "stop_id": "21166",
                "lat": 12.95449,
                "lon": 77.59258
              },
              {
                "name": "Wilson Garden Police Station",
                "name_kn": "ವಿಲ್ಸೊಂ ಗರ್ದೆಂ ಪೊಲಿಕೆ ಸ್ಟಟಿೊಂ",
                "stop_id": "21280",
                "lat": 12.95141,
                "lon": 77.5951
              },
              {
                "name": "Wilson Garden 12th Cross",
                "name_kn": "ವಿಲ್ಸೊಂ ಗರ್ದೆಂ 12ತ್ ಕ್ರೊಸ್ಸ್",
                "stop_id": "20560",
                "lat": 12.94725,
                "lon": 77.59794
              },
              {
                "name": "Lakkasandra",
                "name_kn": "ಲಕ್ಕಸಂದ್ರ",
                "stop_id": "20965",
                "lat": 12.94318,
                "lon": 77.59735
              },
              {
                "name": "Nimhans Hospital",
                "name_kn": "ನಿಂಹಂಸ್ ಹೊಸ್ಪಿಟಲ್",
                "stop_id": "21064",
                "lat": 12.93989,
                "lon": 77.59775
              },
              {
                "name": "Bengaluru Dairy Circle",
                "name_kn": "ಬೆಙಲುರು ದೈರೆ ಕಿರ್ಕ್ಲೆ",
                "stop_id": "35266",
                "lat": 12.93909,
                "lon": 77.6021
              },
              {
                "name": "MICO Factory Junction",
                "name_kn": "ಮಿಕೊ ೞಕ್ಟೊರೆ ಜುಂಕ್ಟಿೊಂ",
                "stop_id": "24274",
                "lat": 12.94444,
                "lon": 77.60304
              },
              {
                "name": "MICO Gate Adugodi",
                "name_kn": "ಮಿಕೊ ಗಟೆ ದುಗೊದಿ",
                "stop_id": "24070",
                "lat": 12.94426,
                "lon": 77.60458
              },
              {
                "name": "Adugodi",
                "name_kn": "ಅದುಗೊದಿ",
                "stop_id": "29448",
                "lat": 12.94387,
                "lon": 77.6077
              },
              {
                "name": "Adugodi Police Station",
                "name_kn": "ಅದುಗೊದಿ ಪೊಲಿಕೆ ಸ್ಟಟಿೊಂ",
                "stop_id": "23802",
                "lat": 12.93985,
                "lon": 77.6095
              },
              {
                "name": "Forum Mall",
                "name_kn": "ೞೊರುಂ ಮಲ್ಲ್",
                "stop_id": "23803",
                "lat": 12.9346,
                "lon": 77.61228
              },
              {
                "name": "Jyothi Nivas College",
                "name_kn": "ಜೆೊತಿ ನಿವಸ್ ಕೊಲ್ಲೆಗೆ",
                "stop_id": "24071",
                "lat": 12.93533,
                "lon": 77.61415
              },
              {
                "name": "Kalyana Mantapa Koramangala",
                "name_kn": "ಕಲೆನ ಮಂಟಪ ಕೊರಮಙಲ",
                "stop_id": "24072",
                "lat": 12.93739,
                "lon": 77.61839
              },
              {
                "name": "Koramangala Police Station",
                "name_kn": "ಕೊರಮಙಲ ಪೊಲಿಕೆ ಸ್ಟಟಿೊಂ",
                "stop_id": "24073",
                "lat": 12.94167,
                "lon": 77.62151
              },
              {
                "name": "Koramangala Bus Station",
                "name_kn": "ಕೊರಮಙಲ ಬುಸ್ ಸ್ಟಟಿೊಂ",
                "stop_id": "35267",
                "lat": 12.94072,
                "lon": 77.6247
              }
            ]
          }
        ]
      }
    },
    {
      "type": "Feature",
      "geometry": {
        "coordinates": [
          77.59241942126562,
          12.954421359786195
        ],
        "type": "Point"
      },
      "properties": {
        "Platform": "1",
        "Color": "#0085B5",
        "Icon": "1",
        "OpenHour": 0,
        "CloseHour": 0,
        "ApiIds": [
          "21167"
        ],
        "Routes": [
          {
            "Route": "G-6",
            "RouteId": 1830,
            "RouteParentId": 1083,
            "Destination": "Shirke KHB Quarters",
            "Via": "",
            "Area": "Shanthinagara Bus Station",
            "PlatformNumber": "1",
            "KannadaDestination": "ಶಿರ್ಕೆ ಖ್ಬ್ qುರ್ಟೆರ್ಸ್",
            "KannadaArea": "ಶಾಂತಿನಗರ ಬಸ್ ನಿಲ್ದಾಣ",
            "KannadaVia": "",
            "FromStationId": 21167,
            "Stops": [
              {
                "name": "Shanthinagara Bus Station",
                "name_kn": "ಶಂತಿನಗರ ಬುಸ್ ಸ್ಟಟಿೊಂ",
                "stop_id": "21167",
                "lat": 12.95483,
                "lon": 77.59235
              },
              {
                "name": "KH Road",
                "name_kn": "ಖ್ ರೊದ್",
                "stop_id": "20928",
                "lat": 12.95815,
                "lon": 77.59299
              },
              {
                "name": "Corporation",
                "name_kn": "ಕೊರ್ಪೊರಟಿೊಂ",
                "stop_id": "20727",
                "lat": 12.96701,
                "lon": 77.58822
              },
              {
                "name": "Town Hall",
                "name_kn": "ಟೌಂ ಹಲ್ಲ್",
                "stop_id": "21232",
                "lat": 12.96355,
                "lon": 77.58375
              },
              {
                "name": "KR Market",
                "name_kn": "ಕ್ರ್ ಮರ್ಕೆಟ್",
                "stop_id": "20942",
                "lat": 12.96406,
                "lon": 77.5768
              },
              {
                "name": "Rayan Circle",
                "name_kn": "ರಯಂ ಕಿರ್ಕ್ಲೆ",
                "stop_id": "21123",
                "lat": 12.96047,
                "lon": 77.5679
              },
              {
                "name": "Water Tank Chamarajapet",
                "name_kn": "ವಟೆರ್ ಟಂಕ್ ಚಮರಜಪೆಟ್",
                "stop_id": "21272",
                "lat": 12.96038,
                "lon": 77.56493
              },
              {
                "name": "Chamarajapet",
                "name_kn": "ಚಮರಜಪೆಟ್",
                "stop_id": "23479",
                "lat": 12.96033,
                "lon": 77.56255
              },
              {
                "name": "Sirsi Circle",
                "name_kn": "ಸಿರ್ಸಿ ಕಿರ್ಕ್ಲೆ",
                "stop_id": "35403",
                "lat": 12.96022,
                "lon": 77.55921
              },
              {
                "name": "Mysore Road TollGate",
                "name_kn": "ಮೆಸೊರೆ ರೊದ್ ಟೊಲ್ಲ್ಗಟೆ",
                "stop_id": "21043",
                "lat": 12.95768,
                "lon": 77.55319
              },
              {
                "name": "New Guddadahalli",
                "name_kn": "ನೆವ್ ಗುದ್ದದಹಲ್ಲಿ",
                "stop_id": "21057",
                "lat": 12.95641,
                "lon": 77.54761
              },
              {
                "name": "Mysore Road Bus Station",
                "name_kn": "ಮೆಸೊರೆ ರೊದ್ ಬುಸ್ ಸ್ಟಟಿೊಂ",
                "stop_id": "21042",
                "lat": 12.9536,
                "lon": 77.54378
              },
              {
                "name": "BHEL",
                "name_kn": "ಭೆಲ್",
                "stop_id": "20664",
                "lat": 12.94872,
                "lon": 77.53583
              },
              {
                "name": "Mysore Road Metro Station",
                "name_kn": "ಮೆಸೊರೆ ರೊದ್ ಮೆಟ್ರೊ ಸ್ಟಟಿೊಂ",
                "stop_id": "23370",
                "lat": 12.94636,
                "lon": 77.53046
              },
              {
                "name": "Nayandahalli",
                "name_kn": "ನಯಂದಹಲ್ಲಿ",
                "stop_id": "21052",
                "lat": 12.94268,
                "lon": 77.52589
              },
              {
                "name": "BWSSB Quarters Nayandahalli",
                "name_kn": "ಬ್ವ್ಸ್ಸ್ಬ್ qುರ್ಟೆರ್ಸ್ ನಯಂದಹಲ್ಲಿ",
                "stop_id": "20690",
                "lat": 12.94013,
                "lon": 77.52412
              },
              {
                "name": "Rajarajeshwari nagara Gate",
                "name_kn": "ರಜರಜೆಶ್ವರಿ ನಗರ ಗಟೆ",
                "stop_id": "35389",
                "lat": 12.93631,
                "lon": 77.51774
              },
              {
                "name": "Bengaluru University Gate",
                "name_kn": "ಬೆಙಲುರು ುನಿವೆರ್ಸಿಟೆ ಗಟೆ",
                "stop_id": "20648",
                "lat": 12.93537,
                "lon": 77.51269
              },
              {
                "name": "Jayaram Das Factory",
                "name_kn": "ಜಯರಂ ದಸ್ ೞಕ್ಟೊರೆ",
                "stop_id": "20878",
                "lat": 12.93025,
                "lon": 77.50594
              },
              {
                "name": "RV College",
                "name_kn": "ರ್ವ್ ಕೊಲ್ಲೆಗೆ",
                "stop_id": "35391",
                "lat": 12.92521,
                "lon": 77.49936
              },
              {
                "name": "Dubasipalya Cross",
                "name_kn": "ದುಬಸಿಪಲೆ ಕ್ರೊಸ್ಸ್",
                "stop_id": "20764",
                "lat": 12.92273,
                "lon": 77.49603
              },
              {
                "name": "Mylasandra Cross",
                "name_kn": "ಮೆಲಸಂದ್ರ ಕ್ರೊಸ್ಸ್",
                "stop_id": "21039",
                "lat": 12.91749,
                "lon": 77.49064
              },
              {
                "name": "Kengeri Bus Station",
                "name_kn": "ಕೆಙೆರಿ ಬುಸ್ ಸ್ಟಟಿೊಂ",
                "stop_id": "20925",
                "lat": 12.91379,
                "lon": 77.4871
              },
              {
                "name": "Kengeri Police Station",
                "name_kn": "ಕೆಙೆರಿ ಪೊಲಿಕೆ ಸ್ಟಟಿೊಂ",
                "stop_id": "21094",
                "lat": 12.91007,
                "lon": 77.48146
              },
              {
                "name": "Kengeri Ganesha Temple",
                "name_kn": "ಕೆಙೆರಿ ಗನೆಶ ಟೆಂಪ್ಲೆ",
                "stop_id": "20782",
                "lat": 12.91126,
                "lon": 77.48029
              },
              {
                "name": "Kommaghatta Junction",
                "name_kn": "ಕೊಮ್ಮಘಟ ಜುಂಕ್ಟಿೊಂ",
                "stop_id": "20882",
                "lat": 12.91444,
                "lon": 77.48144
              },
              {
                "name": "Kengeri Post Office",
                "name_kn": "ಕೆಙೆರಿ ಪೊಸ್ಟ್ ೊೞ್ೞಿಕೆ",
                "stop_id": "22165",
                "lat": 12.91543,
                "lon": 77.48181
              },
              {
                "name": "Kengeri Railway Station",
                "name_kn": "ಕೆಙೆರಿ ರೈಲ್ವಯ್ ಸ್ಟಟಿೊಂ",
                "stop_id": "21110",
                "lat": 12.91686,
                "lon": 77.48234
              },
              {
                "name": "Kengeri Satellite Town",
                "name_kn": "ಕೆಙೆರಿ ಸಟೆಲ್ಲಿಟೆ ಟೌಂ",
                "stop_id": "22167",
                "lat": 12.92355,
                "lon": 77.48479
              },
              {
                "name": "Kengeri Church",
                "name_kn": "ಕೆಙೆರಿ ಚುರ್ಚ್",
                "stop_id": "20923",
                "lat": 12.92874,
                "lon": 77.48664
              },
              {
                "name": "Shirke KHB Quarters",
                "name_kn": "ಶಿರ್ಕೆ ಖ್ಬ್ qುರ್ಟೆರ್ಸ್",
                "stop_id": "22665",
                "lat": 12.93193,
                "lon": 77.48762
              }
            ]
          },
          {
            "Route": "G-6 FLYOVER",
            "RouteId": 7413,
            "RouteParentId": 3984,
            "Destination": "Shirke KHB Quarters",
            "Via": "",
            "Area": "Shanthinagara Bus Station",
            "PlatformNumber": "1",
            "KannadaDestination": "ಶಿರ್ಕೆ ಖ್ಬ್ qುರ್ಟೆರ್ಸ್",
            "KannadaArea": "ಶಾಂತಿನಗರ ಬಸ್ ನಿಲ್ದಾಣ",
            "KannadaVia": "",
            "FromStationId": 21167,
            "Stops": [
              {
                "name": "Shanthinagara Bus Station",
                "name_kn": "ಶಂತಿನಗರ ಬುಸ್ ಸ್ಟಟಿೊಂ",
                "stop_id": "21167",
                "lat": 12.95483,
                "lon": 77.59235
              },
              {
                "name": "KH Road",
                "name_kn": "ಖ್ ರೊದ್",
                "stop_id": "20928",
                "lat": 12.95815,
                "lon": 77.59299
              },
              {
                "name": "Corporation",
                "name_kn": "ಕೊರ್ಪೊರಟಿೊಂ",
                "stop_id": "20727",
                "lat": 12.96701,
                "lon": 77.58822
              },
              {
                "name": "Town Hall",
                "name_kn": "ಟೌಂ ಹಲ್ಲ್",
                "stop_id": "21232",
                "lat": 12.96355,
                "lon": 77.58375
              },
              {
                "name": "KR Market Flyover",
                "name_kn": "ಕ್ರ್ ಮರ್ಕೆಟ್ ೞ್ಲೆೊವೆರ್",
                "stop_id": "36229",
                "lat": 12.96469,
                "lon": 77.57512
              },
              {
                "name": "Sirsi Circle 1",
                "name_kn": "ಸಿರ್ಸಿ ಕಿರ್ಕ್ಲೆ 1",
                "stop_id": "23761",
                "lat": 12.9603,
                "lon": 77.55696
              },
              {
                "name": "Mysore Road TollGate",
                "name_kn": "ಮೆಸೊರೆ ರೊದ್ ಟೊಲ್ಲ್ಗಟೆ",
                "stop_id": "21043",
                "lat": 12.95768,
                "lon": 77.55319
              },
              {
                "name": "New Guddadahalli",
                "name_kn": "ನೆವ್ ಗುದ್ದದಹಲ್ಲಿ",
                "stop_id": "21057",
                "lat": 12.95641,
                "lon": 77.54761
              },
              {
                "name": "Mysore Road Bus Station",
                "name_kn": "ಮೆಸೊರೆ ರೊದ್ ಬುಸ್ ಸ್ಟಟಿೊಂ",
                "stop_id": "21042",
                "lat": 12.9536,
                "lon": 77.54378
              },
              {
                "name": "BHEL",
                "name_kn": "ಭೆಲ್",
                "stop_id": "20664",
                "lat": 12.94872,
                "lon": 77.53583
              },
              {
                "name": "Mysore Road Metro Station",
                "name_kn": "ಮೆಸೊರೆ ರೊದ್ ಮೆಟ್ರೊ ಸ್ಟಟಿೊಂ",
                "stop_id": "23370",
                "lat": 12.94636,
                "lon": 77.53046
              },
              {
                "name": "Nayandahalli",
                "name_kn": "ನಯಂದಹಲ್ಲಿ",
                "stop_id": "21052",
                "lat": 12.94268,
                "lon": 77.52589
              },
              {
                "name": "BWSSB Quarters Nayandahalli",
                "name_kn": "ಬ್ವ್ಸ್ಸ್ಬ್ qುರ್ಟೆರ್ಸ್ ನಯಂದಹಲ್ಲಿ",
                "stop_id": "20690",
                "lat": 12.94013,
                "lon": 77.52412
              },
              {
                "name": "Rajarajeshwari nagara Gate",
                "name_kn": "ರಜರಜೆಶ್ವರಿ ನಗರ ಗಟೆ",
                "stop_id": "35389",
                "lat": 12.93631,
                "lon": 77.51774
              },
              {
                "name": "Bengaluru University Gate",
                "name_kn": "ಬೆಙಲುರು ುನಿವೆರ್ಸಿಟೆ ಗಟೆ",
                "stop_id": "20648",
                "lat": 12.93537,
                "lon": 77.51269
              },
              {
                "name": "Jayaram Das Factory",
                "name_kn": "ಜಯರಂ ದಸ್ ೞಕ್ಟೊರೆ",
                "stop_id": "20878",
                "lat": 12.93025,
                "lon": 77.50594
              },
              {
                "name": "RV College",
                "name_kn": "ರ್ವ್ ಕೊಲ್ಲೆಗೆ",
                "stop_id": "35391",
                "lat": 12.92521,
                "lon": 77.49936
              },
              {
                "name": "Dubasipalya Cross",
                "name_kn": "ದುಬಸಿಪಲೆ ಕ್ರೊಸ್ಸ್",
                "stop_id": "20764",
                "lat": 12.92273,
                "lon": 77.49603
              },
              {
                "name": "Mylasandra Cross",
                "name_kn": "ಮೆಲಸಂದ್ರ ಕ್ರೊಸ್ಸ್",
                "stop_id": "21039",
                "lat": 12.91749,
                "lon": 77.49064
              },
              {
                "name": "Kengeri Bus Station",
                "name_kn": "ಕೆಙೆರಿ ಬುಸ್ ಸ್ಟಟಿೊಂ",
                "stop_id": "20925",
                "lat": 12.91379,
                "lon": 77.4871
              },
              {
                "name": "Kengeri Police Station",
                "name_kn": "ಕೆಙೆರಿ ಪೊಲಿಕೆ ಸ್ಟಟಿೊಂ",
                "stop_id": "21094",
                "lat": 12.91007,
                "lon": 77.48146
              },
              {
                "name": "Kengeri Ganesha Temple",
                "name_kn": "ಕೆಙೆರಿ ಗನೆಶ ಟೆಂಪ್ಲೆ",
                "stop_id": "20782",
                "lat": 12.91126,
                "lon": 77.48029
              },
              {
                "name": "Kommaghatta Junction",
                "name_kn": "ಕೊಮ್ಮಘಟ ಜುಂಕ್ಟಿೊಂ",
                "stop_id": "20882",
                "lat": 12.91444,
                "lon": 77.48144
              },
              {
                "name": "Kengeri Post Office",
                "name_kn": "ಕೆಙೆರಿ ಪೊಸ್ಟ್ ೊೞ್ೞಿಕೆ",
                "stop_id": "22165",
                "lat": 12.91543,
                "lon": 77.48181
              },
              {
                "name": "Kengeri Railway Station",
                "name_kn": "ಕೆಙೆರಿ ರೈಲ್ವಯ್ ಸ್ಟಟಿೊಂ",
                "stop_id": "21110",
                "lat": 12.91686,
                "lon": 77.48234
              },
              {
                "name": "Kengeri Satellite Town",
                "name_kn": "ಕೆಙೆರಿ ಸಟೆಲ್ಲಿಟೆ ಟೌಂ",
                "stop_id": "22167",
                "lat": 12.92355,
                "lon": 77.48479
              },
              {
                "name": "Kengeri Church",
                "name_kn": "ಕೆಙೆರಿ ಚುರ್ಚ್",
                "stop_id": "20923",
                "lat": 12.92874,
                "lon": 77.48664
              },
              {
                "name": "Shirke KHB Quarters",
                "name_kn": "ಶಿರ್ಕೆ ಖ್ಬ್ qುರ್ಟೆರ್ಸ್",
                "stop_id": "22665",
                "lat": 12.93193,
                "lon": 77.48762
              }
            ]
          },
          {
            "Route": "G-6 BEML5-SNBS",
            "RouteId": 10081,
            "RouteParentId": 5387,
            "Destination": "BEML Layout 5th stage",
            "Via": "",
            "Area": "Shanthinagara Bus Station",
            "PlatformNumber": "1",
            "KannadaDestination": "ಬೆಂಲ್ ಲಯೌಟ್ 5ತ್ ಸ್ಟಗೆ",
            "KannadaArea": "ಶಾಂತಿನಗರ ಬಸ್ ನಿಲ್ದಾಣ",
            "KannadaVia": "",
            "FromStationId": 21167,
            "Stops": [
              {
                "name": "Shanthinagara Bus Station",
                "name_kn": "ಶಂತಿನಗರ ಬುಸ್ ಸ್ಟಟಿೊಂ",
                "stop_id": "21167",
                "lat": 12.95483,
                "lon": 77.59235
              },
              {
                "name": "KH Road",
                "name_kn": "ಖ್ ರೊದ್",
                "stop_id": "20928",
                "lat": 12.95815,
                "lon": 77.59299
              },
              {
                "name": "Corporation",
                "name_kn": "ಕೊರ್ಪೊರಟಿೊಂ",
                "stop_id": "20727",
                "lat": 12.96701,
                "lon": 77.58822
              },
              {
                "name": "Town Hall",
                "name_kn": "ಟೌಂ ಹಲ್ಲ್",
                "stop_id": "21232",
                "lat": 12.96355,
                "lon": 77.58375
              },
              {
                "name": "KR Market",
                "name_kn": "ಕ್ರ್ ಮರ್ಕೆಟ್",
                "stop_id": "20942",
                "lat": 12.96406,
                "lon": 77.5768
              },
              {
                "name": "Rayan Circle",
                "name_kn": "ರಯಂ ಕಿರ್ಕ್ಲೆ",
                "stop_id": "21123",
                "lat": 12.96047,
                "lon": 77.5679
              },
              {
                "name": "Water Tank Chamarajapet",
                "name_kn": "ವಟೆರ್ ಟಂಕ್ ಚಮರಜಪೆಟ್",
                "stop_id": "21272",
                "lat": 12.96038,
                "lon": 77.56493
              },
              {
                "name": "Chamarajapet",
                "name_kn": "ಚಮರಜಪೆಟ್",
                "stop_id": "23479",
                "lat": 12.96033,
                "lon": 77.56255
              },
              {
                "name": "Sirsi Circle",
                "name_kn": "ಸಿರ್ಸಿ ಕಿರ್ಕ್ಲೆ",
                "stop_id": "35403",
                "lat": 12.96022,
                "lon": 77.55921
              },
              {
                "name": "Mysore Road TollGate",
                "name_kn": "ಮೆಸೊರೆ ರೊದ್ ಟೊಲ್ಲ್ಗಟೆ",
                "stop_id": "21043",
                "lat": 12.95768,
                "lon": 77.55319
              },
              {
                "name": "New Guddadahalli",
                "name_kn": "ನೆವ್ ಗುದ್ದದಹಲ್ಲಿ",
                "stop_id": "21057",
                "lat": 12.95641,
                "lon": 77.54761
              },
              {
                "name": "Mysore Road Bus Station",
                "name_kn": "ಮೆಸೊರೆ ರೊದ್ ಬುಸ್ ಸ್ಟಟಿೊಂ",
                "stop_id": "21042",
                "lat": 12.9536,
                "lon": 77.54378
              },
              {
                "name": "BHEL",
                "name_kn": "ಭೆಲ್",
                "stop_id": "20664",
                "lat": 12.94872,
                "lon": 77.53583
              },
              {
                "name": "Mysore Road Metro Station",
                "name_kn": "ಮೆಸೊರೆ ರೊದ್ ಮೆಟ್ರೊ ಸ್ಟಟಿೊಂ",
                "stop_id": "23370",
                "lat": 12.94636,
                "lon": 77.53046
              },
              {
                "name": "Nayandahalli",
                "name_kn": "ನಯಂದಹಲ್ಲಿ",
                "stop_id": "21052",
                "lat": 12.94268,
                "lon": 77.52589
              },
              {
                "name": "BWSSB Quarters Nayandahalli",
                "name_kn": "ಬ್ವ್ಸ್ಸ್ಬ್ qುರ್ಟೆರ್ಸ್ ನಯಂದಹಲ್ಲಿ",
                "stop_id": "20690",
                "lat": 12.94013,
                "lon": 77.52412
              },
              {
                "name": "Rajarajeshwari nagara Gate",
                "name_kn": "ರಜರಜೆಶ್ವರಿ ನಗರ ಗಟೆ",
                "stop_id": "28062",
                "lat": 12.9357,
                "lon": 77.51834
              },
              {
                "name": "RR Nagara Petrol Bunk",
                "name_kn": "ರ್ರ್ ನಗರ ಪೆಟ್ರೊಲ್ ಬುಂಕ್",
                "stop_id": "27673",
                "lat": 12.93275,
                "lon": 77.51626
              },
              {
                "name": "RR School",
                "name_kn": "ರ್ರ್ ಸ್ಚೂಲ್",
                "stop_id": "28066",
                "lat": 12.92776,
                "lon": 77.51413
              },
              {
                "name": "RR Temple",
                "name_kn": "ರ್ರ್ ಟೆಂಪ್ಲೆ",
                "stop_id": "28068",
                "lat": 12.92681,
                "lon": 77.51112
              },
              {
                "name": "Pattanagere Jayanna Circle",
                "name_kn": "ಪಟನಗೆರೆ ಜಯಂನ ಕಿರ್ಕ್ಲೆ",
                "stop_id": "34234",
                "lat": 12.92644,
                "lon": 77.51466
              },
              {
                "name": "Nimishamba Temple",
                "name_kn": "ನಿಮಿಶಂಬ ಟೆಂಪ್ಲೆ",
                "stop_id": "34164",
                "lat": 12.92491,
                "lon": 77.51788
              },
              {
                "name": "Ideal Homes",
                "name_kn": "ಇದೆಲ್ ಹೊಮೆಸ್",
                "stop_id": "26103",
                "lat": 12.92282,
                "lon": 77.51845
              },
              {
                "name": "BEML Complex",
                "name_kn": "ಬೆಂಲ್ ಕೊಂಪ್ಲೆಕ್ಸ್",
                "stop_id": "29870",
                "lat": 12.91968,
                "lon": 77.52026
              },
              {
                "name": "Kuvempu Circle",
                "name_kn": "ಕುವೆಂಪು ಕಿರ್ಕ್ಲೆ",
                "stop_id": "33644",
                "lat": 12.90995,
                "lon": 77.52104
              },
              {
                "name": "BEML Layout 5th stage",
                "name_kn": "ಬೆಂಲ್ ಲಯೌಟ್ 5ತ್ ಸ್ಟಗೆ",
                "stop_id": "29871",
                "lat": 12.90685,
                "lon": 77.52137
              }
            ]
          }
        ]
      }
    },
    {
      "type": "Feature",
      "geometry": {
        "coordinates": [
          77.59175841224965,
          12.955063609746801
        ],
        "type": "Point"
      },
      "properties": {
        "Platform": "NORTH",
        "Color": "#3BB500",
        "Icon": "N",
        "OpenHour": 0,
        "CloseHour": 0,
        "ApiIds": [
          "23667"
        ],
        "Routes": [
          {
            "Route": "37",
            "RouteId": 1685,
            "RouteParentId": 1005,
            "Destination": "Shivajinagara Bus Station",
            "Via": "",
            "Area": "Srinagara Bus Station",
            "PlatformNumber": "NORTH",
            "KannadaDestination": "ಶಿವಜಿನಗರ ಬುಸ್ ಸ್ಟಟಿೊಂ",
            "KannadaArea": "ಶ್ರೀನಗರ ಬಸ್‌ ನಿಲ್ದಾಣ",
            "KannadaVia": "",
            "FromStationId": 23667,
            "Stops": [
              {
                "name": "Shanthinagara KH Road",
                "name_kn": "ಶಂತಿನಗರ ಖ್ ರೊದ್",
                "stop_id": "23667",
                "lat": 12.95505,
                "lon": 77.59178
              },
              {
                "name": "KH Road",
                "name_kn": "ಖ್ ರೊದ್",
                "stop_id": "20928",
                "lat": 12.95815,
                "lon": 77.59299
              },
              {
                "name": "Richmond Circle",
                "name_kn": "ರಿಚ್ಮೊಂದ್ ಕಿರ್ಕ್ಲೆ",
                "stop_id": "21125",
                "lat": 12.96738,
                "lon": 77.59946
              },
              {
                "name": "St Joseph College",
                "name_kn": "ಸ್ಟ್ ಜೊಸೆಫ್ ಕೊಲ್ಲೆಗೆ",
                "stop_id": "21194",
                "lat": 12.97036,
                "lon": 77.60368
              },
              {
                "name": "State Bank India Garage",
                "name_kn": "ಸ್ಟಟೆ ಬಂಕ್ ಿಂದಿ ಗರಗೆ",
                "stop_id": "21608",
                "lat": 12.97465,
                "lon": 77.60154
              },
              {
                "name": "MG Road",
                "name_kn": "ಂಗ್ ರೊದ್",
                "stop_id": "21572",
                "lat": 12.97779,
                "lon": 77.60204
              },
              {
                "name": "Shivajinagara Bus Station",
                "name_kn": "ಶಿವಜಿನಗರ ಬುಸ್ ಸ್ಟಟಿೊಂ",
                "stop_id": "21173",
                "lat": 12.98328,
                "lon": 77.60304
              }
            ]
          },
          {
            "Route": "32 PPLO-TRN-SBS",
            "RouteId": 4481,
            "RouteParentId": 2463,
            "Destination": "Shivajinagara Bus Station",
            "Via": "",
            "Area": "Poornaprajna Layout",
            "PlatformNumber": "NORTH",
            "KannadaDestination": "ಶಿವಜಿನಗರ ಬುಸ್ ಸ್ಟಟಿೊಂ",
            "KannadaArea": "ಪೂರ್ಣಪ್ರಜ್ಞಾ ಬಡಾವಣೆ",
            "KannadaVia": "",
            "FromStationId": 23667,
            "Stops": [
              {
                "name": "Shanthinagara KH Road",
                "name_kn": "ಶಂತಿನಗರ ಖ್ ರೊದ್",
                "stop_id": "23667",
                "lat": 12.95505,
                "lon": 77.59178
              },
              {
                "name": "KH Road",
                "name_kn": "ಖ್ ರೊದ್",
                "stop_id": "20928",
                "lat": 12.95815,
                "lon": 77.59299
              },
              {
                "name": "Richmond Circle",
                "name_kn": "ರಿಚ್ಮೊಂದ್ ಕಿರ್ಕ್ಲೆ",
                "stop_id": "21125",
                "lat": 12.96738,
                "lon": 77.59946
              },
              {
                "name": "St Joseph Boys High School Musuem Road",
                "name_kn": "ಸ್ಟ್ ಜೊಸೆಫ್ ಬೊಯ್ಸ್ ಹಿಘ್ ಸ್ಚೂಲ್ ಮುಸುೆಂ ರೊದ್",
                "stop_id": "23433",
                "lat": 12.97176,
                "lon": 77.60441
              },
              {
                "name": "MG Road",
                "name_kn": "ಂಗ್ ರೊದ್",
                "stop_id": "21572",
                "lat": 12.97779,
                "lon": 77.60204
              },
              {
                "name": "Shivajinagara Bus Station",
                "name_kn": "ಶಿವಜಿನಗರ ಬುಸ್ ಸ್ಟಟಿೊಂ",
                "stop_id": "21173",
                "lat": 12.98328,
                "lon": 77.60304
              }
            ]
          },
          {
            "Route": "34-B",
            "RouteId": 4670,
            "RouteParentId": 2557,
            "Destination": "Shivajinagara Bus Station",
            "Via": "",
            "Area": "Vivekananda Nagara",
            "PlatformNumber": "NORTH",
            "KannadaDestination": "ಶಿವಜಿನಗರ ಬುಸ್ ಸ್ಟಟಿೊಂ",
            "KannadaArea": "ವಿವೇಕಾನಂದ ನಗರ",
            "KannadaVia": "",
            "FromStationId": 23667,
            "Stops": [
              {
                "name": "Shanthinagara KH Road",
                "name_kn": "ಶಂತಿನಗರ ಖ್ ರೊದ್",
                "stop_id": "23667",
                "lat": 12.95505,
                "lon": 77.59178
              },
              {
                "name": "KH Road",
                "name_kn": "ಖ್ ರೊದ್",
                "stop_id": "20928",
                "lat": 12.95815,
                "lon": 77.59299
              },
              {
                "name": "Richmond Circle",
                "name_kn": "ರಿಚ್ಮೊಂದ್ ಕಿರ್ಕ್ಲೆ",
                "stop_id": "21125",
                "lat": 12.96738,
                "lon": 77.59946
              },
              {
                "name": "St Joseph Boys High School Musuem Road",
                "name_kn": "ಸ್ಟ್ ಜೊಸೆಫ್ ಬೊಯ್ಸ್ ಹಿಘ್ ಸ್ಚೂಲ್ ಮುಸುೆಂ ರೊದ್",
                "stop_id": "23433",
                "lat": 12.97176,
                "lon": 77.60441
              },
              {
                "name": "State Bank India Garage",
                "name_kn": "ಸ್ಟಟೆ ಬಂಕ್ ಿಂದಿ ಗರಗೆ",
                "stop_id": "21608",
                "lat": 12.97465,
                "lon": 77.60154
              },
              {
                "name": "MG Road",
                "name_kn": "ಂಗ್ ರೊದ್",
                "stop_id": "21572",
                "lat": 12.97779,
                "lon": 77.60204
              },
              {
                "name": "Shivajinagara Bus Station",
                "name_kn": "ಶಿವಜಿನಗರ ಬುಸ್ ಸ್ಟಟಿೊಂ",
                "stop_id": "21173",
                "lat": 12.98328,
                "lon": 77.60304
              }
            ]
          },
          {
            "Route": "32",
            "RouteId": 6067,
            "RouteParentId": 3286,
            "Destination": "Shivajinagara Bus Station",
            "Via": "",
            "Area": "NR Colony",
            "PlatformNumber": "NORTH",
            "KannadaDestination": "ಶಿವಜಿನಗರ ಬುಸ್ ಸ್ಟಟಿೊಂ",
            "KannadaArea": "ಎನ್‌ ಆರ್‌ ಕಾಲೋನಿ",
            "KannadaVia": "",
            "FromStationId": 23667,
            "Stops": [
              {
                "name": "Shanthinagara KH Road",
                "name_kn": "ಶಂತಿನಗರ ಖ್ ರೊದ್",
                "stop_id": "23667",
                "lat": 12.95505,
                "lon": 77.59178
              },
              {
                "name": "KH Road",
                "name_kn": "ಖ್ ರೊದ್",
                "stop_id": "20928",
                "lat": 12.95815,
                "lon": 77.59299
              },
              {
                "name": "Richmond Circle",
                "name_kn": "ರಿಚ್ಮೊಂದ್ ಕಿರ್ಕ್ಲೆ",
                "stop_id": "21125",
                "lat": 12.96738,
                "lon": 77.59946
              },
              {
                "name": "St Joseph Boys High School Musuem Road",
                "name_kn": "ಸ್ಟ್ ಜೊಸೆಫ್ ಬೊಯ್ಸ್ ಹಿಘ್ ಸ್ಚೂಲ್ ಮುಸುೆಂ ರೊದ್",
                "stop_id": "23433",
                "lat": 12.97176,
                "lon": 77.60441
              },
              {
                "name": "MG Road",
                "name_kn": "ಂಗ್ ರೊದ್",
                "stop_id": "21572",
                "lat": 12.97779,
                "lon": 77.60204
              },
              {
                "name": "Shivajinagara Bus Station",
                "name_kn": "ಶಿವಜಿನಗರ ಬುಸ್ ಸ್ಟಟಿೊಂ",
                "stop_id": "21173",
                "lat": 12.98328,
                "lon": 77.60304
              }
            ]
          },
          {
            "Route": "34-A",
            "RouteId": 7186,
            "RouteParentId": 3866,
            "Destination": "Shivajinagara Bus Station",
            "Via": "",
            "Area": "Shri Vidhyanagara",
            "PlatformNumber": "NORTH",
            "KannadaDestination": "ಶಿವಜಿನಗರ ಬುಸ್ ಸ್ಟಟಿೊಂ",
            "KannadaArea": "ಶ್ರೀ ವಿಧ್ಯಾನಗರ",
            "KannadaVia": "",
            "FromStationId": 23667,
            "Stops": [
              {
                "name": "Shanthinagara KH Road",
                "name_kn": "ಶಂತಿನಗರ ಖ್ ರೊದ್",
                "stop_id": "23667",
                "lat": 12.95505,
                "lon": 77.59178
              },
              {
                "name": "KH Road",
                "name_kn": "ಖ್ ರೊದ್",
                "stop_id": "20928",
                "lat": 12.95815,
                "lon": 77.59299
              },
              {
                "name": "Richmond Circle",
                "name_kn": "ರಿಚ್ಮೊಂದ್ ಕಿರ್ಕ್ಲೆ",
                "stop_id": "21125",
                "lat": 12.96738,
                "lon": 77.59946
              },
              {
                "name": "St Joseph College",
                "name_kn": "ಸ್ಟ್ ಜೊಸೆಫ್ ಕೊಲ್ಲೆಗೆ",
                "stop_id": "21194",
                "lat": 12.97036,
                "lon": 77.60368
              },
              {
                "name": "St Joseph Boys High School Musuem Road",
                "name_kn": "ಸ್ಟ್ ಜೊಸೆಫ್ ಬೊಯ್ಸ್ ಹಿಘ್ ಸ್ಚೂಲ್ ಮುಸುೆಂ ರೊದ್",
                "stop_id": "23433",
                "lat": 12.97176,
                "lon": 77.60441
              },
              {
                "name": "State Bank India Garage",
                "name_kn": "ಸ್ಟಟೆ ಬಂಕ್ ಿಂದಿ ಗರಗೆ",
                "stop_id": "21608",
                "lat": 12.97465,
                "lon": 77.60154
              },
              {
                "name": "MG Road",
                "name_kn": "ಂಗ್ ರೊದ್",
                "stop_id": "21572",
                "lat": 12.97779,
                "lon": 77.60204
              },
              {
                "name": "Shivajinagara Bus Station",
                "name_kn": "ಶಿವಜಿನಗರ ಬುಸ್ ಸ್ಟಟಿೊಂ",
                "stop_id": "21173",
                "lat": 12.98328,
                "lon": 77.60304
              }
            ]
          },
          {
            "Route": "34",
            "RouteId": 7195,
            "RouteParentId": 3872,
            "Destination": "Shivajinagara Bus Station",
            "Via": "",
            "Area": "Hoskerehalli",
            "PlatformNumber": "NORTH",
            "KannadaDestination": "ಶಿವಜಿನಗರ ಬುಸ್ ಸ್ಟಟಿೊಂ",
            "KannadaArea": "ಹೊಸಕೆರೆಹಳ್ಳಿ",
            "KannadaVia": "",
            "FromStationId": 23667,
            "Stops": [
              {
                "name": "Shanthinagara KH Road",
                "name_kn": "ಶಂತಿನಗರ ಖ್ ರೊದ್",
                "stop_id": "23667",
                "lat": 12.95505,
                "lon": 77.59178
              },
              {
                "name": "KH Road",
                "name_kn": "ಖ್ ರೊದ್",
                "stop_id": "20928",
                "lat": 12.95815,
                "lon": 77.59299
              },
              {
                "name": "Richmond Circle",
                "name_kn": "ರಿಚ್ಮೊಂದ್ ಕಿರ್ಕ್ಲೆ",
                "stop_id": "21125",
                "lat": 12.96738,
                "lon": 77.59946
              },
              {
                "name": "St Joseph College",
                "name_kn": "ಸ್ಟ್ ಜೊಸೆಫ್ ಕೊಲ್ಲೆಗೆ",
                "stop_id": "21194",
                "lat": 12.97036,
                "lon": 77.60368
              },
              {
                "name": "St Joseph Boys High School Musuem Road",
                "name_kn": "ಸ್ಟ್ ಜೊಸೆಫ್ ಬೊಯ್ಸ್ ಹಿಘ್ ಸ್ಚೂಲ್ ಮುಸುೆಂ ರೊದ್",
                "stop_id": "23433",
                "lat": 12.97176,
                "lon": 77.60441
              },
              {
                "name": "State Bank India Garage",
                "name_kn": "ಸ್ಟಟೆ ಬಂಕ್ ಿಂದಿ ಗರಗೆ",
                "stop_id": "21608",
                "lat": 12.97465,
                "lon": 77.60154
              },
              {
                "name": "MG Road",
                "name_kn": "ಂಗ್ ರೊದ್",
                "stop_id": "21572",
                "lat": 12.97779,
                "lon": 77.60204
              },
              {
                "name": "Shivajinagara Bus Station",
                "name_kn": "ಶಿವಜಿನಗರ ಬುಸ್ ಸ್ಟಟಿೊಂ",
                "stop_id": "21173",
                "lat": 12.98328,
                "lon": 77.60304
              }
            ]
          },
          {
            "Route": "32 SBS-NRC-UTH",
            "RouteId": 16392,
            "RouteParentId": 8778,
            "Destination": "Shivajinagara Bus Station",
            "Via": "",
            "Area": "Uttarahalli Bus Stand",
            "PlatformNumber": "NORTH",
            "KannadaDestination": "ಶಿವಜಿನಗರ ಬುಸ್ ಸ್ಟಟಿೊಂ",
            "KannadaArea": "ಉತ್ತರಹಳ್ಳಿ ಬಸ್ ನಿಲ್ದಾಣ",
            "KannadaVia": "",
            "FromStationId": 23667,
            "Stops": [
              {
                "name": "Shanthinagara KH Road",
                "name_kn": "ಶಂತಿನಗರ ಖ್ ರೊದ್",
                "stop_id": "23667",
                "lat": 12.95505,
                "lon": 77.59178
              },
              {
                "name": "KH Road",
                "name_kn": "ಖ್ ರೊದ್",
                "stop_id": "20928",
                "lat": 12.95815,
                "lon": 77.59299
              },
              {
                "name": "Richmond Circle",
                "name_kn": "ರಿಚ್ಮೊಂದ್ ಕಿರ್ಕ್ಲೆ",
                "stop_id": "21125",
                "lat": 12.96738,
                "lon": 77.59946
              },
              {
                "name": "St Joseph Boys High School Musuem Road",
                "name_kn": "ಸ್ಟ್ ಜೊಸೆಫ್ ಬೊಯ್ಸ್ ಹಿಘ್ ಸ್ಚೂಲ್ ಮುಸುೆಂ ರೊದ್",
                "stop_id": "23433",
                "lat": 12.97176,
                "lon": 77.60441
              },
              {
                "name": "MG Road",
                "name_kn": "ಂಗ್ ರೊದ್",
                "stop_id": "21572",
                "lat": 12.97779,
                "lon": 77.60204
              },
              {
                "name": "Shivajinagara Bus Station",
                "name_kn": "ಶಿವಜಿನಗರ ಬುಸ್ ಸ್ಟಟಿೊಂ",
                "stop_id": "21173",
                "lat": 12.98328,
                "lon": 77.60304
              }
            ]
          }
        ]
      }
    },
    {
      "type": "Feature",
      "geometry": {
        "coordinates": [
          77.59192883002908,
          12.955014750928612
        ],
        "type": "Point"
      },
      "properties": {
        "Platform": "SOUTH",
        "Color": "#3BB500",
        "Icon": "S",
        "OpenHour": 0,
        "CloseHour": 0,
        "ApiIds": [
          "21166",
          "21167",
          "23640"
        ],
        "Routes": [
          {
            "Route": "37",
            "RouteId": 1684,
            "RouteParentId": 1005,
            "Destination": "Srinagara Bus Station",
            "Via": "",
            "Area": "Shivajinagara Bus Station",
            "PlatformNumber": "SOUTH",
            "KannadaDestination": "ಸ್ರಿನಗರ ಬುಸ್ ಸ್ಟಟಿೊಂ",
            "KannadaArea": "ಶಿವಾಜಿನಗರ ಬಸ್ ನಿಲ್ದಾಣ",
            "KannadaVia": "",
            "FromStationId": 23640,
            "Stops": [
              {
                "name": "Shanthinagara KH Road",
                "name_kn": "ಶಂತಿನಗರ ಖ್ ರೊದ್",
                "stop_id": "23640",
                "lat": 12.95501,
                "lon": 77.59193
              },
              {
                "name": "Lalbagh Main Gate",
                "name_kn": "ಲಲ್ಬಘ್ ಮೈಂ ಗಟೆ",
                "stop_id": "23675",
                "lat": 12.95249,
                "lon": 77.58335
              },
              {
                "name": "Lalbagh West Gate",
                "name_kn": "ಲಲ್ಬಘ್ ವೆಸ್ಟ್ ಗಟೆ",
                "stop_id": "20968",
                "lat": 12.94826,
                "lon": 77.57918
              },
              {
                "name": "North Road",
                "name_kn": "ನೊರ್ತ್ ರೊದ್",
                "stop_id": "21067",
                "lat": 12.94816,
                "lon": 77.57055
              },
              {
                "name": "Ramakrishna Ashrama",
                "name_kn": "ರಮಕ್ರಿಶ್ನ ಶ್ರಮ",
                "stop_id": "21118",
                "lat": 12.94715,
                "lon": 77.56783
              },
              {
                "name": "Hanumanthanagara Ward Office",
                "name_kn": "ಹನುಮಂತನಗರ ವರ್ದ್ ೊೞ್ೞಿಕೆ",
                "stop_id": "20808",
                "lat": 12.94339,
                "lon": 77.56602
              },
              {
                "name": "Subramanya Swamy Temple",
                "name_kn": "ಸುಬ್ರಮನೆ ಸ್ವಮೆ ಟೆಂಪ್ಲೆ",
                "stop_id": "21197",
                "lat": 12.94171,
                "lon": 77.562
              },
              {
                "name": "Nirmala Store",
                "name_kn": "ನಿರ್ಮಲ ಸ್ಟೊರೆ",
                "stop_id": "21066",
                "lat": 12.94162,
                "lon": 77.55957
              },
              {
                "name": "Apex Bank",
                "name_kn": "ಅಪೆಕ್ಸ್ ಬಂಕ್",
                "stop_id": "20607",
                "lat": 12.94177,
                "lon": 77.55602
              },
              {
                "name": "Srinagara Bus Station",
                "name_kn": "ಸ್ರಿನಗರ ಬುಸ್ ಸ್ಟಟಿೊಂ",
                "stop_id": "21188",
                "lat": 12.94425,
                "lon": 77.55479
              }
            ]
          },
          {
            "Route": "34-B",
            "RouteId": 4666,
            "RouteParentId": 2557,
            "Destination": "Vivekananda Nagara",
            "Via": "",
            "Area": "Shivajinagara Bus Station",
            "PlatformNumber": "SOUTH",
            "KannadaDestination": "ವಿವೆಕನಂದ ನಗರ",
            "KannadaArea": "ಶಿವಾಜಿನಗರ ಬಸ್ ನಿಲ್ದಾಣ",
            "KannadaVia": "",
            "FromStationId": 23640,
            "Stops": [
              {
                "name": "Shanthinagara KH Road",
                "name_kn": "ಶಂತಿನಗರ ಖ್ ರೊದ್",
                "stop_id": "23640",
                "lat": 12.95501,
                "lon": 77.59193
              },
              {
                "name": "Lalbagh Main Gate",
                "name_kn": "ಲಲ್ಬಘ್ ಮೈಂ ಗಟೆ",
                "stop_id": "23675",
                "lat": 12.95249,
                "lon": 77.58335
              },
              {
                "name": "Lalbagh West Gate",
                "name_kn": "ಲಲ್ಬಘ್ ವೆಸ್ಟ್ ಗಟೆ",
                "stop_id": "20968",
                "lat": 12.94826,
                "lon": 77.57918
              },
              {
                "name": "North Road",
                "name_kn": "ನೊರ್ತ್ ರೊದ್",
                "stop_id": "21067",
                "lat": 12.94816,
                "lon": 77.57055
              },
              {
                "name": "Ramakrishna Ashrama",
                "name_kn": "ರಮಕ್ರಿಶ್ನ ಶ್ರಮ",
                "stop_id": "21118",
                "lat": 12.94715,
                "lon": 77.56783
              },
              {
                "name": "Hanumanthanagara Ward Office",
                "name_kn": "ಹನುಮಂತನಗರ ವರ್ದ್ ೊೞ್ೞಿಕೆ",
                "stop_id": "20808",
                "lat": 12.94339,
                "lon": 77.56602
              },
              {
                "name": "Subramanya Swamy Temple",
                "name_kn": "ಸುಬ್ರಮನೆ ಸ್ವಮೆ ಟೆಂಪ್ಲೆ",
                "stop_id": "21197",
                "lat": 12.94171,
                "lon": 77.562
              },
              {
                "name": "Nirmala Store",
                "name_kn": "ನಿರ್ಮಲ ಸ್ಟೊರೆ",
                "stop_id": "21066",
                "lat": 12.94162,
                "lon": 77.55957
              },
              {
                "name": "Srinivasa Nagara",
                "name_kn": "ಸ್ರಿನಿವಸ ನಗರ",
                "stop_id": "22511",
                "lat": 12.93816,
                "lon": 77.55687
              },
              {
                "name": "Shankarnagh Circle",
                "name_kn": "ಶಂಕರ್ನಘ್ ಕಿರ್ಕ್ಲೆ",
                "stop_id": "28260",
                "lat": 12.93657,
                "lon": 77.55949
              },
              {
                "name": "Vidyapeeta Circle",
                "name_kn": "ವಿಠೆಪೀಟ ಕಿರ್ಕ್ಲೆ",
                "stop_id": "34884",
                "lat": 12.9352,
                "lon": 77.56073
              },
              {
                "name": "ITI Layout",
                "name_kn": "ಇಟಿ ಲಯೌಟ್",
                "stop_id": "33060",
                "lat": 12.93347,
                "lon": 77.55782
              },
              {
                "name": "Krishnasagara",
                "name_kn": "ಕ್ರಿಶ್ನಸಗರ",
                "stop_id": "33589",
                "lat": 12.93204,
                "lon": 77.55573
              },
              {
                "name": "Vivekananda Nagara",
                "name_kn": "ವಿವೆಕನಂದ ನಗರ",
                "stop_id": "34854",
                "lat": 12.93036,
                "lon": 77.55344
              }
            ]
          },
          {
            "Route": "34-A",
            "RouteId": 7184,
            "RouteParentId": 3866,
            "Destination": "Shri Vidhyanagara",
            "Via": "",
            "Area": "Shivajinagara Bus Station",
            "PlatformNumber": "SOUTH",
            "KannadaDestination": "ಶ್ರಿ ವಿಥೆನಗರ",
            "KannadaArea": "ಶಿವಾಜಿನಗರ ಬಸ್ ನಿಲ್ದಾಣ",
            "KannadaVia": "",
            "FromStationId": 23640,
            "Stops": [
              {
                "name": "Shanthinagara KH Road",
                "name_kn": "ಶಂತಿನಗರ ಖ್ ರೊದ್",
                "stop_id": "23640",
                "lat": 12.95501,
                "lon": 77.59193
              },
              {
                "name": "Lalbagh Hopcoms",
                "name_kn": "ಲಲ್ಬಘ್ ಹೊಪ್ಕೊಂಸ್",
                "stop_id": "36140",
                "lat": 12.95184,
                "lon": 77.59079
              },
              {
                "name": "Lalbagh Main Gate",
                "name_kn": "ಲಲ್ಬಘ್ ಮೈಂ ಗಟೆ",
                "stop_id": "23675",
                "lat": 12.95249,
                "lon": 77.58335
              },
              {
                "name": "Lalbagh West Gate",
                "name_kn": "ಲಲ್ಬಘ್ ವೆಸ್ಟ್ ಗಟೆ",
                "stop_id": "20968",
                "lat": 12.94826,
                "lon": 77.57918
              },
              {
                "name": "North Road",
                "name_kn": "ನೊರ್ತ್ ರೊದ್",
                "stop_id": "21067",
                "lat": 12.94816,
                "lon": 77.57055
              },
              {
                "name": "Ramakrishna Ashrama",
                "name_kn": "ರಮಕ್ರಿಶ್ನ ಶ್ರಮ",
                "stop_id": "21118",
                "lat": 12.94715,
                "lon": 77.56783
              },
              {
                "name": "Hanumanthanagara Ward Office",
                "name_kn": "ಹನುಮಂತನಗರ ವರ್ದ್ ೊೞ್ೞಿಕೆ",
                "stop_id": "20808",
                "lat": 12.94339,
                "lon": 77.56602
              },
              {
                "name": "Subramanya Swamy Temple",
                "name_kn": "ಸುಬ್ರಮನೆ ಸ್ವಮೆ ಟೆಂಪ್ಲೆ",
                "stop_id": "21197",
                "lat": 12.94171,
                "lon": 77.562
              },
              {
                "name": "Nirmala Store",
                "name_kn": "ನಿರ್ಮಲ ಸ್ಟೊರೆ",
                "stop_id": "21066",
                "lat": 12.94162,
                "lon": 77.55957
              },
              {
                "name": "Srinivasa Nagara",
                "name_kn": "ಸ್ರಿನಿವಸ ನಗರ",
                "stop_id": "22512",
                "lat": 12.93787,
                "lon": 77.55717
              },
              {
                "name": "Bank Colony",
                "name_kn": "ಬಂಕ್ ಕೊಲೊನೆ",
                "stop_id": "21717",
                "lat": 12.93861,
                "lon": 77.55326
              },
              {
                "name": "Seetha Circle",
                "name_kn": "ಸೀತ ಕಿರ್ಕ್ಲೆ",
                "stop_id": "22472",
                "lat": 12.93779,
                "lon": 77.54968
              },
              {
                "name": "Hoskerehalli Cross",
                "name_kn": "ಹೊಸ್ಕೆರೆಹಲ್ಲಿ ಕ್ರೊಸ್ಸ್",
                "stop_id": "22044",
                "lat": 12.93247,
                "lon": 77.54519
              },
              {
                "name": "Nanjundeshwara Stores",
                "name_kn": "ನಞುಂದೆಶ್ವರ ಸ್ಟೊರೆಸ್",
                "stop_id": "22345",
                "lat": 12.93361,
                "lon": 77.54205
              },
              {
                "name": "Shri Vidhyanagara",
                "name_kn": "ಶ್ರಿ ವಿಥೆನಗರ",
                "stop_id": "22675",
                "lat": 12.93431,
                "lon": 77.53985
              }
            ]
          },
          {
            "Route": "34",
            "RouteId": 7194,
            "RouteParentId": 3872,
            "Destination": "Hoskerehalli",
            "Via": "",
            "Area": "Shivajinagara Bus Station",
            "PlatformNumber": "SOUTH",
            "KannadaDestination": "ಹೊಸ್ಕೆರೆಹಲ್ಲಿ",
            "KannadaArea": "ಶಿವಾಜಿನಗರ ಬಸ್ ನಿಲ್ದಾಣ",
            "KannadaVia": "",
            "FromStationId": 23640,
            "Stops": [
              {
                "name": "Shanthinagara KH Road",
                "name_kn": "ಶಂತಿನಗರ ಖ್ ರೊದ್",
                "stop_id": "23640",
                "lat": 12.95501,
                "lon": 77.59193
              },
              {
                "name": "Lalbagh Hopcoms",
                "name_kn": "ಲಲ್ಬಘ್ ಹೊಪ್ಕೊಂಸ್",
                "stop_id": "36140",
                "lat": 12.95184,
                "lon": 77.59079
              },
              {
                "name": "Lalbagh Main Gate",
                "name_kn": "ಲಲ್ಬಘ್ ಮೈಂ ಗಟೆ",
                "stop_id": "23675",
                "lat": 12.95249,
                "lon": 77.58335
              },
              {
                "name": "Lalbagh West Gate",
                "name_kn": "ಲಲ್ಬಘ್ ವೆಸ್ಟ್ ಗಟೆ",
                "stop_id": "20968",
                "lat": 12.94826,
                "lon": 77.57918
              },
              {
                "name": "North Road",
                "name_kn": "ನೊರ್ತ್ ರೊದ್",
                "stop_id": "21067",
                "lat": 12.94816,
                "lon": 77.57055
              },
              {
                "name": "Ramakrishna Ashrama",
                "name_kn": "ರಮಕ್ರಿಶ್ನ ಶ್ರಮ",
                "stop_id": "21118",
                "lat": 12.94715,
                "lon": 77.56783
              },
              {
                "name": "Hanumanthanagara Ward Office",
                "name_kn": "ಹನುಮಂತನಗರ ವರ್ದ್ ೊೞ್ೞಿಕೆ",
                "stop_id": "20808",
                "lat": 12.94339,
                "lon": 77.56602
              },
              {
                "name": "Subramanya Swamy Temple",
                "name_kn": "ಸುಬ್ರಮನೆ ಸ್ವಮೆ ಟೆಂಪ್ಲೆ",
                "stop_id": "21197",
                "lat": 12.94171,
                "lon": 77.562
              },
              {
                "name": "Nirmala Store",
                "name_kn": "ನಿರ್ಮಲ ಸ್ಟೊರೆ",
                "stop_id": "21066",
                "lat": 12.94162,
                "lon": 77.55957
              },
              {
                "name": "Srinivasa Nagara",
                "name_kn": "ಸ್ರಿನಿವಸ ನಗರ",
                "stop_id": "22512",
                "lat": 12.93787,
                "lon": 77.55717
              },
              {
                "name": "Bank Colony",
                "name_kn": "ಬಂಕ್ ಕೊಲೊನೆ",
                "stop_id": "21717",
                "lat": 12.93861,
                "lon": 77.55326
              },
              {
                "name": "Seetha Circle",
                "name_kn": "ಸೀತ ಕಿರ್ಕ್ಲೆ",
                "stop_id": "22472",
                "lat": 12.93779,
                "lon": 77.54968
              },
              {
                "name": "Hoskerehalli Cross",
                "name_kn": "ಹೊಸ್ಕೆರೆಹಲ್ಲಿ ಕ್ರೊಸ್ಸ್",
                "stop_id": "22044",
                "lat": 12.93247,
                "lon": 77.54519
              },
              {
                "name": "Hosakerehalli  Junction",
                "name_kn": "ಹೊಸಕೆರೆಹಲ್ಲಿ  ಜುಂಕ್ಟಿೊಂ",
                "stop_id": "20843",
                "lat": 12.93044,
                "lon": 77.54342
              },
              {
                "name": "Hosakerehalli Petrol Bunk",
                "name_kn": "ಹೊಸಕೆರೆಹಲ್ಲಿ ಪೆಟ್ರೊಲ್ ಬುಂಕ್",
                "stop_id": "20845",
                "lat": 12.933,
                "lon": 77.54018
              },
              {
                "name": "Hoskerehalli",
                "name_kn": "ಹೊಸ್ಕೆರೆಹಲ್ಲಿ",
                "stop_id": "22042",
                "lat": 12.93085,
                "lon": 77.53971
              }
            ]
          },
          {
            "Route": "13",
            "RouteId": 1666,
            "RouteParentId": 993,
            "Destination": "Banashankari Bus Station",
            "Via": "",
            "Area": "Shivajinagara Bus Station",
            "PlatformNumber": "SOUTH",
            "KannadaDestination": "ಬನಶಂಕರಿ ಬುಸ್ ಸ್ಟಟಿೊಂ",
            "KannadaArea": "ಶಿವಾಜಿನಗರ ಬಸ್ ನಿಲ್ದಾಣ",
            "KannadaVia": "",
            "FromStationId": 23640,
            "Stops": [
              {
                "name": "Shanthinagara KH Road",
                "name_kn": "ಶಂತಿನಗರ ಖ್ ರೊದ್",
                "stop_id": "23640",
                "lat": 12.95501,
                "lon": 77.59193
              },
              {
                "name": "Lalbagh Hopcoms",
                "name_kn": "ಲಲ್ಬಘ್ ಹೊಪ್ಕೊಂಸ್",
                "stop_id": "23825",
                "lat": 12.95134,
                "lon": 77.59126
              },
              {
                "name": "Mallige Hospital",
                "name_kn": "ಮಲ್ಲಿಗೆ ಹೊಸ್ಪಿಟಲ್",
                "stop_id": "21565",
                "lat": 12.9478,
                "lon": 77.59193
              },
              {
                "name": "Siddapura Ashoka Pillar",
                "name_kn": "ಸಿದ್ದಪುರ ಶೊಕ ಪಿಲ್ಲರ್",
                "stop_id": "21603",
                "lat": 12.94621,
                "lon": 77.58879
              },
              {
                "name": "Ashoka Pillar",
                "name_kn": "ಅಶೊಕ ಪಿಲ್ಲರ್",
                "stop_id": "21458",
                "lat": 12.94322,
                "lon": 77.58529
              },
              {
                "name": "Rani Saraladevi High School",
                "name_kn": "ರನಿ ಸರಲದೆವಿ ಹಿಘ್ ಸ್ಚೂಲ್",
                "stop_id": "21593",
                "lat": 12.93879,
                "lon": 77.58522
              },
              {
                "name": "3rd Block Jayanagara",
                "name_kn": "3ರ್ದ್ ಬ್ಲೊಕ್ಕ್ ಜಯನಗರ",
                "stop_id": "21447",
                "lat": 12.93349,
                "lon": 77.58396
              },
              {
                "name": "Jayanagara Bus Station",
                "name_kn": "ಜಯನಗರ ಬುಸ್ ಸ್ಟಟಿೊಂ",
                "stop_id": "21545",
                "lat": 12.92802,
                "lon": 77.58364
              },
              {
                "name": "Jayanagara Telephone Exchange",
                "name_kn": "ಜಯನಗರ ಟೆಲೆಫೊನೆ ೆಕ್ಸ್ಚಙೆ",
                "stop_id": "21543",
                "lat": 12.9228,
                "lon": 77.58385
              },
              {
                "name": "Jayanagara 40th Cross",
                "name_kn": "ಜಯನಗರ 40ತ್ ಕ್ರೊಸ್ಸ್",
                "stop_id": "21449",
                "lat": 12.91989,
                "lon": 77.58068
              },
              {
                "name": "Sangam Circle",
                "name_kn": "ಸಙಂ ಕಿರ್ಕ್ಲೆ",
                "stop_id": "21148",
                "lat": 12.91704,
                "lon": 77.57875
              },
              {
                "name": "Banashankari Bus Station",
                "name_kn": "ಬನಶಂಕರಿ ಬುಸ್ ಸ್ಟಟಿೊಂ",
                "stop_id": "20624",
                "lat": 12.91736,
                "lon": 77.5727
              }
            ]
          },
          {
            "Route": "13-C",
            "RouteId": 1672,
            "RouteParentId": 999,
            "Destination": "Kumaraswamy Layout",
            "Via": "",
            "Area": "Shivajinagara Bus Station",
            "PlatformNumber": "SOUTH",
            "KannadaDestination": "ಕುಮರಸ್ವಮೆ ಲಯೌಟ್",
            "KannadaArea": "ಶಿವಾಜಿನಗರ ಬಸ್ ನಿಲ್ದಾಣ",
            "KannadaVia": "",
            "FromStationId": 23640,
            "Stops": [
              {
                "name": "Shanthinagara KH Road",
                "name_kn": "ಶಂತಿನಗರ ಖ್ ರೊದ್",
                "stop_id": "23640",
                "lat": 12.95501,
                "lon": 77.59193
              },
              {
                "name": "Lalbagh Hopcoms",
                "name_kn": "ಲಲ್ಬಘ್ ಹೊಪ್ಕೊಂಸ್",
                "stop_id": "23825",
                "lat": 12.95134,
                "lon": 77.59126
              },
              {
                "name": "Mallige Hospital",
                "name_kn": "ಮಲ್ಲಿಗೆ ಹೊಸ್ಪಿಟಲ್",
                "stop_id": "21565",
                "lat": 12.9478,
                "lon": 77.59193
              },
              {
                "name": "Siddapura Ashoka Pillar",
                "name_kn": "ಸಿದ್ದಪುರ ಶೊಕ ಪಿಲ್ಲರ್",
                "stop_id": "21603",
                "lat": 12.94621,
                "lon": 77.58879
              },
              {
                "name": "Ashoka Pillar",
                "name_kn": "ಅಶೊಕ ಪಿಲ್ಲರ್",
                "stop_id": "21458",
                "lat": 12.94322,
                "lon": 77.58529
              },
              {
                "name": "Rani Saraladevi High School",
                "name_kn": "ರನಿ ಸರಲದೆವಿ ಹಿಘ್ ಸ್ಚೂಲ್",
                "stop_id": "21593",
                "lat": 12.93879,
                "lon": 77.58522
              },
              {
                "name": "3rd Block Jayanagara",
                "name_kn": "3ರ್ದ್ ಬ್ಲೊಕ್ಕ್ ಜಯನಗರ",
                "stop_id": "21447",
                "lat": 12.93349,
                "lon": 77.58396
              },
              {
                "name": "Jayanagara Bus Station",
                "name_kn": "ಜಯನಗರ ಬುಸ್ ಸ್ಟಟಿೊಂ",
                "stop_id": "21545",
                "lat": 12.92802,
                "lon": 77.58364
              },
              {
                "name": "Jayanagara Telephone Exchange",
                "name_kn": "ಜಯನಗರ ಟೆಲೆಫೊನೆ ೆಕ್ಸ್ಚಙೆ",
                "stop_id": "21543",
                "lat": 12.9228,
                "lon": 77.58385
              },
              {
                "name": "Jayanagara 38th Cross",
                "name_kn": "ಜಯನಗರ 38ತ್ ಕ್ರೊಸ್ಸ್",
                "stop_id": "21445",
                "lat": 12.92101,
                "lon": 77.58376
              },
              {
                "name": "Jayanagara 40th Cross",
                "name_kn": "ಜಯನಗರ 40ತ್ ಕ್ರೊಸ್ಸ್",
                "stop_id": "21449",
                "lat": 12.91989,
                "lon": 77.58068
              },
              {
                "name": "Sangam Circle",
                "name_kn": "ಸಙಂ ಕಿರ್ಕ್ಲೆ",
                "stop_id": "21148",
                "lat": 12.91704,
                "lon": 77.57875
              },
              {
                "name": "Banashankari Bus Station",
                "name_kn": "ಬನಶಂಕರಿ ಬುಸ್ ಸ್ಟಟಿೊಂ",
                "stop_id": "20623",
                "lat": 12.91779,
                "lon": 77.57272
              },
              {
                "name": "Banashankari Hunasemara",
                "name_kn": "ಬನಶಂಕರಿ ಹುನಸೆಮರ",
                "stop_id": "21713",
                "lat": 12.92084,
                "lon": 77.57414
              },
              {
                "name": "Monotype Corporation",
                "name_kn": "ಮೊನೊಟೆಪೆ ಕೊರ್ಪೊರಟಿೊಂ",
                "stop_id": "22295",
                "lat": 12.92154,
                "lon": 77.57104
              },
              {
                "name": "Kaveri Nagara",
                "name_kn": "ಕವೆರಿ ನಗರ",
                "stop_id": "35150",
                "lat": 12.91986,
                "lon": 77.56931
              },
              {
                "name": "Yarab Nagara",
                "name_kn": "ಯರಬ್ ನಗರ",
                "stop_id": "22631",
                "lat": 12.91657,
                "lon": 77.56914
              },
              {
                "name": "Kadirenahalli Cross",
                "name_kn": "ಕದಿರೆನಹಲ್ಲಿ ಕ್ರೊಸ್ಸ್",
                "stop_id": "20897",
                "lat": 12.91364,
                "lon": 77.56727
              },
              {
                "name": "Dayananda Sagar College",
                "name_kn": "ದಯನಂದ ಸಗರ್ ಕೊಲ್ಲೆಗೆ",
                "stop_id": "21874",
                "lat": 12.90948,
                "lon": 77.56553
              },
              {
                "name": "Kumaraswamy Layout Police Station",
                "name_kn": "ಕುಮರಸ್ವಮೆ ಲಯೌಟ್ ಪೊಲಿಕೆ ಸ್ಟಟಿೊಂ",
                "stop_id": "22213",
                "lat": 12.9053,
                "lon": 77.56274
              },
              {
                "name": "Kumaraswamy Layout",
                "name_kn": "ಕುಮರಸ್ವಮೆ ಲಯೌಟ್",
                "stop_id": "22211",
                "lat": 12.90313,
                "lon": 77.56165
              }
            ]
          },
          {
            "Route": "13-E",
            "RouteId": 1842,
            "RouteParentId": 1090,
            "Destination": "Shri Vidhyanagara",
            "Via": "",
            "Area": "Shivajinagara Bus Station",
            "PlatformNumber": "SOUTH",
            "KannadaDestination": "ಶ್ರಿ ವಿಥೆನಗರ",
            "KannadaArea": "ಶಿವಾಜಿನಗರ ಬಸ್ ನಿಲ್ದಾಣ",
            "KannadaVia": "",
            "FromStationId": 23640,
            "Stops": [
              {
                "name": "Shanthinagara KH Road",
                "name_kn": "ಶಂತಿನಗರ ಖ್ ರೊದ್",
                "stop_id": "23640",
                "lat": 12.95501,
                "lon": 77.59193
              },
              {
                "name": "Lalbagh Hopcoms",
                "name_kn": "ಲಲ್ಬಘ್ ಹೊಪ್ಕೊಂಸ್",
                "stop_id": "23825",
                "lat": 12.95134,
                "lon": 77.59126
              },
              {
                "name": "Mallige Hospital",
                "name_kn": "ಮಲ್ಲಿಗೆ ಹೊಸ್ಪಿಟಲ್",
                "stop_id": "21565",
                "lat": 12.9478,
                "lon": 77.59193
              },
              {
                "name": "Siddapura Ashoka Pillar",
                "name_kn": "ಸಿದ್ದಪುರ ಶೊಕ ಪಿಲ್ಲರ್",
                "stop_id": "21603",
                "lat": 12.94621,
                "lon": 77.58879
              },
              {
                "name": "Ashoka Pillar",
                "name_kn": "ಅಶೊಕ ಪಿಲ್ಲರ್",
                "stop_id": "21458",
                "lat": 12.94322,
                "lon": 77.58529
              },
              {
                "name": "Rani Saraladevi High School",
                "name_kn": "ರನಿ ಸರಲದೆವಿ ಹಿಘ್ ಸ್ಚೂಲ್",
                "stop_id": "21593",
                "lat": 12.93879,
                "lon": 77.58522
              },
              {
                "name": "3rd Block Jayanagara",
                "name_kn": "3ರ್ದ್ ಬ್ಲೊಕ್ಕ್ ಜಯನಗರ",
                "stop_id": "21447",
                "lat": 12.93349,
                "lon": 77.58396
              },
              {
                "name": "Jayanagara Bus Station",
                "name_kn": "ಜಯನಗರ ಬುಸ್ ಸ್ಟಟಿೊಂ",
                "stop_id": "21545",
                "lat": 12.92802,
                "lon": 77.58364
              },
              {
                "name": "Jayanagara Telephone Exchange",
                "name_kn": "ಜಯನಗರ ಟೆಲೆಫೊನೆ ೆಕ್ಸ್ಚಙೆ",
                "stop_id": "21543",
                "lat": 12.9228,
                "lon": 77.58385
              },
              {
                "name": "Jayanagara 38th Cross",
                "name_kn": "ಜಯನಗರ 38ತ್ ಕ್ರೊಸ್ಸ್",
                "stop_id": "21445",
                "lat": 12.92101,
                "lon": 77.58376
              },
              {
                "name": "Jayanagara 40th Cross",
                "name_kn": "ಜಯನಗರ 40ತ್ ಕ್ರೊಸ್ಸ್",
                "stop_id": "21449",
                "lat": 12.91989,
                "lon": 77.58068
              },
              {
                "name": "Sangam Circle",
                "name_kn": "ಸಙಂ ಕಿರ್ಕ್ಲೆ",
                "stop_id": "21148",
                "lat": 12.91704,
                "lon": 77.57875
              },
              {
                "name": "Banashankari Bus Station",
                "name_kn": "ಬನಶಂಕರಿ ಬುಸ್ ಸ್ಟಟಿೊಂ",
                "stop_id": "20623",
                "lat": 12.91779,
                "lon": 77.57272
              },
              {
                "name": "Kadirenahalli Cross",
                "name_kn": "ಕದಿರೆನಹಲ್ಲಿ ಕ್ರೊಸ್ಸ್",
                "stop_id": "20897",
                "lat": 12.91364,
                "lon": 77.56727
              },
              {
                "name": "Kadirenahalli Park",
                "name_kn": "ಕದಿರೆನಹಲ್ಲಿ ಪರ್ಕ್",
                "stop_id": "20899",
                "lat": 12.91762,
                "lon": 77.56447
              },
              {
                "name": "Devegowda Petrol Bunk",
                "name_kn": "ದೆವೆಗೌದ ಪೆಟ್ರೊಲ್ ಬುಂಕ್",
                "stop_id": "20756",
                "lat": 12.92194,
                "lon": 77.55914
              },
              {
                "name": "Kamakya Talkies",
                "name_kn": "ಕಮಕೆ ಟಲ್ಕಿೆಸ್",
                "stop_id": "35772",
                "lat": 12.92405,
                "lon": 77.55264
              },
              {
                "name": "Kathriguppe",
                "name_kn": "ಕತ್ರಿಗುಪ್ಪೆ",
                "stop_id": "20917",
                "lat": 12.92535,
                "lon": 77.54989
              },
              {
                "name": "Janatha Bazar Banashankari",
                "name_kn": "ಜನತ ಬಜ಼ರ್ ಬನಶಂಕರಿ",
                "stop_id": "20876",
                "lat": 12.92837,
                "lon": 77.54577
              },
              {
                "name": "Hosakerehalli  Junction",
                "name_kn": "ಹೊಸಕೆರೆಹಲ್ಲಿ  ಜುಂಕ್ಟಿೊಂ",
                "stop_id": "35951",
                "lat": 12.93067,
                "lon": 77.54353
              },
              {
                "name": "Nanjundeshwara Stores",
                "name_kn": "ನಞುಂದೆಶ್ವರ ಸ್ಟೊರೆಸ್",
                "stop_id": "22345",
                "lat": 12.93361,
                "lon": 77.54205
              },
              {
                "name": "Shri Vidhyanagara",
                "name_kn": "ಶ್ರಿ ವಿಥೆನಗರ",
                "stop_id": "22675",
                "lat": 12.93431,
                "lon": 77.53985
              }
            ]
          },
          {
            "Route": "13-A",
            "RouteId": 1974,
            "RouteParentId": 1161,
            "Destination": "Kumaraswamy Layout 2nd Stage",
            "Via": "",
            "Area": "Shivajinagara Bus Station",
            "PlatformNumber": "SOUTH",
            "KannadaDestination": "ಕುಮರಸ್ವಮೆ ಲಯೌಟ್ 2ಂದ್ ಸ್ಟಗೆ",
            "KannadaArea": "ಶಿವಾಜಿನಗರ ಬಸ್ ನಿಲ್ದಾಣ",
            "KannadaVia": "",
            "FromStationId": 23640,
            "Stops": [
              {
                "name": "Shanthinagara KH Road",
                "name_kn": "ಶಂತಿನಗರ ಖ್ ರೊದ್",
                "stop_id": "23640",
                "lat": 12.95501,
                "lon": 77.59193
              },
              {
                "name": "Lalbagh Hopcoms",
                "name_kn": "ಲಲ್ಬಘ್ ಹೊಪ್ಕೊಂಸ್",
                "stop_id": "23825",
                "lat": 12.95134,
                "lon": 77.59126
              },
              {
                "name": "Mallige Hospital",
                "name_kn": "ಮಲ್ಲಿಗೆ ಹೊಸ್ಪಿಟಲ್",
                "stop_id": "21565",
                "lat": 12.9478,
                "lon": 77.59193
              },
              {
                "name": "Siddapura Ashoka Pillar",
                "name_kn": "ಸಿದ್ದಪುರ ಶೊಕ ಪಿಲ್ಲರ್",
                "stop_id": "21603",
                "lat": 12.94621,
                "lon": 77.58879
              },
              {
                "name": "Ashoka Pillar",
                "name_kn": "ಅಶೊಕ ಪಿಲ್ಲರ್",
                "stop_id": "21458",
                "lat": 12.94322,
                "lon": 77.58529
              },
              {
                "name": "Rani Saraladevi High School",
                "name_kn": "ರನಿ ಸರಲದೆವಿ ಹಿಘ್ ಸ್ಚೂಲ್",
                "stop_id": "21593",
                "lat": 12.93879,
                "lon": 77.58522
              },
              {
                "name": "3rd Block Jayanagara",
                "name_kn": "3ರ್ದ್ ಬ್ಲೊಕ್ಕ್ ಜಯನಗರ",
                "stop_id": "21447",
                "lat": 12.93349,
                "lon": 77.58396
              },
              {
                "name": "Jayanagara Bus Station",
                "name_kn": "ಜಯನಗರ ಬುಸ್ ಸ್ಟಟಿೊಂ",
                "stop_id": "21545",
                "lat": 12.92802,
                "lon": 77.58364
              },
              {
                "name": "Jayanagara Telephone Exchange",
                "name_kn": "ಜಯನಗರ ಟೆಲೆಫೊನೆ ೆಕ್ಸ್ಚಙೆ",
                "stop_id": "21543",
                "lat": 12.9228,
                "lon": 77.58385
              },
              {
                "name": "Jayanagara 38th Cross",
                "name_kn": "ಜಯನಗರ 38ತ್ ಕ್ರೊಸ್ಸ್",
                "stop_id": "21445",
                "lat": 12.92101,
                "lon": 77.58376
              },
              {
                "name": "Jayanagara 40th Cross",
                "name_kn": "ಜಯನಗರ 40ತ್ ಕ್ರೊಸ್ಸ್",
                "stop_id": "21449",
                "lat": 12.91989,
                "lon": 77.58068
              },
              {
                "name": "Sangam Circle",
                "name_kn": "ಸಙಂ ಕಿರ್ಕ್ಲೆ",
                "stop_id": "21148",
                "lat": 12.91704,
                "lon": 77.57875
              },
              {
                "name": "Banashankari Bus Station",
                "name_kn": "ಬನಶಂಕರಿ ಬುಸ್ ಸ್ಟಟಿೊಂ",
                "stop_id": "20623",
                "lat": 12.91779,
                "lon": 77.57272
              },
              {
                "name": "Banashankari Hunasemara",
                "name_kn": "ಬನಶಂಕರಿ ಹುನಸೆಮರ",
                "stop_id": "21713",
                "lat": 12.92084,
                "lon": 77.57414
              },
              {
                "name": "Monotype Corporation",
                "name_kn": "ಮೊನೊಟೆಪೆ ಕೊರ್ಪೊರಟಿೊಂ",
                "stop_id": "22295",
                "lat": 12.92154,
                "lon": 77.57104
              },
              {
                "name": "Kaveri Nagara",
                "name_kn": "ಕವೆರಿ ನಗರ",
                "stop_id": "35150",
                "lat": 12.91986,
                "lon": 77.56931
              },
              {
                "name": "Yarab Nagara",
                "name_kn": "ಯರಬ್ ನಗರ",
                "stop_id": "22631",
                "lat": 12.91657,
                "lon": 77.56914
              },
              {
                "name": "Kadirenahalli Cross",
                "name_kn": "ಕದಿರೆನಹಲ್ಲಿ ಕ್ರೊಸ್ಸ್",
                "stop_id": "20897",
                "lat": 12.91364,
                "lon": 77.56727
              },
              {
                "name": "Dayananda Sagar College",
                "name_kn": "ದಯನಂದ ಸಗರ್ ಕೊಲ್ಲೆಗೆ",
                "stop_id": "21874",
                "lat": 12.90948,
                "lon": 77.56553
              },
              {
                "name": "Water Tank",
                "name_kn": "ವಟೆರ್ ಟಂಕ್",
                "stop_id": "23758",
                "lat": 12.90847,
                "lon": 77.56169
              },
              {
                "name": "Kumaraswamy Layout 2nd Stage",
                "name_kn": "ಕುಮರಸ್ವಮೆ ಲಯೌಟ್ 2ಂದ್ ಸ್ಟಗೆ",
                "stop_id": "38355",
                "lat": 12.90584,
                "lon": 77.55814
              }
            ]
          },
          {
            "Route": "13-B",
            "RouteId": 1978,
            "RouteParentId": 1163,
            "Destination": "Padmanabha Nagara Rock",
            "Via": "",
            "Area": "Shivajinagara Bus Station",
            "PlatformNumber": "SOUTH",
            "KannadaDestination": "ಪದ್ಮನಭ ನಗರ ರೊಕ್ಕ್",
            "KannadaArea": "ಶಿವಾಜಿನಗರ ಬಸ್ ನಿಲ್ದಾಣ",
            "KannadaVia": "",
            "FromStationId": 23640,
            "Stops": [
              {
                "name": "Shanthinagara KH Road",
                "name_kn": "ಶಂತಿನಗರ ಖ್ ರೊದ್",
                "stop_id": "23640",
                "lat": 12.95501,
                "lon": 77.59193
              },
              {
                "name": "Lalbagh Hopcoms",
                "name_kn": "ಲಲ್ಬಘ್ ಹೊಪ್ಕೊಂಸ್",
                "stop_id": "23825",
                "lat": 12.95134,
                "lon": 77.59126
              },
              {
                "name": "Mallige Hospital",
                "name_kn": "ಮಲ್ಲಿಗೆ ಹೊಸ್ಪಿಟಲ್",
                "stop_id": "21565",
                "lat": 12.9478,
                "lon": 77.59193
              },
              {
                "name": "Siddapura Ashoka Pillar",
                "name_kn": "ಸಿದ್ದಪುರ ಶೊಕ ಪಿಲ್ಲರ್",
                "stop_id": "21603",
                "lat": 12.94621,
                "lon": 77.58879
              },
              {
                "name": "Ashoka Pillar",
                "name_kn": "ಅಶೊಕ ಪಿಲ್ಲರ್",
                "stop_id": "21458",
                "lat": 12.94322,
                "lon": 77.58529
              },
              {
                "name": "Rani Saraladevi High School",
                "name_kn": "ರನಿ ಸರಲದೆವಿ ಹಿಘ್ ಸ್ಚೂಲ್",
                "stop_id": "21593",
                "lat": 12.93879,
                "lon": 77.58522
              },
              {
                "name": "3rd Block Jayanagara",
                "name_kn": "3ರ್ದ್ ಬ್ಲೊಕ್ಕ್ ಜಯನಗರ",
                "stop_id": "21447",
                "lat": 12.93349,
                "lon": 77.58396
              },
              {
                "name": "Jayanagara Bus Station",
                "name_kn": "ಜಯನಗರ ಬುಸ್ ಸ್ಟಟಿೊಂ",
                "stop_id": "21545",
                "lat": 12.92802,
                "lon": 77.58364
              },
              {
                "name": "Jayanagara Telephone Exchange",
                "name_kn": "ಜಯನಗರ ಟೆಲೆಫೊನೆ ೆಕ್ಸ್ಚಙೆ",
                "stop_id": "21543",
                "lat": 12.9228,
                "lon": 77.58385
              },
              {
                "name": "Jayanagara 38th Cross",
                "name_kn": "ಜಯನಗರ 38ತ್ ಕ್ರೊಸ್ಸ್",
                "stop_id": "21445",
                "lat": 12.92101,
                "lon": 77.58376
              },
              {
                "name": "Jayanagara 40th Cross",
                "name_kn": "ಜಯನಗರ 40ತ್ ಕ್ರೊಸ್ಸ್",
                "stop_id": "21449",
                "lat": 12.91989,
                "lon": 77.58068
              },
              {
                "name": "Sangam Circle",
                "name_kn": "ಸಙಂ ಕಿರ್ಕ್ಲೆ",
                "stop_id": "21148",
                "lat": 12.91704,
                "lon": 77.57875
              },
              {
                "name": "Banashankari Bus Station",
                "name_kn": "ಬನಶಂಕರಿ ಬುಸ್ ಸ್ಟಟಿೊಂ",
                "stop_id": "20623",
                "lat": 12.91779,
                "lon": 77.57272
              },
              {
                "name": "Banashankari Hunasemara",
                "name_kn": "ಬನಶಂಕರಿ ಹುನಸೆಮರ",
                "stop_id": "21713",
                "lat": 12.92084,
                "lon": 77.57414
              },
              {
                "name": "Monotype Corporation",
                "name_kn": "ಮೊನೊಟೆಪೆ ಕೊರ್ಪೊರಟಿೊಂ",
                "stop_id": "22295",
                "lat": 12.92154,
                "lon": 77.57104
              },
              {
                "name": "Kaveri Nagara",
                "name_kn": "ಕವೆರಿ ನಗರ",
                "stop_id": "35150",
                "lat": 12.91986,
                "lon": 77.56931
              },
              {
                "name": "Yarab Nagara",
                "name_kn": "ಯರಬ್ ನಗರ",
                "stop_id": "22631",
                "lat": 12.91657,
                "lon": 77.56914
              },
              {
                "name": "Kadirenahalli Cross",
                "name_kn": "ಕದಿರೆನಹಲ್ಲಿ ಕ್ರೊಸ್ಸ್",
                "stop_id": "20897",
                "lat": 12.91364,
                "lon": 77.56727
              },
              {
                "name": "Kadirenahalli Village",
                "name_kn": "ಕದಿರೆನಹಲ್ಲಿ ವಿಲ್ಲಗೆ",
                "stop_id": "22134",
                "lat": 12.9157,
                "lon": 77.56146
              },
              {
                "name": "Padmanabha Nagara",
                "name_kn": "ಪದ್ಮನಭ ನಗರ",
                "stop_id": "35935",
                "lat": 12.91798,
                "lon": 77.55994
              },
              {
                "name": "Padmanabha Nagara Rock",
                "name_kn": "ಪದ್ಮನಭ ನಗರ ರೊಕ್ಕ್",
                "stop_id": "35210",
                "lat": 12.91845,
                "lon": 77.55743
              }
            ]
          },
          {
            "Route": "13-F",
            "RouteId": 2860,
            "RouteParentId": 1631,
            "Destination": "Channammanakere Achukattu",
            "Via": "",
            "Area": "Shivajinagara Bus Station",
            "PlatformNumber": "SOUTH",
            "KannadaDestination": "ಚಂನಮ್ಮನಕೆರೆ ಚುಕಟು",
            "KannadaArea": "ಶಿವಾಜಿನಗರ ಬಸ್ ನಿಲ್ದಾಣ",
            "KannadaVia": "",
            "FromStationId": 23640,
            "Stops": [
              {
                "name": "Shanthinagara KH Road",
                "name_kn": "ಶಂತಿನಗರ ಖ್ ರೊದ್",
                "stop_id": "23640",
                "lat": 12.95501,
                "lon": 77.59193
              },
              {
                "name": "Lalbagh Hopcoms",
                "name_kn": "ಲಲ್ಬಘ್ ಹೊಪ್ಕೊಂಸ್",
                "stop_id": "23825",
                "lat": 12.95134,
                "lon": 77.59126
              },
              {
                "name": "Mallige Hospital",
                "name_kn": "ಮಲ್ಲಿಗೆ ಹೊಸ್ಪಿಟಲ್",
                "stop_id": "21565",
                "lat": 12.9478,
                "lon": 77.59193
              },
              {
                "name": "Siddapura Ashoka Pillar",
                "name_kn": "ಸಿದ್ದಪುರ ಶೊಕ ಪಿಲ್ಲರ್",
                "stop_id": "21603",
                "lat": 12.94621,
                "lon": 77.58879
              },
              {
                "name": "Ashoka Pillar",
                "name_kn": "ಅಶೊಕ ಪಿಲ್ಲರ್",
                "stop_id": "21458",
                "lat": 12.94322,
                "lon": 77.58529
              },
              {
                "name": "Rani Saraladevi High School",
                "name_kn": "ರನಿ ಸರಲದೆವಿ ಹಿಘ್ ಸ್ಚೂಲ್",
                "stop_id": "21593",
                "lat": 12.93879,
                "lon": 77.58522
              },
              {
                "name": "3rd Block Jayanagara",
                "name_kn": "3ರ್ದ್ ಬ್ಲೊಕ್ಕ್ ಜಯನಗರ",
                "stop_id": "21447",
                "lat": 12.93349,
                "lon": 77.58396
              },
              {
                "name": "Jayanagara Bus Station",
                "name_kn": "ಜಯನಗರ ಬುಸ್ ಸ್ಟಟಿೊಂ",
                "stop_id": "21545",
                "lat": 12.92802,
                "lon": 77.58364
              },
              {
                "name": "Jayanagara Telephone Exchange",
                "name_kn": "ಜಯನಗರ ಟೆಲೆಫೊನೆ ೆಕ್ಸ್ಚಙೆ",
                "stop_id": "21543",
                "lat": 12.9228,
                "lon": 77.58385
              },
              {
                "name": "Jayanagara 38th Cross",
                "name_kn": "ಜಯನಗರ 38ತ್ ಕ್ರೊಸ್ಸ್",
                "stop_id": "21445",
                "lat": 12.92101,
                "lon": 77.58376
              },
              {
                "name": "Jayanagara 40th Cross",
                "name_kn": "ಜಯನಗರ 40ತ್ ಕ್ರೊಸ್ಸ್",
                "stop_id": "21449",
                "lat": 12.91989,
                "lon": 77.58068
              },
              {
                "name": "Sangam Circle",
                "name_kn": "ಸಙಂ ಕಿರ್ಕ್ಲೆ",
                "stop_id": "21148",
                "lat": 12.91704,
                "lon": 77.57875
              },
              {
                "name": "Banashankari Bus Station",
                "name_kn": "ಬನಶಂಕರಿ ಬುಸ್ ಸ್ಟಟಿೊಂ",
                "stop_id": "20623",
                "lat": 12.91779,
                "lon": 77.57272
              },
              {
                "name": "Banashankari Hunasemara",
                "name_kn": "ಬನಶಂಕರಿ ಹುನಸೆಮರ",
                "stop_id": "21713",
                "lat": 12.92084,
                "lon": 77.57414
              },
              {
                "name": "Monotype Corporation",
                "name_kn": "ಮೊನೊಟೆಪೆ ಕೊರ್ಪೊರಟಿೊಂ",
                "stop_id": "22295",
                "lat": 12.92154,
                "lon": 77.57104
              },
              {
                "name": "Bata Show Room banashankari",
                "name_kn": "ಬಟ ಶೌ ರೂಂ ಬನಶಂಕರಿ",
                "stop_id": "37682",
                "lat": 12.92348,
                "lon": 77.57008
              },
              {
                "name": "BDA Complex Banashankari 2nd Stage",
                "name_kn": "ಬ್ದ ಕೊಂಪ್ಲೆಕ್ಸ್ ಬನಶಂಕರಿ 2ಂದ್ ಸ್ಟಗೆ",
                "stop_id": "24341",
                "lat": 12.92448,
                "lon": 77.56464
              },
              {
                "name": "Indira Nursing Home",
                "name_kn": "ಇಂದಿರ ನುರ್ಸಿಙ್ ಹೊಮೆ",
                "stop_id": "23733",
                "lat": 12.92907,
                "lon": 77.5646
              },
              {
                "name": "KIMS College",
                "name_kn": "ಕಿಂಸ್ ಕೊಲ್ಲೆಗೆ",
                "stop_id": "23734",
                "lat": 12.92725,
                "lon": 77.56174
              },
              {
                "name": "Devegowda Petrol Bunk",
                "name_kn": "ದೆವೆಗೌದ ಪೆಟ್ರೊಲ್ ಬುಂಕ್",
                "stop_id": "20756",
                "lat": 12.92194,
                "lon": 77.55914
              },
              {
                "name": "Srikanteshwara Park",
                "name_kn": "ಸ್ರಿಕಂಟೆಶ್ವರ ಪರ್ಕ್",
                "stop_id": "22726",
                "lat": 12.92643,
                "lon": 77.55369
              },
              {
                "name": "Channammanakere Achukattu",
                "name_kn": "ಚಂನಮ್ಮನಕೆರೆ ಚುಕಟು",
                "stop_id": "22727",
                "lat": 12.9283,
                "lon": 77.5565
              }
            ]
          },
          {
            "Route": "13-H",
            "RouteId": 2862,
            "RouteParentId": 1632,
            "Destination": "AGS Layout Arehalli",
            "Via": "",
            "Area": "Shivajinagara Bus Station",
            "PlatformNumber": "SOUTH",
            "KannadaDestination": "ಅಗ್ಸ್ ಲಯೌಟ್ ರೆಹಲ್ಲಿ",
            "KannadaArea": "ಶಿವಾಜಿನಗರ ಬಸ್ ನಿಲ್ದಾಣ",
            "KannadaVia": "",
            "FromStationId": 23640,
            "Stops": [
              {
                "name": "Shanthinagara KH Road",
                "name_kn": "ಶಂತಿನಗರ ಖ್ ರೊದ್",
                "stop_id": "23640",
                "lat": 12.95501,
                "lon": 77.59193
              },
              {
                "name": "Lalbagh Hopcoms",
                "name_kn": "ಲಲ್ಬಘ್ ಹೊಪ್ಕೊಂಸ್",
                "stop_id": "23825",
                "lat": 12.95134,
                "lon": 77.59126
              },
              {
                "name": "Mallige Hospital",
                "name_kn": "ಮಲ್ಲಿಗೆ ಹೊಸ್ಪಿಟಲ್",
                "stop_id": "21565",
                "lat": 12.9478,
                "lon": 77.59193
              },
              {
                "name": "Siddapura Ashoka Pillar",
                "name_kn": "ಸಿದ್ದಪುರ ಶೊಕ ಪಿಲ್ಲರ್",
                "stop_id": "21603",
                "lat": 12.94621,
                "lon": 77.58879
              },
              {
                "name": "Ashoka Pillar",
                "name_kn": "ಅಶೊಕ ಪಿಲ್ಲರ್",
                "stop_id": "21458",
                "lat": 12.94322,
                "lon": 77.58529
              },
              {
                "name": "Rani Saraladevi High School",
                "name_kn": "ರನಿ ಸರಲದೆವಿ ಹಿಘ್ ಸ್ಚೂಲ್",
                "stop_id": "21593",
                "lat": 12.93879,
                "lon": 77.58522
              },
              {
                "name": "3rd Block Jayanagara",
                "name_kn": "3ರ್ದ್ ಬ್ಲೊಕ್ಕ್ ಜಯನಗರ",
                "stop_id": "21447",
                "lat": 12.93349,
                "lon": 77.58396
              },
              {
                "name": "Jayanagara Bus Station",
                "name_kn": "ಜಯನಗರ ಬುಸ್ ಸ್ಟಟಿೊಂ",
                "stop_id": "21545",
                "lat": 12.92802,
                "lon": 77.58364
              },
              {
                "name": "Jayanagara Telephone Exchange",
                "name_kn": "ಜಯನಗರ ಟೆಲೆಫೊನೆ ೆಕ್ಸ್ಚಙೆ",
                "stop_id": "21543",
                "lat": 12.9228,
                "lon": 77.58385
              },
              {
                "name": "Jayanagara 38th Cross",
                "name_kn": "ಜಯನಗರ 38ತ್ ಕ್ರೊಸ್ಸ್",
                "stop_id": "21445",
                "lat": 12.92101,
                "lon": 77.58376
              },
              {
                "name": "Jayanagara 40th Cross",
                "name_kn": "ಜಯನಗರ 40ತ್ ಕ್ರೊಸ್ಸ್",
                "stop_id": "21449",
                "lat": 12.91989,
                "lon": 77.58068
              },
              {
                "name": "Sangam Circle",
                "name_kn": "ಸಙಂ ಕಿರ್ಕ್ಲೆ",
                "stop_id": "21148",
                "lat": 12.91704,
                "lon": 77.57875
              },
              {
                "name": "Banashankari Bus Station",
                "name_kn": "ಬನಶಂಕರಿ ಬುಸ್ ಸ್ಟಟಿೊಂ",
                "stop_id": "20623",
                "lat": 12.91779,
                "lon": 77.57272
              },
              {
                "name": "Banashankari Hunasemara",
                "name_kn": "ಬನಶಂಕರಿ ಹುನಸೆಮರ",
                "stop_id": "21713",
                "lat": 12.92084,
                "lon": 77.57414
              },
              {
                "name": "Monotype Corporation",
                "name_kn": "ಮೊನೊಟೆಪೆ ಕೊರ್ಪೊರಟಿೊಂ",
                "stop_id": "22295",
                "lat": 12.92154,
                "lon": 77.57104
              },
              {
                "name": "Bata Show Room banashankari",
                "name_kn": "ಬಟ ಶೌ ರೂಂ ಬನಶಂಕರಿ",
                "stop_id": "37682",
                "lat": 12.92348,
                "lon": 77.57008
              },
              {
                "name": "BDA Complex Banashankari 2nd Stage",
                "name_kn": "ಬ್ದ ಕೊಂಪ್ಲೆಕ್ಸ್ ಬನಶಂಕರಿ 2ಂದ್ ಸ್ಟಗೆ",
                "stop_id": "24341",
                "lat": 12.92448,
                "lon": 77.56464
              },
              {
                "name": "Indira Nursing Home",
                "name_kn": "ಇಂದಿರ ನುರ್ಸಿಙ್ ಹೊಮೆ",
                "stop_id": "23733",
                "lat": 12.92907,
                "lon": 77.5646
              },
              {
                "name": "KIMS College",
                "name_kn": "ಕಿಂಸ್ ಕೊಲ್ಲೆಗೆ",
                "stop_id": "23734",
                "lat": 12.92725,
                "lon": 77.56174
              },
              {
                "name": "Devegowda Petrol Bunk",
                "name_kn": "ದೆವೆಗೌದ ಪೆಟ್ರೊಲ್ ಬುಂಕ್",
                "stop_id": "20756",
                "lat": 12.92194,
                "lon": 77.55914
              },
              {
                "name": "Kamakya Talkies",
                "name_kn": "ಕಮಕೆ ಟಲ್ಕಿೆಸ್",
                "stop_id": "35772",
                "lat": 12.92405,
                "lon": 77.55264
              },
              {
                "name": "Kathriguppe",
                "name_kn": "ಕತ್ರಿಗುಪ್ಪೆ",
                "stop_id": "20917",
                "lat": 12.92535,
                "lon": 77.54989
              },
              {
                "name": "Janatabazar Junction",
                "name_kn": "ಜನಟಬಜ಼ರ್ ಜುಂಕ್ಟಿೊಂ",
                "stop_id": "23965",
                "lat": 12.92781,
                "lon": 77.54612
              },
              {
                "name": "Srinivasa Kalyana Mantapa",
                "name_kn": "ಸ್ರಿನಿವಸ ಕಲೆನ ಮಂಟಪ",
                "stop_id": "23966",
                "lat": 12.926,
                "lon": 77.54438
              },
              {
                "name": "SLV Bakery",
                "name_kn": "ಸ್ಲ್ವ್ ಬಕೆರೆ",
                "stop_id": "23968",
                "lat": 12.92127,
                "lon": 77.54322
              },
              {
                "name": "Ittamadu",
                "name_kn": "ಇಟಮದು",
                "stop_id": "35090",
                "lat": 12.91966,
                "lon": 77.5424
              },
              {
                "name": "AGS Layout Cross",
                "name_kn": "ಅಗ್ಸ್ ಲಯೌಟ್ ಕ್ರೊಸ್ಸ್",
                "stop_id": "23014",
                "lat": 12.91347,
                "lon": 77.54088
              },
              {
                "name": "AGS Layout Arehalli",
                "name_kn": "ಅಗ್ಸ್ ಲಯೌಟ್ ರೆಹಲ್ಲಿ",
                "stop_id": "29462",
                "lat": 12.91246,
                "lon": 77.53706
              }
            ]
          },
          {
            "Route": "210-FA",
            "RouteId": 3470,
            "RouteParentId": 1945,
            "Destination": "Poornaprajna Layout",
            "Via": "",
            "Area": "Shivajinagara Bus Station",
            "PlatformNumber": "SOUTH",
            "KannadaDestination": "ಪೂರ್ನಪ್ರಜ್ನ ಲಯೌಟ್",
            "KannadaArea": "ಶಿವಾಜಿನಗರ ಬಸ್ ನಿಲ್ದಾಣ",
            "KannadaVia": "",
            "FromStationId": 23640,
            "Stops": [
              {
                "name": "Shanthinagara KH Road",
                "name_kn": "ಶಂತಿನಗರ ಖ್ ರೊದ್",
                "stop_id": "23640",
                "lat": 12.95501,
                "lon": 77.59193
              },
              {
                "name": "Lalbagh Hopcoms",
                "name_kn": "ಲಲ್ಬಘ್ ಹೊಪ್ಕೊಂಸ್",
                "stop_id": "23825",
                "lat": 12.95134,
                "lon": 77.59126
              },
              {
                "name": "Mallige Hospital",
                "name_kn": "ಮಲ್ಲಿಗೆ ಹೊಸ್ಪಿಟಲ್",
                "stop_id": "21565",
                "lat": 12.9478,
                "lon": 77.59193
              },
              {
                "name": "Siddapura Ashoka Pillar",
                "name_kn": "ಸಿದ್ದಪುರ ಶೊಕ ಪಿಲ್ಲರ್",
                "stop_id": "21603",
                "lat": 12.94621,
                "lon": 77.58879
              },
              {
                "name": "Ashoka Pillar",
                "name_kn": "ಅಶೊಕ ಪಿಲ್ಲರ್",
                "stop_id": "21458",
                "lat": 12.94322,
                "lon": 77.58529
              },
              {
                "name": "Rani Saraladevi High School",
                "name_kn": "ರನಿ ಸರಲದೆವಿ ಹಿಘ್ ಸ್ಚೂಲ್",
                "stop_id": "21593",
                "lat": 12.93879,
                "lon": 77.58522
              },
              {
                "name": "3rd Block Jayanagara",
                "name_kn": "3ರ್ದ್ ಬ್ಲೊಕ್ಕ್ ಜಯನಗರ",
                "stop_id": "21447",
                "lat": 12.93349,
                "lon": 77.58396
              },
              {
                "name": "Jayanagara Bus Station",
                "name_kn": "ಜಯನಗರ ಬುಸ್ ಸ್ಟಟಿೊಂ",
                "stop_id": "21545",
                "lat": 12.92802,
                "lon": 77.58364
              },
              {
                "name": "Jayanagara Telephone Exchange",
                "name_kn": "ಜಯನಗರ ಟೆಲೆಫೊನೆ ೆಕ್ಸ್ಚಙೆ",
                "stop_id": "21543",
                "lat": 12.9228,
                "lon": 77.58385
              },
              {
                "name": "Jayanagara 38th Cross",
                "name_kn": "ಜಯನಗರ 38ತ್ ಕ್ರೊಸ್ಸ್",
                "stop_id": "21445",
                "lat": 12.92101,
                "lon": 77.58376
              },
              {
                "name": "Jayanagara 40th Cross",
                "name_kn": "ಜಯನಗರ 40ತ್ ಕ್ರೊಸ್ಸ್",
                "stop_id": "21449",
                "lat": 12.91989,
                "lon": 77.58068
              },
              {
                "name": "Sangam Circle",
                "name_kn": "ಸಙಂ ಕಿರ್ಕ್ಲೆ",
                "stop_id": "21148",
                "lat": 12.91704,
                "lon": 77.57875
              },
              {
                "name": "Banashankari Bus Station",
                "name_kn": "ಬನಶಂಕರಿ ಬುಸ್ ಸ್ಟಟಿೊಂ",
                "stop_id": "20623",
                "lat": 12.91779,
                "lon": 77.57272
              },
              {
                "name": "Kadirenahalli Cross",
                "name_kn": "ಕದಿರೆನಹಲ್ಲಿ ಕ್ರೊಸ್ಸ್",
                "stop_id": "20897",
                "lat": 12.91364,
                "lon": 77.56727
              },
              {
                "name": "Kadirenahalli Village",
                "name_kn": "ಕದಿರೆನಹಲ್ಲಿ ವಿಲ್ಲಗೆ",
                "stop_id": "22134",
                "lat": 12.9157,
                "lon": 77.56146
              },
              {
                "name": "Prarthana School",
                "name_kn": "ಪ್ರರ್ತನ ಸ್ಚೂಲ್",
                "stop_id": "22404",
                "lat": 12.9116,
                "lon": 77.55741
              },
              {
                "name": "Chikkallasandra Aralimara",
                "name_kn": "ಚಿಕ್ಕಲ್ಲಸಂದ್ರ ರಲಿಮರ",
                "stop_id": "21841",
                "lat": 12.91157,
                "lon": 77.55238
              },
              {
                "name": "Chikkallasandra Bank Colony",
                "name_kn": "ಚಿಕ್ಕಲ್ಲಸಂದ್ರ ಬಂಕ್ ಕೊಲೊನೆ",
                "stop_id": "21843",
                "lat": 12.90914,
                "lon": 77.54927
              },
              {
                "name": "Nano Hospital",
                "name_kn": "ನನೊ ಹೊಸ್ಪಿಟಲ್",
                "stop_id": "22198",
                "lat": 12.90698,
                "lon": 77.54622
              },
              {
                "name": "Uttarahalli",
                "name_kn": "ಉಟರಹಲ್ಲಿ",
                "stop_id": "22571",
                "lat": 12.90575,
                "lon": 77.54257
              },
              {
                "name": "Arehalli",
                "name_kn": "ಅರೆಹಲ್ಲಿ",
                "stop_id": "21659",
                "lat": 12.90834,
                "lon": 77.53797
              },
              {
                "name": "Poornaprajna Layout",
                "name_kn": "ಪೂರ್ನಪ್ರಜ್ನ ಲಯೌಟ್",
                "stop_id": "34271",
                "lat": 12.90877,
                "lon": 77.53592
              }
            ]
          },
          {
            "Route": "210-G",
            "RouteId": 3790,
            "RouteParentId": 2113,
            "Destination": "Vasanthapura",
            "Via": "",
            "Area": "Shivajinagara Bus Station",
            "PlatformNumber": "SOUTH",
            "KannadaDestination": "ವಸಂತಪುರ",
            "KannadaArea": "ಶಿವಾಜಿನಗರ ಬಸ್ ನಿಲ್ದಾಣ",
            "KannadaVia": "",
            "FromStationId": 23640,
            "Stops": [
              {
                "name": "Shanthinagara Bus Station",
                "name_kn": "ಶಂತಿನಗರ ಬುಸ್ ಸ್ಟಟಿೊಂ",
                "stop_id": "21166",
                "lat": 12.95449,
                "lon": 77.59258
              },
              {
                "name": "Lalbagh Hopcoms",
                "name_kn": "ಲಲ್ಬಘ್ ಹೊಪ್ಕೊಂಸ್",
                "stop_id": "23825",
                "lat": 12.95134,
                "lon": 77.59126
              },
              {
                "name": "Mallige Hospital",
                "name_kn": "ಮಲ್ಲಿಗೆ ಹೊಸ್ಪಿಟಲ್",
                "stop_id": "21565",
                "lat": 12.9478,
                "lon": 77.59193
              },
              {
                "name": "Siddapura Ashoka Pillar",
                "name_kn": "ಸಿದ್ದಪುರ ಶೊಕ ಪಿಲ್ಲರ್",
                "stop_id": "21603",
                "lat": 12.94621,
                "lon": 77.58879
              },
              {
                "name": "Ashoka Pillar",
                "name_kn": "ಅಶೊಕ ಪಿಲ್ಲರ್",
                "stop_id": "21458",
                "lat": 12.94322,
                "lon": 77.58529
              },
              {
                "name": "Rani Saraladevi High School",
                "name_kn": "ರನಿ ಸರಲದೆವಿ ಹಿಘ್ ಸ್ಚೂಲ್",
                "stop_id": "21593",
                "lat": 12.93879,
                "lon": 77.58522
              },
              {
                "name": "3rd Block Jayanagara",
                "name_kn": "3ರ್ದ್ ಬ್ಲೊಕ್ಕ್ ಜಯನಗರ",
                "stop_id": "21447",
                "lat": 12.93349,
                "lon": 77.58396
              },
              {
                "name": "Jayanagara Bus Station",
                "name_kn": "ಜಯನಗರ ಬುಸ್ ಸ್ಟಟಿೊಂ",
                "stop_id": "21545",
                "lat": 12.92802,
                "lon": 77.58364
              },
              {
                "name": "Jayanagara Telephone Exchange",
                "name_kn": "ಜಯನಗರ ಟೆಲೆಫೊನೆ ೆಕ್ಸ್ಚಙೆ",
                "stop_id": "21543",
                "lat": 12.9228,
                "lon": 77.58385
              },
              {
                "name": "Jayanagara 38th Cross",
                "name_kn": "ಜಯನಗರ 38ತ್ ಕ್ರೊಸ್ಸ್",
                "stop_id": "21445",
                "lat": 12.92101,
                "lon": 77.58376
              },
              {
                "name": "Jayanagara 40th Cross",
                "name_kn": "ಜಯನಗರ 40ತ್ ಕ್ರೊಸ್ಸ್",
                "stop_id": "21449",
                "lat": 12.91989,
                "lon": 77.58068
              },
              {
                "name": "Sangam Circle",
                "name_kn": "ಸಙಂ ಕಿರ್ಕ್ಲೆ",
                "stop_id": "21148",
                "lat": 12.91704,
                "lon": 77.57875
              },
              {
                "name": "Banashankari Bus Station",
                "name_kn": "ಬನಶಂಕರಿ ಬುಸ್ ಸ್ಟಟಿೊಂ",
                "stop_id": "20624",
                "lat": 12.91736,
                "lon": 77.5727
              },
              {
                "name": "Banashankari Hunasemara",
                "name_kn": "ಬನಶಂಕರಿ ಹುನಸೆಮರ",
                "stop_id": "21713",
                "lat": 12.92084,
                "lon": 77.57414
              },
              {
                "name": "Monotype Corporation",
                "name_kn": "ಮೊನೊಟೆಪೆ ಕೊರ್ಪೊರಟಿೊಂ",
                "stop_id": "22295",
                "lat": 12.92154,
                "lon": 77.57104
              },
              {
                "name": "Kaveri Nagara",
                "name_kn": "ಕವೆರಿ ನಗರ",
                "stop_id": "35150",
                "lat": 12.91986,
                "lon": 77.56931
              },
              {
                "name": "Yarab Nagara",
                "name_kn": "ಯರಬ್ ನಗರ",
                "stop_id": "22631",
                "lat": 12.91657,
                "lon": 77.56914
              },
              {
                "name": "Kadirenahalli Cross",
                "name_kn": "ಕದಿರೆನಹಲ್ಲಿ ಕ್ರೊಸ್ಸ್",
                "stop_id": "20897",
                "lat": 12.91364,
                "lon": 77.56727
              },
              {
                "name": "Dayananda Sagar College",
                "name_kn": "ದಯನಂದ ಸಗರ್ ಕೊಲ್ಲೆಗೆ",
                "stop_id": "21874",
                "lat": 12.90948,
                "lon": 77.56553
              },
              {
                "name": "Kumaraswamy Layout Police Station",
                "name_kn": "ಕುಮರಸ್ವಮೆ ಲಯೌಟ್ ಪೊಲಿಕೆ ಸ್ಟಟಿೊಂ",
                "stop_id": "22213",
                "lat": 12.9053,
                "lon": 77.56274
              },
              {
                "name": "Kumaraswamy Layout",
                "name_kn": "ಕುಮರಸ್ವಮೆ ಲಯೌಟ್",
                "stop_id": "22211",
                "lat": 12.90313,
                "lon": 77.56165
              },
              {
                "name": "West Cross Kumaraswamy Layout",
                "name_kn": "ವೆಸ್ಟ್ ಕ್ರೊಸ್ಸ್ ಕುಮರಸ್ವಮೆ ಲಯೌಟ್",
                "stop_id": "22619",
                "lat": 12.90094,
                "lon": 77.55993
              },
              {
                "name": "ISRO Layout",
                "name_kn": "ಇಸ್ರೊ ಲಯೌಟ್",
                "stop_id": "22080",
                "lat": 12.89978,
                "lon": 77.5585
              },
              {
                "name": "Bikashipura",
                "name_kn": "ಬಿಕಶಿಪುರ",
                "stop_id": "35405",
                "lat": 12.89818,
                "lon": 77.55768
              },
              {
                "name": "Pipeline ISRO Layout",
                "name_kn": "ಪಿಪೆಲಿನೆ ಿಸ್ರೊ ಲಯೌಟ್",
                "stop_id": "22386",
                "lat": 12.89515,
                "lon": 77.5551
              },
              {
                "name": "Vasanthapura",
                "name_kn": "ವಸಂತಪುರ",
                "stop_id": "22588",
                "lat": 12.89635,
                "lon": 77.55242
              }
            ]
          },
          {
            "Route": "210-Q",
            "RouteId": 3799,
            "RouteParentId": 2118,
            "Destination": "Chikkallasandra",
            "Via": "",
            "Area": "Shivajinagara Bus Station",
            "PlatformNumber": "SOUTH",
            "KannadaDestination": "ಚಿಕ್ಕಲ್ಲಸಂದ್ರ",
            "KannadaArea": "ಶಿವಾಜಿನಗರ ಬಸ್ ನಿಲ್ದಾಣ",
            "KannadaVia": "",
            "FromStationId": 23640,
            "Stops": [
              {
                "name": "Shanthinagara KH Road",
                "name_kn": "ಶಂತಿನಗರ ಖ್ ರೊದ್",
                "stop_id": "23640",
                "lat": 12.95501,
                "lon": 77.59193
              },
              {
                "name": "Lalbagh Hopcoms",
                "name_kn": "ಲಲ್ಬಘ್ ಹೊಪ್ಕೊಂಸ್",
                "stop_id": "23825",
                "lat": 12.95134,
                "lon": 77.59126
              },
              {
                "name": "Mallige Hospital",
                "name_kn": "ಮಲ್ಲಿಗೆ ಹೊಸ್ಪಿಟಲ್",
                "stop_id": "21565",
                "lat": 12.9478,
                "lon": 77.59193
              },
              {
                "name": "Siddapura Ashoka Pillar",
                "name_kn": "ಸಿದ್ದಪುರ ಶೊಕ ಪಿಲ್ಲರ್",
                "stop_id": "21603",
                "lat": 12.94621,
                "lon": 77.58879
              },
              {
                "name": "Ashoka Pillar",
                "name_kn": "ಅಶೊಕ ಪಿಲ್ಲರ್",
                "stop_id": "21458",
                "lat": 12.94322,
                "lon": 77.58529
              },
              {
                "name": "Rani Saraladevi High School",
                "name_kn": "ರನಿ ಸರಲದೆವಿ ಹಿಘ್ ಸ್ಚೂಲ್",
                "stop_id": "21593",
                "lat": 12.93879,
                "lon": 77.58522
              },
              {
                "name": "3rd Block Jayanagara",
                "name_kn": "3ರ್ದ್ ಬ್ಲೊಕ್ಕ್ ಜಯನಗರ",
                "stop_id": "21447",
                "lat": 12.93349,
                "lon": 77.58396
              },
              {
                "name": "Jayanagara Bus Station",
                "name_kn": "ಜಯನಗರ ಬುಸ್ ಸ್ಟಟಿೊಂ",
                "stop_id": "21545",
                "lat": 12.92802,
                "lon": 77.58364
              },
              {
                "name": "Jayanagara Telephone Exchange",
                "name_kn": "ಜಯನಗರ ಟೆಲೆಫೊನೆ ೆಕ್ಸ್ಚಙೆ",
                "stop_id": "21543",
                "lat": 12.9228,
                "lon": 77.58385
              },
              {
                "name": "Jayanagara 38th Cross",
                "name_kn": "ಜಯನಗರ 38ತ್ ಕ್ರೊಸ್ಸ್",
                "stop_id": "21445",
                "lat": 12.92101,
                "lon": 77.58376
              },
              {
                "name": "Jayanagara 40th Cross",
                "name_kn": "ಜಯನಗರ 40ತ್ ಕ್ರೊಸ್ಸ್",
                "stop_id": "21449",
                "lat": 12.91989,
                "lon": 77.58068
              },
              {
                "name": "Sangam Circle",
                "name_kn": "ಸಙಂ ಕಿರ್ಕ್ಲೆ",
                "stop_id": "21148",
                "lat": 12.91704,
                "lon": 77.57875
              },
              {
                "name": "Banashankari Bus Station",
                "name_kn": "ಬನಶಂಕರಿ ಬುಸ್ ಸ್ಟಟಿೊಂ",
                "stop_id": "20623",
                "lat": 12.91779,
                "lon": 77.57272
              },
              {
                "name": "Kadirenahalli Cross",
                "name_kn": "ಕದಿರೆನಹಲ್ಲಿ ಕ್ರೊಸ್ಸ್",
                "stop_id": "20897",
                "lat": 12.91364,
                "lon": 77.56727
              },
              {
                "name": "Kadirenahalli Village",
                "name_kn": "ಕದಿರೆನಹಲ್ಲಿ ವಿಲ್ಲಗೆ",
                "stop_id": "22134",
                "lat": 12.9157,
                "lon": 77.56146
              },
              {
                "name": "Prarthana School",
                "name_kn": "ಪ್ರರ್ತನ ಸ್ಚೂಲ್",
                "stop_id": "22404",
                "lat": 12.9116,
                "lon": 77.55741
              },
              {
                "name": "Gowdanapalya",
                "name_kn": "ಗೌದನಪಲೆ",
                "stop_id": "21979",
                "lat": 12.91157,
                "lon": 77.55608
              },
              {
                "name": "Chikkallasandra Aralimara",
                "name_kn": "ಚಿಕ್ಕಲ್ಲಸಂದ್ರ ರಲಿಮರ",
                "stop_id": "21841",
                "lat": 12.91157,
                "lon": 77.55238
              },
              {
                "name": "Chikkallasandra",
                "name_kn": "ಚಿಕ್ಕಲ್ಲಸಂದ್ರ",
                "stop_id": "24575",
                "lat": 12.91507,
                "lon": 77.55198
              }
            ]
          },
          {
            "Route": "215-U",
            "RouteId": 4213,
            "RouteParentId": 2316,
            "Destination": "Kothanuru Hari Nagara",
            "Via": "",
            "Area": "Shivajinagara Bus Station",
            "PlatformNumber": "SOUTH",
            "KannadaDestination": "ಕೊತನುರು ಹರಿ ನಗರ",
            "KannadaArea": "ಶಿವಾಜಿನಗರ ಬಸ್ ನಿಲ್ದಾಣ",
            "KannadaVia": "",
            "FromStationId": 23640,
            "Stops": [
              {
                "name": "Shanthinagara Bus Station",
                "name_kn": "ಶಂತಿನಗರ ಬುಸ್ ಸ್ಟಟಿೊಂ",
                "stop_id": "21166",
                "lat": 12.95449,
                "lon": 77.59258
              },
              {
                "name": "Lalbagh Hopcoms",
                "name_kn": "ಲಲ್ಬಘ್ ಹೊಪ್ಕೊಂಸ್",
                "stop_id": "23825",
                "lat": 12.95134,
                "lon": 77.59126
              },
              {
                "name": "Mallige Hospital",
                "name_kn": "ಮಲ್ಲಿಗೆ ಹೊಸ್ಪಿಟಲ್",
                "stop_id": "21565",
                "lat": 12.9478,
                "lon": 77.59193
              },
              {
                "name": "Siddapura Ashoka Pillar",
                "name_kn": "ಸಿದ್ದಪುರ ಶೊಕ ಪಿಲ್ಲರ್",
                "stop_id": "21603",
                "lat": 12.94621,
                "lon": 77.58879
              },
              {
                "name": "Ashoka Pillar",
                "name_kn": "ಅಶೊಕ ಪಿಲ್ಲರ್",
                "stop_id": "21458",
                "lat": 12.94322,
                "lon": 77.58529
              },
              {
                "name": "Rani Saraladevi High School",
                "name_kn": "ರನಿ ಸರಲದೆವಿ ಹಿಘ್ ಸ್ಚೂಲ್",
                "stop_id": "21593",
                "lat": 12.93879,
                "lon": 77.58522
              },
              {
                "name": "3rd Block Jayanagara",
                "name_kn": "3ರ್ದ್ ಬ್ಲೊಕ್ಕ್ ಜಯನಗರ",
                "stop_id": "21447",
                "lat": 12.93349,
                "lon": 77.58396
              },
              {
                "name": "Jayanagara Bus Station",
                "name_kn": "ಜಯನಗರ ಬುಸ್ ಸ್ಟಟಿೊಂ",
                "stop_id": "21545",
                "lat": 12.92802,
                "lon": 77.58364
              },
              {
                "name": "Jayanagara Telephone Exchange",
                "name_kn": "ಜಯನಗರ ಟೆಲೆಫೊನೆ ೆಕ್ಸ್ಚಙೆ",
                "stop_id": "21543",
                "lat": 12.9228,
                "lon": 77.58385
              },
              {
                "name": "Jayanagara 38th Cross",
                "name_kn": "ಜಯನಗರ 38ತ್ ಕ್ರೊಸ್ಸ್",
                "stop_id": "21445",
                "lat": 12.92101,
                "lon": 77.58376
              },
              {
                "name": "Jayanagara 40th Cross",
                "name_kn": "ಜಯನಗರ 40ತ್ ಕ್ರೊಸ್ಸ್",
                "stop_id": "21449",
                "lat": 12.91989,
                "lon": 77.58068
              },
              {
                "name": "Sangam Circle",
                "name_kn": "ಸಙಂ ಕಿರ್ಕ್ಲೆ",
                "stop_id": "21148",
                "lat": 12.91704,
                "lon": 77.57875
              },
              {
                "name": "Banashankari",
                "name_kn": "ಬನಶಂಕರಿ",
                "stop_id": "21711",
                "lat": 12.91631,
                "lon": 77.57373
              },
              {
                "name": "Sarakki",
                "name_kn": "ಸರಕ್ಕಿ",
                "stop_id": "22459",
                "lat": 12.9097,
                "lon": 77.57299
              },
              {
                "name": "Jaraganahalli Cross",
                "name_kn": "ಜರಗನಹಲ್ಲಿ ಕ್ರೊಸ್ಸ್",
                "stop_id": "22101",
                "lat": 12.9014,
                "lon": 77.57344
              },
              {
                "name": "Yalachenahalli",
                "name_kn": "ಯಲಚೆನಹಲ್ಲಿ",
                "stop_id": "22638",
                "lat": 12.89654,
                "lon": 77.57076
              },
              {
                "name": "Ganapathipura",
                "name_kn": "ಗನಪತಿಪುರ",
                "stop_id": "32624",
                "lat": 12.89338,
                "lon": 77.57192
              },
              {
                "name": "Bekary Chunchaghatta",
                "name_kn": "ಬೆಕರೆ ಚುಂಚಘಟ",
                "stop_id": "31945",
                "lat": 12.88652,
                "lon": 77.57071
              },
              {
                "name": "Chunchaghatta",
                "name_kn": "ಚುಂಚಘಟ",
                "stop_id": "24694",
                "lat": 12.88558,
                "lon": 77.57487
              },
              {
                "name": "Maruthi School",
                "name_kn": "ಮರುತಿ ಸ್ಚೂಲ್",
                "stop_id": "33870",
                "lat": 12.88128,
                "lon": 77.57587
              },
              {
                "name": "Kothanuru Hari Nagara",
                "name_kn": "ಕೊತನುರು ಹರಿ ನಗರ",
                "stop_id": "31248",
                "lat": 12.87655,
                "lon": 77.5772
              }
            ]
          },
          {
            "Route": "210-G SBS-ISRLO-PPLO",
            "RouteId": 4479,
            "RouteParentId": 2461,
            "Destination": "Poornaprajna Layout",
            "Via": "",
            "Area": "Shivajinagara Bus Station",
            "PlatformNumber": "SOUTH",
            "KannadaDestination": "ಪೂರ್ನಪ್ರಜ್ನ ಲಯೌಟ್",
            "KannadaArea": "ಶಿವಾಜಿನಗರ ಬಸ್ ನಿಲ್ದಾಣ",
            "KannadaVia": "",
            "FromStationId": 23640,
            "Stops": [
              {
                "name": "Shanthinagara KH Road",
                "name_kn": "ಶಂತಿನಗರ ಖ್ ರೊದ್",
                "stop_id": "23640",
                "lat": 12.95501,
                "lon": 77.59193
              },
              {
                "name": "Lalbagh Hopcoms",
                "name_kn": "ಲಲ್ಬಘ್ ಹೊಪ್ಕೊಂಸ್",
                "stop_id": "23825",
                "lat": 12.95134,
                "lon": 77.59126
              },
              {
                "name": "Mallige Hospital",
                "name_kn": "ಮಲ್ಲಿಗೆ ಹೊಸ್ಪಿಟಲ್",
                "stop_id": "21565",
                "lat": 12.9478,
                "lon": 77.59193
              },
              {
                "name": "Siddapura Ashoka Pillar",
                "name_kn": "ಸಿದ್ದಪುರ ಶೊಕ ಪಿಲ್ಲರ್",
                "stop_id": "21603",
                "lat": 12.94621,
                "lon": 77.58879
              },
              {
                "name": "Ashoka Pillar",
                "name_kn": "ಅಶೊಕ ಪಿಲ್ಲರ್",
                "stop_id": "21458",
                "lat": 12.94322,
                "lon": 77.58529
              },
              {
                "name": "Rani Saraladevi High School",
                "name_kn": "ರನಿ ಸರಲದೆವಿ ಹಿಘ್ ಸ್ಚೂಲ್",
                "stop_id": "21593",
                "lat": 12.93879,
                "lon": 77.58522
              },
              {
                "name": "3rd Block Jayanagara",
                "name_kn": "3ರ್ದ್ ಬ್ಲೊಕ್ಕ್ ಜಯನಗರ",
                "stop_id": "21447",
                "lat": 12.93349,
                "lon": 77.58396
              },
              {
                "name": "Jayanagara Bus Station",
                "name_kn": "ಜಯನಗರ ಬುಸ್ ಸ್ಟಟಿೊಂ",
                "stop_id": "21545",
                "lat": 12.92802,
                "lon": 77.58364
              },
              {
                "name": "Jayanagara Telephone Exchange",
                "name_kn": "ಜಯನಗರ ಟೆಲೆಫೊನೆ ೆಕ್ಸ್ಚಙೆ",
                "stop_id": "21543",
                "lat": 12.9228,
                "lon": 77.58385
              },
              {
                "name": "Jayanagara 38th Cross",
                "name_kn": "ಜಯನಗರ 38ತ್ ಕ್ರೊಸ್ಸ್",
                "stop_id": "21445",
                "lat": 12.92101,
                "lon": 77.58376
              },
              {
                "name": "Jayanagara 40th Cross",
                "name_kn": "ಜಯನಗರ 40ತ್ ಕ್ರೊಸ್ಸ್",
                "stop_id": "21449",
                "lat": 12.91989,
                "lon": 77.58068
              },
              {
                "name": "Sangam Circle",
                "name_kn": "ಸಙಂ ಕಿರ್ಕ್ಲೆ",
                "stop_id": "21148",
                "lat": 12.91704,
                "lon": 77.57875
              },
              {
                "name": "Banashankari Bus Station",
                "name_kn": "ಬನಶಂಕರಿ ಬುಸ್ ಸ್ಟಟಿೊಂ",
                "stop_id": "20623",
                "lat": 12.91779,
                "lon": 77.57272
              },
              {
                "name": "Kadirenahalli Cross",
                "name_kn": "ಕದಿರೆನಹಲ್ಲಿ ಕ್ರೊಸ್ಸ್",
                "stop_id": "20897",
                "lat": 12.91364,
                "lon": 77.56727
              },
              {
                "name": "Dayananda Sagar College",
                "name_kn": "ದಯನಂದ ಸಗರ್ ಕೊಲ್ಲೆಗೆ",
                "stop_id": "21874",
                "lat": 12.90948,
                "lon": 77.56553
              },
              {
                "name": "Kumaraswamy Layout Police Station",
                "name_kn": "ಕುಮರಸ್ವಮೆ ಲಯೌಟ್ ಪೊಲಿಕೆ ಸ್ಟಟಿೊಂ",
                "stop_id": "22213",
                "lat": 12.9053,
                "lon": 77.56274
              },
              {
                "name": "Kumaraswamy Layout",
                "name_kn": "ಕುಮರಸ್ವಮೆ ಲಯೌಟ್",
                "stop_id": "22211",
                "lat": 12.90313,
                "lon": 77.56165
              },
              {
                "name": "West Cross Kumaraswamy Layout",
                "name_kn": "ವೆಸ್ಟ್ ಕ್ರೊಸ್ಸ್ ಕುಮರಸ್ವಮೆ ಲಯೌಟ್",
                "stop_id": "22619",
                "lat": 12.90094,
                "lon": 77.55993
              },
              {
                "name": "ISRO Layout",
                "name_kn": "ಇಸ್ರೊ ಲಯೌಟ್",
                "stop_id": "22080",
                "lat": 12.89978,
                "lon": 77.5585
              },
              {
                "name": "Bikashipura",
                "name_kn": "ಬಿಕಶಿಪುರ",
                "stop_id": "35405",
                "lat": 12.89818,
                "lon": 77.55768
              },
              {
                "name": "Pipeline ISRO Layout",
                "name_kn": "ಪಿಪೆಲಿನೆ ಿಸ್ರೊ ಲಯೌಟ್",
                "stop_id": "22386",
                "lat": 12.89515,
                "lon": 77.5551
              },
              {
                "name": "Vasanthapura",
                "name_kn": "ವಸಂತಪುರ",
                "stop_id": "22589",
                "lat": 12.89626,
                "lon": 77.55244
              },
              {
                "name": "Yadalam Nagara",
                "name_kn": "ಯದಲಂ ನಗರ",
                "stop_id": "22624",
                "lat": 12.89639,
                "lon": 77.54827
              },
              {
                "name": "Subramanyapura KEB",
                "name_kn": "ಸುಬ್ರಮನೆಪುರ ಕೆಬ್",
                "stop_id": "22160",
                "lat": 12.89759,
                "lon": 77.54631
              },
              {
                "name": "Subramanyapura Post Office",
                "name_kn": "ಸುಬ್ರಮನೆಪುರ ಪೊಸ್ಟ್ ೊೞ್ೞಿಕೆ",
                "stop_id": "34276",
                "lat": 12.89878,
                "lon": 77.54389
              },
              {
                "name": "Subramanyapura Police Station",
                "name_kn": "ಸುಬ್ರಮನೆಪುರ ಪೊಲಿಕೆ ಸ್ಟಟಿೊಂ",
                "stop_id": "22394",
                "lat": 12.90146,
                "lon": 77.54411
              },
              {
                "name": "Uttarahalli Bus Stand",
                "name_kn": "ಉಟರಹಲ್ಲಿ ಬುಸ್ ಸ್ಟಂದ್",
                "stop_id": "22570",
                "lat": 12.90521,
                "lon": 77.5432
              },
              {
                "name": "Arehalli",
                "name_kn": "ಅರೆಹಲ್ಲಿ",
                "stop_id": "21659",
                "lat": 12.90834,
                "lon": 77.53797
              },
              {
                "name": "Poornaprajna Layout",
                "name_kn": "ಪೂರ್ನಪ್ರಜ್ನ ಲಯೌಟ್",
                "stop_id": "34271",
                "lat": 12.90877,
                "lon": 77.53592
              }
            ]
          },
          {
            "Route": "13 PPLO-SBS",
            "RouteId": 6140,
            "RouteParentId": 3319,
            "Destination": "Poornaprajna Layout",
            "Via": "",
            "Area": "Shivajinagara Bus Station",
            "PlatformNumber": "SOUTH",
            "KannadaDestination": "ಪೂರ್ನಪ್ರಜ್ನ ಲಯೌಟ್",
            "KannadaArea": "ಶಿವಾಜಿನಗರ ಬಸ್ ನಿಲ್ದಾಣ",
            "KannadaVia": "",
            "FromStationId": 23640,
            "Stops": [
              {
                "name": "Shanthinagara KH Road",
                "name_kn": "ಶಂತಿನಗರ ಖ್ ರೊದ್",
                "stop_id": "23640",
                "lat": 12.95501,
                "lon": 77.59193
              },
              {
                "name": "Lalbagh Hopcoms",
                "name_kn": "ಲಲ್ಬಘ್ ಹೊಪ್ಕೊಂಸ್",
                "stop_id": "23825",
                "lat": 12.95134,
                "lon": 77.59126
              },
              {
                "name": "Mallige Hospital",
                "name_kn": "ಮಲ್ಲಿಗೆ ಹೊಸ್ಪಿಟಲ್",
                "stop_id": "21565",
                "lat": 12.9478,
                "lon": 77.59193
              },
              {
                "name": "Siddapura Ashoka Pillar",
                "name_kn": "ಸಿದ್ದಪುರ ಶೊಕ ಪಿಲ್ಲರ್",
                "stop_id": "21603",
                "lat": 12.94621,
                "lon": 77.58879
              },
              {
                "name": "Ashoka Pillar",
                "name_kn": "ಅಶೊಕ ಪಿಲ್ಲರ್",
                "stop_id": "21458",
                "lat": 12.94322,
                "lon": 77.58529
              },
              {
                "name": "Rani Saraladevi High School",
                "name_kn": "ರನಿ ಸರಲದೆವಿ ಹಿಘ್ ಸ್ಚೂಲ್",
                "stop_id": "21593",
                "lat": 12.93879,
                "lon": 77.58522
              },
              {
                "name": "Madhavan Park",
                "name_kn": "ಮಧವಂ ಪರ್ಕ್",
                "stop_id": "21563",
                "lat": 12.93644,
                "lon": 77.58392
              },
              {
                "name": "3rd Block Jayanagara",
                "name_kn": "3ರ್ದ್ ಬ್ಲೊಕ್ಕ್ ಜಯನಗರ",
                "stop_id": "21447",
                "lat": 12.93349,
                "lon": 77.58396
              },
              {
                "name": "Jayanagara Bus Station",
                "name_kn": "ಜಯನಗರ ಬುಸ್ ಸ್ಟಟಿೊಂ",
                "stop_id": "21545",
                "lat": 12.92802,
                "lon": 77.58364
              },
              {
                "name": "Jayanagara Telephone Exchange",
                "name_kn": "ಜಯನಗರ ಟೆಲೆಫೊನೆ ೆಕ್ಸ್ಚಙೆ",
                "stop_id": "21543",
                "lat": 12.9228,
                "lon": 77.58385
              },
              {
                "name": "Jayanagara 38th Cross",
                "name_kn": "ಜಯನಗರ 38ತ್ ಕ್ರೊಸ್ಸ್",
                "stop_id": "21445",
                "lat": 12.92101,
                "lon": 77.58376
              },
              {
                "name": "Jayanagara 40th Cross",
                "name_kn": "ಜಯನಗರ 40ತ್ ಕ್ರೊಸ್ಸ್",
                "stop_id": "21449",
                "lat": 12.91989,
                "lon": 77.58068
              },
              {
                "name": "Sangam Circle",
                "name_kn": "ಸಙಂ ಕಿರ್ಕ್ಲೆ",
                "stop_id": "21148",
                "lat": 12.91704,
                "lon": 77.57875
              },
              {
                "name": "Banashankari Bus Station",
                "name_kn": "ಬನಶಂಕರಿ ಬುಸ್ ಸ್ಟಟಿೊಂ",
                "stop_id": "20624",
                "lat": 12.91736,
                "lon": 77.5727
              },
              {
                "name": "Kadirenahalli Cross",
                "name_kn": "ಕದಿರೆನಹಲ್ಲಿ ಕ್ರೊಸ್ಸ್",
                "stop_id": "20897",
                "lat": 12.91364,
                "lon": 77.56727
              },
              {
                "name": "Kadirenahalli Village",
                "name_kn": "ಕದಿರೆನಹಲ್ಲಿ ವಿಲ್ಲಗೆ",
                "stop_id": "22134",
                "lat": 12.9157,
                "lon": 77.56146
              },
              {
                "name": "Prarthana School",
                "name_kn": "ಪ್ರರ್ತನ ಸ್ಚೂಲ್",
                "stop_id": "22404",
                "lat": 12.9116,
                "lon": 77.55741
              },
              {
                "name": "Chikkallasandra Aralimara",
                "name_kn": "ಚಿಕ್ಕಲ್ಲಸಂದ್ರ ರಲಿಮರ",
                "stop_id": "21841",
                "lat": 12.91157,
                "lon": 77.55238
              },
              {
                "name": "Chikkallasandra Bank Colony",
                "name_kn": "ಚಿಕ್ಕಲ್ಲಸಂದ್ರ ಬಂಕ್ ಕೊಲೊನೆ",
                "stop_id": "21843",
                "lat": 12.90914,
                "lon": 77.54927
              },
              {
                "name": "Nano Hospital",
                "name_kn": "ನನೊ ಹೊಸ್ಪಿಟಲ್",
                "stop_id": "22198",
                "lat": 12.90698,
                "lon": 77.54622
              },
              {
                "name": "Uttarahalli",
                "name_kn": "ಉಟರಹಲ್ಲಿ",
                "stop_id": "22571",
                "lat": 12.90575,
                "lon": 77.54257
              },
              {
                "name": "Arehalli",
                "name_kn": "ಅರೆಹಲ್ಲಿ",
                "stop_id": "21659",
                "lat": 12.90834,
                "lon": 77.53797
              },
              {
                "name": "Poornaprajna Layout",
                "name_kn": "ಪೂರ್ನಪ್ರಜ್ನ ಲಯೌಟ್",
                "stop_id": "34271",
                "lat": 12.90877,
                "lon": 77.53592
              }
            ]
          },
          {
            "Route": "215-U SBS-ANP",
            "RouteId": 8184,
            "RouteParentId": 4397,
            "Destination": "Anjanapura",
            "Via": "",
            "Area": "Shivajinagara Bus Station",
            "PlatformNumber": "SOUTH",
            "KannadaDestination": "ಅಞನಪುರ",
            "KannadaArea": "ಶಿವಾಜಿನಗರ ಬಸ್ ನಿಲ್ದಾಣ",
            "KannadaVia": "",
            "FromStationId": 23640,
            "Stops": [
              {
                "name": "Shanthinagara KH Road",
                "name_kn": "ಶಂತಿನಗರ ಖ್ ರೊದ್",
                "stop_id": "23640",
                "lat": 12.95501,
                "lon": 77.59193
              },
              {
                "name": "Lalbagh Hopcoms",
                "name_kn": "ಲಲ್ಬಘ್ ಹೊಪ್ಕೊಂಸ್",
                "stop_id": "23825",
                "lat": 12.95134,
                "lon": 77.59126
              },
              {
                "name": "Mallige Hospital",
                "name_kn": "ಮಲ್ಲಿಗೆ ಹೊಸ್ಪಿಟಲ್",
                "stop_id": "21565",
                "lat": 12.9478,
                "lon": 77.59193
              },
              {
                "name": "Siddapura Ashoka Pillar",
                "name_kn": "ಸಿದ್ದಪುರ ಶೊಕ ಪಿಲ್ಲರ್",
                "stop_id": "21603",
                "lat": 12.94621,
                "lon": 77.58879
              },
              {
                "name": "Ashoka Pillar",
                "name_kn": "ಅಶೊಕ ಪಿಲ್ಲರ್",
                "stop_id": "21458",
                "lat": 12.94322,
                "lon": 77.58529
              },
              {
                "name": "Rani Saraladevi High School",
                "name_kn": "ರನಿ ಸರಲದೆವಿ ಹಿಘ್ ಸ್ಚೂಲ್",
                "stop_id": "21593",
                "lat": 12.93879,
                "lon": 77.58522
              },
              {
                "name": "3rd Block Jayanagara",
                "name_kn": "3ರ್ದ್ ಬ್ಲೊಕ್ಕ್ ಜಯನಗರ",
                "stop_id": "21447",
                "lat": 12.93349,
                "lon": 77.58396
              },
              {
                "name": "Jayanagara Bus Station",
                "name_kn": "ಜಯನಗರ ಬುಸ್ ಸ್ಟಟಿೊಂ",
                "stop_id": "21545",
                "lat": 12.92802,
                "lon": 77.58364
              },
              {
                "name": "Jayanagara Telephone Exchange",
                "name_kn": "ಜಯನಗರ ಟೆಲೆಫೊನೆ ೆಕ್ಸ್ಚಙೆ",
                "stop_id": "21543",
                "lat": 12.9228,
                "lon": 77.58385
              },
              {
                "name": "Jayanagara 38th Cross",
                "name_kn": "ಜಯನಗರ 38ತ್ ಕ್ರೊಸ್ಸ್",
                "stop_id": "21445",
                "lat": 12.92101,
                "lon": 77.58376
              },
              {
                "name": "Jayanagara 40th Cross",
                "name_kn": "ಜಯನಗರ 40ತ್ ಕ್ರೊಸ್ಸ್",
                "stop_id": "21449",
                "lat": 12.91989,
                "lon": 77.58068
              },
              {
                "name": "Sangam Circle",
                "name_kn": "ಸಙಂ ಕಿರ್ಕ್ಲೆ",
                "stop_id": "21148",
                "lat": 12.91704,
                "lon": 77.57875
              },
              {
                "name": "Banashankari",
                "name_kn": "ಬನಶಂಕರಿ",
                "stop_id": "21711",
                "lat": 12.91631,
                "lon": 77.57373
              },
              {
                "name": "Sarakki",
                "name_kn": "ಸರಕ್ಕಿ",
                "stop_id": "22459",
                "lat": 12.9097,
                "lon": 77.57299
              },
              {
                "name": "JP Nagara Metro Station",
                "name_kn": "ಜ್ಪ್ ನಗರ ಮೆಟ್ರೊ ಸ್ಟಟಿೊಂ",
                "stop_id": "35926",
                "lat": 12.908,
                "lon": 77.57312
              },
              {
                "name": "Jaraganahalli Cross",
                "name_kn": "ಜರಗನಹಲ್ಲಿ ಕ್ರೊಸ್ಸ್",
                "stop_id": "22101",
                "lat": 12.9014,
                "lon": 77.57344
              },
              {
                "name": "Yalachenahalli",
                "name_kn": "ಯಲಚೆನಹಲ್ಲಿ",
                "stop_id": "22638",
                "lat": 12.89654,
                "lon": 77.57076
              },
              {
                "name": "Metro",
                "name_kn": "ಮೆಟ್ರೊ",
                "stop_id": "22284",
                "lat": 12.89336,
                "lon": 77.56772
              },
              {
                "name": "Konanakunte Cross",
                "name_kn": "ಕೊನನಕುಂಟೆ ಕ್ರೊಸ್ಸ್",
                "stop_id": "22190",
                "lat": 12.89053,
                "lon": 77.56459
              },
              {
                "name": "Konanakunte",
                "name_kn": "ಕೊನನಕುಂಟೆ",
                "stop_id": "22188",
                "lat": 12.88617,
                "lon": 77.56658
              },
              {
                "name": "Sowdamini Kalyana Mantapa",
                "name_kn": "ಸೌದಮಿನಿ ಕಲೆನ ಮಂಟಪ",
                "stop_id": "22507",
                "lat": 12.88387,
                "lon": 77.56663
              },
              {
                "name": "Hari Nagara Cross",
                "name_kn": "ಹರಿ ನಗರ ಕ್ರೊಸ್ಸ್",
                "stop_id": "22015",
                "lat": 12.87907,
                "lon": 77.5673
              },
              {
                "name": "Glass Factory",
                "name_kn": "ಗ್ಲಸ್ಸ್ ೞಕ್ಟೊರೆ",
                "stop_id": "21964",
                "lat": 12.87655,
                "lon": 77.56693
              },
              {
                "name": "Avalahalli",
                "name_kn": "ಅವಲಹಲ್ಲಿ",
                "stop_id": "21679",
                "lat": 12.87283,
                "lon": 77.56661
              },
              {
                "name": "Nandi Garden Kothanur",
                "name_kn": "ನಂದಿ ಗರ್ದೆಂ ಕೊತನುರ್",
                "stop_id": "23365",
                "lat": 12.86748,
                "lon": 77.56566
              },
              {
                "name": "Anjanapura",
                "name_kn": "ಅಞನಪುರ",
                "stop_id": "23101",
                "lat": 12.86196,
                "lon": 77.56393
              }
            ]
          },
          {
            "Route": "215-S",
            "RouteId": 11899,
            "RouteParentId": 6339,
            "Destination": "Jambu Savari Dinne",
            "Via": "",
            "Area": "Shivajinagara Bus Station",
            "PlatformNumber": "SOUTH",
            "KannadaDestination": "ಜಂಬು ಸವರಿ ದಿಂನೆ",
            "KannadaArea": "ಶಿವಾಜಿನಗರ ಬಸ್ ನಿಲ್ದಾಣ",
            "KannadaVia": "",
            "FromStationId": 23640,
            "Stops": [
              {
                "name": "Shanthinagara KH Road",
                "name_kn": "ಶಂತಿನಗರ ಖ್ ರೊದ್",
                "stop_id": "23640",
                "lat": 12.95501,
                "lon": 77.59193
              },
              {
                "name": "Lalbagh Hopcoms",
                "name_kn": "ಲಲ್ಬಘ್ ಹೊಪ್ಕೊಂಸ್",
                "stop_id": "23825",
                "lat": 12.95134,
                "lon": 77.59126
              },
              {
                "name": "Mallige Hospital",
                "name_kn": "ಮಲ್ಲಿಗೆ ಹೊಸ್ಪಿಟಲ್",
                "stop_id": "21565",
                "lat": 12.9478,
                "lon": 77.59193
              },
              {
                "name": "Siddapura Ashoka Pillar",
                "name_kn": "ಸಿದ್ದಪುರ ಶೊಕ ಪಿಲ್ಲರ್",
                "stop_id": "21603",
                "lat": 12.94621,
                "lon": 77.58879
              },
              {
                "name": "Ashoka Pillar",
                "name_kn": "ಅಶೊಕ ಪಿಲ್ಲರ್",
                "stop_id": "21458",
                "lat": 12.94322,
                "lon": 77.58529
              },
              {
                "name": "Rani Saraladevi High School",
                "name_kn": "ರನಿ ಸರಲದೆವಿ ಹಿಘ್ ಸ್ಚೂಲ್",
                "stop_id": "21593",
                "lat": 12.93879,
                "lon": 77.58522
              },
              {
                "name": "Madhavan Park",
                "name_kn": "ಮಧವಂ ಪರ್ಕ್",
                "stop_id": "21563",
                "lat": 12.93644,
                "lon": 77.58392
              },
              {
                "name": "3rd Block Jayanagara",
                "name_kn": "3ರ್ದ್ ಬ್ಲೊಕ್ಕ್ ಜಯನಗರ",
                "stop_id": "21447",
                "lat": 12.93349,
                "lon": 77.58396
              },
              {
                "name": "Jayanagara Bus Station",
                "name_kn": "ಜಯನಗರ ಬುಸ್ ಸ್ಟಟಿೊಂ",
                "stop_id": "21545",
                "lat": 12.92802,
                "lon": 77.58364
              },
              {
                "name": "Jayanagara Telephone Exchange",
                "name_kn": "ಜಯನಗರ ಟೆಲೆಫೊನೆ ೆಕ್ಸ್ಚಙೆ",
                "stop_id": "39972",
                "lat": 12.92339,
                "lon": 77.58395
              },
              {
                "name": "MP Office Bangalore South",
                "name_kn": "ಂಪ್ ೊೞ್ೞಿಕೆ ಬಙಲೊರೆ ಸೌತ್",
                "stop_id": "39973",
                "lat": 12.9199,
                "lon": 77.58597
              },
              {
                "name": "Marenahalli",
                "name_kn": "ಮರೆನಹಲ್ಲಿ",
                "stop_id": "35080",
                "lat": 12.9149,
                "lon": 77.58588
              },
              {
                "name": "R V Dental College",
                "name_kn": "ರ್ ವ್ ದೆಂಟಲ್ ಕೊಲ್ಲೆಗೆ",
                "stop_id": "23450",
                "lat": 12.90988,
                "lon": 77.58579
              },
              {
                "name": "JP Nagara 15th Cross",
                "name_kn": "ಜ್ಪ್ ನಗರ 15ತ್ ಕ್ರೊಸ್ಸ್",
                "stop_id": "33177",
                "lat": 12.90665,
                "lon": 77.58581
              },
              {
                "name": "Nandini Hotel JP Nagara",
                "name_kn": "ನಂದಿನಿ ಹೊಟೆಲ್ ಜ್ಪ್ ನಗರ",
                "stop_id": "34195",
                "lat": 12.90512,
                "lon": 77.58581
              },
              {
                "name": "Auto Gas/Royal School",
                "name_kn": "ಔಟೊ ಗಸ್/ರೊಯಲ್ ಸ್ಚೂಲ್",
                "stop_id": "28061",
                "lat": 12.90133,
                "lon": 77.58585
              },
              {
                "name": "Shobha Tulip JP Nagara",
                "name_kn": "ಶೊಭ ಟುಲಿಪ್ ಜ್ಪ್ ನಗರ",
                "stop_id": "28376",
                "lat": 12.89805,
                "lon": 77.58591
              },
              {
                "name": "Nayara Petrol Pump Puttenahalli Lake",
                "name_kn": "ನಯರ ಪೆಟ್ರೊಲ್ ಪುಂಪ್ ಪುಟೆನಹಲ್ಲಿ ಲಕೆ",
                "stop_id": "31886",
                "lat": 12.89127,
                "lon": 77.58769
              },
              {
                "name": "Sri Dharmaraya Circle",
                "name_kn": "ಸ್ರಿ ಧರ್ಮರಯ ಕಿರ್ಕ್ಲೆ",
                "stop_id": "23452",
                "lat": 12.89213,
                "lon": 77.58192
              },
              {
                "name": "RBI Layout",
                "name_kn": "ರ್ಬಿ ಲಯೌಟ್",
                "stop_id": "23453",
                "lat": 12.88806,
                "lon": 77.58198
              },
              {
                "name": "Gowrava Nagara",
                "name_kn": "ಗೌರವ ನಗರ",
                "stop_id": "23454",
                "lat": 12.88476,
                "lon": 77.58266
              },
              {
                "name": "Navodaya Nagara",
                "name_kn": "ನವೊದಯ ನಗರ",
                "stop_id": "23455",
                "lat": 12.88137,
                "lon": 77.58381
              },
              {
                "name": "Kothanuru Dinne Ganesha Temple",
                "name_kn": "ಕೊತನುರು ದಿಂನೆ ಗನೆಶ ಟೆಂಪ್ಲೆ",
                "stop_id": "23456",
                "lat": 12.87711,
                "lon": 77.58399
              },
              {
                "name": "Kothanur Dinne Water Tank",
                "name_kn": "ಕೊತನುರ್ ದಿಂನೆ ವಟೆರ್ ಟಂಕ್",
                "stop_id": "23457",
                "lat": 12.87455,
                "lon": 77.58419
              },
              {
                "name": "BK Circle",
                "name_kn": "ಬ್ಕ್ ಕಿರ್ಕ್ಲೆ",
                "stop_id": "35060",
                "lat": 12.87056,
                "lon": 77.58309
              },
              {
                "name": "Surabhi Layout",
                "name_kn": "ಸುರಭಿ ಲಯೌಟ್",
                "stop_id": "35114",
                "lat": 12.8675,
                "lon": 77.58184
              },
              {
                "name": "Jambu Savari Dinne",
                "name_kn": "ಜಂಬು ಸವರಿ ದಿಂನೆ",
                "stop_id": "35343",
                "lat": 12.86581,
                "lon": 77.58098
              }
            ]
          },
          {
            "Route": "215-N D44-KKC-SBS",
            "RouteId": 15442,
            "RouteParentId": 8278,
            "Destination": "Anjanapura 10th  Block",
            "Via": "",
            "Area": "Shivajinagara Bus Station",
            "PlatformNumber": "SOUTH",
            "KannadaDestination": "ಅಞನಪುರ 10ತ್  ಬ್ಲೊಕ್ಕ್",
            "KannadaArea": "ಶಿವಾಜಿನಗರ ಬಸ್ ನಿಲ್ದಾಣ",
            "KannadaVia": "",
            "FromStationId": 23640,
            "Stops": [
              {
                "name": "Shanthinagara KH Road",
                "name_kn": "ಶಂತಿನಗರ ಖ್ ರೊದ್",
                "stop_id": "23640",
                "lat": 12.95501,
                "lon": 77.59193
              },
              {
                "name": "Lalbagh Hopcoms",
                "name_kn": "ಲಲ್ಬಘ್ ಹೊಪ್ಕೊಂಸ್",
                "stop_id": "23825",
                "lat": 12.95134,
                "lon": 77.59126
              },
              {
                "name": "Mallige Hospital",
                "name_kn": "ಮಲ್ಲಿಗೆ ಹೊಸ್ಪಿಟಲ್",
                "stop_id": "21565",
                "lat": 12.9478,
                "lon": 77.59193
              },
              {
                "name": "Siddapura Ashoka Pillar",
                "name_kn": "ಸಿದ್ದಪುರ ಶೊಕ ಪಿಲ್ಲರ್",
                "stop_id": "21603",
                "lat": 12.94621,
                "lon": 77.58879
              },
              {
                "name": "Ashoka Pillar",
                "name_kn": "ಅಶೊಕ ಪಿಲ್ಲರ್",
                "stop_id": "21458",
                "lat": 12.94322,
                "lon": 77.58529
              },
              {
                "name": "Rani Saraladevi High School",
                "name_kn": "ರನಿ ಸರಲದೆವಿ ಹಿಘ್ ಸ್ಚೂಲ್",
                "stop_id": "21593",
                "lat": 12.93879,
                "lon": 77.58522
              },
              {
                "name": "3rd Block Jayanagara",
                "name_kn": "3ರ್ದ್ ಬ್ಲೊಕ್ಕ್ ಜಯನಗರ",
                "stop_id": "21447",
                "lat": 12.93349,
                "lon": 77.58396
              },
              {
                "name": "Jayanagara Bus Station",
                "name_kn": "ಜಯನಗರ ಬುಸ್ ಸ್ಟಟಿೊಂ",
                "stop_id": "21545",
                "lat": 12.92802,
                "lon": 77.58364
              },
              {
                "name": "Jayanagara Telephone Exchange",
                "name_kn": "ಜಯನಗರ ಟೆಲೆಫೊನೆ ೆಕ್ಸ್ಚಙೆ",
                "stop_id": "21543",
                "lat": 12.9228,
                "lon": 77.58385
              },
              {
                "name": "Jayanagara 38th Cross",
                "name_kn": "ಜಯನಗರ 38ತ್ ಕ್ರೊಸ್ಸ್",
                "stop_id": "21445",
                "lat": 12.92101,
                "lon": 77.58376
              },
              {
                "name": "Jayanagara 40th Cross",
                "name_kn": "ಜಯನಗರ 40ತ್ ಕ್ರೊಸ್ಸ್",
                "stop_id": "21449",
                "lat": 12.91989,
                "lon": 77.58068
              },
              {
                "name": "Sangam Circle",
                "name_kn": "ಸಙಂ ಕಿರ್ಕ್ಲೆ",
                "stop_id": "21148",
                "lat": 12.91704,
                "lon": 77.57875
              },
              {
                "name": "Banashankari",
                "name_kn": "ಬನಶಂಕರಿ",
                "stop_id": "21711",
                "lat": 12.91631,
                "lon": 77.57373
              },
              {
                "name": "Sarakki",
                "name_kn": "ಸರಕ್ಕಿ",
                "stop_id": "22459",
                "lat": 12.9097,
                "lon": 77.57299
              },
              {
                "name": "JP Nagara Metro Station",
                "name_kn": "ಜ್ಪ್ ನಗರ ಮೆಟ್ರೊ ಸ್ಟಟಿೊಂ",
                "stop_id": "35926",
                "lat": 12.908,
                "lon": 77.57312
              },
              {
                "name": "Jaraganahalli Cross",
                "name_kn": "ಜರಗನಹಲ್ಲಿ ಕ್ರೊಸ್ಸ್",
                "stop_id": "22101",
                "lat": 12.9014,
                "lon": 77.57344
              },
              {
                "name": "Yalachenahalli",
                "name_kn": "ಯಲಚೆನಹಲ್ಲಿ",
                "stop_id": "22638",
                "lat": 12.89654,
                "lon": 77.57076
              },
              {
                "name": "Metro",
                "name_kn": "ಮೆಟ್ರೊ",
                "stop_id": "22284",
                "lat": 12.89336,
                "lon": 77.56772
              },
              {
                "name": "Konanakunte Cross",
                "name_kn": "ಕೊನನಕುಂಟೆ ಕ್ರೊಸ್ಸ್",
                "stop_id": "22190",
                "lat": 12.89053,
                "lon": 77.56459
              },
              {
                "name": "Konanakunte",
                "name_kn": "ಕೊನನಕುಂಟೆ",
                "stop_id": "22188",
                "lat": 12.88617,
                "lon": 77.56658
              },
              {
                "name": "Sowdamini Kalyana Mantapa",
                "name_kn": "ಸೌದಮಿನಿ ಕಲೆನ ಮಂಟಪ",
                "stop_id": "22507",
                "lat": 12.88387,
                "lon": 77.56663
              },
              {
                "name": "Hari Nagara Cross",
                "name_kn": "ಹರಿ ನಗರ ಕ್ರೊಸ್ಸ್",
                "stop_id": "22015",
                "lat": 12.87907,
                "lon": 77.5673
              },
              {
                "name": "Glass Factory",
                "name_kn": "ಗ್ಲಸ್ಸ್ ೞಕ್ಟೊರೆ",
                "stop_id": "21964",
                "lat": 12.87655,
                "lon": 77.56693
              },
              {
                "name": "Avalahalli",
                "name_kn": "ಅವಲಹಲ್ಲಿ",
                "stop_id": "21679",
                "lat": 12.87283,
                "lon": 77.56661
              },
              {
                "name": "Nandi Garden Kothanur",
                "name_kn": "ನಂದಿ ಗರ್ದೆಂ ಕೊತನುರ್",
                "stop_id": "23365",
                "lat": 12.86748,
                "lon": 77.56566
              },
              {
                "name": "Anjanapura",
                "name_kn": "ಅಞನಪುರ",
                "stop_id": "23101",
                "lat": 12.86196,
                "lon": 77.56393
              },
              {
                "name": "KRB Indian Oil Petrol Bunk Kembathalli",
                "name_kn": "ಕ್ರ್ಬ್ ಿಂದಿಂ ೊಿಲ್ ಪೆಟ್ರೊಲ್ ಬುಂಕ್ ಕೆಂಬತಲ್ಲಿ",
                "stop_id": "23366",
                "lat": 12.85943,
                "lon": 77.56985
              },
              {
                "name": "Anjanapura 10th  Block",
                "name_kn": "ಅಞನಪುರ 10ತ್  ಬ್ಲೊಕ್ಕ್",
                "stop_id": "38034",
                "lat": 12.8556,
                "lon": 77.57056
              }
            ]
          },
          {
            "Route": "27 KVN-SNBS",
            "RouteId": 16353,
            "RouteParentId": 8757,
            "Destination": "Kuvempunagara Bus station (BTM Layout)",
            "Via": "",
            "Area": "Shanthinagara KH Road",
            "PlatformNumber": "SOUTH",
            "KannadaDestination": "ಕುವೆಂಪುನಗರ ಬುಸ್ ಸ್ಟಟಿೊಂ (ಬ್ಟ್ಂ ಲಯೌಟ್)",
            "KannadaArea": "ಶಾಂತಿನಗರ ಕೆ ಹೆಚ್‌ ರಸ್ತೆ",
            "KannadaVia": "",
            "FromStationId": 23640,
            "Stops": [
              {
                "name": "Shanthinagara KH Road",
                "name_kn": "ಶಂತಿನಗರ ಖ್ ರೊದ್",
                "stop_id": "23640",
                "lat": 12.95501,
                "lon": 77.59193
              },
              {
                "name": "Lalbagh Hopcoms",
                "name_kn": "ಲಲ್ಬಘ್ ಹೊಪ್ಕೊಂಸ್",
                "stop_id": "23825",
                "lat": 12.95134,
                "lon": 77.59126
              },
              {
                "name": "Mallige Hospital",
                "name_kn": "ಮಲ್ಲಿಗೆ ಹೊಸ್ಪಿಟಲ್",
                "stop_id": "21565",
                "lat": 12.9478,
                "lon": 77.59193
              },
              {
                "name": "Siddapura Ashoka Pillar",
                "name_kn": "ಸಿದ್ದಪುರ ಶೊಕ ಪಿಲ್ಲರ್",
                "stop_id": "21603",
                "lat": 12.94621,
                "lon": 77.58879
              },
              {
                "name": "Ashoka Pillar",
                "name_kn": "ಅಶೊಕ ಪಿಲ್ಲರ್",
                "stop_id": "21458",
                "lat": 12.94322,
                "lon": 77.58529
              },
              {
                "name": "Rani Saraladevi High School",
                "name_kn": "ರನಿ ಸರಲದೆವಿ ಹಿಘ್ ಸ್ಚೂಲ್",
                "stop_id": "21593",
                "lat": 12.93879,
                "lon": 77.58522
              },
              {
                "name": "3rd Block Jayanagara",
                "name_kn": "3ರ್ದ್ ಬ್ಲೊಕ್ಕ್ ಜಯನಗರ",
                "stop_id": "21447",
                "lat": 12.93349,
                "lon": 77.58396
              },
              {
                "name": "Jayanagara 4th Block",
                "name_kn": "ಜಯನಗರ 4ತ್ ಬ್ಲೊಕ್ಕ್",
                "stop_id": "23691",
                "lat": 12.92915,
                "lon": 77.58602
              },
              {
                "name": "Sanjay Gandhi Hospital",
                "name_kn": "ಸಞಯ್ ಗಂಧಿ ಹೊಸ್ಪಿಟಲ್",
                "stop_id": "35099",
                "lat": 12.92707,
                "lon": 77.59309
              },
              {
                "name": "Carmel Convent Jayanagara",
                "name_kn": "ಕರ್ಮೆಲ್ ಕೊಂವೆಂಟ್ ಜಯನಗರ",
                "stop_id": "35199",
                "lat": 12.92643,
                "lon": 77.59724
              },
              {
                "name": "Jayanagara Pump House",
                "name_kn": "ಜಯನಗರ ಪುಂಪ್ ಹೌಸೆ",
                "stop_id": "23694",
                "lat": 12.92172,
                "lon": 77.5971
              },
              {
                "name": "East End Jayanagara",
                "name_kn": "ಎಸ್ಟ್ ೆಂದ್ ಜಯನಗರ",
                "stop_id": "20769",
                "lat": 12.9169,
                "lon": 77.59802
              },
              {
                "name": "MICO Layout BTM",
                "name_kn": "ಮಿಕೊ ಲಯೌಟ್ ಬ್ಟ್ಂ",
                "stop_id": "21022",
                "lat": 12.91682,
                "lon": 77.60407
              },
              {
                "name": "BTM Layout Water Tank",
                "name_kn": "ಬ್ಟ್ಂ ಲಯೌಟ್ ವಟೆರ್ ಟಂಕ್",
                "stop_id": "20689",
                "lat": 12.91673,
                "lon": 77.60713
              },
              {
                "name": "BTM Layout 16th Main",
                "name_kn": "ಬ್ಟ್ಂ ಲಯೌಟ್ 16ತ್ ಮೈಂ",
                "stop_id": "20572",
                "lat": 12.91669,
                "lon": 77.60912
              },
              {
                "name": "Kuvempunagara Bus station (BTM Layout)",
                "name_kn": "ಕುವೆಂಪುನಗರ ಬುಸ್ ಸ್ಟಟಿೊಂ (ಬ್ಟ್ಂ ಲಯೌಟ್)",
                "stop_id": "35932",
                "lat": 12.91608,
                "lon": 77.61575
              }
            ]
          },
          {
            "Route": "214-A SBS-JBS-TTG",
            "RouteId": 16386,
            "RouteParentId": 8775,
            "Destination": "Tattaguppe",
            "Via": "",
            "Area": "Shivajinagara Bus Station",
            "PlatformNumber": "SOUTH",
            "KannadaDestination": "ಟಟಗುಪ್ಪೆ",
            "KannadaArea": "ಶಿವಾಜಿನಗರ ಬಸ್ ನಿಲ್ದಾಣ",
            "KannadaVia": "",
            "FromStationId": 23640,
            "Stops": [
              {
                "name": "Shanthinagara KH Road",
                "name_kn": "ಶಂತಿನಗರ ಖ್ ರೊದ್",
                "stop_id": "23640",
                "lat": 12.95501,
                "lon": 77.59193
              },
              {
                "name": "Lalbagh Hopcoms",
                "name_kn": "ಲಲ್ಬಘ್ ಹೊಪ್ಕೊಂಸ್",
                "stop_id": "23825",
                "lat": 12.95134,
                "lon": 77.59126
              },
              {
                "name": "Mallige Hospital",
                "name_kn": "ಮಲ್ಲಿಗೆ ಹೊಸ್ಪಿಟಲ್",
                "stop_id": "21565",
                "lat": 12.9478,
                "lon": 77.59193
              },
              {
                "name": "Siddapura Ashoka Pillar",
                "name_kn": "ಸಿದ್ದಪುರ ಶೊಕ ಪಿಲ್ಲರ್",
                "stop_id": "21603",
                "lat": 12.94621,
                "lon": 77.58879
              },
              {
                "name": "Ashoka Pillar",
                "name_kn": "ಅಶೊಕ ಪಿಲ್ಲರ್",
                "stop_id": "21458",
                "lat": 12.94322,
                "lon": 77.58529
              },
              {
                "name": "Rani Saraladevi High School",
                "name_kn": "ರನಿ ಸರಲದೆವಿ ಹಿಘ್ ಸ್ಚೂಲ್",
                "stop_id": "21593",
                "lat": 12.93879,
                "lon": 77.58522
              },
              {
                "name": "3rd Block Jayanagara",
                "name_kn": "3ರ್ದ್ ಬ್ಲೊಕ್ಕ್ ಜಯನಗರ",
                "stop_id": "21447",
                "lat": 12.93349,
                "lon": 77.58396
              },
              {
                "name": "Jayanagara Bus Station",
                "name_kn": "ಜಯನಗರ ಬುಸ್ ಸ್ಟಟಿೊಂ",
                "stop_id": "21545",
                "lat": 12.92802,
                "lon": 77.58364
              },
              {
                "name": "Jayanagara Telephone Exchange",
                "name_kn": "ಜಯನಗರ ಟೆಲೆಫೊನೆ ೆಕ್ಸ್ಚಙೆ",
                "stop_id": "21543",
                "lat": 12.9228,
                "lon": 77.58385
              },
              {
                "name": "Jayanagara 38th Cross",
                "name_kn": "ಜಯನಗರ 38ತ್ ಕ್ರೊಸ್ಸ್",
                "stop_id": "21445",
                "lat": 12.92101,
                "lon": 77.58376
              },
              {
                "name": "Jayanagara 40th Cross",
                "name_kn": "ಜಯನಗರ 40ತ್ ಕ್ರೊಸ್ಸ್",
                "stop_id": "21449",
                "lat": 12.91989,
                "lon": 77.58068
              },
              {
                "name": "Sangam Circle",
                "name_kn": "ಸಙಂ ಕಿರ್ಕ್ಲೆ",
                "stop_id": "21148",
                "lat": 12.91704,
                "lon": 77.57875
              },
              {
                "name": "Banashankari",
                "name_kn": "ಬನಶಂಕರಿ",
                "stop_id": "21711",
                "lat": 12.91631,
                "lon": 77.57373
              },
              {
                "name": "Sarakki",
                "name_kn": "ಸರಕ್ಕಿ",
                "stop_id": "22459",
                "lat": 12.9097,
                "lon": 77.57299
              },
              {
                "name": "JP Nagara Metro Station",
                "name_kn": "ಜ್ಪ್ ನಗರ ಮೆಟ್ರೊ ಸ್ಟಟಿೊಂ",
                "stop_id": "35926",
                "lat": 12.908,
                "lon": 77.57312
              },
              {
                "name": "Jaraganahalli Cross",
                "name_kn": "ಜರಗನಹಲ್ಲಿ ಕ್ರೊಸ್ಸ್",
                "stop_id": "22101",
                "lat": 12.9014,
                "lon": 77.57344
              },
              {
                "name": "Yalachenahalli",
                "name_kn": "ಯಲಚೆನಹಲ್ಲಿ",
                "stop_id": "22638",
                "lat": 12.89654,
                "lon": 77.57076
              },
              {
                "name": "Metro",
                "name_kn": "ಮೆಟ್ರೊ",
                "stop_id": "22284",
                "lat": 12.89336,
                "lon": 77.56772
              },
              {
                "name": "Konanakunte Cross",
                "name_kn": "ಕೊನನಕುಂಟೆ ಕ್ರೊಸ್ಸ್",
                "stop_id": "22190",
                "lat": 12.89053,
                "lon": 77.56459
              },
              {
                "name": "Konanakunte Cross Metro Station",
                "name_kn": "ಕೊನನಕುಂಟೆ ಕ್ರೊಸ್ಸ್ ಮೆಟ್ರೊ ಸ್ಟಟಿೊಂ",
                "stop_id": "38358",
                "lat": 12.88907,
                "lon": 77.56306
              },
              {
                "name": "Cura Hospital",
                "name_kn": "ಕುರ ಹೊಸ್ಪಿಟಲ್",
                "stop_id": "39689",
                "lat": 12.88787,
                "lon": 77.56161
              },
              {
                "name": "Doddakallasandra",
                "name_kn": "ದೊದ್ದಕಲ್ಲಸಂದ್ರ",
                "stop_id": "21909",
                "lat": 12.88574,
                "lon": 77.5565
              },
              {
                "name": "Doddakallasandra Metro Station",
                "name_kn": "ದೊದ್ದಕಲ್ಲಸಂದ್ರ ಮೆಟ್ರೊ ಸ್ಟಟಿೊಂ",
                "stop_id": "38362",
                "lat": 12.88467,
                "lon": 77.55312
              },
              {
                "name": "Gubbalala Gate",
                "name_kn": "ಗುಬ್ಬಲಲ ಗಟೆ",
                "stop_id": "21982",
                "lat": 12.88423,
                "lon": 77.55153
              },
              {
                "name": "Raghuvanahalli Cross",
                "name_kn": "ರಘುವನಹಲ್ಲಿ ಕ್ರೊಸ್ಸ್",
                "stop_id": "22408",
                "lat": 12.88067,
                "lon": 77.54621
              },
              {
                "name": "Vajarahalli Metro Station",
                "name_kn": "ವಜರಹಲ್ಲಿ ಮೆಟ್ರೊ ಸ್ಟಟಿೊಂ",
                "stop_id": "38360",
                "lat": 12.87768,
                "lon": 77.54498
              },
              {
                "name": "Bayyanapalya",
                "name_kn": "ಬಯೆನಪಲೆ",
                "stop_id": "21723",
                "lat": 12.87558,
                "lon": 77.54374
              },
              {
                "name": "Thalaghattapura Metro Station",
                "name_kn": "ತಲಘಟಪುರ ಮೆಟ್ರೊ ಸ್ಟಟಿೊಂ",
                "stop_id": "37739",
                "lat": 12.87128,
                "lon": 77.53854
              },
              {
                "name": "Thalagattapura",
                "name_kn": "ತಲಗಟಪುರ",
                "stop_id": "22538",
                "lat": 12.86958,
                "lon": 77.53705
              },
              {
                "name": "Vajramuneshwara Gate",
                "name_kn": "ವಜ್ರಮುನೆಶ್ವರ ಗಟೆ",
                "stop_id": "22574",
                "lat": 12.86481,
                "lon": 77.53334
              },
              {
                "name": "Silk Institute Metro Station",
                "name_kn": "ಸಿಲ್ಕ್ ಿಂಸ್ಟಿಟುಟೆ ಮೆಟ್ರೊ ಸ್ಟಟಿೊಂ",
                "stop_id": "35891",
                "lat": 12.8616,
                "lon": 77.52993
              },
              {
                "name": "Jyothi Farm",
                "name_kn": "ಜೆೊತಿ ೞರ್ಂ",
                "stop_id": "23600",
                "lat": 12.85989,
                "lon": 77.529
              },
              {
                "name": "NICE Road",
                "name_kn": "ನಿಕೆ ರೊದ್",
                "stop_id": "22363",
                "lat": 12.85694,
                "lon": 77.52685
              },
              {
                "name": "Chinnayyanapalya Silk Farm",
                "name_kn": "ಚಿಂನಯೆನಪಲೆ ಸಿಲ್ಕ್ ೞರ್ಂ",
                "stop_id": "21844",
                "lat": 12.85356,
                "lon": 77.52343
              },
              {
                "name": "Agara Cross",
                "name_kn": "ಅಗರ ಕ್ರೊಸ್ಸ್",
                "stop_id": "21640",
                "lat": 12.84888,
                "lon": 77.52214
              },
              {
                "name": "Kuppareddy Kere",
                "name_kn": "ಕುಪ್ಪರೆದ್ಠೆ ಕೆರೆ",
                "stop_id": "22216",
                "lat": 12.84268,
                "lon": 77.51789
              },
              {
                "name": "Shanimahathma Temple",
                "name_kn": "ಶನಿಮಹತ್ಮ ಟೆಂಪ್ಲೆ",
                "stop_id": "22474",
                "lat": 12.8372,
                "lon": 77.51626
              },
              {
                "name": "Lakshmipura",
                "name_kn": "ಲಕ್ಷ್ಮಿಪುರ",
                "stop_id": "22220",
                "lat": 12.83321,
                "lon": 77.51377
              },
              {
                "name": "Saalu Doddy",
                "name_kn": "ಸಾಲು ದೊದ್ಠೆ",
                "stop_id": "22437",
                "lat": 12.83067,
                "lon": 77.51313
              },
              {
                "name": "Art Of Living Ravishankar Ashram",
                "name_kn": "ಅರ್ಟ್ ೊೞ್ ಲಿವಿಙ್ ರವಿಶಂಕರ್ ಶ್ರಂ",
                "stop_id": "35673",
                "lat": 12.82858,
                "lon": 77.51277
              },
              {
                "name": "Dayananda Sagar Vidya Samste",
                "name_kn": "ದಯನಂದ ಸಗರ್ ವಿಠೆ ಸಂಸ್ಟೆ",
                "stop_id": "23601",
                "lat": 12.82494,
                "lon": 77.51374
              },
              {
                "name": "Art of Living (Kanakapura Road)",
                "name_kn": "ಅರ್ಟ್ ೊೞ್ ಲಿವಿಙ್ (ಕನಕಪುರ ರೊದ್)",
                "stop_id": "29575",
                "lat": 12.82279,
                "lon": 77.51417
              },
              {
                "name": "Udipalya",
                "name_kn": "ಉದಿಪಲೆ",
                "stop_id": "23602",
                "lat": 12.82044,
                "lon": 77.5142
              },
              {
                "name": "Udayapura",
                "name_kn": "ಉದಯಪುರ",
                "stop_id": "22566",
                "lat": 12.81324,
                "lon": 77.51201
              },
              {
                "name": "Saluhunase",
                "name_kn": "ಸಲುಹುನಸೆ",
                "stop_id": "22446",
                "lat": 12.81092,
                "lon": 77.51158
              },
              {
                "name": "Santekatte",
                "name_kn": "ಸಂಟೆಕಟೆ",
                "stop_id": "23635",
                "lat": 12.8067,
                "lon": 77.51063
              },
              {
                "name": "Kaggalipura",
                "name_kn": "ಕಗ್ಗಲಿಪುರ",
                "stop_id": "22137",
                "lat": 12.80032,
                "lon": 77.50849
              },
              {
                "name": "Christ School",
                "name_kn": "ಚ್ರಿಸ್ಟ್ ಸ್ಚೂಲ್",
                "stop_id": "32364",
                "lat": 12.79918,
                "lon": 77.5119
              },
              {
                "name": "Vasudevapura",
                "name_kn": "ವಸುದೆವಪುರ",
                "stop_id": "22590",
                "lat": 12.79809,
                "lon": 77.52029
              },
              {
                "name": "Gulakamale",
                "name_kn": "ಗುಲಕಮಲೆ",
                "stop_id": "21994",
                "lat": 12.79765,
                "lon": 77.52361
              },
              {
                "name": "Tharalu",
                "name_kn": "ತರಲು",
                "stop_id": "22543",
                "lat": 12.7893,
                "lon": 77.52234
              },
              {
                "name": "Richard Farm",
                "name_kn": "ರಿಚರ್ದ್ ೞರ್ಂ",
                "stop_id": "22427",
                "lat": 12.77774,
                "lon": 77.52525
              },
              {
                "name": "Tattaguppe",
                "name_kn": "ಟಟಗುಪ್ಪೆ",
                "stop_id": "22530",
                "lat": 12.7737,
                "lon": 77.52934
              }
            ]
          },
          {
            "Route": "13-C SBS-PPLO",
            "RouteId": 16656,
            "RouteParentId": 8920,
            "Destination": "Poornaprajna Layout",
            "Via": "",
            "Area": "Shivajinagara Bus Station",
            "PlatformNumber": "SOUTH",
            "KannadaDestination": "ಪೂರ್ನಪ್ರಜ್ನ ಲಯೌಟ್",
            "KannadaArea": "ಶಿವಾಜಿನಗರ ಬಸ್ ನಿಲ್ದಾಣ",
            "KannadaVia": "",
            "FromStationId": 23640,
            "Stops": [
              {
                "name": "Shanthinagara KH Road",
                "name_kn": "ಶಂತಿನಗರ ಖ್ ರೊದ್",
                "stop_id": "23640",
                "lat": 12.95501,
                "lon": 77.59193
              },
              {
                "name": "Lalbagh Hopcoms",
                "name_kn": "ಲಲ್ಬಘ್ ಹೊಪ್ಕೊಂಸ್",
                "stop_id": "23825",
                "lat": 12.95134,
                "lon": 77.59126
              },
              {
                "name": "Mallige Hospital",
                "name_kn": "ಮಲ್ಲಿಗೆ ಹೊಸ್ಪಿಟಲ್",
                "stop_id": "21565",
                "lat": 12.9478,
                "lon": 77.59193
              },
              {
                "name": "Siddapura Ashoka Pillar",
                "name_kn": "ಸಿದ್ದಪುರ ಶೊಕ ಪಿಲ್ಲರ್",
                "stop_id": "21603",
                "lat": 12.94621,
                "lon": 77.58879
              },
              {
                "name": "Ashoka Pillar",
                "name_kn": "ಅಶೊಕ ಪಿಲ್ಲರ್",
                "stop_id": "21458",
                "lat": 12.94322,
                "lon": 77.58529
              },
              {
                "name": "Rani Saraladevi High School",
                "name_kn": "ರನಿ ಸರಲದೆವಿ ಹಿಘ್ ಸ್ಚೂಲ್",
                "stop_id": "21593",
                "lat": 12.93879,
                "lon": 77.58522
              },
              {
                "name": "3rd Block Jayanagara",
                "name_kn": "3ರ್ದ್ ಬ್ಲೊಕ್ಕ್ ಜಯನಗರ",
                "stop_id": "21447",
                "lat": 12.93349,
                "lon": 77.58396
              },
              {
                "name": "Jayanagara Bus Station",
                "name_kn": "ಜಯನಗರ ಬುಸ್ ಸ್ಟಟಿೊಂ",
                "stop_id": "21545",
                "lat": 12.92802,
                "lon": 77.58364
              },
              {
                "name": "Jayanagara Telephone Exchange",
                "name_kn": "ಜಯನಗರ ಟೆಲೆಫೊನೆ ೆಕ್ಸ್ಚಙೆ",
                "stop_id": "21543",
                "lat": 12.9228,
                "lon": 77.58385
              },
              {
                "name": "Jayanagara 38th Cross",
                "name_kn": "ಜಯನಗರ 38ತ್ ಕ್ರೊಸ್ಸ್",
                "stop_id": "21445",
                "lat": 12.92101,
                "lon": 77.58376
              },
              {
                "name": "Jayanagara 40th Cross",
                "name_kn": "ಜಯನಗರ 40ತ್ ಕ್ರೊಸ್ಸ್",
                "stop_id": "21449",
                "lat": 12.91989,
                "lon": 77.58068
              },
              {
                "name": "Sangam Circle",
                "name_kn": "ಸಙಂ ಕಿರ್ಕ್ಲೆ",
                "stop_id": "21148",
                "lat": 12.91704,
                "lon": 77.57875
              },
              {
                "name": "Banashankari Bus Station",
                "name_kn": "ಬನಶಂಕರಿ ಬುಸ್ ಸ್ಟಟಿೊಂ",
                "stop_id": "20623",
                "lat": 12.91779,
                "lon": 77.57272
              },
              {
                "name": "Banashankari Hunasemara",
                "name_kn": "ಬನಶಂಕರಿ ಹುನಸೆಮರ",
                "stop_id": "21713",
                "lat": 12.92084,
                "lon": 77.57414
              },
              {
                "name": "Monotype Corporation",
                "name_kn": "ಮೊನೊಟೆಪೆ ಕೊರ್ಪೊರಟಿೊಂ",
                "stop_id": "22295",
                "lat": 12.92154,
                "lon": 77.57104
              },
              {
                "name": "Kaveri Nagara",
                "name_kn": "ಕವೆರಿ ನಗರ",
                "stop_id": "35150",
                "lat": 12.91986,
                "lon": 77.56931
              },
              {
                "name": "Yarab Nagara",
                "name_kn": "ಯರಬ್ ನಗರ",
                "stop_id": "22631",
                "lat": 12.91657,
                "lon": 77.56914
              },
              {
                "name": "Kadirenahalli Cross",
                "name_kn": "ಕದಿರೆನಹಲ್ಲಿ ಕ್ರೊಸ್ಸ್",
                "stop_id": "20897",
                "lat": 12.91364,
                "lon": 77.56727
              },
              {
                "name": "Dayananda Sagar College",
                "name_kn": "ದಯನಂದ ಸಗರ್ ಕೊಲ್ಲೆಗೆ",
                "stop_id": "21874",
                "lat": 12.90948,
                "lon": 77.56553
              },
              {
                "name": "Kumaraswamy Layout Police Station",
                "name_kn": "ಕುಮರಸ್ವಮೆ ಲಯೌಟ್ ಪೊಲಿಕೆ ಸ್ಟಟಿೊಂ",
                "stop_id": "22213",
                "lat": 12.9053,
                "lon": 77.56274
              },
              {
                "name": "Kumaraswamy Layout",
                "name_kn": "ಕುಮರಸ್ವಮೆ ಲಯೌಟ್",
                "stop_id": "22211",
                "lat": 12.90313,
                "lon": 77.56165
              },
              {
                "name": "West Cross Kumaraswamy Layout",
                "name_kn": "ವೆಸ್ಟ್ ಕ್ರೊಸ್ಸ್ ಕುಮರಸ್ವಮೆ ಲಯೌಟ್",
                "stop_id": "22619",
                "lat": 12.90094,
                "lon": 77.55993
              },
              {
                "name": "ISRO Layout",
                "name_kn": "ಇಸ್ರೊ ಲಯೌಟ್",
                "stop_id": "22080",
                "lat": 12.89978,
                "lon": 77.5585
              },
              {
                "name": "Bikashipura",
                "name_kn": "ಬಿಕಶಿಪುರ",
                "stop_id": "35405",
                "lat": 12.89818,
                "lon": 77.55768
              },
              {
                "name": "Pipeline ISRO Layout",
                "name_kn": "ಪಿಪೆಲಿನೆ ಿಸ್ರೊ ಲಯೌಟ್",
                "stop_id": "22386",
                "lat": 12.89515,
                "lon": 77.5551
              },
              {
                "name": "Vasanthapura",
                "name_kn": "ವಸಂತಪುರ",
                "stop_id": "22589",
                "lat": 12.89626,
                "lon": 77.55244
              },
              {
                "name": "Yadalam Nagara",
                "name_kn": "ಯದಲಂ ನಗರ",
                "stop_id": "22624",
                "lat": 12.89639,
                "lon": 77.54827
              },
              {
                "name": "Subramanyapura KEB",
                "name_kn": "ಸುಬ್ರಮನೆಪುರ ಕೆಬ್",
                "stop_id": "22160",
                "lat": 12.89759,
                "lon": 77.54631
              },
              {
                "name": "Subramanyapura Post Office",
                "name_kn": "ಸುಬ್ರಮನೆಪುರ ಪೊಸ್ಟ್ ೊೞ್ೞಿಕೆ",
                "stop_id": "34276",
                "lat": 12.89878,
                "lon": 77.54389
              },
              {
                "name": "Subramanyapura Police Station",
                "name_kn": "ಸುಬ್ರಮನೆಪುರ ಪೊಲಿಕೆ ಸ್ಟಟಿೊಂ",
                "stop_id": "22394",
                "lat": 12.90146,
                "lon": 77.54411
              },
              {
                "name": "Uttarahalli Bus Stand",
                "name_kn": "ಉಟರಹಲ್ಲಿ ಬುಸ್ ಸ್ಟಂದ್",
                "stop_id": "22570",
                "lat": 12.90521,
                "lon": 77.5432
              },
              {
                "name": "Uttarahalli",
                "name_kn": "ಉಟರಹಲ್ಲಿ",
                "stop_id": "22571",
                "lat": 12.90575,
                "lon": 77.54257
              },
              {
                "name": "Arehalli",
                "name_kn": "ಅರೆಹಲ್ಲಿ",
                "stop_id": "21659",
                "lat": 12.90834,
                "lon": 77.53797
              },
              {
                "name": "Poornaprajna Layout",
                "name_kn": "ಪೂರ್ನಪ್ರಜ್ನ ಲಯೌಟ್",
                "stop_id": "34271",
                "lat": 12.90877,
                "lon": 77.53592
              }
            ]
          }
        ]
      }
    }
  ]
}               "stop_id": "22459",
                "lat": 12.9097,
                "lon": 77.57299
              },
              {
                "name": "JP Nagara Metro Station",
                "name_kn": "ಜ್ಪ್ ನಗರ ಮೆಟ್ರೊ ಸ್ಟಟಿೊಂ",
                "stop_id": "35926",
                "lat": 12.908,
                "lon": 77.57312
              },
              {
                "name": "Jaraganahalli Cross",
                "name_kn": "ಜರಗನಹಲ್ಲಿ ಕ್ರೊಸ್ಸ್",
                "stop_id": "22101",
                "lat": 12.9014,
                "lon": 77.57344
              },
              {
                "name": "Yalachenahalli",
                "name_kn": "ಯಲಚೆನಹಲ್ಲಿ",
                "stop_id": "22638",
                "lat": 12.89654,
                "lon": 77.57076
              },
              {
                "name": "Metro",
                "name_kn": "ಮೆಟ್ರೊ",
                "stop_id": "22284",
                "lat": 12.89336,
                "lon": 77.56772
              },
              {
                "name": "Konanakunte Cross",
                "name_kn": "ಕೊನನಕುಂಟೆ ಕ್ರೊಸ್ಸ್",
                "stop_id": "22190",
                "lat": 12.89053,
                "lon": 77.56459
              },
              {
                "name": "Konanakunte Cross Metro Station",
                "name_kn": "ಕೊನನಕುಂಟೆ ಕ್ರೊಸ್ಸ್ ಮೆಟ್ರೊ ಸ್ಟಟಿೊಂ",
                "stop_id": "38358",
                "lat": 12.88907,
                "lon": 77.56306
              },
              {
                "name": "Cura Hospital",
                "name_kn": "ಕುರ ಹೊಸ್ಪಿಟಲ್",
                "stop_id": "39689",
                "lat": 12.88787,
                "lon": 77.56161
              },
              {
                "name": "Doddakallasandra",
                "name_kn": "ದೊದ್ದಕಲ್ಲಸಂದ್ರ",
                "stop_id": "21909",
                "lat": 12.88574,
                "lon": 77.5565
              },
              {
                "name": "Doddakallasandra Metro Station",
                "name_kn": "ದೊದ್ದಕಲ್ಲಸಂದ್ರ ಮೆಟ್ರೊ ಸ್ಟಟಿೊಂ",
                "stop_id": "38362",
                "lat": 12.88467,
                "lon": 77.55312
              },
              {
                "name": "Gubbalala Gate",
                "name_kn": "ಗುಬ್ಬಲಲ ಗಟೆ",
                "stop_id": "21982",
                "lat": 12.88423,
                "lon": 77.55153
              },
              {
                "name": "Raghuvanahalli Cross",
                "name_kn": "ರಘುವನಹಲ್ಲಿ ಕ್ರೊಸ್ಸ್",
                "stop_id": "22408",
                "lat": 12.88067,
                "lon": 77.54621
              },
              {
                "name": "Vajarahalli Metro Station",
                "name_kn": "ವಜರಹಲ್ಲಿ ಮೆಟ್ರೊ ಸ್ಟಟಿೊಂ",
                "stop_id": "38360",
                "lat": 12.87768,
                "lon": 77.54498
              },
              {
                "name": "Bayyanapalya",
                "name_kn": "ಬಯೆನಪಲೆ",
                "stop_id": "21723",
                "lat": 12.87558,
                "lon": 77.54374
              },
              {
                "name": "Thalaghattapura Metro Station",
                "name_kn": "ತಲಘಟಪುರ ಮೆಟ್ರೊ ಸ್ಟಟಿೊಂ",
                "stop_id": "37739",
                "lat": 12.87128,
                "lon": 77.53854
              },
              {
                "name": "Thalagattapura",
                "name_kn": "ತಲಗಟಪುರ",
                "stop_id": "22538",
                "lat": 12.86958,
                "lon": 77.53705
              },
              {
                "name": "Vajramuneshwara Gate",
                "name_kn": "ವಜ್ರಮುನೆಶ್ವರ ಗಟೆ",
                "stop_id": "22574",
                "lat": 12.86481,
                "lon": 77.53334
              },
              {
                "name": "Silk Institute Metro Station",
                "name_kn": "ಸಿಲ್ಕ್ ಿಂಸ್ಟಿಟುಟೆ ಮೆಟ್ರೊ ಸ್ಟಟಿೊಂ",
                "stop_id": "35891",
                "lat": 12.8616,
                "lon": 77.52993
              },
              {
                "name": "Jyothi Farm",
                "name_kn": "ಜೆೊತಿ ೞರ್ಂ",
                "stop_id": "23600",
                "lat": 12.85989,
                "lon": 77.529
              },
              {
                "name": "NICE Road",
                "name_kn": "ನಿಕೆ ರೊದ್",
                "stop_id": "22363",
                "lat": 12.85694,
                "lon": 77.52685
              },
              {
                "name": "Chinnayyanapalya Silk Farm",
                "name_kn": "ಚಿಂನಯೆನಪಲೆ ಸಿಲ್ಕ್ ೞರ್ಂ",
                "stop_id": "21844",
                "lat": 12.85356,
                "lon": 77.52343
              },
              {
                "name": "Agara Cross",
                "name_kn": "ಅಗರ ಕ್ರೊಸ್ಸ್",
                "stop_id": "21640",
                "lat": 12.84888,
                "lon": 77.52214
              },
              {
                "name": "Kuppareddy Kere",
                "name_kn": "ಕುಪ್ಪರೆದ್ಠೆ ಕೆರೆ",
                "stop_id": "22216",
                "lat": 12.84268,
                "lon": 77.51789
              },
              {
                "name": "Shanimahathma Temple",
                "name_kn": "ಶನಿಮಹತ್ಮ ಟೆಂಪ್ಲೆ",
                "stop_id": "22474",
                "lat": 12.8372,
                "lon": 77.51626
              },
              {
                "name": "Lakshmipura",
                "name_kn": "ಲಕ್ಷ್ಮಿಪುರ",
                "stop_id": "22220",
                "lat": 12.83321,
                "lon": 77.51377
              },
              {
                "name": "Saalu Doddy",
                "name_kn": "ಸಾಲು ದೊದ್ಠೆ",
                "stop_id": "22437",
                "lat": 12.83067,
                "lon": 77.51313
              },
              {
                "name": "Art Of Living Ravishankar Ashram",
                "name_kn": "ಅರ್ಟ್ ೊೞ್ ಲಿವಿಙ್ ರವಿಶಂಕರ್ ಶ್ರಂ",
                "stop_id": "35673",
                "lat": 12.82858,
                "lon": 77.51277
              },
              {
                "name": "Dayananda Sagar Vidya Samste",
                "name_kn": "ದಯನಂದ ಸಗರ್ ವಿಠೆ ಸಂಸ್ಟೆ",
                "stop_id": "23601",
                "lat": 12.82494,
                "lon": 77.51374
              },
              {
                "name": "Art of Living (Kanakapura Road)",
                "name_kn": "ಅರ್ಟ್ ೊೞ್ ಲಿವಿಙ್ (ಕನಕಪುರ ರೊದ್)",
                "stop_id": "29575",
                "lat": 12.82279,
                "lon": 77.51417
              },
              {
                "name": "Udipalya",
                "name_kn": "ಉದಿಪಲೆ",
                "stop_id": "23602",
                "lat": 12.82044,
                "lon": 77.5142
              },
              {
                "name": "Udayapura",
                "name_kn": "ಉದಯಪುರ",
                "stop_id": "22566",
                "lat": 12.81324,
                "lon": 77.51201
              },
              {
                "name": "Saluhunase",
                "name_kn": "ಸಲುಹುನಸೆ",
                "stop_id": "22446",
                "lat": 12.81092,
                "lon": 77.51158
              },
              {
                "name": "Santekatte",
                "name_kn": "ಸಂಟೆಕಟೆ",
                "stop_id": "23635",
                "lat": 12.8067,
                "lon": 77.51063
              },
              {
                "name": "Kaggalipura",
                "name_kn": "ಕಗ್ಗಲಿಪುರ",
                "stop_id": "22137",
                "lat": 12.80032,
                "lon": 77.50849
              },
              {
                "name": "Christ School",
                "name_kn": "ಚ್ರಿಸ್ಟ್ ಸ್ಚೂಲ್",
                "stop_id": "32364",
                "lat": 12.79918,
                "lon": 77.5119
              },
              {
                "name": "Vasudevapura",
                "name_kn": "ವಸುದೆವಪುರ",
                "stop_id": "22590",
                "lat": 12.79809,
                "lon": 77.52029
              },
              {
                "name": "Gulakamale",
                "name_kn": "ಗುಲಕಮಲೆ",
                "stop_id": "21994",
                "lat": 12.79765,
                "lon": 77.52361
              },
              {
                "name": "Tharalu",
                "name_kn": "ತರಲು",
                "stop_id": "22543",
                "lat": 12.7893,
                "lon": 77.52234
              },
              {
                "name": "Richard Farm",
                "name_kn": "ರಿಚರ್ದ್ ೞರ್ಂ",
                "stop_id": "22427",
                "lat": 12.77774,
                "lon": 77.52525
              },
              {
                "name": "Tattaguppe",
                "name_kn": "ಟಟಗುಪ್ಪೆ",
                "stop_id": "22530",
                "lat": 12.7737,
                "lon": 77.52934
              }
            ]
          },
          {
            "Route": "13-C SBS-PPLO",
            "RouteId": 16656,
            "RouteParentId": 8920,
            "Destination": "Poornaprajna Layout",
            "Via": "",
            "Area": "Shivajinagara Bus Station",
            "PlatformNumber": "SOUTH",
            "KannadaDestination": "ಪೂರ್ನಪ್ರಜ್ನ ಲಯೌಟ್",
            "KannadaArea": "ಶಿವಾಜಿನಗರ ಬಸ್ ನಿಲ್ದಾಣ",
            "KannadaVia": "",
            "FromStationId": 23640,
            "Stops": [
              {
                "name": "Shanthinagara KH Road",
                "name_kn": "ಶಂತಿನಗರ ಖ್ ರೊದ್",
                "stop_id": "23640",
                "lat": 12.95501,
                "lon": 77.59193
              },
              {
                "name": "Lalbagh Hopcoms",
                "name_kn": "ಲಲ್ಬಘ್ ಹೊಪ್ಕೊಂಸ್",
                "stop_id": "23825",
                "lat": 12.95134,
                "lon": 77.59126
              },
              {
                "name": "Mallige Hospital",
                "name_kn": "ಮಲ್ಲಿಗೆ ಹೊಸ್ಪಿಟಲ್",
                "stop_id": "21565",
                "lat": 12.9478,
                "lon": 77.59193
              },
              {
                "name": "Siddapura Ashoka Pillar",
                "name_kn": "ಸಿದ್ದಪುರ ಶೊಕ ಪಿಲ್ಲರ್",
                "stop_id": "21603",
                "lat": 12.94621,
                "lon": 77.58879
              },
              {
                "name": "Ashoka Pillar",
                "name_kn": "ಅಶೊಕ ಪಿಲ್ಲರ್",
                "stop_id": "21458",
                "lat": 12.94322,
                "lon": 77.58529
              },
              {
                "name": "Rani Saraladevi High School",
                "name_kn": "ರನಿ ಸರಲದೆವಿ ಹಿಘ್ ಸ್ಚೂಲ್",
                "stop_id": "21593",
                "lat": 12.93879,
                "lon": 77.58522
              },
              {
                "name": "3rd Block Jayanagara",
                "name_kn": "3ರ್ದ್ ಬ್ಲೊಕ್ಕ್ ಜಯನಗರ",
                "stop_id": "21447",
                "lat": 12.93349,
                "lon": 77.58396
              },
              {
                "name": "Jayanagara Bus Station",
                "name_kn": "ಜಯನಗರ ಬುಸ್ ಸ್ಟಟಿೊಂ",
                "stop_id": "21545",
                "lat": 12.92802,
                "lon": 77.58364
              },
              {
                "name": "Jayanagara Telephone Exchange",
                "name_kn": "ಜಯನಗರ ಟೆಲೆಫೊನೆ ೆಕ್ಸ್ಚಙೆ",
                "stop_id": "21543",
                "lat": 12.9228,
                "lon": 77.58385
              },
              {
                "name": "Jayanagara 38th Cross",
                "name_kn": "ಜಯನಗರ 38ತ್ ಕ್ರೊಸ್ಸ್",
                "stop_id": "21445",
                "lat": 12.92101,
                "lon": 77.58376
              },
              {
                "name": "Jayanagara 40th Cross",
                "name_kn": "ಜಯನಗರ 40ತ್ ಕ್ರೊಸ್ಸ್",
                "stop_id": "21449",
                "lat": 12.91989,
                "lon": 77.58068
              },
              {
                "name": "Sangam Circle",
                "name_kn": "ಸಙಂ ಕಿರ್ಕ್ಲೆ",
                "stop_id": "21148",
                "lat": 12.91704,
                "lon": 77.57875
              },
              {
                "name": "Banashankari Bus Station",
                "name_kn": "ಬನಶಂಕರಿ ಬುಸ್ ಸ್ಟಟಿೊಂ",
                "stop_id": "20623",
                "lat": 12.91779,
                "lon": 77.57272
              },
              {
                "name": "Banashankari Hunasemara",
                "name_kn": "ಬನಶಂಕರಿ ಹುನಸೆಮರ",
                "stop_id": "21713",
                "lat": 12.92084,
                "lon": 77.57414
              },
              {
                "name": "Monotype Corporation",
                "name_kn": "ಮೊನೊಟೆಪೆ ಕೊರ್ಪೊರಟಿೊಂ",
                "stop_id": "22295",
                "lat": 12.92154,
                "lon": 77.57104
              },
              {
                "name": "Kaveri Nagara",
                "name_kn": "ಕವೆರಿ ನಗರ",
                "stop_id": "35150",
                "lat": 12.91986,
                "lon": 77.56931
              },
              {
                "name": "Yarab Nagara",
                "name_kn": "ಯರಬ್ ನಗರ",
                "stop_id": "22631",
                "lat": 12.91657,
                "lon": 77.56914
              },
              {
                "name": "Kadirenahalli Cross",
                "name_kn": "ಕದಿರೆನಹಲ್ಲಿ ಕ್ರೊಸ್ಸ್",
                "stop_id": "20897",
                "lat": 12.91364,
                "lon": 77.56727
              },
              {
                "name": "Dayananda Sagar College",
                "name_kn": "ದಯನಂದ ಸಗರ್ ಕೊಲ್ಲೆಗೆ",
                "stop_id": "21874",
                "lat": 12.90948,
                "lon": 77.56553
              },
              {
                "name": "Kumaraswamy Layout Police Station",
                "name_kn": "ಕುಮರಸ್ವಮೆ ಲಯೌಟ್ ಪೊಲಿಕೆ ಸ್ಟಟಿೊಂ",
                "stop_id": "22213",
                "lat": 12.9053,
                "lon": 77.56274
              },
              {
                "name": "Kumaraswamy Layout",
                "name_kn": "ಕುಮರಸ್ವಮೆ ಲಯೌಟ್",
                "stop_id": "22211",
                "lat": 12.90313,
                "lon": 77.56165
              },
              {
                "name": "West Cross Kumaraswamy Layout",
                "name_kn": "ವೆಸ್ಟ್ ಕ್ರೊಸ್ಸ್ ಕುಮರಸ್ವಮೆ ಲಯೌಟ್",
                "stop_id": "22619",
                "lat": 12.90094,
                "lon": 77.55993
              },
              {
                "name": "ISRO Layout",
                "name_kn": "ಇಸ್ರೊ ಲಯೌಟ್",
                "stop_id": "22080",
                "lat": 12.89978,
                "lon": 77.5585
              },
              {
                "name": "Bikashipura",
                "name_kn": "ಬಿಕಶಿಪುರ",
                "stop_id": "35405",
                "lat": 12.89818,
                "lon": 77.55768
              },
              {
                "name": "Pipeline ISRO Layout",
                "name_kn": "ಪಿಪೆಲಿನೆ ಿಸ್ರೊ ಲಯೌಟ್",
                "stop_id": "22386",
                "lat": 12.89515,
                "lon": 77.5551
              },
              {
                "name": "Vasanthapura",
                "name_kn": "ವಸಂತಪುರ",
                "stop_id": "22589",
                "lat": 12.89626,
                "lon": 77.55244
              },
              {
                "name": "Yadalam Nagara",
                "name_kn": "ಯದಲಂ ನಗರ",
                "stop_id": "22624",
                "lat": 12.89639,
                "lon": 77.54827
              },
              {
                "name": "Subramanyapura KEB",
                "name_kn": "ಸುಬ್ರಮನೆಪುರ ಕೆಬ್",
                "stop_id": "22160",
                "lat": 12.89759,
                "lon": 77.54631
              },
              {
                "name": "Subramanyapura Post Office",
                "name_kn": "ಸುಬ್ರಮನೆಪುರ ಪೊಸ್ಟ್ ೊೞ್ೞಿಕೆ",
                "stop_id": "34276",
                "lat": 12.89878,
                "lon": 77.54389
              },
              {
                "name": "Subramanyapura Police Station",
                "name_kn": "ಸುಬ್ರಮನೆಪುರ ಪೊಲಿಕೆ ಸ್ಟಟಿೊಂ",
                "stop_id": "22394",
                "lat": 12.90146,
                "lon": 77.54411
              },
              {
                "name": "Uttarahalli Bus Stand",
                "name_kn": "ಉಟರಹಲ್ಲಿ ಬುಸ್ ಸ್ಟಂದ್",
                "stop_id": "22570",
                "lat": 12.90521,
                "lon": 77.5432
              },
              {
                "name": "Uttarahalli",
                "name_kn": "ಉಟರಹಲ್ಲಿ",
                "stop_id": "22571",
                "lat": 12.90575,
                "lon": 77.54257
              },
              {
                "name": "Arehalli",
                "name_kn": "ಅರೆಹಲ್ಲಿ",
                "stop_id": "21659",
                "lat": 12.90834,
                "lon": 77.53797
              },
              {
                "name": "Poornaprajna Layout",
                "name_kn": "ಪೂರ್ನಪ್ರಜ್ನ ಲಯೌಟ್",
                "stop_id": "34271",
                "lat": 12.90877,
                "lon": 77.53592
              }
            ]
          }
        ]
      }
    }
  ]
}