{
  "type": "FeatureCollection",
  "features": [
    {
      "type": "Feature",
      "geometry": {
        "type": "Point",
        "coordinates": [
          77.63846173882484,
          12.96170578406732
        ]
      },
      "properties": {
        "Platform": "1",
        "Color": "#000000",
        "Icon": "1",
        "OpenHour": 0,
        "CloseHour": 0,
        "ApiIds": [
          "21914",
          "21915",
          "21916",
          "21923"
        ],
        "Routes": [
          {
            "Route": "136",
            "RouteId": 15284,
            "RouteParentId": 8190,
            "Destination": "Shivajinagara Bus Station",
            "Via": "",
            "Area": "Dr BR Ambedkar Bus Terminal (Domlur)",
            "PlatformNumber": "1",
            "KannadaDestination": "ಶಿವಜಿನಗರ ಬುಸ್ ಸ್ಟಟಿೊಂ",
            "KannadaArea": "ಡಾ. ಬಿಆರ್ ಅಂಬೇಡ್ಕರ್ ಬಸ್ ಟರ್ಮಿನಲ್ (ದೊಮ್ಮಲುರು))",
            "KannadaVia": "",
            "FromStationId": 21923,
            "Stops": [
              {
                "name": "Dr BR Ambedkar Bus Terminal (Domlur)",
                "name_kn": "ದ್ರ್ ಬ್ರ್ ಂಬೆದ್ಕರ್ ಬುಸ್ ಟೆರ್ಮಿನಲ್ (ದೊಂಲುರ್)",
                "stop_id": "21923",
                "lat": 12.96163,
                "lon": 77.63881
              },
              {
                "name": "Dhoopanahalli",
                "name_kn": "ಧೂಪನಹಲ್ಲಿ",
                "stop_id": "24979",
                "lat": 12.96336,
                "lon": 77.64146
              },
              {
                "name": "ESI Hospital Indiranagara",
                "name_kn": "ಎಸಿ ಹೊಸ್ಪಿಟಲ್ ಿಂದಿರನಗರ",
                "stop_id": "39474",
                "lat": 12.97094,
                "lon": 77.63594
              },
              {
                "name": "Cambridge Hospital",
                "name_kn": "ಕಂಬ್ರಿದ್ಗೆ ಹೊಸ್ಪಿಟಲ್",
                "stop_id": "39472",
                "lat": 12.97191,
                "lon": 77.62726
              },
              {
                "name": "Manipal Centre MG Road",
                "name_kn": "ಮನಿಪಲ್ ಕೆಂಟ್ರೆ ಂಗ್ ರೊದ್",
                "stop_id": "22255",
                "lat": 12.97552,
                "lon": 77.61356
              },
              {
                "name": "Maniksha Parade Ground",
                "name_kn": "ಮನಿಕ್ಷ ಪರದೆ ಗ್ರೌಂದ್",
                "stop_id": "22252",
                "lat": 12.97746,
                "lon": 77.60771
              },
              {
                "name": "Shivajinagara Bus Station",
                "name_kn": "ಶಿವಜಿನಗರ ಬುಸ್ ಸ್ಟಟಿೊಂ",
                "stop_id": "21173",
                "lat": 12.98328,
                "lon": 77.60304
              }
            ]
          },
          {
            "Route": "201",
            "RouteId": 3138,
            "RouteParentId": 1773,
            "Destination": "Srinagara Bus Station",
            "Via": "",
            "Area": "Dr BR Ambedkar Bus Terminal (Domlur)",
            "PlatformNumber": "1",
            "KannadaDestination": "ಸ್ರಿನಗರ ಬುಸ್ ಸ್ಟಟಿೊಂ",
            "KannadaArea": "ಡಾ. ಬಿಆರ್ ಅಂಬೇಡ್ಕರ್ ಬಸ್ ಟರ್ಮಿನಲ್ (ದೊಮ್ಮಲುರು))",
            "KannadaVia": "",
            "FromStationId": 21923,
            "Stops": [
              {
                "name": "Dr BR Ambedkar Bus Terminal (Domlur)",
                "name_kn": "ದ್ರ್ ಬ್ರ್ ಂಬೆದ್ಕರ್ ಬುಸ್ ಟೆರ್ಮಿನಲ್ (ದೊಂಲುರ್)",
                "stop_id": "21923",
                "lat": 12.96163,
                "lon": 77.63881
              },
              {
                "name": "Dhoopanahalli",
                "name_kn": "ಧೂಪನಹಲ್ಲಿ",
                "stop_id": "35940",
                "lat": 12.96354,
                "lon": 77.64156
              },
              {
                "name": "Indiranagara 100ft Road",
                "name_kn": "ಇಂದಿರನಗರ 100ೞ್ಟ್ ರೊದ್",
                "stop_id": "22073",
                "lat": 12.96658,
                "lon": 77.64141
              },
              {
                "name": "New Horizon School",
                "name_kn": "ನೆವ್ ಹೊರಿಜ಼ೊಂ ಸ್ಚೂಲ್",
                "stop_id": "22361",
                "lat": 12.9689,
                "lon": 77.64129
              },
              {
                "name": "Indiranagara 12th Main",
                "name_kn": "ಇಂದಿರನಗರ 12ತ್ ಮೈಂ",
                "stop_id": "26131",
                "lat": 12.97026,
                "lon": 77.64122
              },
              {
                "name": "Indiranagara 6th Main",
                "name_kn": "ಇಂದಿರನಗರ 6ತ್ ಮೈಂ",
                "stop_id": "22000",
                "lat": 12.974,
                "lon": 77.64103
              },
              {
                "name": "Indiranagara Police Station/KFC",
                "name_kn": "ಇಂದಿರನಗರ ಪೊಲಿಕೆ ಸ್ಟಟಿೊಂ/ಕ್ೞ್ಕ್",
                "stop_id": "22388",
                "lat": 12.97833,
                "lon": 77.64065
              },
              {
                "name": "Indiranagara Metro Station",
                "name_kn": "ಇಂದಿರನಗರ ಮೆಟ್ರೊ ಸ್ಟಟಿೊಂ",
                "stop_id": "26134",
                "lat": 12.97826,
                "lon": 77.6386
              },
              {
                "name": "Double Road Indiranagara",
                "name_kn": "ದೌಬ್ಲೆ ರೊದ್ ಿಂದಿರನಗರ",
                "stop_id": "21922",
                "lat": 12.97821,
                "lon": 77.63645
              },
              {
                "name": "Lakshmipura",
                "name_kn": "ಲಕ್ಷ್ಮಿಪುರ",
                "stop_id": "22223",
                "lat": 12.97816,
                "lon": 77.63228
              },
              {
                "name": "Halasuru",
                "name_kn": "ಹಲಸುರು",
                "stop_id": "20806",
                "lat": 12.97793,
                "lon": 77.6283
              },
              {
                "name": "Halasuru Police Station",
                "name_kn": "ಹಲಸುರು ಪೊಲಿಕೆ ಸ್ಟಟಿೊಂ",
                "stop_id": "20807",
                "lat": 12.97515,
                "lon": 77.62564
              },
              {
                "name": "Lido Talkies",
                "name_kn": "ಲಿದೊ ಟಲ್ಕಿೆಸ್",
                "stop_id": "20969",
                "lat": 12.97277,
                "lon": 77.62141
              },
              {
                "name": "Hosmat Hospital (DIG Office)",
                "name_kn": "ಹೊಸ್ಮಟ್ ಹೊಸ್ಪಿಟಲ್ (ದಿಗ್ ೊೞ್ೞಿಕೆ)",
                "stop_id": "20846",
                "lat": 12.96893,
                "lon": 77.61529
              },
              {
                "name": "Life Style (Sacred Heart School)",
                "name_kn": "ಲಿೞೆ ಸ್ಟೆಲೆ (ಸಕ್ರೆದ್ ಹೆರ್ಟ್ ಸ್ಚೂಲ್)",
                "stop_id": "20970",
                "lat": 12.96692,
                "lon": 77.61018
              },
              {
                "name": "Philomenas Hospital",
                "name_kn": "ಫಿಲೊಮೆನಸ್ ಹೊಸ್ಪಿಟಲ್",
                "stop_id": "22385",
                "lat": 12.96506,
                "lon": 77.61007
              },
              {
                "name": "Austin Town",
                "name_kn": "ಔಸ್ಟಿಂ ಟೌಂ",
                "stop_id": "21677",
                "lat": 12.96157,
                "lon": 77.61345
              },
              {
                "name": "ASC Centre",
                "name_kn": "ಅಸ್ಕ್ ಕೆಂಟ್ರೆ",
                "stop_id": "23930",
                "lat": 12.96248,
                "lon": 77.61903
              },
              {
                "name": "Vannarapet",
                "name_kn": "ವಂನರಪೆಟ್",
                "stop_id": "23931",
                "lat": 12.95645,
                "lon": 77.6211
              },
              {
                "name": "Vivek Nagara Cross",
                "name_kn": "ವಿವೆಕ್ ನಗರ ಕ್ರೊಸ್ಸ್",
                "stop_id": "23932",
                "lat": 12.95469,
                "lon": 77.62074
              },
              {
                "name": "Ravi Tent",
                "name_kn": "ರವಿ ಟೆಂಟ್",
                "stop_id": "35059",
                "lat": 12.95169,
                "lon": 77.62148
              },
              {
                "name": "National Games Village Gate",
                "name_kn": "ನಟಿೊನಲ್ ಗಮೆಸ್ ವಿಲ್ಲಗೆ ಗಟೆ",
                "stop_id": "23934",
                "lat": 12.94928,
                "lon": 77.62039
              },
              {
                "name": "Passport Office Koramangala",
                "name_kn": "ಪಸ್ಸ್ಪೊರ್ಟ್ ೊೞ್ೞಿಕೆ ಕೊರಮಙಲ",
                "stop_id": "23823",
                "lat": 12.94558,
                "lon": 77.61899
              },
              {
                "name": "Indoor Stadium",
                "name_kn": "ಇಂದೂರ್ ಸ್ಟದಿುಂ",
                "stop_id": "23935",
                "lat": 12.94272,
                "lon": 77.62259
              },
              {
                "name": "Koramangala Bus Station",
                "name_kn": "ಕೊರಮಙಲ ಬುಸ್ ಸ್ಟಟಿೊಂ",
                "stop_id": "35267",
                "lat": 12.94072,
                "lon": 77.6247
              },
              {
                "name": "Sony World 100ft Road  Koramangala",
                "name_kn": "ಸೊನೆ ವೊರ್ಲ್ದ್ 100ೞ್ಟ್ ರೊದ್  ಕೊರಮಙಲ",
                "stop_id": "22502",
                "lat": 12.93685,
                "lon": 77.62659
              },
              {
                "name": "Canara Bank Koramangala",
                "name_kn": "ಕನರ ಬಂಕ್ ಕೊರಮಙಲ",
                "stop_id": "21799",
                "lat": 12.93411,
                "lon": 77.62375
              },
              {
                "name": "BDA Complex Koramangala",
                "name_kn": "ಬ್ದ ಕೊಂಪ್ಲೆಕ್ಸ್ ಕೊರಮಙಲ",
                "stop_id": "21730",
                "lat": 12.93074,
                "lon": 77.62237
              },
              {
                "name": "Koramangala Water Tank",
                "name_kn": "ಕೊರಮಙಲ ವಟೆರ್ ಟಂಕ್",
                "stop_id": "22616",
                "lat": 12.92789,
                "lon": 77.62123
              },
              {
                "name": "Kudure Mukha Colony",
                "name_kn": "ಕುದುರೆ ಮುಖ ಕೊಲೊನೆ",
                "stop_id": "20952",
                "lat": 12.92572,
                "lon": 77.6254
              },
              {
                "name": "Krupanidhi College",
                "name_kn": "ಕ್ರುಪನಿಧಿ ಕೊಲ್ಲೆಗೆ",
                "stop_id": "20947",
                "lat": 12.92388,
                "lon": 77.62852
              },
              {
                "name": "Madivala",
                "name_kn": "ಮದಿವಲ",
                "stop_id": "20973",
                "lat": 12.92166,
                "lon": 77.62146
              },
              {
                "name": "Central Silk Board Metro Station",
                "name_kn": "ಕೆಂಟ್ರಲ್ ಸಿಲ್ಕ್ ಬೊರ್ದ್ ಮೆಟ್ರೊ ಸ್ಟಟಿೊಂ",
                "stop_id": "20704",
                "lat": 12.91674,
                "lon": 77.62143
              },
              {
                "name": "Kuvempunagara Bus Station(BTM Layout)",
                "name_kn": "ಕುವೆಂಪುನಗರ ಬುಸ್ ಸ್ಟಟಿೊಂ(ಬ್ಟ್ಂ ಲಯೌಟ್)",
                "stop_id": "20686",
                "lat": 12.91597,
                "lon": 77.61623
              },
              {
                "name": "BTM Layout 16th Main",
                "name_kn": "ಬ್ಟ್ಂ ಲಯೌಟ್ 16ತ್ ಮೈಂ",
                "stop_id": "20571",
                "lat": 12.91644,
                "lon": 77.60928
              },
              {
                "name": "BTM Layout Water Tank",
                "name_kn": "ಬ್ಟ್ಂ ಲಯೌಟ್ ವಟೆರ್ ಟಂಕ್",
                "stop_id": "20688",
                "lat": 12.91654,
                "lon": 77.60711
              },
              {
                "name": "MICO Layout BTM",
                "name_kn": "ಮಿಕೊ ಲಯೌಟ್ ಬ್ಟ್ಂ",
                "stop_id": "21021",
                "lat": 12.91657,
                "lon": 77.60427
              },
              {
                "name": "East End Jayanagara",
                "name_kn": "ಎಸ್ಟ್ ೆಂದ್ ಜಯನಗರ",
                "stop_id": "20768",
                "lat": 12.91671,
                "lon": 77.59629
              },
              {
                "name": "Ragigudda Temple",
                "name_kn": "ರಗಿಗುದ್ದ ಟೆಂಪ್ಲೆ",
                "stop_id": "21106",
                "lat": 12.91678,
                "lon": 77.59349
              },
              {
                "name": "Marenahalli Petrol Bunk(Ragigudda Metro Station)",
                "name_kn": "ಮರೆನಹಲ್ಲಿ ಪೆಟ್ರೊಲ್ ಬುಂಕ್(ರಗಿಗುದ್ದ ಮೆಟ್ರೊ ಸ್ಟಟಿೊಂ)",
                "stop_id": "21005",
                "lat": 12.91688,
                "lon": 77.58858
              },
              {
                "name": "Jayanagara 5th Block",
                "name_kn": "ಜಯನಗರ 5ತ್ ಬ್ಲೊಕ್ಕ್",
                "stop_id": "20582",
                "lat": 12.91701,
                "lon": 77.58413
              },
              {
                "name": "Sangam Circle",
                "name_kn": "ಸಙಂ ಕಿರ್ಕ್ಲೆ",
                "stop_id": "21148",
                "lat": 12.91704,
                "lon": 77.57875
              },
              {
                "name": "Banashankari Bus Station",
                "name_kn": "ಬನಶಂಕರಿ ಬುಸ್ ಸ್ಟಟಿೊಂ",
                "stop_id": "20623",
                "lat": 12.91779,
                "lon": 77.57272
              },
              {
                "name": "Banashankari Hunasemara",
                "name_kn": "ಬನಶಂಕರಿ ಹುನಸೆಮರ",
                "stop_id": "21713",
                "lat": 12.92084,
                "lon": 77.57414
              },
              {
                "name": "Monotype Corporation",
                "name_kn": "ಮೊನೊಟೆಪೆ ಕೊರ್ಪೊರಟಿೊಂ",
                "stop_id": "22295",
                "lat": 12.92154,
                "lon": 77.57104
              },
              {
                "name": "Banashankari Post Office",
                "name_kn": "ಬನಶಂಕರಿ ಪೊಸ್ಟ್ ೊೞ್ೞಿಕೆ",
                "stop_id": "31869",
                "lat": 12.92623,
                "lon": 77.56995
              },
              {
                "name": "Nagalakshmi Kalyana Mantapa",
                "name_kn": "ನಗಲಕ್ಷ್ಮಿ ಕಲೆನ ಮಂಟಪ",
                "stop_id": "34031",
                "lat": 12.9274,
                "lon": 77.56794
              },
              {
                "name": "Indira Nursing Home",
                "name_kn": "ಇಂದಿರ ನುರ್ಸಿಙ್ ಹೊಮೆ",
                "stop_id": "23733",
                "lat": 12.92907,
                "lon": 77.5646
              },
              {
                "name": "KIMS College",
                "name_kn": "ಕಿಂಸ್ ಕೊಲ್ಲೆಗೆ",
                "stop_id": "23734",
                "lat": 12.92718,
                "lon": 77.56176
              },
              {
                "name": "Devegowda Petrol Bunk",
                "name_kn": "ದೆವೆಗೌದ ಪೆಟ್ರೊಲ್ ಬುಂಕ್",
                "stop_id": "20756",
                "lat": 12.92194,
                "lon": 77.55914
              },
              {
                "name": "Kamakya Talkies",
                "name_kn": "ಕಮಕೆ ಟಲ್ಕಿೆಸ್",
                "stop_id": "35772",
                "lat": 12.92405,
                "lon": 77.55264
              },
              {
                "name": "Kathriguppe",
                "name_kn": "ಕತ್ರಿಗುಪ್ಪೆ",
                "stop_id": "20917",
                "lat": 12.92535,
                "lon": 77.54989
              },
              {
                "name": "Vivekananda Nagara",
                "name_kn": "ವಿವೆಕನಂದ ನಗರ",
                "stop_id": "31628",
                "lat": 12.9304,
                "lon": 77.55325
              },
              {
                "name": "Krishnasagara",
                "name_kn": "ಕ್ರಿಶ್ನಸಗರ",
                "stop_id": "33590",
                "lat": 12.932,
                "lon": 77.55565
              },
              {
                "name": "ITI Layout",
                "name_kn": "ಇಟಿ ಲಯೌಟ್",
                "stop_id": "33057",
                "lat": 12.93346,
                "lon": 77.55777
              },
              {
                "name": "Vidyapeeta Circle",
                "name_kn": "ವಿಠೆಪೀಟ ಕಿರ್ಕ್ಲೆ",
                "stop_id": "35690",
                "lat": 12.93521,
                "lon": 77.56066
              },
              {
                "name": "Shankarnagh Circle",
                "name_kn": "ಶಂಕರ್ನಘ್ ಕಿರ್ಕ್ಲೆ",
                "stop_id": "34519",
                "lat": 12.93651,
                "lon": 77.55954
              },
              {
                "name": "Apex Bank",
                "name_kn": "ಅಪೆಕ್ಸ್ ಬಂಕ್",
                "stop_id": "20607",
                "lat": 12.94177,
                "lon": 77.55602
              },
              {
                "name": "Srinagara Bus Station",
                "name_kn": "ಸ್ರಿನಗರ ಬುಸ್ ಸ್ಟಟಿೊಂ",
                "stop_id": "21188",
                "lat": 12.94425,
                "lon": 77.55479
              }
            ]
          },
          {
            "Route": "201 D06G-DMR",
            "RouteId": 6487,
            "RouteParentId": 3503,
            "Destination": "Depot-06 Gate",
            "Via": "",
            "Area": "Dr BR Ambedkar Bus Terminal (Domlur)",
            "PlatformNumber": "1",
            "KannadaDestination": "ದೆಪೊಟ್-06 ಗಟೆ",
            "KannadaArea": "ಡಾ. ಬಿಆರ್ ಅಂಬೇಡ್ಕರ್ ಬಸ್ ಟರ್ಮಿನಲ್ (ದೊಮ್ಮಲುರು))",
            "KannadaVia": "",
            "FromStationId": 21923,
            "Stops": [
              {
                "name": "Dr BR Ambedkar Bus Terminal (Domlur)",
                "name_kn": "ದ್ರ್ ಬ್ರ್ ಂಬೆದ್ಕರ್ ಬುಸ್ ಟೆರ್ಮಿನಲ್ (ದೊಂಲುರ್)",
                "stop_id": "21923",
                "lat": 12.96163,
                "lon": 77.63881
              },
              {
                "name": "Dhoopanahalli",
                "name_kn": "ಧೂಪನಹಲ್ಲಿ",
                "stop_id": "35940",
                "lat": 12.96354,
                "lon": 77.64156
              },
              {
                "name": "Indiranagara 100ft Road",
                "name_kn": "ಇಂದಿರನಗರ 100ೞ್ಟ್ ರೊದ್",
                "stop_id": "22073",
                "lat": 12.96658,
                "lon": 77.64141
              },
              {
                "name": "New Horizon School",
                "name_kn": "ನೆವ್ ಹೊರಿಜ಼ೊಂ ಸ್ಚೂಲ್",
                "stop_id": "22361",
                "lat": 12.9689,
                "lon": 77.64129
              },
              {
                "name": "Indiranagara 12th Main",
                "name_kn": "ಇಂದಿರನಗರ 12ತ್ ಮೈಂ",
                "stop_id": "26131",
                "lat": 12.97026,
                "lon": 77.64122
              },
              {
                "name": "Indiranagara 6th Main",
                "name_kn": "ಇಂದಿರನಗರ 6ತ್ ಮೈಂ",
                "stop_id": "22000",
                "lat": 12.974,
                "lon": 77.64103
              },
              {
                "name": "Indiranagara Police Station/KFC",
                "name_kn": "ಇಂದಿರನಗರ ಪೊಲಿಕೆ ಸ್ಟಟಿೊಂ/ಕ್ೞ್ಕ್",
                "stop_id": "22389",
                "lat": 12.97857,
                "lon": 77.6408
              },
              {
                "name": "Binnamangala",
                "name_kn": "ಬಿಂನಮಙಲ",
                "stop_id": "20671",
                "lat": 12.98384,
                "lon": 77.64002
              },
              {
                "name": "Depot-06 Gate",
                "name_kn": "ದೆಪೊಟ್-06 ಗಟೆ",
                "stop_id": "20742",
                "lat": 12.9824,
                "lon": 77.6344
              }
            ]
          },
          {
            "Route": "252-A PSS-ISROM",
            "RouteId": 12303,
            "RouteParentId": 6551,
            "Destination": "ISRO Murugeshpalya",
            "Via": "",
            "Area": "Peenya 2nd Stage",
            "PlatformNumber": "1",
            "KannadaDestination": "ಇಸ್ರೊ ಮುರುಗೆಶ್ಪಲೆ",
            "KannadaArea": "ಪೀಣ್ಯ 2ನೇ ಹಂತ",
            "KannadaVia": "",
            "FromStationId": 21914,
            "Stops": [
              {
                "name": "Domlur",
                "name_kn": "ದೊಂಲುರ್",
                "stop_id": "21914",
                "lat": 12.96111,
                "lon": 77.63809
              },
              {
                "name": "Domlur Flyover",
                "name_kn": "ದೊಂಲುರ್ ೞ್ಲೆೊವೆರ್",
                "stop_id": "21917",
                "lat": 12.96048,
                "lon": 77.64352
              },
              {
                "name": "Kodihalli",
                "name_kn": "ಕೊದಿಹಲ್ಲಿ",
                "stop_id": "22178",
                "lat": 12.96,
                "lon": 77.64758
              },
              {
                "name": "NAL/Manipal Hospital",
                "name_kn": "ನಲ್/ಮನಿಪಲ್ ಹೊಸ್ಪಿಟಲ್",
                "stop_id": "22336",
                "lat": 12.95964,
                "lon": 77.65076
              },
              {
                "name": "ISRO Murugeshpalya",
                "name_kn": "ಇಸ್ರೊ ಮುರುಗೆಶ್ಪಲೆ",
                "stop_id": "36395",
                "lat": 12.95961,
                "lon": 77.65453
              }
            ]
          },
          {
            "Route": "333 KBS-HALM-BEMLF",
            "RouteId": 14940,
            "RouteParentId": 8006,
            "Destination": "BEML Factory",
            "Via": "",
            "Area": "Kempegowda Bus Station",
            "PlatformNumber": "1",
            "KannadaDestination": "ಬೆಂಲ್ ೞಕ್ಟೊರೆ",
            "KannadaArea": "ಕೆಂಪೇಗೌಡ ಬಸ್ ನಿಲ್ದಾಣ",
            "KannadaVia": "",
            "FromStationId": 21914,
            "Stops": [
              {
                "name": "Domlur",
                "name_kn": "ದೊಂಲುರ್",
                "stop_id": "21914",
                "lat": 12.96111,
                "lon": 77.63809
              },
              {
                "name": "Domlur Flyover",
                "name_kn": "ದೊಂಲುರ್ ೞ್ಲೆೊವೆರ್",
                "stop_id": "21917",
                "lat": 12.96048,
                "lon": 77.64352
              },
              {
                "name": "Kodihalli",
                "name_kn": "ಕೊದಿಹಲ್ಲಿ",
                "stop_id": "22178",
                "lat": 12.96,
                "lon": 77.64758
              },
              {
                "name": "NAL/Manipal Hospital",
                "name_kn": "ನಲ್/ಮನಿಪಲ್ ಹೊಸ್ಪಿಟಲ್",
                "stop_id": "22336",
                "lat": 12.95964,
                "lon": 77.65076
              },
              {
                "name": "Murugeshpalya",
                "name_kn": "ಮುರುಗೆಶ್ಪಲೆ",
                "stop_id": "22316",
                "lat": 12.95936,
                "lon": 77.65618
              },
              {
                "name": "Konena Agrahara",
                "name_kn": "ಕೊನೆನ ಗ್ರಹರ",
                "stop_id": "22193",
                "lat": 12.95914,
                "lon": 77.65962
              },
              {
                "name": "HAL Main Gate",
                "name_kn": "ಹಲ್ ಮೈಂ ಗಟೆ",
                "stop_id": "35189",
                "lat": 12.95852,
                "lon": 77.66629
              },
              {
                "name": "Annasandrapalya Cross",
                "name_kn": "ಅಂನಸಂದ್ರಪಲೆ ಕ್ರೊಸ್ಸ್",
                "stop_id": "23646",
                "lat": 12.96044,
                "lon": 77.66607
              },
              {
                "name": "Jeevan Bheemanagara Cross1",
                "name_kn": "ಜೀವಂ ಭೀಮನಗರ ಕ್ರೊಸ್ಸ್1",
                "stop_id": "35810",
                "lat": 12.96687,
                "lon": 77.66151
              },
              {
                "name": "BEML Factory",
                "name_kn": "ಬೆಂಲ್ ೞಕ್ಟೊರೆ",
                "stop_id": "36497",
                "lat": 12.97146,
                "lon": 77.65908
              }
            ]
          },
          {
            "Route": "335-C",
            "RouteId": 6948,
            "RouteParentId": 3739,
            "Destination": "Lal Bahaddur Shastri Nagara",
            "Via": "",
            "Area": "KR Market",
            "PlatformNumber": "1",
            "KannadaDestination": "ಲಲ್ ಬಹದ್ದುರ್ ಶಸ್ಟ್ರಿ ನಗರ",
            "KannadaArea": "ಕೆಆರ್ ಮಾರುಕಟ್ಟೆ",
            "KannadaVia": "",
            "FromStationId": 21914,
            "Stops": [
              {
                "name": "Domlur",
                "name_kn": "ದೊಂಲುರ್",
                "stop_id": "21914",
                "lat": 12.96111,
                "lon": 77.63809
              },
              {
                "name": "Domlur Flyover",
                "name_kn": "ದೊಂಲುರ್ ೞ್ಲೆೊವೆರ್",
                "stop_id": "21917",
                "lat": 12.96048,
                "lon": 77.64352
              },
              {
                "name": "Kodihalli",
                "name_kn": "ಕೊದಿಹಲ್ಲಿ",
                "stop_id": "22178",
                "lat": 12.96,
                "lon": 77.64758
              },
              {
                "name": "NAL/Manipal Hospital",
                "name_kn": "ನಲ್/ಮನಿಪಲ್ ಹೊಸ್ಪಿಟಲ್",
                "stop_id": "22336",
                "lat": 12.95964,
                "lon": 77.65076
              },
              {
                "name": "Murugeshpalya",
                "name_kn": "ಮುರುಗೆಶ್ಪಲೆ",
                "stop_id": "22316",
                "lat": 12.95936,
                "lon": 77.65618
              },
              {
                "name": "Konena Agrahara",
                "name_kn": "ಕೊನೆನ ಗ್ರಹರ",
                "stop_id": "22193",
                "lat": 12.95914,
                "lon": 77.65962
              },
              {
                "name": "HAL Main Gate",
                "name_kn": "ಹಲ್ ಮೈಂ ಗಟೆ",
                "stop_id": "22003",
                "lat": 12.95821,
                "lon": 77.66821
              },
              {
                "name": "Annasandrapalya",
                "name_kn": "ಅಂನಸಂದ್ರಪಲೆ",
                "stop_id": "21648",
                "lat": 12.96444,
                "lon": 77.67236
              },
              {
                "name": "Lal Bahaddur Shastri Nagara",
                "name_kn": "ಲಲ್ ಬಹದ್ದುರ್ ಶಸ್ಟ್ರಿ ನಗರ",
                "stop_id": "28511",
                "lat": 12.96927,
                "lon": 77.67022
              }
            ]
          },
          {
            "Route": "333-C",
            "RouteId": 1679,
            "RouteParentId": 1002,
            "Destination": "Basavanagara",
            "Via": "",
            "Area": "Kempegowda Bus Station",
            "PlatformNumber": "1",
            "KannadaDestination": "ಬಸವನಗರ",
            "KannadaArea": "ಕೆಂಪೇಗೌಡ ಬಸ್ ನಿಲ್ದಾಣ",
            "KannadaVia": "",
            "FromStationId": 21914,
            "Stops": [
              {
                "name": "Domlur",
                "name_kn": "ದೊಂಲುರ್",
                "stop_id": "21914",
                "lat": 12.96111,
                "lon": 77.63809
              },
              {
                "name": "Domlur Flyover",
                "name_kn": "ದೊಂಲುರ್ ೞ್ಲೆೊವೆರ್",
                "stop_id": "21917",
                "lat": 12.96048,
                "lon": 77.64352
              },
              {
                "name": "Kodihalli",
                "name_kn": "ಕೊದಿಹಲ್ಲಿ",
                "stop_id": "22178",
                "lat": 12.96,
                "lon": 77.64758
              },
              {
                "name": "NAL/Manipal Hospital",
                "name_kn": "ನಲ್/ಮನಿಪಲ್ ಹೊಸ್ಪಿಟಲ್",
                "stop_id": "22336",
                "lat": 12.95964,
                "lon": 77.65076
              },
              {
                "name": "Murugeshpalya",
                "name_kn": "ಮುರುಗೆಶ್ಪಲೆ",
                "stop_id": "22316",
                "lat": 12.95936,
                "lon": 77.65618
              },
              {
                "name": "Konena Agrahara",
                "name_kn": "ಕೊನೆನ ಗ್ರಹರ",
                "stop_id": "22193",
                "lat": 12.95914,
                "lon": 77.65962
              },
              {
                "name": "HAL Main Gate",
                "name_kn": "ಹಲ್ ಮೈಂ ಗಟೆ",
                "stop_id": "22003",
                "lat": 12.95821,
                "lon": 77.66821
              },
              {
                "name": "Helicopter Division",
                "name_kn": "ಹೆಲಿಕೊಪ್ಟೆರ್ ದಿವಿಸಿೊಂ",
                "stop_id": "22021",
                "lat": 12.95582,
                "lon": 77.67735
              },
              {
                "name": "Ramesh Nagara Cross",
                "name_kn": "ರಮೆಶ್ ನಗರ ಕ್ರೊಸ್ಸ್",
                "stop_id": "37770",
                "lat": 12.95467,
                "lon": 77.67995
              },
              {
                "name": "Rameshnagara",
                "name_kn": "ರಮೆಶ್ನಗರ",
                "stop_id": "34375",
                "lat": 12.96411,
                "lon": 77.68213
              },
              {
                "name": "Basavanagara",
                "name_kn": "ಬಸವನಗರ",
                "stop_id": "21719",
                "lat": 12.96664,
                "lon": 77.68279
              }
            ]
          },
          {
            "Route": "330-C",
            "RouteId": 9131,
            "RouteParentId": 4896,
            "Destination": "Basavanagara",
            "Via": "",
            "Area": "Shivajinagara Bus Station",
            "PlatformNumber": "1",
            "KannadaDestination": "ಬಸವನಗರ",
            "KannadaArea": "ಶಿವಾಜಿನಗರ ಬಸ್ ನಿಲ್ದಾಣ",
            "KannadaVia": "",
            "FromStationId": 21914,
            "Stops": [
              {
                "name": "Domlur",
                "name_kn": "ದೊಂಲುರ್",
                "stop_id": "21914",
                "lat": 12.96111,
                "lon": 77.63809
              },
              {
                "name": "Domlur Flyover",
                "name_kn": "ದೊಂಲುರ್ ೞ್ಲೆೊವೆರ್",
                "stop_id": "21917",
                "lat": 12.96048,
                "lon": 77.64352
              },
              {
                "name": "Kodihalli",
                "name_kn": "ಕೊದಿಹಲ್ಲಿ",
                "stop_id": "22178",
                "lat": 12.96,
                "lon": 77.64758
              },
              {
                "name": "NAL/Manipal Hospital",
                "name_kn": "ನಲ್/ಮನಿಪಲ್ ಹೊಸ್ಪಿಟಲ್",
                "stop_id": "22336",
                "lat": 12.95964,
                "lon": 77.65076
              },
              {
                "name": "Murugeshpalya",
                "name_kn": "ಮುರುಗೆಶ್ಪಲೆ",
                "stop_id": "22316",
                "lat": 12.95936,
                "lon": 77.65618
              },
              {
                "name": "Konena Agrahara",
                "name_kn": "ಕೊನೆನ ಗ್ರಹರ",
                "stop_id": "22193",
                "lat": 12.95914,
                "lon": 77.65962
              },
              {
                "name": "HAL Main Gate",
                "name_kn": "ಹಲ್ ಮೈಂ ಗಟೆ",
                "stop_id": "22003",
                "lat": 12.95821,
                "lon": 77.66821
              },
              {
                "name": "Helicopter Division",
                "name_kn": "ಹೆಲಿಕೊಪ್ಟೆರ್ ದಿವಿಸಿೊಂ",
                "stop_id": "22021",
                "lat": 12.95582,
                "lon": 77.67735
              },
              {
                "name": "Ramesh Nagara Cross",
                "name_kn": "ರಮೆಶ್ ನಗರ ಕ್ರೊಸ್ಸ್",
                "stop_id": "37770",
                "lat": 12.95467,
                "lon": 77.67995
              },
              {
                "name": "Rameshnagara",
                "name_kn": "ರಮೆಶ್ನಗರ",
                "stop_id": "34375",
                "lat": 12.96411,
                "lon": 77.68213
              },
              {
                "name": "Basavanagara",
                "name_kn": "ಬಸವನಗರ",
                "stop_id": "21719",
                "lat": 12.96664,
                "lon": 77.68279
              }
            ]
          },
          {
            "Route": "225-CA BEML5-HAL ARDC",
            "RouteId": 15239,
            "RouteParentId": 8166,
            "Destination": "HAL ARDC",
            "Via": "",
            "Area": "BEML Layout 5th stage",
            "PlatformNumber": "1",
            "KannadaDestination": "ಹಲ್ ರ್ದ್ಕ್",
            "KannadaArea": "ಬಿಇಎಂಎಲ್ ಲೇಔಟ್ 5ನೇ ಹಂತ",
            "KannadaVia": "",
            "FromStationId": 21914,
            "Stops": [
              {
                "name": "Domlur",
                "name_kn": "ದೊಂಲುರ್",
                "stop_id": "21914",
                "lat": 12.96111,
                "lon": 77.63809
              },
              {
                "name": "Domlur Flyover",
                "name_kn": "ದೊಂಲುರ್ ೞ್ಲೆೊವೆರ್",
                "stop_id": "21917",
                "lat": 12.96048,
                "lon": 77.64352
              },
              {
                "name": "Kodihalli",
                "name_kn": "ಕೊದಿಹಲ್ಲಿ",
                "stop_id": "22178",
                "lat": 12.96,
                "lon": 77.64758
              },
              {
                "name": "NAL/Manipal Hospital",
                "name_kn": "ನಲ್/ಮನಿಪಲ್ ಹೊಸ್ಪಿಟಲ್",
                "stop_id": "22336",
                "lat": 12.95964,
                "lon": 77.65076
              },
              {
                "name": "Murugeshpalya",
                "name_kn": "ಮುರುಗೆಶ್ಪಲೆ",
                "stop_id": "22316",
                "lat": 12.95936,
                "lon": 77.65618
              },
              {
                "name": "Konena Agrahara",
                "name_kn": "ಕೊನೆನ ಗ್ರಹರ",
                "stop_id": "22193",
                "lat": 12.95914,
                "lon": 77.65962
              },
              {
                "name": "HAL Main Gate",
                "name_kn": "ಹಲ್ ಮೈಂ ಗಟೆ",
                "stop_id": "22003",
                "lat": 12.95821,
                "lon": 77.66821
              },
              {
                "name": "Helicopter Division",
                "name_kn": "ಹೆಲಿಕೊಪ್ಟೆರ್ ದಿವಿಸಿೊಂ",
                "stop_id": "22021",
                "lat": 12.95582,
                "lon": 77.67735
              },
              {
                "name": "Ramesh Nagara Cross",
                "name_kn": "ರಮೆಶ್ ನಗರ ಕ್ರೊಸ್ಸ್",
                "stop_id": "37770",
                "lat": 12.95467,
                "lon": 77.67995
              },
              {
                "name": "HAL ARDC",
                "name_kn": "ಹಲ್ ರ್ದ್ಕ್",
                "stop_id": "36748",
                "lat": 12.96185,
                "lon": 77.68527
              }
            ]
          },
          {
            "Route": "335-N KGR-KMT-ARDCHAL",
            "RouteId": 10479,
            "RouteParentId": 5585,
            "Destination": "HAL ARDC",
            "Via": "",
            "Area": "Kengeri Bus Station",
            "PlatformNumber": "1",
            "KannadaDestination": "ಹಲ್ ರ್ದ್ಕ್",
            "KannadaArea": "ಕೆಂಗೇರಿ ಬಸ್ ನಿಲ್ದಾಣ",
            "KannadaVia": "",
            "FromStationId": 21914,
            "Stops": [
              {
                "name": "Domlur",
                "name_kn": "ದೊಂಲುರ್",
                "stop_id": "21914",
                "lat": 12.96111,
                "lon": 77.63809
              },
              {
                "name": "Domlur Flyover",
                "name_kn": "ದೊಂಲುರ್ ೞ್ಲೆೊವೆರ್",
                "stop_id": "21917",
                "lat": 12.96048,
                "lon": 77.64352
              },
              {
                "name": "Kodihalli",
                "name_kn": "ಕೊದಿಹಲ್ಲಿ",
                "stop_id": "22178",
                "lat": 12.96,
                "lon": 77.64758
              },
              {
                "name": "NAL/Manipal Hospital",
                "name_kn": "ನಲ್/ಮನಿಪಲ್ ಹೊಸ್ಪಿಟಲ್",
                "stop_id": "22336",
                "lat": 12.95964,
                "lon": 77.65076
              },
              {
                "name": "Murugeshpalya",
                "name_kn": "ಮುರುಗೆಶ್ಪಲೆ",
                "stop_id": "22316",
                "lat": 12.95936,
                "lon": 77.65618
              },
              {
                "name": "Konena Agrahara",
                "name_kn": "ಕೊನೆನ ಗ್ರಹರ",
                "stop_id": "22193",
                "lat": 12.95914,
                "lon": 77.65962
              },
              {
                "name": "HAL Main Gate",
                "name_kn": "ಹಲ್ ಮೈಂ ಗಟೆ",
                "stop_id": "22003",
                "lat": 12.95821,
                "lon": 77.66821
              },
              {
                "name": "Helicopter Division",
                "name_kn": "ಹೆಲಿಕೊಪ್ಟೆರ್ ದಿವಿಸಿೊಂ",
                "stop_id": "22021",
                "lat": 12.95582,
                "lon": 77.67735
              },
              {
                "name": "HAL ARDC",
                "name_kn": "ಹಲ್ ರ್ದ್ಕ್",
                "stop_id": "36748",
                "lat": 12.96185,
                "lon": 77.68527
              }
            ]
          },
          {
            "Route": "336-A",
            "RouteId": 14306,
            "RouteParentId": 7650,
            "Destination": "Kempapura",
            "Via": "",
            "Area": "KR Market",
            "PlatformNumber": "1",
            "KannadaDestination": "ಕೆಂಪಪುರ",
            "KannadaArea": "ಕೆಆರ್ ಮಾರುಕಟ್ಟೆ",
            "KannadaVia": "",
            "FromStationId": 21914,
            "Stops": [
              {
                "name": "Domlur",
                "name_kn": "ದೊಂಲುರ್",
                "stop_id": "21914",
                "lat": 12.96111,
                "lon": 77.63809
              },
              {
                "name": "Domlur Flyover",
                "name_kn": "ದೊಂಲುರ್ ೞ್ಲೆೊವೆರ್",
                "stop_id": "21917",
                "lat": 12.96048,
                "lon": 77.64352
              },
              {
                "name": "Kodihalli",
                "name_kn": "ಕೊದಿಹಲ್ಲಿ",
                "stop_id": "22178",
                "lat": 12.96,
                "lon": 77.64758
              },
              {
                "name": "NAL/Manipal Hospital",
                "name_kn": "ನಲ್/ಮನಿಪಲ್ ಹೊಸ್ಪಿಟಲ್",
                "stop_id": "22336",
                "lat": 12.95964,
                "lon": 77.65076
              },
              {
                "name": "Murugeshpalya",
                "name_kn": "ಮುರುಗೆಶ್ಪಲೆ",
                "stop_id": "22316",
                "lat": 12.95936,
                "lon": 77.65618
              },
              {
                "name": "Konena Agrahara",
                "name_kn": "ಕೊನೆನ ಗ್ರಹರ",
                "stop_id": "22193",
                "lat": 12.95914,
                "lon": 77.65962
              },
              {
                "name": "HAL Main Gate",
                "name_kn": "ಹಲ್ ಮೈಂ ಗಟೆ",
                "stop_id": "22003",
                "lat": 12.95821,
                "lon": 77.66821
              },
              {
                "name": "HAL Admin Gate",
                "name_kn": "ಹಲ್ ದ್ಮಿಂ ಗಟೆ",
                "stop_id": "39489",
                "lat": 12.95813,
                "lon": 77.66949
              },
              {
                "name": "HAL Kalyana Mantap",
                "name_kn": "ಹಲ್ ಕಲೆನ ಮಂಟಪ್",
                "stop_id": "22001",
                "lat": 12.9546,
                "lon": 77.68215
              },
              {
                "name": "Yamalur Cross",
                "name_kn": "ಯಮಲುರ್ ಕ್ರೊಸ್ಸ್",
                "stop_id": "22627",
                "lat": 12.95525,
                "lon": 77.68829
              },
              {
                "name": "Yamalur",
                "name_kn": "ಯಮಲುರ್",
                "stop_id": "23703",
                "lat": 12.94844,
                "lon": 77.68076
              },
              {
                "name": "Kempapura",
                "name_kn": "ಕೆಂಪಪುರ",
                "stop_id": "30969",
                "lat": 12.94658,
                "lon": 77.67305
              }
            ]
          },
          {
            "Route": "333-F",
            "RouteId": 4676,
            "RouteParentId": 2563,
            "Destination": "Dodda Nekkundi",
            "Via": "",
            "Area": "Kempegowda Bus Station",
            "PlatformNumber": "1",
            "KannadaDestination": "ದೊದ್ದ ನೆಕ್ಕುಂದಿ",
            "KannadaArea": "ಕೆಂಪೇಗೌಡ ಬಸ್ ನಿಲ್ದಾಣ",
            "KannadaVia": "",
            "FromStationId": 21914,
            "Stops": [
              {
                "name": "Domlur",
                "name_kn": "ದೊಂಲುರ್",
                "stop_id": "21914",
                "lat": 12.96111,
                "lon": 77.63809
              },
              {
                "name": "Domlur Flyover",
                "name_kn": "ದೊಂಲುರ್ ೞ್ಲೆೊವೆರ್",
                "stop_id": "21917",
                "lat": 12.96048,
                "lon": 77.64352
              },
              {
                "name": "Kodihalli",
                "name_kn": "ಕೊದಿಹಲ್ಲಿ",
                "stop_id": "22178",
                "lat": 12.96,
                "lon": 77.64758
              },
              {
                "name": "NAL/Manipal Hospital",
                "name_kn": "ನಲ್/ಮನಿಪಲ್ ಹೊಸ್ಪಿಟಲ್",
                "stop_id": "22336",
                "lat": 12.95964,
                "lon": 77.65076
              },
              {
                "name": "Murugeshpalya",
                "name_kn": "ಮುರುಗೆಶ್ಪಲೆ",
                "stop_id": "22316",
                "lat": 12.95936,
                "lon": 77.65618
              },
              {
                "name": "Konena Agrahara",
                "name_kn": "ಕೊನೆನ ಗ್ರಹರ",
                "stop_id": "22193",
                "lat": 12.95914,
                "lon": 77.65962
              },
              {
                "name": "HAL Main Gate",
                "name_kn": "ಹಲ್ ಮೈಂ ಗಟೆ",
                "stop_id": "22003",
                "lat": 12.95821,
                "lon": 77.66821
              },
              {
                "name": "HAL Admin Gate",
                "name_kn": "ಹಲ್ ದ್ಮಿಂ ಗಟೆ",
                "stop_id": "39489",
                "lat": 12.95813,
                "lon": 77.66949
              },
              {
                "name": "Helicopter Division",
                "name_kn": "ಹೆಲಿಕೊಪ್ಟೆರ್ ದಿವಿಸಿೊಂ",
                "stop_id": "22021",
                "lat": 12.95582,
                "lon": 77.67735
              },
              {
                "name": "HAL Kalyana Mantap",
                "name_kn": "ಹಲ್ ಕಲೆನ ಮಂಟಪ್",
                "stop_id": "22001",
                "lat": 12.9546,
                "lon": 77.68215
              },
              {
                "name": "Yamalur Cross",
                "name_kn": "ಯಮಲುರ್ ಕ್ರೊಸ್ಸ್",
                "stop_id": "22627",
                "lat": 12.95525,
                "lon": 77.68829
              },
              {
                "name": "Dodda Nekkundi Junction",
                "name_kn": "ದೊದ್ದ ನೆಕ್ಕುಂದಿ ಜುಂಕ್ಟಿೊಂ",
                "stop_id": "32517",
                "lat": 12.95607,
                "lon": 77.69166
              },
              {
                "name": "GBJ Colony Gate Doddanekkundi",
                "name_kn": "ಗ್ಬ್ಜ್ ಕೊಲೊನೆ ಗಟೆ ದೊದ್ದನೆಕ್ಕುಂದಿ",
                "stop_id": "32660",
                "lat": 12.95753,
                "lon": 77.69134
              },
              {
                "name": "Dodda Nekkundi Cross",
                "name_kn": "ದೊದ್ದ ನೆಕ್ಕುಂದಿ ಕ್ರೊಸ್ಸ್",
                "stop_id": "25050",
                "lat": 12.96793,
                "lon": 77.6933
              },
              {
                "name": "Dodda Nekkundi",
                "name_kn": "ದೊದ್ದ ನೆಕ್ಕುಂದಿ",
                "stop_id": "32516",
                "lat": 12.97146,
                "lon": 77.69418
              }
            ]
          },
          {
            "Route": "SBS-HAL-BEMLG",
            "RouteId": 13927,
            "RouteParentId": 7441,
            "Destination": "BEML Gate",
            "Via": "",
            "Area": "Shivajinagara Bus Station",
            "PlatformNumber": "1",
            "KannadaDestination": "ಬೆಂಲ್ ಗಟೆ",
            "KannadaArea": "ಶಿವಾಜಿನಗರ ಬಸ್ ನಿಲ್ದಾಣ",
            "KannadaVia": "",
            "FromStationId": 21914,
            "Stops": [
              {
                "name": "Domlur",
                "name_kn": "ದೊಂಲುರ್",
                "stop_id": "21914",
                "lat": 12.96111,
                "lon": 77.63809
              },
              {
                "name": "Domlur Flyover",
                "name_kn": "ದೊಂಲುರ್ ೞ್ಲೆೊವೆರ್",
                "stop_id": "21917",
                "lat": 12.96048,
                "lon": 77.64352
              },
              {
                "name": "Kodihalli",
                "name_kn": "ಕೊದಿಹಲ್ಲಿ",
                "stop_id": "22178",
                "lat": 12.96,
                "lon": 77.64758
              },
              {
                "name": "NAL/Manipal Hospital",
                "name_kn": "ನಲ್/ಮನಿಪಲ್ ಹೊಸ್ಪಿಟಲ್",
                "stop_id": "22336",
                "lat": 12.95964,
                "lon": 77.65076
              },
              {
                "name": "Murugeshpalya",
                "name_kn": "ಮುರುಗೆಶ್ಪಲೆ",
                "stop_id": "22316",
                "lat": 12.95936,
                "lon": 77.65618
              },
              {
                "name": "Konena Agrahara",
                "name_kn": "ಕೊನೆನ ಗ್ರಹರ",
                "stop_id": "22193",
                "lat": 12.95914,
                "lon": 77.65962
              },
              {
                "name": "HAL Main Gate",
                "name_kn": "ಹಲ್ ಮೈಂ ಗಟೆ",
                "stop_id": "35189",
                "lat": 12.95852,
                "lon": 77.66629
              },
              {
                "name": "Jeevan Bheemanagara Cross1",
                "name_kn": "ಜೀವಂ ಭೀಮನಗರ ಕ್ರೊಸ್ಸ್1",
                "stop_id": "35810",
                "lat": 12.96687,
                "lon": 77.66151
              },
              {
                "name": "BEML Gate",
                "name_kn": "ಬೆಂಲ್ ಗಟೆ",
                "stop_id": "24153",
                "lat": 12.9713,
                "lon": 77.6588
              }
            ]
          },
          {
            "Route": "333-F KBS-MRHB-DDNK",
            "RouteId": 11437,
            "RouteParentId": 6097,
            "Destination": "Dodda Nekkundi",
            "Via": "",
            "Area": "Kempegowda Bus Station",
            "PlatformNumber": "1",
            "KannadaDestination": "ದೊದ್ದ ನೆಕ್ಕುಂದಿ",
            "KannadaArea": "ಕೆಂಪೇಗೌಡ ಬಸ್ ನಿಲ್ದಾಣ",
            "KannadaVia": "",
            "FromStationId": 21914,
            "Stops": [
              {
                "name": "Domlur",
                "name_kn": "ದೊಂಲುರ್",
                "stop_id": "21914",
                "lat": 12.96111,
                "lon": 77.63809
              },
              {
                "name": "Domlur Flyover",
                "name_kn": "ದೊಂಲುರ್ ೞ್ಲೆೊವೆರ್",
                "stop_id": "21917",
                "lat": 12.96048,
                "lon": 77.64352
              },
              {
                "name": "Kodihalli",
                "name_kn": "ಕೊದಿಹಲ್ಲಿ",
                "stop_id": "22178",
                "lat": 12.96,
                "lon": 77.64758
              },
              {
                "name": "NAL/Manipal Hospital",
                "name_kn": "ನಲ್/ಮನಿಪಲ್ ಹೊಸ್ಪಿಟಲ್",
                "stop_id": "22336",
                "lat": 12.95964,
                "lon": 77.65076
              },
              {
                "name": "Murugeshpalya",
                "name_kn": "ಮುರುಗೆಶ್ಪಲೆ",
                "stop_id": "22316",
                "lat": 12.95936,
                "lon": 77.65618
              },
              {
                "name": "Konena Agrahara",
                "name_kn": "ಕೊನೆನ ಗ್ರಹರ",
                "stop_id": "22193",
                "lat": 12.95914,
                "lon": 77.65962
              },
              {
                "name": "HAL Main Gate",
                "name_kn": "ಹಲ್ ಮೈಂ ಗಟೆ",
                "stop_id": "22003",
                "lat": 12.95821,
                "lon": 77.66821
              },
              {
                "name": "Helicopter Division",
                "name_kn": "ಹೆಲಿಕೊಪ್ಟೆರ್ ದಿವಿಸಿೊಂ",
                "stop_id": "22021",
                "lat": 12.95582,
                "lon": 77.67735
              },
              {
                "name": "HAL Kalyana Mantap",
                "name_kn": "ಹಲ್ ಕಲೆನ ಮಂಟಪ್",
                "stop_id": "22001",
                "lat": 12.9546,
                "lon": 77.68215
              },
              {
                "name": "Yamalur Cross",
                "name_kn": "ಯಮಲುರ್ ಕ್ರೊಸ್ಸ್",
                "stop_id": "22627",
                "lat": 12.95525,
                "lon": 77.68829
              },
              {
                "name": "Marathahalli",
                "name_kn": "ಮರತಹಲ್ಲಿ",
                "stop_id": "22260",
                "lat": 12.95626,
                "lon": 77.69409
              },
              {
                "name": "Marathahalli Bridge",
                "name_kn": "ಮರತಹಲ್ಲಿ ಬ್ರಿದ್ಗೆ",
                "stop_id": "37596",
                "lat": 12.95715,
                "lon": 77.70096
              },
              {
                "name": "Dodda Nekkundi Cross",
                "name_kn": "ದೊದ್ದ ನೆಕ್ಕುಂದಿ ಕ್ರೊಸ್ಸ್",
                "stop_id": "25050",
                "lat": 12.96793,
                "lon": 77.6933
              },
              {
                "name": "Dodda Nekkundi",
                "name_kn": "ದೊದ್ದ ನೆಕ್ಕುಂದಿ",
                "stop_id": "32516",
                "lat": 12.97146,
                "lon": 77.69418
              }
            ]
          },
          {
            "Route": "330-G SBS-MRHB-DDNK",
            "RouteId": 11440,
            "RouteParentId": 6099,
            "Destination": "Dodda Nekkundi",
            "Via": "",
            "Area": "Shivajinagara Bus Station",
            "PlatformNumber": "1",
            "KannadaDestination": "ದೊದ್ದ ನೆಕ್ಕುಂದಿ",
            "KannadaArea": "ಶಿವಾಜಿನಗರ ಬಸ್ ನಿಲ್ದಾಣ",
            "KannadaVia": "",
            "FromStationId": 21914,
            "Stops": [
              {
                "name": "Domlur",
                "name_kn": "ದೊಂಲುರ್",
                "stop_id": "21914",
                "lat": 12.96111,
                "lon": 77.63809
              },
              {
                "name": "Domlur Flyover",
                "name_kn": "ದೊಂಲುರ್ ೞ್ಲೆೊವೆರ್",
                "stop_id": "21917",
                "lat": 12.96048,
                "lon": 77.64352
              },
              {
                "name": "Kodihalli",
                "name_kn": "ಕೊದಿಹಲ್ಲಿ",
                "stop_id": "22178",
                "lat": 12.96,
                "lon": 77.64758
              },
              {
                "name": "NAL/Manipal Hospital",
                "name_kn": "ನಲ್/ಮನಿಪಲ್ ಹೊಸ್ಪಿಟಲ್",
                "stop_id": "22336",
                "lat": 12.95964,
                "lon": 77.65076
              },
              {
                "name": "Murugeshpalya",
                "name_kn": "ಮುರುಗೆಶ್ಪಲೆ",
                "stop_id": "22316",
                "lat": 12.95936,
                "lon": 77.65618
              },
              {
                "name": "Konena Agrahara",
                "name_kn": "ಕೊನೆನ ಗ್ರಹರ",
                "stop_id": "22193",
                "lat": 12.95914,
                "lon": 77.65962
              },
              {
                "name": "HAL Main Gate",
                "name_kn": "ಹಲ್ ಮೈಂ ಗಟೆ",
                "stop_id": "22003",
                "lat": 12.95821,
                "lon": 77.66821
              },
              {
                "name": "Helicopter Division",
                "name_kn": "ಹೆಲಿಕೊಪ್ಟೆರ್ ದಿವಿಸಿೊಂ",
                "stop_id": "22021",
                "lat": 12.95582,
                "lon": 77.67735
              },
              {
                "name": "HAL Kalyana Mantap",
                "name_kn": "ಹಲ್ ಕಲೆನ ಮಂಟಪ್",
                "stop_id": "22001",
                "lat": 12.9546,
                "lon": 77.68215
              },
              {
                "name": "Yamalur Cross",
                "name_kn": "ಯಮಲುರ್ ಕ್ರೊಸ್ಸ್",
                "stop_id": "22627",
                "lat": 12.95525,
                "lon": 77.68829
              },
              {
                "name": "Marathahalli",
                "name_kn": "ಮರತಹಲ್ಲಿ",
                "stop_id": "22260",
                "lat": 12.95626,
                "lon": 77.69409
              },
              {
                "name": "Marathahalli Bridge",
                "name_kn": "ಮರತಹಲ್ಲಿ ಬ್ರಿದ್ಗೆ",
                "stop_id": "37596",
                "lat": 12.95715,
                "lon": 77.70096
              },
              {
                "name": "Dodda Nekkundi Cross",
                "name_kn": "ದೊದ್ದ ನೆಕ್ಕುಂದಿ ಕ್ರೊಸ್ಸ್",
                "stop_id": "25050",
                "lat": 12.96793,
                "lon": 77.6933
              },
              {
                "name": "Dodda Nekkundi",
                "name_kn": "ದೊದ್ದ ನೆಕ್ಕುಂದಿ",
                "stop_id": "32516",
                "lat": 12.97146,
                "lon": 77.69418
              }
            ]
          },
          {
            "Route": "330-B",
            "RouteId": 14898,
            "RouteParentId": 7982,
            "Destination": "Bhoganahalli",
            "Via": "",
            "Area": "Shivajinagara Bus Station",
            "PlatformNumber": "1",
            "KannadaDestination": "ಭೊಗನಹಲ್ಲಿ",
            "KannadaArea": "ಶಿವಾಜಿನಗರ ಬಸ್ ನಿಲ್ದಾಣ",
            "KannadaVia": "",
            "FromStationId": 21914,
            "Stops": [
              {
                "name": "Domlur",
                "name_kn": "ದೊಂಲುರ್",
                "stop_id": "21914",
                "lat": 12.96111,
                "lon": 77.63809
              },
              {
                "name": "Domlur Flyover",
                "name_kn": "ದೊಂಲುರ್ ೞ್ಲೆೊವೆರ್",
                "stop_id": "21917",
                "lat": 12.96048,
                "lon": 77.64352
              },
              {
                "name": "Kodihalli",
                "name_kn": "ಕೊದಿಹಲ್ಲಿ",
                "stop_id": "22178",
                "lat": 12.96,
                "lon": 77.64758
              },
              {
                "name": "NAL/Manipal Hospital",
                "name_kn": "ನಲ್/ಮನಿಪಲ್ ಹೊಸ್ಪಿಟಲ್",
                "stop_id": "22336",
                "lat": 12.95964,
                "lon": 77.65076
              },
              {
                "name": "Murugeshpalya",
                "name_kn": "ಮುರುಗೆಶ್ಪಲೆ",
                "stop_id": "22316",
                "lat": 12.95936,
                "lon": 77.65618
              },
              {
                "name": "Konena Agrahara",
                "name_kn": "ಕೊನೆನ ಗ್ರಹರ",
                "stop_id": "22193",
                "lat": 12.95914,
                "lon": 77.65962
              },
              {
                "name": "HAL Main Gate",
                "name_kn": "ಹಲ್ ಮೈಂ ಗಟೆ",
                "stop_id": "22003",
                "lat": 12.95821,
                "lon": 77.66821
              },
              {
                "name": "HAL Admin Gate",
                "name_kn": "ಹಲ್ ದ್ಮಿಂ ಗಟೆ",
                "stop_id": "39489",
                "lat": 12.95813,
                "lon": 77.66949
              },
              {
                "name": "Helicopter Division",
                "name_kn": "ಹೆಲಿಕೊಪ್ಟೆರ್ ದಿವಿಸಿೊಂ",
                "stop_id": "22021",
                "lat": 12.95582,
                "lon": 77.67735
              },
              {
                "name": "HAL Kalyana Mantap",
                "name_kn": "ಹಲ್ ಕಲೆನ ಮಂಟಪ್",
                "stop_id": "22001",
                "lat": 12.9546,
                "lon": 77.68215
              },
              {
                "name": "Yamalur Cross",
                "name_kn": "ಯಮಲುರ್ ಕ್ರೊಸ್ಸ್",
                "stop_id": "22627",
                "lat": 12.95525,
                "lon": 77.68829
              },
              {
                "name": "Marathahalli",
                "name_kn": "ಮರತಹಲ್ಲಿ",
                "stop_id": "22260",
                "lat": 12.95626,
                "lon": 77.69409
              },
              {
                "name": "Kalamandira Marathahalli Bridge",
                "name_kn": "ಕಲಮಂದಿರ ಮರತಹಲ್ಲಿ ಬ್ರಿದ್ಗೆ",
                "stop_id": "23194",
                "lat": 12.95993,
                "lon": 77.70143
              },
              {
                "name": "Multiplex Marathahalli",
                "name_kn": "ಮುಲ್ಟಿಪ್ಲೆಕ್ಸ್ ಮರತಹಲ್ಲಿ",
                "stop_id": "21031",
                "lat": 12.95227,
                "lon": 77.70002
              },
              {
                "name": "Kadu bisanahalli",
                "name_kn": "ಕದು ಬಿಸನಹಲ್ಲಿ",
                "stop_id": "36276",
                "lat": 12.93934,
                "lon": 77.6957
              },
              {
                "name": "Panathuru",
                "name_kn": "ಪನತುರು",
                "stop_id": "23705",
                "lat": 12.93657,
                "lon": 77.70368
              },
              {
                "name": "Bhoganahalli",
                "name_kn": "ಭೊಗನಹಲ್ಲಿ",
                "stop_id": "23511",
                "lat": 12.92644,
                "lon": 77.70108
              }
            ]
          },
          {
            "Route": "333-Q KBS-PTR",
            "RouteId": 16620,
            "RouteParentId": 8900,
            "Destination": "Panathuru",
            "Via": "",
            "Area": "Kempegowda Bus Station",
            "PlatformNumber": "1",
            "KannadaDestination": "ಪನತುರು",
            "KannadaArea": "ಕೆಂಪೇಗೌಡ ಬಸ್ ನಿಲ್ದಾಣ",
            "KannadaVia": "",
            "FromStationId": 21914,
            "Stops": [
              {
                "name": "Domlur",
                "name_kn": "ದೊಂಲುರ್",
                "stop_id": "21914",
                "lat": 12.96111,
                "lon": 77.63809
              },
              {
                "name": "Domlur Flyover",
                "name_kn": "ದೊಂಲುರ್ ೞ್ಲೆೊವೆರ್",
                "stop_id": "21917",
                "lat": 12.96048,
                "lon": 77.64352
              },
              {
                "name": "Kodihalli",
                "name_kn": "ಕೊದಿಹಲ್ಲಿ",
                "stop_id": "22178",
                "lat": 12.96,
                "lon": 77.64758
              },
              {
                "name": "NAL/Manipal Hospital",
                "name_kn": "ನಲ್/ಮನಿಪಲ್ ಹೊಸ್ಪಿಟಲ್",
                "stop_id": "22336",
                "lat": 12.95964,
                "lon": 77.65076
              },
              {
                "name": "Murugeshpalya",
                "name_kn": "ಮುರುಗೆಶ್ಪಲೆ",
                "stop_id": "22316",
                "lat": 12.95936,
                "lon": 77.65618
              },
              {
                "name": "Konena Agrahara",
                "name_kn": "ಕೊನೆನ ಗ್ರಹರ",
                "stop_id": "22193",
                "lat": 12.95914,
                "lon": 77.65962
              },
              {
                "name": "HAL Main Gate",
                "name_kn": "ಹಲ್ ಮೈಂ ಗಟೆ",
                "stop_id": "22003",
                "lat": 12.95821,
                "lon": 77.66821
              },
              {
                "name": "HAL Admin Gate",
                "name_kn": "ಹಲ್ ದ್ಮಿಂ ಗಟೆ",
                "stop_id": "39489",
                "lat": 12.95813,
                "lon": 77.66949
              },
              {
                "name": "Helicopter Division",
                "name_kn": "ಹೆಲಿಕೊಪ್ಟೆರ್ ದಿವಿಸಿೊಂ",
                "stop_id": "22021",
                "lat": 12.95582,
                "lon": 77.67735
              },
              {
                "name": "HAL Kalyana Mantap",
                "name_kn": "ಹಲ್ ಕಲೆನ ಮಂಟಪ್",
                "stop_id": "22001",
                "lat": 12.9546,
                "lon": 77.68215
              },
              {
                "name": "Yamalur Cross",
                "name_kn": "ಯಮಲುರ್ ಕ್ರೊಸ್ಸ್",
                "stop_id": "22627",
                "lat": 12.95525,
                "lon": 77.68829
              },
              {
                "name": "Marathahalli",
                "name_kn": "ಮರತಹಲ್ಲಿ",
                "stop_id": "22260",
                "lat": 12.95626,
                "lon": 77.69409
              },
              {
                "name": "Marathahalli Bridge",
                "name_kn": "ಮರತಹಲ್ಲಿ ಬ್ರಿದ್ಗೆ",
                "stop_id": "22668",
                "lat": 12.9569,
                "lon": 77.70215
              },
              {
                "name": "Munnekolalu Cross (Spice Garden)",
                "name_kn": "ಮುಂನೆಕೊಲಲು ಕ್ರೊಸ್ಸ್ (ಸ್ಪಿಕೆ ಗರ್ದೆಂ)",
                "stop_id": "21038",
                "lat": 12.9564,
                "lon": 77.70927
              },
              {
                "name": "Multiplex Marathahalli",
                "name_kn": "ಮುಲ್ಟಿಪ್ಲೆಕ್ಸ್ ಮರತಹಲ್ಲಿ",
                "stop_id": "21031",
                "lat": 12.95227,
                "lon": 77.70002
              },
              {
                "name": "Kadu bisanahalli",
                "name_kn": "ಕದು ಬಿಸನಹಲ್ಲಿ",
                "stop_id": "36276",
                "lat": 12.93934,
                "lon": 77.6957
              },
              {
                "name": "Panathuru",
                "name_kn": "ಪನತುರು",
                "stop_id": "23705",
                "lat": 12.93657,
                "lon": 77.70368
              }
            ]
          },
          {
            "Route": "330-H",
            "RouteId": 6827,
            "RouteParentId": 3674,
            "Destination": "Munnekolalu",
            "Via": "",
            "Area": "Shivajinagara Bus Station",
            "PlatformNumber": "1",
            "KannadaDestination": "ಮುಂನೆಕೊಲಲು",
            "KannadaArea": "ಶಿವಾಜಿನಗರ ಬಸ್ ನಿಲ್ದಾಣ",
            "KannadaVia": "",
            "FromStationId": 21914,
            "Stops": [
              {
                "name": "Domlur",
                "name_kn": "ದೊಂಲುರ್",
                "stop_id": "21914",
                "lat": 12.96111,
                "lon": 77.63809
              },
              {
                "name": "Domlur Flyover",
                "name_kn": "ದೊಂಲುರ್ ೞ್ಲೆೊವೆರ್",
                "stop_id": "21917",
                "lat": 12.96048,
                "lon": 77.64352
              },
              {
                "name": "Kodihalli",
                "name_kn": "ಕೊದಿಹಲ್ಲಿ",
                "stop_id": "22178",
                "lat": 12.96,
                "lon": 77.64758
              },
              {
                "name": "NAL/Manipal Hospital",
                "name_kn": "ನಲ್/ಮನಿಪಲ್ ಹೊಸ್ಪಿಟಲ್",
                "stop_id": "22336",
                "lat": 12.95964,
                "lon": 77.65076
              },
              {
                "name": "Murugeshpalya",
                "name_kn": "ಮುರುಗೆಶ್ಪಲೆ",
                "stop_id": "22316",
                "lat": 12.95936,
                "lon": 77.65618
              },
              {
                "name": "Konena Agrahara",
                "name_kn": "ಕೊನೆನ ಗ್ರಹರ",
                "stop_id": "22193",
                "lat": 12.95914,
                "lon": 77.65962
              },
              {
                "name": "HAL Main Gate",
                "name_kn": "ಹಲ್ ಮೈಂ ಗಟೆ",
                "stop_id": "22003",
                "lat": 12.95821,
                "lon": 77.66821
              },
              {
                "name": "HAL Admin Gate",
                "name_kn": "ಹಲ್ ದ್ಮಿಂ ಗಟೆ",
                "stop_id": "39489",
                "lat": 12.95813,
                "lon": 77.66949
              },
              {
                "name": "Helicopter Division",
                "name_kn": "ಹೆಲಿಕೊಪ್ಟೆರ್ ದಿವಿಸಿೊಂ",
                "stop_id": "22021",
                "lat": 12.95582,
                "lon": 77.67735
              },
              {
                "name": "HAL Kalyana Mantap",
                "name_kn": "ಹಲ್ ಕಲೆನ ಮಂಟಪ್",
                "stop_id": "22001",
                "lat": 12.9546,
                "lon": 77.68215
              },
              {
                "name": "Yamalur Cross",
                "name_kn": "ಯಮಲುರ್ ಕ್ರೊಸ್ಸ್",
                "stop_id": "22627",
                "lat": 12.95525,
                "lon": 77.68829
              },
              {
                "name": "Marathahalli",
                "name_kn": "ಮರತಹಲ್ಲಿ",
                "stop_id": "22260",
                "lat": 12.95626,
                "lon": 77.69409
              },
              {
                "name": "Marathahalli Bridge",
                "name_kn": "ಮರತಹಲ್ಲಿ ಬ್ರಿದ್ಗೆ",
                "stop_id": "22668",
                "lat": 12.9569,
                "lon": 77.70215
              },
              {
                "name": "Munnekolalu Cross (Spice Garden)",
                "name_kn": "ಮುಂನೆಕೊಲಲು ಕ್ರೊಸ್ಸ್ (ಸ್ಪಿಕೆ ಗರ್ದೆಂ)",
                "stop_id": "21038",
                "lat": 12.9564,
                "lon": 77.70927
              },
              {
                "name": "Munnekolalu Junction",
                "name_kn": "ಮುಂನೆಕೊಲಲು ಜುಂಕ್ಟಿೊಂ",
                "stop_id": "23320",
                "lat": 12.95646,
                "lon": 77.7049
              },
              {
                "name": "Munnekolalu",
                "name_kn": "ಮುಂನೆಕೊಲಲು",
                "stop_id": "23321",
                "lat": 12.94854,
                "lon": 77.70802
              }
            ]
          },
          {
            "Route": "338",
            "RouteId": 9150,
            "RouteParentId": 4905,
            "Destination": "Munnekolalu",
            "Via": "",
            "Area": "KR Market",
            "PlatformNumber": "1",
            "KannadaDestination": "ಮುಂನೆಕೊಲಲು",
            "KannadaArea": "ಕೆಆರ್ ಮಾರುಕಟ್ಟೆ",
            "KannadaVia": "",
            "FromStationId": 21914,
            "Stops": [
              {
                "name": "Domlur",
                "name_kn": "ದೊಂಲುರ್",
                "stop_id": "21914",
                "lat": 12.96111,
                "lon": 77.63809
              },
              {
                "name": "Domlur Flyover",
                "name_kn": "ದೊಂಲುರ್ ೞ್ಲೆೊವೆರ್",
                "stop_id": "21917",
                "lat": 12.96048,
                "lon": 77.64352
              },
              {
                "name": "Kodihalli",
                "name_kn": "ಕೊದಿಹಲ್ಲಿ",
                "stop_id": "22178",
                "lat": 12.96,
                "lon": 77.64758
              },
              {
                "name": "NAL/Manipal Hospital",
                "name_kn": "ನಲ್/ಮನಿಪಲ್ ಹೊಸ್ಪಿಟಲ್",
                "stop_id": "22336",
                "lat": 12.95964,
                "lon": 77.65076
              },
              {
                "name": "Murugeshpalya",
                "name_kn": "ಮುರುಗೆಶ್ಪಲೆ",
                "stop_id": "22316",
                "lat": 12.95936,
                "lon": 77.65618
              },
              {
                "name": "Konena Agrahara",
                "name_kn": "ಕೊನೆನ ಗ್ರಹರ",
                "stop_id": "22193",
                "lat": 12.95914,
                "lon": 77.65962
              },
              {
                "name": "HAL Main Gate",
                "name_kn": "ಹಲ್ ಮೈಂ ಗಟೆ",
                "stop_id": "22003",
                "lat": 12.95821,
                "lon": 77.66821
              },
              {
                "name": "HAL Admin Gate",
                "name_kn": "ಹಲ್ ದ್ಮಿಂ ಗಟೆ",
                "stop_id": "39489",
                "lat": 12.95813,
                "lon": 77.66949
              },
              {
                "name": "Helicopter Division",
                "name_kn": "ಹೆಲಿಕೊಪ್ಟೆರ್ ದಿವಿಸಿೊಂ",
                "stop_id": "22021",
                "lat": 12.95582,
                "lon": 77.67735
              },
              {
                "name": "HAL Kalyana Mantap",
                "name_kn": "ಹಲ್ ಕಲೆನ ಮಂಟಪ್",
                "stop_id": "22001",
                "lat": 12.9546,
                "lon": 77.68215
              },
              {
                "name": "Yamalur Cross",
                "name_kn": "ಯಮಲುರ್ ಕ್ರೊಸ್ಸ್",
                "stop_id": "22627",
                "lat": 12.95525,
                "lon": 77.68829
              },
              {
                "name": "Marathahalli",
                "name_kn": "ಮರತಹಲ್ಲಿ",
                "stop_id": "22260",
                "lat": 12.95626,
                "lon": 77.69409
              },
              {
                "name": "Marathahalli Bridge",
                "name_kn": "ಮರತಹಲ್ಲಿ ಬ್ರಿದ್ಗೆ",
                "stop_id": "22668",
                "lat": 12.9569,
                "lon": 77.70215
              },
              {
                "name": "Munnekolalu Cross (Spice Garden)",
                "name_kn": "ಮುಂನೆಕೊಲಲು ಕ್ರೊಸ್ಸ್ (ಸ್ಪಿಕೆ ಗರ್ದೆಂ)",
                "stop_id": "21038",
                "lat": 12.9564,
                "lon": 77.70927
              },
              {
                "name": "Munnekolalu Junction",
                "name_kn": "ಮುಂನೆಕೊಲಲು ಜುಂಕ್ಟಿೊಂ",
                "stop_id": "23320",
                "lat": 12.95646,
                "lon": 77.7049
              },
              {
                "name": "Munnekolalu",
                "name_kn": "ಮುಂನೆಕೊಲಲು",
                "stop_id": "23321",
                "lat": 12.94854,
                "lon": 77.70802
              }
            ]
          },
          {
            "Route": "KIA-7A",
            "RouteId": 3954,
            "RouteParentId": 2193,
            "Destination": "Kempegowda International Airport",
            "Via": "",
            "Area": "Kempegowda International Airport",
            "PlatformNumber": "1",
            "KannadaDestination": "ಕೆಂಪೆಗೌದ ಿಂಟೆರ್ನಟಿೊನಲ್ ೈರ್ಪೊರ್ಟ್",
            "KannadaArea": "ಕೆಂಪೇಗೌಡ ಅಂತರಾಷ್ಟ್ರೀಯ ವಿಮಾನ ನಿಲ್ದಾಣ",
            "KannadaVia": "",
            "FromStationId": 21914,
            "Stops": [
              {
                "name": "Domlur Flyover",
                "name_kn": "ದೊಂಲುರ್ ೞ್ಲೆೊವೆರ್",
                "stop_id": "21916",
                "lat": 12.9577,
                "lon": 77.64133
              },
              {
                "name": "Domlur",
                "name_kn": "ದೊಂಲುರ್",
                "stop_id": "21913",
                "lat": 12.96122,
                "lon": 77.63667
              },
              {
                "name": "Commando Hospital",
                "name_kn": "ಕೊಮ್ಮಂದೊ ಹೊಸ್ಪಿಟಲ್",
                "stop_id": "21865",
                "lat": 12.96268,
                "lon": 77.62756
              },
              {
                "name": "Military Accounts Office",
                "name_kn": "ಮಿಲಿಟರೆ ಕ್ಕೌಂಟ್ಸ್ ೊೞ್ೞಿಕೆ",
                "stop_id": "22288",
                "lat": 12.96691,
                "lon": 77.62117
              },
              {
                "name": "Manipal Centre MG Road",
                "name_kn": "ಮನಿಪಲ್ ಕೆಂಟ್ರೆ ಂಗ್ ರೊದ್",
                "stop_id": "22255",
                "lat": 12.97552,
                "lon": 77.61356
              },
              {
                "name": "Shivajinagara Bus Station",
                "name_kn": "ಶಿವಜಿನಗರ ಬುಸ್ ಸ್ಟಟಿೊಂ",
                "stop_id": "21172",
                "lat": 12.98396,
                "lon": 77.60323
              },
              {
                "name": "Indian Express",
                "name_kn": "ಇಂದಿಂ ೆಕ್ಸ್ಪ್ರೆಸ್ಸ್",
                "stop_id": "20857",
                "lat": 12.98393,
                "lon": 77.5974
              },
              {
                "name": "Sophiya School",
                "name_kn": "ಸೊಫಿಯ ಸ್ಚೂಲ್",
                "stop_id": "23356",
                "lat": 12.98609,
                "lon": 77.58864
              },
              {
                "name": "RM Guttahalli",
                "name_kn": "ರ್ಂ ಗುಟಹಲ್ಲಿ",
                "stop_id": "21130",
                "lat": 12.99977,
                "lon": 77.58392
              },
              {
                "name": "Palace Ground",
                "name_kn": "ಪಲಕೆ ಗ್ರೌಂದ್",
                "stop_id": "21076",
                "lat": 13.01057,
                "lon": 77.58378
              },
              {
                "name": "Mekhri Circle",
                "name_kn": "ಮೆಖ್ರಿ ಕಿರ್ಕ್ಲೆ",
                "stop_id": "21019",
                "lat": 13.0175,
                "lon": 77.58385
              },
              {
                "name": "CBI",
                "name_kn": "ಕ್ಬಿ",
                "stop_id": "20698",
                "lat": 13.02613,
                "lon": 77.58514
              },
              {
                "name": "Veterinary Hospital",
                "name_kn": "ವೆಟೆರಿನರೆ ಹೊಸ್ಪಿಟಲ್",
                "stop_id": "21254",
                "lat": 13.03242,
                "lon": 77.58777
              },
              {
                "name": "Canara Bank Hebbala",
                "name_kn": "ಕನರ ಬಂಕ್ ಹೆಬ್ಬಲ",
                "stop_id": "20695",
                "lat": 13.03581,
                "lon": 77.58892
              },
              {
                "name": "Hebbala",
                "name_kn": "ಹೆಬ್ಬಲ",
                "stop_id": "20820",
                "lat": 13.03851,
                "lon": 77.58928
              },
              {
                "name": "Military Dairy Farm (Esteem Mall)",
                "name_kn": "ಮಿಲಿಟರೆ ದೈರೆ ೞರ್ಂ (ೆಸ್ಟೀಂ ಮಲ್ಲ್)",
                "stop_id": "33931",
                "lat": 13.04974,
                "lon": 77.59271
              },
              {
                "name": "Navayuga Toll  (Military Dairy Farm)",
                "name_kn": "ನವಯುಗ ಟೊಲ್ಲ್  (ಮಿಲಿಟರೆ ದೈರೆ ೞರ್ಂ)",
                "stop_id": "38168",
                "lat": 13.04998,
                "lon": 77.59277
              },
              {
                "name": "Byatarayanapura FLY",
                "name_kn": "ಬೆಟರಯನಪುರ ೞ್ಲೆ",
                "stop_id": "39269",
                "lat": 13.06723,
                "lon": 77.59298
              },
              {
                "name": "Allalasandra Gate FLY",
                "name_kn": "ಅಲ್ಲಲಸಂದ್ರ ಗಟೆ ೞ್ಲೆ",
                "stop_id": "35151",
                "lat": 13.08483,
                "lon": 77.59415
              },
              {
                "name": "Kogilu Cross FLY",
                "name_kn": "ಕೊಗಿಲು ಕ್ರೊಸ್ಸ್ ೞ್ಲೆ",
                "stop_id": "39273",
                "lat": 13.10383,
                "lon": 77.60039
              },
              {
                "name": "Venkatala FLY",
                "name_kn": "ವೆಂಕಟಲ ೞ್ಲೆ",
                "stop_id": "39274",
                "lat": 13.11138,
                "lon": 77.6047
              },
              {
                "name": "Indian Air Force FLY",
                "name_kn": "ಇಂದಿಂ ೈರ್ ೞೊರ್ಕೆ ೞ್ಲೆ",
                "stop_id": "39276",
                "lat": 13.13116,
                "lon": 77.61509
              },
              {
                "name": "Hunasamaranahalli FLY",
                "name_kn": "ಹುನಸಮರನಹಲ್ಲಿ ೞ್ಲೆ",
                "stop_id": "39280",
                "lat": 13.1443,
                "lon": 77.61742
              },
              {
                "name": "Bettahalasuru Cross FLY",
                "name_kn": "ಬೆಟಹಲಸುರು ಕ್ರೊಸ್ಸ್ ೞ್ಲೆ",
                "stop_id": "39282",
                "lat": 13.15666,
                "lon": 77.6232
              },
              {
                "name": "Chikkajala  FLY",
                "name_kn": "ಚಿಕ್ಕಜಲ  ೞ್ಲೆ",
                "stop_id": "39285",
                "lat": 13.17288,
                "lon": 77.63336
              },
              {
                "name": "Sadahalli Gate",
                "name_kn": "ಸದಹಲ್ಲಿ ಗಟೆ",
                "stop_id": "34443",
                "lat": 13.19072,
                "lon": 77.64583
              },
              {
                "name": "Trumpet (KIA)",
                "name_kn": "ಟ್ರುಂಪೆಟ್ (ಕಿ)",
                "stop_id": "35806",
                "lat": 13.19762,
                "lon": 77.65547
              },
              {
                "name": "Cargo Village",
                "name_kn": "ಕರ್ಗೊ ವಿಲ್ಲಗೆ",
                "stop_id": "37968",
                "lat": 13.19967,
                "lon": 77.68231
              },
              {
                "name": "DHFL",
                "name_kn": "ಧ್ೞ್ಲ್",
                "stop_id": "37969",
                "lat": 13.19963,
                "lon": 77.69561
              },
              {
                "name": "Kempegowda International Airport",
                "name_kn": "ಕೆಂಪೆಗೌದ ಿಂಟೆರ್ನಟಿೊನಲ್ ೈರ್ಪೊರ್ಟ್",
                "stop_id": "35805",
                "lat": 13.19916,
                "lon": 77.70774
              }
            ]
          },
          {
            "Route": "KIA-7A D25G-KIA",
            "RouteId": 16266,
            "RouteParentId": 8712,
            "Destination": "Kempegowda International Airport",
            "Via": "",
            "Area": "Kempegowda International Airport",
            "PlatformNumber": "1",
            "KannadaDestination": "ಕೆಂಪೆಗೌದ ಿಂಟೆರ್ನಟಿೊನಲ್ ೈರ್ಪೊರ್ಟ್",
            "KannadaArea": "ಕೆಂಪೇಗೌಡ ಅಂತರಾಷ್ಟ್ರೀಯ ವಿಮಾನ ನಿಲ್ದಾಣ",
            "KannadaVia": "",
            "FromStationId": 21914,
            "Stops": [
              {
                "name": "Domlur Flyover",
                "name_kn": "ದೊಂಲುರ್ ೞ್ಲೆೊವೆರ್",
                "stop_id": "21916",
                "lat": 12.9577,
                "lon": 77.64133
              },
              {
                "name": "Domlur",
                "name_kn": "ದೊಂಲುರ್",
                "stop_id": "21913",
                "lat": 12.96122,
                "lon": 77.63667
              },
              {
                "name": "Commando Hospital",
                "name_kn": "ಕೊಮ್ಮಂದೊ ಹೊಸ್ಪಿಟಲ್",
                "stop_id": "21865",
                "lat": 12.96268,
                "lon": 77.62756
              },
              {
                "name": "Military Accounts Office",
                "name_kn": "ಮಿಲಿಟರೆ ಕ್ಕೌಂಟ್ಸ್ ೊೞ್ೞಿಕೆ",
                "stop_id": "22288",
                "lat": 12.96691,
                "lon": 77.62117
              },
              {
                "name": "Manipal Centre MG Road",
                "name_kn": "ಮನಿಪಲ್ ಕೆಂಟ್ರೆ ಂಗ್ ರೊದ್",
                "stop_id": "22255",
                "lat": 12.97552,
                "lon": 77.61356
              },
              {
                "name": "Shivajinagara Bus Station",
                "name_kn": "ಶಿವಜಿನಗರ ಬುಸ್ ಸ್ಟಟಿೊಂ",
                "stop_id": "21172",
                "lat": 12.98396,
                "lon": 77.60323
              },
              {
                "name": "Indian Express",
                "name_kn": "ಇಂದಿಂ ೆಕ್ಸ್ಪ್ರೆಸ್ಸ್",
                "stop_id": "20857",
                "lat": 12.98393,
                "lon": 77.5974
              },
              {
                "name": "Sophiya School",
                "name_kn": "ಸೊಫಿಯ ಸ್ಚೂಲ್",
                "stop_id": "23356",
                "lat": 12.98609,
                "lon": 77.58864
              },
              {
                "name": "RM Guttahalli",
                "name_kn": "ರ್ಂ ಗುಟಹಲ್ಲಿ",
                "stop_id": "21130",
                "lat": 12.99977,
                "lon": 77.58392
              },
              {
                "name": "Palace Ground",
                "name_kn": "ಪಲಕೆ ಗ್ರೌಂದ್",
                "stop_id": "21076",
                "lat": 13.01057,
                "lon": 77.58378
              },
              {
                "name": "Mekhri Circle",
                "name_kn": "ಮೆಖ್ರಿ ಕಿರ್ಕ್ಲೆ",
                "stop_id": "21019",
                "lat": 13.0175,
                "lon": 77.58385
              },
              {
                "name": "CBI",
                "name_kn": "ಕ್ಬಿ",
                "stop_id": "20698",
                "lat": 13.02613,
                "lon": 77.58514
              },
              {
                "name": "Veterinary Hospital",
                "name_kn": "ವೆಟೆರಿನರೆ ಹೊಸ್ಪಿಟಲ್",
                "stop_id": "21254",
                "lat": 13.03242,
                "lon": 77.58777
              },
              {
                "name": "Canara Bank Hebbala",
                "name_kn": "ಕನರ ಬಂಕ್ ಹೆಬ್ಬಲ",
                "stop_id": "20695",
                "lat": 13.03581,
                "lon": 77.58892
              },
              {
                "name": "Hebbala",
                "name_kn": "ಹೆಬ್ಬಲ",
                "stop_id": "20820",
                "lat": 13.03851,
                "lon": 77.58928
              },
              {
                "name": "Military Dairy Farm (Esteem Mall)",
                "name_kn": "ಮಿಲಿಟರೆ ದೈರೆ ೞರ್ಂ (ೆಸ್ಟೀಂ ಮಲ್ಲ್)",
                "stop_id": "33931",
                "lat": 13.04974,
                "lon": 77.59271
              },
              {
                "name": "Navayuga Toll  (Military Dairy Farm)",
                "name_kn": "ನವಯುಗ ಟೊಲ್ಲ್  (ಮಿಲಿಟರೆ ದೈರೆ ೞರ್ಂ)",
                "stop_id": "38168",
                "lat": 13.04998,
                "lon": 77.59277
              },
              {
                "name": "Byatarayanapura FLY",
                "name_kn": "ಬೆಟರಯನಪುರ ೞ್ಲೆ",
                "stop_id": "39269",
                "lat": 13.06723,
                "lon": 77.59298
              },
              {
                "name": "Allalasandra Gate FLY",
                "name_kn": "ಅಲ್ಲಲಸಂದ್ರ ಗಟೆ ೞ್ಲೆ",
                "stop_id": "35151",
                "lat": 13.08483,
                "lon": 77.59415
              },
              {
                "name": "Kogilu Cross FLY",
                "name_kn": "ಕೊಗಿಲು ಕ್ರೊಸ್ಸ್ ೞ್ಲೆ",
                "stop_id": "39273",
                "lat": 13.10383,
                "lon": 77.60039
              },
              {
                "name": "Venkatala FLY",
                "name_kn": "ವೆಂಕಟಲ ೞ್ಲೆ",
                "stop_id": "39274",
                "lat": 13.11138,
                "lon": 77.6047
              },
              {
                "name": "Indian Air Force FLY",
                "name_kn": "ಇಂದಿಂ ೈರ್ ೞೊರ್ಕೆ ೞ್ಲೆ",
                "stop_id": "39276",
                "lat": 13.13116,
                "lon": 77.61509
              },
              {
                "name": "Hunasamaranahalli FLY",
                "name_kn": "ಹುನಸಮರನಹಲ್ಲಿ ೞ್ಲೆ",
                "stop_id": "39280",
                "lat": 13.1443,
                "lon": 77.61742
              },
              {
                "name": "Bettahalasuru Cross FLY",
                "name_kn": "ಬೆಟಹಲಸುರು ಕ್ರೊಸ್ಸ್ ೞ್ಲೆ",
                "stop_id": "39282",
                "lat": 13.15666,
                "lon": 77.6232
              },
              {
                "name": "Chikkajala  FLY",
                "name_kn": "ಚಿಕ್ಕಜಲ  ೞ್ಲೆ",
                "stop_id": "39285",
                "lat": 13.17288,
                "lon": 77.63336
              },
              {
                "name": "Sadahalli Gate",
                "name_kn": "ಸದಹಲ್ಲಿ ಗಟೆ",
                "stop_id": "34443",
                "lat": 13.19072,
                "lon": 77.64583
              },
              {
                "name": "Trumpet (KIA)",
                "name_kn": "ಟ್ರುಂಪೆಟ್ (ಕಿ)",
                "stop_id": "35806",
                "lat": 13.19762,
                "lon": 77.65547
              },
              {
                "name": "Cargo Village",
                "name_kn": "ಕರ್ಗೊ ವಿಲ್ಲಗೆ",
                "stop_id": "37968",
                "lat": 13.19967,
                "lon": 77.68231
              },
              {
                "name": "DHFL",
                "name_kn": "ಧ್ೞ್ಲ್",
                "stop_id": "37969",
                "lat": 13.19963,
                "lon": 77.69561
              },
              {
                "name": "Kempegowda International Airport",
                "name_kn": "ಕೆಂಪೆಗೌದ ಿಂಟೆರ್ನಟಿೊನಲ್ ೈರ್ಪೊರ್ಟ್",
                "stop_id": "35805",
                "lat": 13.19916,
                "lon": 77.70774
              }
            ]
          },
          {
            "Route": "SBS-1K",
            "RouteId": 1709,
            "RouteParentId": 1018,
            "Destination": "Kadugodi Bus Station",
            "Via": "",
            "Area": "Kadugodi Bus Station",
            "PlatformNumber": "1",
            "KannadaDestination": "ಕದುಗೊದಿ ಬುಸ್ ಸ್ಟಟಿೊಂ",
            "KannadaArea": "ಕಾಡುಗೋಡಿ ಬಸ್‌ ನಿಲ್ದಾಣ",
            "KannadaVia": "",
            "FromStationId": 21915,
            "Stops": [
              {
                "name": "Domlur",
                "name_kn": "ದೊಂಲುರ್",
                "stop_id": "21914",
                "lat": 12.96111,
                "lon": 77.63809
              },
              {
                "name": "Domlur Flyover",
                "name_kn": "ದೊಂಲುರ್ ೞ್ಲೆೊವೆರ್",
                "stop_id": "21917",
                "lat": 12.96048,
                "lon": 77.64352
              },
              {
                "name": "Kodihalli",
                "name_kn": "ಕೊದಿಹಲ್ಲಿ",
                "stop_id": "22178",
                "lat": 12.96,
                "lon": 77.64758
              },
              {
                "name": "NAL/Manipal Hospital",
                "name_kn": "ನಲ್/ಮನಿಪಲ್ ಹೊಸ್ಪಿಟಲ್",
                "stop_id": "22336",
                "lat": 12.95964,
                "lon": 77.65076
              },
              {
                "name": "Murugeshpalya",
                "name_kn": "ಮುರುಗೆಶ್ಪಲೆ",
                "stop_id": "22316",
                "lat": 12.95936,
                "lon": 77.65618
              },
              {
                "name": "Konena Agrahara",
                "name_kn": "ಕೊನೆನ ಗ್ರಹರ",
                "stop_id": "22193",
                "lat": 12.95914,
                "lon": 77.65962
              },
              {
                "name": "HAL Main Gate",
                "name_kn": "ಹಲ್ ಮೈಂ ಗಟೆ",
                "stop_id": "22003",
                "lat": 12.95821,
                "lon": 77.66821
              },
              {
                "name": "HAL Admin Gate",
                "name_kn": "ಹಲ್ ದ್ಮಿಂ ಗಟೆ",
                "stop_id": "39489",
                "lat": 12.95813,
                "lon": 77.66949
              },
              {
                "name": "Helicopter Division",
                "name_kn": "ಹೆಲಿಕೊಪ್ಟೆರ್ ದಿವಿಸಿೊಂ",
                "stop_id": "22021",
                "lat": 12.95582,
                "lon": 77.67735
              },
              {
                "name": "HAL Kalyana Mantap",
                "name_kn": "ಹಲ್ ಕಲೆನ ಮಂಟಪ್",
                "stop_id": "22001",
                "lat": 12.9546,
                "lon": 77.68215
              },
              {
                "name": "Yamalur Cross",
                "name_kn": "ಯಮಲುರ್ ಕ್ರೊಸ್ಸ್",
                "stop_id": "22627",
                "lat": 12.95525,
                "lon": 77.68829
              },
              {
                "name": "Marathahalli",
                "name_kn": "ಮರತಹಲ್ಲಿ",
                "stop_id": "22260",
                "lat": 12.95626,
                "lon": 77.69409
              },
              {
                "name": "Marathahalli Bridge",
                "name_kn": "ಮರತಹಲ್ಲಿ ಬ್ರಿದ್ಗೆ",
                "stop_id": "22668",
                "lat": 12.9569,
                "lon": 77.70215
              },
              {
                "name": "Munnekolalu Cross (Spice Garden)",
                "name_kn": "ಮುಂನೆಕೊಲಲು ಕ್ರೊಸ್ಸ್ (ಸ್ಪಿಕೆ ಗರ್ದೆಂ)",
                "stop_id": "21038",
                "lat": 12.9564,
                "lon": 77.70927
              },
              {
                "name": "Kundalahalli Gate",
                "name_kn": "ಕುಂದಲಹಲ್ಲಿ ಗಟೆ",
                "stop_id": "22215",
                "lat": 12.95593,
                "lon": 77.71574
              },
              {
                "name": "Thubarahalli",
                "name_kn": "ತುಬರಹಲ್ಲಿ",
                "stop_id": "22557",
                "lat": 12.95592,
                "lon": 77.72057
              },
              {
                "name": "Siddapura",
                "name_kn": "ಸಿದ್ದಪುರ",
                "stop_id": "22487",
                "lat": 12.95634,
                "lon": 77.73191
              },
              {
                "name": "Ramagondanahalli",
                "name_kn": "ರಮಗೊಂದನಹಲ್ಲಿ",
                "stop_id": "22412",
                "lat": 12.95704,
                "lon": 77.74039
              },
              {
                "name": "Varthur kodi",
                "name_kn": "ವರ್ತುರ್ ಕೊದಿ",
                "stop_id": "22577",
                "lat": 12.95897,
                "lon": 77.74642
              },
              {
                "name": "Forum Mall",
                "name_kn": "ೞೊರುಂ ಮಲ್ಲ್",
                "stop_id": "21942",
                "lat": 12.95977,
                "lon": 77.74683
              },
              {
                "name": "Brooke Bond",
                "name_kn": "ಬ್ರೂಕೆ ಬೊಂದ್",
                "stop_id": "21784",
                "lat": 12.96392,
                "lon": 77.74833
              },
              {
                "name": "White Field Post Office",
                "name_kn": "ವ್ಹಿಟೆ ೞಿೆಲ್ದ್ ಪೊಸ್ಟ್ ೊೞ್ೞಿಕೆ",
                "stop_id": "22621",
                "lat": 12.97056,
                "lon": 77.75
              },
              {
                "name": "Sai Baba General Hospital",
                "name_kn": "ಸೈ ಬಬ ಗೆನೆರಲ್ ಹೊಸ್ಪಿಟಲ್",
                "stop_id": "22442",
                "lat": 12.97383,
                "lon": 77.75042
              },
              {
                "name": "Munish Singh Hospital",
                "name_kn": "ಮುನಿಶ್ ಸಿಙ್ಹ್ ಹೊಸ್ಪಿಟಲ್",
                "stop_id": "22315",
                "lat": 12.97703,
                "lon": 77.75104
              },
              {
                "name": "Coffee Day Hope Farm",
                "name_kn": "ಕೊೞ್ೞೀ ದಯ್ ಹೊಪೆ ೞರ್ಂ",
                "stop_id": "38049",
                "lat": 12.97998,
                "lon": 77.75162
              },
              {
                "name": "Hope Farm",
                "name_kn": "ಹೊಪೆ ೞರ್ಂ",
                "stop_id": "20836",
                "lat": 12.98429,
                "lon": 77.75261
              },
              {
                "name": "Kadugodi Bridge",
                "name_kn": "ಕದುಗೊದಿ ಬ್ರಿದ್ಗೆ",
                "stop_id": "20901",
                "lat": 12.99448,
                "lon": 77.75769
              },
              {
                "name": "Kadugodi Bus Station",
                "name_kn": "ಕದುಗೊದಿ ಬುಸ್ ಸ್ಟಟಿೊಂ",
                "stop_id": "20902",
                "lat": 12.99563,
                "lon": 77.75855
              }
            ]
          },
          {
            "Route": "330-M",
            "RouteId": 4005,
            "RouteParentId": 2224,
            "Destination": "Munnekolalu Cross (Spice Garden)",
            "Via": "",
            "Area": "Munnekolalu Cross (Spice Garden)",
            "PlatformNumber": "1",
            "KannadaDestination": "ಮುಂನೆಕೊಲಲು ಕ್ರೊಸ್ಸ್ (ಸ್ಪಿಕೆ ಗರ್ದೆಂ)",
            "KannadaArea": "ಮುನ್ನೆಕೊಳಲು ಕ್ರಾಸ್ (ಸ್ಪೈಸ್ ಗಾರ್ಡನ್)",
            "KannadaVia": "",
            "FromStationId": 21915,
            "Stops": [
              {
                "name": "Domlur",
                "name_kn": "ದೊಂಲುರ್",
                "stop_id": "21914",
                "lat": 12.96111,
                "lon": 77.63809
              },
              {
                "name": "Domlur Flyover",
                "name_kn": "ದೊಂಲುರ್ ೞ್ಲೆೊವೆರ್",
                "stop_id": "21917",
                "lat": 12.96048,
                "lon": 77.64352
              },
              {
                "name": "Kodihalli",
                "name_kn": "ಕೊದಿಹಲ್ಲಿ",
                "stop_id": "22178",
                "lat": 12.96,
                "lon": 77.64758
              },
              {
                "name": "NAL/Manipal Hospital",
                "name_kn": "ನಲ್/ಮನಿಪಲ್ ಹೊಸ್ಪಿಟಲ್",
                "stop_id": "22336",
                "lat": 12.95964,
                "lon": 77.65076
              },
              {
                "name": "Murugeshpalya",
                "name_kn": "ಮುರುಗೆಶ್ಪಲೆ",
                "stop_id": "22316",
                "lat": 12.95936,
                "lon": 77.65618
              },
              {
                "name": "Konena Agrahara",
                "name_kn": "ಕೊನೆನ ಗ್ರಹರ",
                "stop_id": "22193",
                "lat": 12.95914,
                "lon": 77.65962
              },
              {
                "name": "HAL Main Gate",
                "name_kn": "ಹಲ್ ಮೈಂ ಗಟೆ",
                "stop_id": "22003",
                "lat": 12.95821,
                "lon": 77.66821
              },
              {
                "name": "HAL Admin Gate",
                "name_kn": "ಹಲ್ ದ್ಮಿಂ ಗಟೆ",
                "stop_id": "39489",
                "lat": 12.95813,
                "lon": 77.66949
              },
              {
                "name": "Helicopter Division",
                "name_kn": "ಹೆಲಿಕೊಪ್ಟೆರ್ ದಿವಿಸಿೊಂ",
                "stop_id": "22021",
                "lat": 12.95582,
                "lon": 77.67735
              },
              {
                "name": "HAL Kalyana Mantap",
                "name_kn": "ಹಲ್ ಕಲೆನ ಮಂಟಪ್",
                "stop_id": "22001",
                "lat": 12.9546,
                "lon": 77.68215
              },
              {
                "name": "Yamalur Cross",
                "name_kn": "ಯಮಲುರ್ ಕ್ರೊಸ್ಸ್",
                "stop_id": "22627",
                "lat": 12.95525,
                "lon": 77.68829
              },
              {
                "name": "Marathahalli",
                "name_kn": "ಮರತಹಲ್ಲಿ",
                "stop_id": "22260",
                "lat": 12.95626,
                "lon": 77.69409
              },
              {
                "name": "Marathahalli Bridge",
                "name_kn": "ಮರತಹಲ್ಲಿ ಬ್ರಿದ್ಗೆ",
                "stop_id": "22668",
                "lat": 12.9569,
                "lon": 77.70215
              },
              {
                "name": "Munnekolalu Cross (Spice Garden)",
                "name_kn": "ಮುಂನೆಕೊಲಲು ಕ್ರೊಸ್ಸ್ (ಸ್ಪಿಕೆ ಗರ್ದೆಂ)",
                "stop_id": "21038",
                "lat": 12.9564,
                "lon": 77.70927
              }
            ]
          },
          {
            "Route": "330-G",
            "RouteId": 7096,
            "RouteParentId": 3816,
            "Destination": "Dodda Nekkundi",
            "Via": "",
            "Area": "Dodda Nekkundi",
            "PlatformNumber": "1",
            "KannadaDestination": "ದೊದ್ದ ನೆಕ್ಕುಂದಿ",
            "KannadaArea": "ದೊಡ್ಡ ನೆಕ್ಕುಂದಿ",
            "KannadaVia": "",
            "FromStationId": 21915,
            "Stops": [
              {
                "name": "Domlur",
                "name_kn": "ದೊಂಲುರ್",
                "stop_id": "21914",
                "lat": 12.96111,
                "lon": 77.63809
              },
              {
                "name": "Domlur Flyover",
                "name_kn": "ದೊಂಲುರ್ ೞ್ಲೆೊವೆರ್",
                "stop_id": "21917",
                "lat": 12.96048,
                "lon": 77.64352
              },
              {
                "name": "Kodihalli",
                "name_kn": "ಕೊದಿಹಲ್ಲಿ",
                "stop_id": "22178",
                "lat": 12.96,
                "lon": 77.64758
              },
              {
                "name": "NAL/Manipal Hospital",
                "name_kn": "ನಲ್/ಮನಿಪಲ್ ಹೊಸ್ಪಿಟಲ್",
                "stop_id": "22336",
                "lat": 12.95964,
                "lon": 77.65076
              },
              {
                "name": "Murugeshpalya",
                "name_kn": "ಮುರುಗೆಶ್ಪಲೆ",
                "stop_id": "22316",
                "lat": 12.95936,
                "lon": 77.65618
              },
              {
                "name": "Konena Agrahara",
                "name_kn": "ಕೊನೆನ ಗ್ರಹರ",
                "stop_id": "22193",
                "lat": 12.95914,
                "lon": 77.65962
              },
              {
                "name": "HAL Main Gate",
                "name_kn": "ಹಲ್ ಮೈಂ ಗಟೆ",
                "stop_id": "22003",
                "lat": 12.95821,
                "lon": 77.66821
              },
              {
                "name": "HAL Admin Gate",
                "name_kn": "ಹಲ್ ದ್ಮಿಂ ಗಟೆ",
                "stop_id": "39489",
                "lat": 12.95813,
                "lon": 77.66949
              },
              {
                "name": "Helicopter Division",
                "name_kn": "ಹೆಲಿಕೊಪ್ಟೆರ್ ದಿವಿಸಿೊಂ",
                "stop_id": "22021",
                "lat": 12.95582,
                "lon": 77.67735
              },
              {
                "name": "HAL Kalyana Mantap",
                "name_kn": "ಹಲ್ ಕಲೆನ ಮಂಟಪ್",
                "stop_id": "22001",
                "lat": 12.9546,
                "lon": 77.68215
              },
              {
                "name": "Yamalur Cross",
                "name_kn": "ಯಮಲುರ್ ಕ್ರೊಸ್ಸ್",
                "stop_id": "22627",
                "lat": 12.95525,
                "lon": 77.68829
              },
              {
                "name": "Dodda Nekkundi Junction",
                "name_kn": "ದೊದ್ದ ನೆಕ್ಕುಂದಿ ಜುಂಕ್ಟಿೊಂ",
                "stop_id": "32517",
                "lat": 12.95607,
                "lon": 77.69166
              },
              {
                "name": "Dodda Nekkundi Cross",
                "name_kn": "ದೊದ್ದ ನೆಕ್ಕುಂದಿ ಕ್ರೊಸ್ಸ್",
                "stop_id": "25050",
                "lat": 12.96793,
                "lon": 77.6933
              },
              {
                "name": "Dodda Nekkundi",
                "name_kn": "ದೊದ್ದ ನೆಕ್ಕುಂದಿ",
                "stop_id": "32515",
                "lat": 12.97154,
                "lon": 77.69429
              }
            ]
          },
          {
            "Route": "330-P",
            "RouteId": 9778,
            "RouteParentId": 5234,
            "Destination": "Balagere",
            "Via": "",
            "Area": "Balagere",
            "PlatformNumber": "1",
            "KannadaDestination": "ಬಲಗೆರೆ",
            "KannadaArea": "ಬಳಗೆರೆ",
            "KannadaVia": "",
            "FromStationId": 21915,
            "Stops": [
              {
                "name": "Domlur",
                "name_kn": "ದೊಂಲುರ್",
                "stop_id": "21914",
                "lat": 12.96111,
                "lon": 77.63809
              },
              {
                "name": "Domlur Flyover",
                "name_kn": "ದೊಂಲುರ್ ೞ್ಲೆೊವೆರ್",
                "stop_id": "21917",
                "lat": 12.96048,
                "lon": 77.64352
              },
              {
                "name": "Kodihalli",
                "name_kn": "ಕೊದಿಹಲ್ಲಿ",
                "stop_id": "22178",
                "lat": 12.96,
                "lon": 77.64758
              },
              {
                "name": "NAL/Manipal Hospital",
                "name_kn": "ನಲ್/ಮನಿಪಲ್ ಹೊಸ್ಪಿಟಲ್",
                "stop_id": "22336",
                "lat": 12.95964,
                "lon": 77.65076
              },
              {
                "name": "Murugeshpalya",
                "name_kn": "ಮುರುಗೆಶ್ಪಲೆ",
                "stop_id": "22316",
                "lat": 12.95936,
                "lon": 77.65618
              },
              {
                "name": "Konena Agrahara",
                "name_kn": "ಕೊನೆನ ಗ್ರಹರ",
                "stop_id": "22193",
                "lat": 12.95914,
                "lon": 77.65962
              },
              {
                "name": "HAL Main Gate",
                "name_kn": "ಹಲ್ ಮೈಂ ಗಟೆ",
                "stop_id": "22003",
                "lat": 12.95821,
                "lon": 77.66821
              },
              {
                "name": "HAL Admin Gate",
                "name_kn": "ಹಲ್ ದ್ಮಿಂ ಗಟೆ",
                "stop_id": "39489",
                "lat": 12.95813,
                "lon": 77.66949
              },
              {
                "name": "Helicopter Division",
                "name_kn": "ಹೆಲಿಕೊಪ್ಟೆರ್ ದಿವಿಸಿೊಂ",
                "stop_id": "22021",
                "lat": 12.95582,
                "lon": 77.67735
              },
              {
                "name": "HAL Kalyana Mantap",
                "name_kn": "ಹಲ್ ಕಲೆನ ಮಂಟಪ್",
                "stop_id": "22001",
                "lat": 12.9546,
                "lon": 77.68215
              },
              {
                "name": "Yamalur Cross",
                "name_kn": "ಯಮಲುರ್ ಕ್ರೊಸ್ಸ್",
                "stop_id": "22627",
                "lat": 12.95525,
                "lon": 77.68829
              },
              {
                "name": "Marathahalli",
                "name_kn": "ಮರತಹಲ್ಲಿ",
                "stop_id": "22260",
                "lat": 12.95626,
                "lon": 77.69409
              },
              {
                "name": "Marathahalli Bridge",
                "name_kn": "ಮರತಹಲ್ಲಿ ಬ್ರಿದ್ಗೆ",
                "stop_id": "22668",
                "lat": 12.9569,
                "lon": 77.70215
              },
              {
                "name": "Munnekolalu Cross (Spice Garden)",
                "name_kn": "ಮುಂನೆಕೊಲಲು ಕ್ರೊಸ್ಸ್ (ಸ್ಪಿಕೆ ಗರ್ದೆಂ)",
                "stop_id": "21038",
                "lat": 12.9564,
                "lon": 77.70927
              },
              {
                "name": "Kundalahalli Gate",
                "name_kn": "ಕುಂದಲಹಲ್ಲಿ ಗಟೆ",
                "stop_id": "22215",
                "lat": 12.95593,
                "lon": 77.71574
              },
              {
                "name": "Thubarahalli",
                "name_kn": "ತುಬರಹಲ್ಲಿ",
                "stop_id": "22557",
                "lat": 12.95592,
                "lon": 77.72057
              },
              {
                "name": "Siddapura",
                "name_kn": "ಸಿದ್ದಪುರ",
                "stop_id": "22487",
                "lat": 12.95634,
                "lon": 77.73191
              },
              {
                "name": "Ramagondanahalli",
                "name_kn": "ರಮಗೊಂದನಹಲ್ಲಿ",
                "stop_id": "22412",
                "lat": 12.95704,
                "lon": 77.74039
              },
              {
                "name": "Varthur Kodi",
                "name_kn": "ವರ್ತುರ್ ಕೊದಿ",
                "stop_id": "22578",
                "lat": 12.95642,
                "lon": 77.74524
              },
              {
                "name": "Varthuru Govt College",
                "name_kn": "ವರ್ತುರು ಗೊವ್ಟ್ ಕೊಲ್ಲೆಗೆ",
                "stop_id": "22581",
                "lat": 12.94221,
                "lon": 77.74711
              },
              {
                "name": "Varthuru",
                "name_kn": "ವರ್ತುರು",
                "stop_id": "22579",
                "lat": 12.94011,
                "lon": 77.74735
              },
              {
                "name": "Varthuru Police Station",
                "name_kn": "ವರ್ತುರು ಪೊಲಿಕೆ ಸ್ಟಟಿೊಂ",
                "stop_id": "31562",
                "lat": 12.93773,
                "lon": 77.74638
              },
              {
                "name": "Balagere",
                "name_kn": "ಬಲಗೆರೆ",
                "stop_id": "29634",
                "lat": 12.9396,
                "lon": 77.72902
              }
            ]
          },
          {
            "Route": "SBS-1K SBS-D41G",
            "RouteId": 10846,
            "RouteParentId": 5782,
            "Destination": "Depot-41 Gate",
            "Via": "",
            "Area": "Depot-41 Gate",
            "PlatformNumber": "1",
            "KannadaDestination": "ದೆಪೊಟ್-41 ಗಟೆ",
            "KannadaArea": "ಘಟಕ-41 ಗೇಟ್",
            "KannadaVia": "",
            "FromStationId": 21915,
            "Stops": [
              {
                "name": "Domlur",
                "name_kn": "ದೊಂಲುರ್",
                "stop_id": "21914",
                "lat": 12.96111,
                "lon": 77.63809
              },
              {
                "name": "Domlur Flyover",
                "name_kn": "ದೊಂಲುರ್ ೞ್ಲೆೊವೆರ್",
                "stop_id": "21917",
                "lat": 12.96048,
                "lon": 77.64352
              },
              {
                "name": "Kodihalli",
                "name_kn": "ಕೊದಿಹಲ್ಲಿ",
                "stop_id": "22178",
                "lat": 12.96,
                "lon": 77.64758
              },
              {
                "name": "NAL/Manipal Hospital",
                "name_kn": "ನಲ್/ಮನಿಪಲ್ ಹೊಸ್ಪಿಟಲ್",
                "stop_id": "22336",
                "lat": 12.95964,
                "lon": 77.65076
              },
              {
                "name": "Murugeshpalya",
                "name_kn": "ಮುರುಗೆಶ್ಪಲೆ",
                "stop_id": "22316",
                "lat": 12.95936,
                "lon": 77.65618
              },
              {
                "name": "Konena Agrahara",
                "name_kn": "ಕೊನೆನ ಗ್ರಹರ",
                "stop_id": "22193",
                "lat": 12.95914,
                "lon": 77.65962
              },
              {
                "name": "HAL Main Gate",
                "name_kn": "ಹಲ್ ಮೈಂ ಗಟೆ",
                "stop_id": "22003",
                "lat": 12.95821,
                "lon": 77.66821
              },
              {
                "name": "HAL Admin Gate",
                "name_kn": "ಹಲ್ ದ್ಮಿಂ ಗಟೆ",
                "stop_id": "39489",
                "lat": 12.95813,
                "lon": 77.66949
              },
              {
                "name": "Helicopter Division",
                "name_kn": "ಹೆಲಿಕೊಪ್ಟೆರ್ ದಿವಿಸಿೊಂ",
                "stop_id": "22021",
                "lat": 12.95582,
                "lon": 77.67735
              },
              {
                "name": "HAL Kalyana Mantap",
                "name_kn": "ಹಲ್ ಕಲೆನ ಮಂಟಪ್",
                "stop_id": "22001",
                "lat": 12.9546,
                "lon": 77.68215
              },
              {
                "name": "Yamalur Cross",
                "name_kn": "ಯಮಲುರ್ ಕ್ರೊಸ್ಸ್",
                "stop_id": "22627",
                "lat": 12.95525,
                "lon": 77.68829
              },
              {
                "name": "Marathahalli",
                "name_kn": "ಮರತಹಲ್ಲಿ",
                "stop_id": "22260",
                "lat": 12.95626,
                "lon": 77.69409
              },
              {
                "name": "Marathahalli Bridge",
                "name_kn": "ಮರತಹಲ್ಲಿ ಬ್ರಿದ್ಗೆ",
                "stop_id": "22668",
                "lat": 12.9569,
                "lon": 77.70215
              },
              {
                "name": "Munnekolalu Cross (Spice Garden)",
                "name_kn": "ಮುಂನೆಕೊಲಲು ಕ್ರೊಸ್ಸ್ (ಸ್ಪಿಕೆ ಗರ್ದೆಂ)",
                "stop_id": "21038",
                "lat": 12.9564,
                "lon": 77.70927
              },
              {
                "name": "Kundalahalli Gate",
                "name_kn": "ಕುಂದಲಹಲ್ಲಿ ಗಟೆ",
                "stop_id": "22215",
                "lat": 12.95593,
                "lon": 77.71574
              },
              {
                "name": "Thubarahalli",
                "name_kn": "ತುಬರಹಲ್ಲಿ",
                "stop_id": "22557",
                "lat": 12.95592,
                "lon": 77.72057
              },
              {
                "name": "Siddapura",
                "name_kn": "ಸಿದ್ದಪುರ",
                "stop_id": "22487",
                "lat": 12.95634,
                "lon": 77.73191
              },
              {
                "name": "Ramagondanahalli",
                "name_kn": "ರಮಗೊಂದನಹಲ್ಲಿ",
                "stop_id": "22412",
                "lat": 12.95704,
                "lon": 77.74039
              },
              {
                "name": "Varthur Kodi",
                "name_kn": "ವರ್ತುರ್ ಕೊದಿ",
                "stop_id": "22578",
                "lat": 12.95642,
                "lon": 77.74524
              },
              {
                "name": "Varthuru Govt College",
                "name_kn": "ವರ್ತುರು ಗೊವ್ಟ್ ಕೊಲ್ಲೆಗೆ",
                "stop_id": "22581",
                "lat": 12.94221,
                "lon": 77.74711
              },
              {
                "name": "Varthuru",
                "name_kn": "ವರ್ತುರು",
                "stop_id": "22579",
                "lat": 12.94011,
                "lon": 77.74735
              },
              {
                "name": "Varthuru Police Station",
                "name_kn": "ವರ್ತುರು ಪೊಲಿಕೆ ಸ್ಟಟಿೊಂ",
                "stop_id": "31562",
                "lat": 12.93773,
                "lon": 77.74638
              },
              {
                "name": "Vinayakanagara Varthur",
                "name_kn": "ವಿನಯಕನಗರ ವರ್ತುರ್",
                "stop_id": "22611",
                "lat": 12.92864,
                "lon": 77.73954
              },
              {
                "name": "Gunjuru",
                "name_kn": "ಗುಞುರು",
                "stop_id": "24873",
                "lat": 12.92089,
                "lon": 77.73638
              },
              {
                "name": "Hosahalli",
                "name_kn": "ಹೊಸಹಲ್ಲಿ",
                "stop_id": "35146",
                "lat": 12.92028,
                "lon": 77.74168
              },
              {
                "name": "Depot-41 Gate",
                "name_kn": "ದೆಪೊಟ್-41 ಗಟೆ",
                "stop_id": "37151",
                "lat": 12.92131,
                "lon": 77.74234
              }
            ]
          },
          {
            "Route": "SBS-1K KDG-D6G",
            "RouteId": 4524,
            "RouteParentId": 2485,
            "Destination": "Depot-06 Gate",
            "Via": "",
            "Area": "Kadugodi Bus Station",
            "PlatformNumber": "1",
            "KannadaDestination": "ದೆಪೊಟ್-06 ಗಟೆ",
            "KannadaArea": "ಕಾಡುಗೋಡಿ ಬಸ್‌ ನಿಲ್ದಾಣ",
            "KannadaVia": "",
            "FromStationId": 21915,
            "Stops": [
              {
                "name": "Domlur Flyover",
                "name_kn": "ದೊಂಲುರ್ ೞ್ಲೆೊವೆರ್",
                "stop_id": "21915",
                "lat": 12.96045,
                "lon": 77.64251
              },
              {
                "name": "Domlur",
                "name_kn": "ದೊಂಲುರ್",
                "stop_id": "21913",
                "lat": 12.96122,
                "lon": 77.63667
              },
              {
                "name": "Commando Hospital",
                "name_kn": "ಕೊಮ್ಮಂದೊ ಹೊಸ್ಪಿಟಲ್",
                "stop_id": "21865",
                "lat": 12.96268,
                "lon": 77.62756
              },
              {
                "name": "Military Accounts Office",
                "name_kn": "ಮಿಲಿಟರೆ ಕ್ಕೌಂಟ್ಸ್ ೊೞ್ೞಿಕೆ",
                "stop_id": "22288",
                "lat": 12.96691,
                "lon": 77.62117
              },
              {
                "name": "Lido Talkies",
                "name_kn": "ಲಿದೊ ಟಲ್ಕಿೆಸ್",
                "stop_id": "22226",
                "lat": 12.97277,
                "lon": 77.62074
              },
              {
                "name": "Halasuru Police Station",
                "name_kn": "ಹಲಸುರು ಪೊಲಿಕೆ ಸ್ಟಟಿೊಂ",
                "stop_id": "22006",
                "lat": 12.97516,
                "lon": 77.62544
              },
              {
                "name": "Halasuru",
                "name_kn": "ಹಲಸುರು",
                "stop_id": "20805",
                "lat": 12.97949,
                "lon": 77.62949
              },
              {
                "name": "Depot-06 Gate",
                "name_kn": "ದೆಪೊಟ್-06 ಗಟೆ",
                "stop_id": "20742",
                "lat": 12.9824,
                "lon": 77.6344
              }
            ]
          },
          {
            "Route": "335-E SNBS-KDG",
            "RouteId": 1735,
            "RouteParentId": 1031,
            "Destination": "Kadugodi Bus Station",
            "Via": "",
            "Area": "Kadugodi Bus Station",
            "PlatformNumber": "1",
            "KannadaDestination": "ಕದುಗೊದಿ ಬುಸ್ ಸ್ಟಟಿೊಂ",
            "KannadaArea": "ಕಾಡುಗೋಡಿ ಬಸ್‌ ನಿಲ್ದಾಣ",
            "KannadaVia": "",
            "FromStationId": 21915,
            "Stops": [
              {
                "name": "Domlur",
                "name_kn": "ದೊಂಲುರ್",
                "stop_id": "21914",
                "lat": 12.96111,
                "lon": 77.63809
              },
              {
                "name": "Domlur Flyover",
                "name_kn": "ದೊಂಲುರ್ ೞ್ಲೆೊವೆರ್",
                "stop_id": "21917",
                "lat": 12.96048,
                "lon": 77.64352
              },
              {
                "name": "Kodihalli",
                "name_kn": "ಕೊದಿಹಲ್ಲಿ",
                "stop_id": "22178",
                "lat": 12.96,
                "lon": 77.64758
              },
              {
                "name": "NAL/Manipal Hospital",
                "name_kn": "ನಲ್/ಮನಿಪಲ್ ಹೊಸ್ಪಿಟಲ್",
                "stop_id": "22336",
                "lat": 12.95964,
                "lon": 77.65076
              },
              {
                "name": "Murugeshpalya",
                "name_kn": "ಮುರುಗೆಶ್ಪಲೆ",
                "stop_id": "22316",
                "lat": 12.95936,
                "lon": 77.65618
              },
              {
                "name": "Konena Agrahara",
                "name_kn": "ಕೊನೆನ ಗ್ರಹರ",
                "stop_id": "22193",
                "lat": 12.95914,
                "lon": 77.65962
              },
              {
                "name": "HAL Main Gate",
                "name_kn": "ಹಲ್ ಮೈಂ ಗಟೆ",
                "stop_id": "22003",
                "lat": 12.95821,
                "lon": 77.66821
              },
              {
                "name": "HAL Admin Gate",
                "name_kn": "ಹಲ್ ದ್ಮಿಂ ಗಟೆ",
                "stop_id": "39489",
                "lat": 12.95813,
                "lon": 77.66949
              },
              {
                "name": "Helicopter Division",
                "name_kn": "ಹೆಲಿಕೊಪ್ಟೆರ್ ದಿವಿಸಿೊಂ",
                "stop_id": "22021",
                "lat": 12.95582,
                "lon": 77.67735
              },
              {
                "name": "HAL Kalyana Mantap",
                "name_kn": "ಹಲ್ ಕಲೆನ ಮಂಟಪ್",
                "stop_id": "22001",
                "lat": 12.9546,
                "lon": 77.68215
              },
              {
                "name": "Yamalur Cross",
                "name_kn": "ಯಮಲುರ್ ಕ್ರೊಸ್ಸ್",
                "stop_id": "22627",
                "lat": 12.95525,
                "lon": 77.68829
              },
              {
                "name": "Marathahalli",
                "name_kn": "ಮರತಹಲ್ಲಿ",
                "stop_id": "22260",
                "lat": 12.95626,
                "lon": 77.69409
              },
              {
                "name": "Marathahalli Bridge",
                "name_kn": "ಮರತಹಲ್ಲಿ ಬ್ರಿದ್ಗೆ",
                "stop_id": "22668",
                "lat": 12.9569,
                "lon": 77.70215
              },
              {
                "name": "Munnekolalu Cross (Spice Garden)",
                "name_kn": "ಮುಂನೆಕೊಲಲು ಕ್ರೊಸ್ಸ್ (ಸ್ಪಿಕೆ ಗರ್ದೆಂ)",
                "stop_id": "21038",
                "lat": 12.9564,
                "lon": 77.70927
              },
              {
                "name": "Kundalahalli Gate",
                "name_kn": "ಕುಂದಲಹಲ್ಲಿ ಗಟೆ",
                "stop_id": "20960",
                "lat": 12.95674,
                "lon": 77.71499
              },
              {
                "name": "Kundalahalli",
                "name_kn": "ಕುಂದಲಹಲ್ಲಿ",
                "stop_id": "20956",
                "lat": 12.95832,
                "lon": 77.71566
              },
              {
                "name": "BEML Layout Gate",
                "name_kn": "ಬೆಂಲ್ ಲಯೌಟ್ ಗಟೆ",
                "stop_id": "20640",
                "lat": 12.96083,
                "lon": 77.71641
              },
              {
                "name": "AECS Layout Cross",
                "name_kn": "ಅೆಕ್ಸ್ ಲಯೌಟ್ ಕ್ರೊಸ್ಸ್",
                "stop_id": "20596",
                "lat": 12.96511,
                "lon": 77.71827
              },
              {
                "name": "CMRIT College",
                "name_kn": "ಕ್ಂರಿಟ್ ಕೊಲ್ಲೆಗೆ",
                "stop_id": "20722",
                "lat": 12.96764,
                "lon": 77.71389
              },
              {
                "name": "Kundalahalli Colony",
                "name_kn": "ಕುಂದಲಹಲ್ಲಿ ಕೊಲೊನೆ",
                "stop_id": "20958",
                "lat": 12.97022,
                "lon": 77.71248
              },
              {
                "name": "Graphite India",
                "name_kn": "ಗ್ರಫಿಟೆ ಿಂದಿ",
                "stop_id": "20802",
                "lat": 12.97821,
                "lon": 77.71135
              },
              {
                "name": "SAP Labs",
                "name_kn": "ಸಪ್ ಲಬ್ಸ್",
                "stop_id": "21153",
                "lat": 12.9778,
                "lon": 77.7144
              },
              {
                "name": "Kundalahalli Metro Station",
                "name_kn": "ಕುಂದಲಹಲ್ಲಿ ಮೆಟ್ರೊ ಸ್ಟಟಿೊಂ",
                "stop_id": "38798",
                "lat": 12.97753,
                "lon": 77.71632
              },
              {
                "name": "I Gate",
                "name_kn": "ಇ ಗಟೆ",
                "stop_id": "20849",
                "lat": 12.97734,
                "lon": 77.71863
              },
              {
                "name": "KTPO",
                "name_kn": "ಕ್ಟ್ಪೊ",
                "stop_id": "20949",
                "lat": 12.97702,
                "lon": 77.72225
              },
              {
                "name": "White Field Bus Station (Vydehi Hospital)",
                "name_kn": "ವ್ಹಿಟೆ ೞಿೆಲ್ದ್ ಬುಸ್ ಸ್ಟಟಿೊಂ (ವೆದೆಹಿ ಹೊಸ್ಪಿಟಲ್)",
                "stop_id": "23656",
                "lat": 12.9774,
                "lon": 77.72693
              },
              {
                "name": "Sathya Sai Hospital",
                "name_kn": "ಸತೆ ಸೈ ಹೊಸ್ಪಿಟಲ್",
                "stop_id": "21161",
                "lat": 12.9823,
                "lon": 77.72773
              },
              {
                "name": "Big Bazzar ITPL",
                "name_kn": "ಬಿಗ್ ಬಜ಼್ಜ಼ರ್ ಿಟ್ಪ್ಲ್",
                "stop_id": "20670",
                "lat": 12.98823,
                "lon": 77.73197
              },
              {
                "name": "Pattandur Agrahara Gate",
                "name_kn": "ಪಟಂದುರ್ ಗ್ರಹರ ಗಟೆ",
                "stop_id": "21079",
                "lat": 12.98803,
                "lon": 77.73354
              },
              {
                "name": "ITPL",
                "name_kn": "ಇಟ್ಪ್ಲ್",
                "stop_id": "20866",
                "lat": 12.98766,
                "lon": 77.73704
              },
              {
                "name": "GR Tech Park ITPL",
                "name_kn": "ಗ್ರ್ ಟೆಚ್ ಪರ್ಕ್ ಿಟ್ಪ್ಲ್",
                "stop_id": "20801",
                "lat": 12.98681,
                "lon": 77.74338
              },
              {
                "name": "BPL",
                "name_kn": "ಬ್ಪ್ಲ್",
                "stop_id": "20680",
                "lat": 12.98525,
                "lon": 77.74828
              },
              {
                "name": "Hope Farm",
                "name_kn": "ಹೊಪೆ ೞರ್ಂ",
                "stop_id": "20836",
                "lat": 12.98429,
                "lon": 77.75261
              },
              {
                "name": "Kadugodi Bridge",
                "name_kn": "ಕದುಗೊದಿ ಬ್ರಿದ್ಗೆ",
                "stop_id": "20901",
                "lat": 12.99448,
                "lon": 77.75769
              },
              {
                "name": "Kadugodi Bus Station",
                "name_kn": "ಕದುಗೊದಿ ಬುಸ್ ಸ್ಟಟಿೊಂ",
                "stop_id": "20902",
                "lat": 12.99563,
                "lon": 77.75855
              }
            ]
          },
          {
            "Route": "335-G",
            "RouteId": 4732,
            "RouteParentId": 2592,
            "Destination": "Kamalanagara BEML Layout",
            "Via": "",
            "Area": "Kadugodi Bus Station",
            "PlatformNumber": "1",
            "KannadaDestination": "ಕಮಲನಗರ ಬೆಂಲ್ ಲಯೌಟ್",
            "KannadaArea": "ಕಾಡುಗೋಡಿ ಬಸ್‌ ನಿಲ್ದಾಣ",
            "KannadaVia": "",
            "FromStationId": 21915,
            "Stops": [
              {
                "name": "Domlur Flyover",
                "name_kn": "ದೊಂಲುರ್ ೞ್ಲೆೊವೆರ್",
                "stop_id": "21915",
                "lat": 12.96045,
                "lon": 77.64251
              },
              {
                "name": "Domlur",
                "name_kn": "ದೊಂಲುರ್",
                "stop_id": "21913",
                "lat": 12.96122,
                "lon": 77.63667
              },
              {
                "name": "Commando Hospital",
                "name_kn": "ಕೊಮ್ಮಂದೊ ಹೊಸ್ಪಿಟಲ್",
                "stop_id": "21865",
                "lat": 12.96268,
                "lon": 77.62756
              },
              {
                "name": "Military Accounts Office",
                "name_kn": "ಮಿಲಿಟರೆ ಕ್ಕೌಂಟ್ಸ್ ೊೞ್ೞಿಕೆ",
                "stop_id": "22288",
                "lat": 12.96691,
                "lon": 77.62117
              },
              {
                "name": "Kendriya Vidyalaya ASC Center",
                "name_kn": "ಕೆಂದ್ರಿಯ ವಿಠೆಲಯ ಸ್ಕ್ ಕೆಂಟೆರ್",
                "stop_id": "31011",
                "lat": 12.96676,
                "lon": 77.61259
              },
              {
                "name": "Life Style (Sacred Heart School)",
                "name_kn": "ಲಿೞೆ ಸ್ಟೆಲೆ (ಸಕ್ರೆದ್ ಹೆರ್ಟ್ ಸ್ಚೂಲ್)",
                "stop_id": "20970",
                "lat": 12.96692,
                "lon": 77.61018
              },
              {
                "name": "Richmond Circle",
                "name_kn": "ರಿಚ್ಮೊಂದ್ ಕಿರ್ಕ್ಲೆ",
                "stop_id": "21126",
                "lat": 12.9658,
                "lon": 77.60433
              },
              {
                "name": "Pallavi Talkies",
                "name_kn": "ಪಲ್ಲವಿ ಟಲ್ಕಿೆಸ್",
                "stop_id": "22667",
                "lat": 12.9679,
                "lon": 77.59102
              },
              {
                "name": "Corporation",
                "name_kn": "ಕೊರ್ಪೊರಟಿೊಂ",
                "stop_id": "20725",
                "lat": 12.96839,
                "lon": 77.58675
              },
              {
                "name": "Mysore Bank",
                "name_kn": "ಮೆಸೊರೆ ಬಂಕ್",
                "stop_id": "35383",
                "lat": 12.97253,
                "lon": 77.58199
              },
              {
                "name": "Kempegowda Bus Station",
                "name_kn": "ಕೆಂಪೆಗೌದ ಬುಸ್ ಸ್ಟಟಿೊಂ",
                "stop_id": "20922",
                "lat": 12.97749,
                "lon": 77.57327
              },
              {
                "name": "Okalipura",
                "name_kn": "ಒಕಲಿಪುರ",
                "stop_id": "35387",
                "lat": 12.98229,
                "lon": 77.56783
              },
              {
                "name": "Sujatha Talkies",
                "name_kn": "ಸುಜತ ಟಲ್ಕಿೆಸ್",
                "stop_id": "21200",
                "lat": 12.98246,
                "lon": 77.56208
              },
              {
                "name": "Rajajinagara Entrance",
                "name_kn": "ರಜಜಿನಗರ ೆಂಟ್ರಂಕೆ",
                "stop_id": "35263",
                "lat": 12.98428,
                "lon": 77.55721
              },
              {
                "name": "Bashyam Circle Rajajinagara",
                "name_kn": "ಬಶೆಂ ಕಿರ್ಕ್ಲೆ ರಜಜಿನಗರ",
                "stop_id": "31921",
                "lat": 12.98441,
                "lon": 77.55398
              },
              {
                "name": "Dhobi Ghat Rajajinagara",
                "name_kn": "ಧೊಬಿ ಘಟ್ ರಜಜಿನಗರ",
                "stop_id": "21506",
                "lat": 12.98701,
                "lon": 77.55087
              },
              {
                "name": "Industrial Town Rajajinagara",
                "name_kn": "ಇಂದುಸ್ಟ್ರಿಲ್ ಟೌಂ ರಜಜಿನಗರ",
                "stop_id": "21538",
                "lat": 12.98447,
                "lon": 77.54837
              },
              {
                "name": "Dasarahalli Kere",
                "name_kn": "ದಸರಹಲ್ಲಿ ಕೆರೆ",
                "stop_id": "21496",
                "lat": 12.98595,
                "lon": 77.54179
              },
              {
                "name": "Havanur Circle",
                "name_kn": "ಹವನುರ್ ಕಿರ್ಕ್ಲೆ",
                "stop_id": "20812",
                "lat": 12.98797,
                "lon": 77.53717
              },
              {
                "name": "Basaveshwaranagara New Bus Stand",
                "name_kn": "ಬಸವೆಶ್ವರನಗರ ನೆವ್ ಬುಸ್ ಸ್ಟಂದ್",
                "stop_id": "24059",
                "lat": 12.98832,
                "lon": 77.5336
              },
              {
                "name": "Sharada Colony",
                "name_kn": "ಶರದ ಕೊಲೊನೆ",
                "stop_id": "24060",
                "lat": 12.99239,
                "lon": 77.53358
              },
              {
                "name": "Kamalanagara",
                "name_kn": "ಕಮಲನಗರ",
                "stop_id": "35141",
                "lat": 12.99268,
                "lon": 77.53082
              },
              {
                "name": "Kamalanagara BEML Layout",
                "name_kn": "ಕಮಲನಗರ ಬೆಂಲ್ ಲಯೌಟ್",
                "stop_id": "24062",
                "lat": 12.9929,
                "lon": 77.52925
              }
            ]
          },
          {
            "Route": "335-G D31G-KDG",
            "RouteId": 16721,
            "RouteParentId": 8954,
            "Destination": "Kadugodi Bus Station",
            "Via": "",
            "Area": "Kadugodi Bus Station",
            "PlatformNumber": "1",
            "KannadaDestination": "ಕದುಗೊದಿ ಬುಸ್ ಸ್ಟಟಿೊಂ",
            "KannadaArea": "ಕಾಡುಗೋಡಿ ಬಸ್‌ ನಿಲ್ದಾಣ",
            "KannadaVia": "",
            "FromStationId": 21915,
            "Stops": [
              {
                "name": "Domlur",
                "name_kn": "ದೊಂಲುರ್",
                "stop_id": "21914",
                "lat": 12.96111,
                "lon": 77.63809
              },
              {
                "name": "Domlur Flyover",
                "name_kn": "ದೊಂಲುರ್ ೞ್ಲೆೊವೆರ್",
                "stop_id": "21917",
                "lat": 12.96048,
                "lon": 77.64352
              },
              {
                "name": "Kodihalli",
                "name_kn": "ಕೊದಿಹಲ್ಲಿ",
                "stop_id": "22178",
                "lat": 12.96,
                "lon": 77.64758
              },
              {
                "name": "NAL/Manipal Hospital",
                "name_kn": "ನಲ್/ಮನಿಪಲ್ ಹೊಸ್ಪಿಟಲ್",
                "stop_id": "22336",
                "lat": 12.95964,
                "lon": 77.65076
              },
              {
                "name": "Murugeshpalya",
                "name_kn": "ಮುರುಗೆಶ್ಪಲೆ",
                "stop_id": "22316",
                "lat": 12.95936,
                "lon": 77.65618
              },
              {
                "name": "Konena Agrahara",
                "name_kn": "ಕೊನೆನ ಗ್ರಹರ",
                "stop_id": "22193",
                "lat": 12.95914,
                "lon": 77.65962
              },
              {
                "name": "HAL Main Gate",
                "name_kn": "ಹಲ್ ಮೈಂ ಗಟೆ",
                "stop_id": "22003",
                "lat": 12.95821,
                "lon": 77.66821
              },
              {
                "name": "HAL Admin Gate",
                "name_kn": "ಹಲ್ ದ್ಮಿಂ ಗಟೆ",
                "stop_id": "39489",
                "lat": 12.95813,
                "lon": 77.66949
              },
              {
                "name": "Helicopter Division",
                "name_kn": "ಹೆಲಿಕೊಪ್ಟೆರ್ ದಿವಿಸಿೊಂ",
                "stop_id": "22021",
                "lat": 12.95582,
                "lon": 77.67735
              },
              {
                "name": "HAL Kalyana Mantap",
                "name_kn": "ಹಲ್ ಕಲೆನ ಮಂಟಪ್",
                "stop_id": "22001",
                "lat": 12.9546,
                "lon": 77.68215
              },
              {
                "name": "Yamalur Cross",
                "name_kn": "ಯಮಲುರ್ ಕ್ರೊಸ್ಸ್",
                "stop_id": "22627",
                "lat": 12.95525,
                "lon": 77.68829
              },
              {
                "name": "Marathahalli",
                "name_kn": "ಮರತಹಲ್ಲಿ",
                "stop_id": "22260",
                "lat": 12.95626,
                "lon": 77.69409
              },
              {
                "name": "Marathahalli Bridge",
                "name_kn": "ಮರತಹಲ್ಲಿ ಬ್ರಿದ್ಗೆ",
                "stop_id": "22668",
                "lat": 12.9569,
                "lon": 77.70215
              },
              {
                "name": "Munnekolalu Cross (Spice Garden)",
                "name_kn": "ಮುಂನೆಕೊಲಲು ಕ್ರೊಸ್ಸ್ (ಸ್ಪಿಕೆ ಗರ್ದೆಂ)",
                "stop_id": "21038",
                "lat": 12.9564,
                "lon": 77.70927
              },
              {
                "name": "Kundalahalli Gate",
                "name_kn": "ಕುಂದಲಹಲ್ಲಿ ಗಟೆ",
                "stop_id": "20960",
                "lat": 12.95674,
                "lon": 77.71499
              },
              {
                "name": "Kundalahalli",
                "name_kn": "ಕುಂದಲಹಲ್ಲಿ",
                "stop_id": "20956",
                "lat": 12.95832,
                "lon": 77.71566
              },
              {
                "name": "BEML Layout Gate",
                "name_kn": "ಬೆಂಲ್ ಲಯೌಟ್ ಗಟೆ",
                "stop_id": "20640",
                "lat": 12.96083,
                "lon": 77.71641
              },
              {
                "name": "AECS Layout Cross",
                "name_kn": "ಅೆಕ್ಸ್ ಲಯೌಟ್ ಕ್ರೊಸ್ಸ್",
                "stop_id": "20596",
                "lat": 12.96511,
                "lon": 77.71827
              },
              {
                "name": "CMRIT College",
                "name_kn": "ಕ್ಂರಿಟ್ ಕೊಲ್ಲೆಗೆ",
                "stop_id": "20722",
                "lat": 12.96764,
                "lon": 77.71389
              },
              {
                "name": "Kundalahalli Colony",
                "name_kn": "ಕುಂದಲಹಲ್ಲಿ ಕೊಲೊನೆ",
                "stop_id": "20958",
                "lat": 12.97022,
                "lon": 77.71248
              },
              {
                "name": "Graphite India",
                "name_kn": "ಗ್ರಫಿಟೆ ಿಂದಿ",
                "stop_id": "20802",
                "lat": 12.97821,
                "lon": 77.71135
              },
              {
                "name": "SAP Labs",
                "name_kn": "ಸಪ್ ಲಬ್ಸ್",
                "stop_id": "21153",
                "lat": 12.9778,
                "lon": 77.7144
              },
              {
                "name": "Kundalahalli Metro Station",
                "name_kn": "ಕುಂದಲಹಲ್ಲಿ ಮೆಟ್ರೊ ಸ್ಟಟಿೊಂ",
                "stop_id": "38798",
                "lat": 12.97753,
                "lon": 77.71632
              },
              {
                "name": "I Gate",
                "name_kn": "ಇ ಗಟೆ",
                "stop_id": "20849",
                "lat": 12.97734,
                "lon": 77.71863
              },
              {
                "name": "KTPO",
                "name_kn": "ಕ್ಟ್ಪೊ",
                "stop_id": "20949",
                "lat": 12.97702,
                "lon": 77.72225
              },
              {
                "name": "White Field Bus Station (Vydehi Hospital)",
                "name_kn": "ವ್ಹಿಟೆ ೞಿೆಲ್ದ್ ಬುಸ್ ಸ್ಟಟಿೊಂ (ವೆದೆಹಿ ಹೊಸ್ಪಿಟಲ್)",
                "stop_id": "23656",
                "lat": 12.9774,
                "lon": 77.72693
              },
              {
                "name": "Sathya Sai Hospital",
                "name_kn": "ಸತೆ ಸೈ ಹೊಸ್ಪಿಟಲ್",
                "stop_id": "21161",
                "lat": 12.9823,
                "lon": 77.72773
              },
              {
                "name": "Big Bazzar ITPL",
                "name_kn": "ಬಿಗ್ ಬಜ಼್ಜ಼ರ್ ಿಟ್ಪ್ಲ್",
                "stop_id": "20670",
                "lat": 12.98823,
                "lon": 77.73197
              },
              {
                "name": "Pattandur Agrahara Gate",
                "name_kn": "ಪಟಂದುರ್ ಗ್ರಹರ ಗಟೆ",
                "stop_id": "21079",
                "lat": 12.98803,
                "lon": 77.73354
              },
              {
                "name": "ITPL",
                "name_kn": "ಇಟ್ಪ್ಲ್",
                "stop_id": "20866",
                "lat": 12.98766,
                "lon": 77.73704
              },
              {
                "name": "GR Tech Park ITPL",
                "name_kn": "ಗ್ರ್ ಟೆಚ್ ಪರ್ಕ್ ಿಟ್ಪ್ಲ್",
                "stop_id": "20801",
                "lat": 12.98681,
                "lon": 77.74338
              },
              {
                "name": "BPL",
                "name_kn": "ಬ್ಪ್ಲ್",
                "stop_id": "20680",
                "lat": 12.98525,
                "lon": 77.74828
              },
              {
                "name": "Hope Farm",
                "name_kn": "ಹೊಪೆ ೞರ್ಂ",
                "stop_id": "37509",
                "lat": 12.9843,
                "lon": 77.75148
              },
              {
                "name": "Kadugodi Bridge",
                "name_kn": "ಕದುಗೊದಿ ಬ್ರಿದ್ಗೆ",
                "stop_id": "20901",
                "lat": 12.99448,
                "lon": 77.75769
              },
              {
                "name": "Kadugodi Bus Station",
                "name_kn": "ಕದುಗೊದಿ ಬುಸ್ ಸ್ಟಟಿೊಂ",
                "stop_id": "20902",
                "lat": 12.99563,
                "lon": 77.75855
              }
            ]
          },
          {
            "Route": "335-E",
            "RouteId": 1700,
            "RouteParentId": 1014,
            "Destination": "Kadugodi Bus Station",
            "Via": "",
            "Area": "Kempegowda Bus Station",
            "PlatformNumber": "1",
            "KannadaDestination": "ಕದುಗೊದಿ ಬುಸ್ ಸ್ಟಟಿೊಂ",
            "KannadaArea": "ಕೆಂಪೇಗೌಡ ಬಸ್ ನಿಲ್ದಾಣ",
            "KannadaVia": "",
            "FromStationId": 21914,
            "Stops": [
              {
                "name": "Domlur",
                "name_kn": "ದೊಂಲುರ್",
                "stop_id": "21914",
                "lat": 12.96111,
                "lon": 77.63809
              },
              {
                "name": "Domlur Flyover",
                "name_kn": "ದೊಂಲುರ್ ೞ್ಲೆೊವೆರ್",
                "stop_id": "21917",
                "lat": 12.96048,
                "lon": 77.64352
              },
              {
                "name": "Kodihalli",
                "name_kn": "ಕೊದಿಹಲ್ಲಿ",
                "stop_id": "22178",
                "lat": 12.96,
                "lon": 77.64758
              },
              {
                "name": "NAL/Manipal Hospital",
                "name_kn": "ನಲ್/ಮನಿಪಲ್ ಹೊಸ್ಪಿಟಲ್",
                "stop_id": "22336",
                "lat": 12.95964,
                "lon": 77.65076
              },
              {
                "name": "Murugeshpalya",
                "name_kn": "ಮುರುಗೆಶ್ಪಲೆ",
                "stop_id": "22316",
                "lat": 12.95936,
                "lon": 77.65618
              },
              {
                "name": "Konena Agrahara",
                "name_kn": "ಕೊನೆನ ಗ್ರಹರ",
                "stop_id": "22193",
                "lat": 12.95914,
                "lon": 77.65962
              },
              {
                "name": "HAL Main Gate",
                "name_kn": "ಹಲ್ ಮೈಂ ಗಟೆ",
                "stop_id": "22003",
                "lat": 12.95821,
                "lon": 77.66821
              },
              {
                "name": "HAL Admin Gate",
                "name_kn": "ಹಲ್ ದ್ಮಿಂ ಗಟೆ",
                "stop_id": "39489",
                "lat": 12.95813,
                "lon": 77.66949
              },
              {
                "name": "Helicopter Division",
                "name_kn": "ಹೆಲಿಕೊಪ್ಟೆರ್ ದಿವಿಸಿೊಂ",
                "stop_id": "22021",
                "lat": 12.95582,
                "lon": 77.67735
              },
              {
                "name": "HAL Kalyana Mantap",
                "name_kn": "ಹಲ್ ಕಲೆನ ಮಂಟಪ್",
                "stop_id": "22001",
                "lat": 12.9546,
                "lon": 77.68215
              },
              {
                "name": "Yamalur Cross",
                "name_kn": "ಯಮಲುರ್ ಕ್ರೊಸ್ಸ್",
                "stop_id": "22627",
                "lat": 12.95525,
                "lon": 77.68829
              },
              {
                "name": "Marathahalli",
                "name_kn": "ಮರತಹಲ್ಲಿ",
                "stop_id": "22260",
                "lat": 12.95626,
                "lon": 77.69409
              },
              {
                "name": "Marathahalli Bridge",
                "name_kn": "ಮರತಹಲ್ಲಿ ಬ್ರಿದ್ಗೆ",
                "stop_id": "22668",
                "lat": 12.9569,
                "lon": 77.70215
              },
              {
                "name": "Munnekolalu Cross (Spice Garden)",
                "name_kn": "ಮುಂನೆಕೊಲಲು ಕ್ರೊಸ್ಸ್ (ಸ್ಪಿಕೆ ಗರ್ದೆಂ)",
                "stop_id": "21038",
                "lat": 12.9564,
                "lon": 77.70927
              },
              {
                "name": "Kundalahalli Gate",
                "name_kn": "ಕುಂದಲಹಲ್ಲಿ ಗಟೆ",
                "stop_id": "20960",
                "lat": 12.95674,
                "lon": 77.71499
              },
              {
                "name": "Kundalahalli",
                "name_kn": "ಕುಂದಲಹಲ್ಲಿ",
                "stop_id": "20956",
                "lat": 12.95832,
                "lon": 77.71566
              },
              {
                "name": "BEML Layout Gate",
                "name_kn": "ಬೆಂಲ್ ಲಯೌಟ್ ಗಟೆ",
                "stop_id": "20640",
                "lat": 12.96083,
                "lon": 77.71641
              },
              {
                "name": "AECS Layout Cross",
                "name_kn": "ಅೆಕ್ಸ್ ಲಯೌಟ್ ಕ್ರೊಸ್ಸ್",
                "stop_id": "20596",
                "lat": 12.96511,
                "lon": 77.71827
              },
              {
                "name": "CMRIT College",
                "name_kn": "ಕ್ಂರಿಟ್ ಕೊಲ್ಲೆಗೆ",
                "stop_id": "20722",
                "lat": 12.96764,
                "lon": 77.71389
              },
              {
                "name": "Kundalahalli Colony",
                "name_kn": "ಕುಂದಲಹಲ್ಲಿ ಕೊಲೊನೆ",
                "stop_id": "20958",
                "lat": 12.97022,
                "lon": 77.71248
              },
              {
                "name": "Graphite India",
                "name_kn": "ಗ್ರಫಿಟೆ ಿಂದಿ",
                "stop_id": "20802",
                "lat": 12.97821,
                "lon": 77.71135
              },
              {
                "name": "SAP Labs",
                "name_kn": "ಸಪ್ ಲಬ್ಸ್",
                "stop_id": "21153",
                "lat": 12.9778,
                "lon": 77.7144
              },
              {
                "name": "Kundalahalli Metro Station",
                "name_kn": "ಕುಂದಲಹಲ್ಲಿ ಮೆಟ್ರೊ ಸ್ಟಟಿೊಂ",
                "stop_id": "38798",
                "lat": 12.97753,
                "lon": 77.71632
              },
              {
                "name": "I Gate",
                "name_kn": "ಇ ಗಟೆ",
                "stop_id": "20849",
                "lat": 12.97734,
                "lon": 77.71863
              },
              {
                "name": "KTPO",
                "name_kn": "ಕ್ಟ್ಪೊ",
                "stop_id": "20949",
                "lat": 12.97702,
                "lon": 77.72225
              },
              {
                "name": "White Field Bus Station (Vydehi Hospital)",
                "name_kn": "ವ್ಹಿಟೆ ೞಿೆಲ್ದ್ ಬುಸ್ ಸ್ಟಟಿೊಂ (ವೆದೆಹಿ ಹೊಸ್ಪಿಟಲ್)",
                "stop_id": "23656",
                "lat": 12.9774,
                "lon": 77.72693
              },
              {
                "name": "Sathya Sai Hospital",
                "name_kn": "ಸತೆ ಸೈ ಹೊಸ್ಪಿಟಲ್",
                "stop_id": "21161",
                "lat": 12.9823,
                "lon": 77.72773
              },
              {
                "name": "Big Bazzar ITPL",
                "name_kn": "ಬಿಗ್ ಬಜ಼್ಜ಼ರ್ ಿಟ್ಪ್ಲ್",
                "stop_id": "20670",
                "lat": 12.98823,
                "lon": 77.73197
              },
              {
                "name": "Pattandur Agrahara Gate",
                "name_kn": "ಪಟಂದುರ್ ಗ್ರಹರ ಗಟೆ",
                "stop_id": "21079",
                "lat": 12.98803,
                "lon": 77.73354
              },
              {
                "name": "ITPL",
                "name_kn": "ಇಟ್ಪ್ಲ್",
                "stop_id": "20866",
                "lat": 12.98766,
                "lon": 77.73704
              },
              {
                "name": "GR Tech Park ITPL",
                "name_kn": "ಗ್ರ್ ಟೆಚ್ ಪರ್ಕ್ ಿಟ್ಪ್ಲ್",
                "stop_id": "20801",
                "lat": 12.98681,
                "lon": 77.74338
              },
              {
                "name": "BPL",
                "name_kn": "ಬ್ಪ್ಲ್",
                "stop_id": "20680",
                "lat": 12.98525,
                "lon": 77.74828
              },
              {
                "name": "Hope Farm",
                "name_kn": "ಹೊಪೆ ೞರ್ಂ",
                "stop_id": "37509",
                "lat": 12.9843,
                "lon": 77.75148
              },
              {
                "name": "Kadugodi Bridge",
                "name_kn": "ಕದುಗೊದಿ ಬ್ರಿದ್ಗೆ",
                "stop_id": "20901",
                "lat": 12.99448,
                "lon": 77.75769
              },
              {
                "name": "Kadugodi Bus Station",
                "name_kn": "ಕದುಗೊದಿ ಬುಸ್ ಸ್ಟಟಿೊಂ",
                "stop_id": "20902",
                "lat": 12.99563,
                "lon": 77.75855
              }
            ]
          },
          {
            "Route": "KBS-1I",
            "RouteId": 1710,
            "RouteParentId": 1019,
            "Destination": "Kadugodi Bus Station",
            "Via": "",
            "Area": "Kempegowda Bus Station",
            "PlatformNumber": "1",
            "KannadaDestination": "ಕದುಗೊದಿ ಬುಸ್ ಸ್ಟಟಿೊಂ",
            "KannadaArea": "ಕೆಂಪೇಗೌಡ ಬಸ್ ನಿಲ್ದಾಣ",
            "KannadaVia": "",
            "FromStationId": 21914,
            "Stops": [
              {
                "name": "Domlur",
                "name_kn": "ದೊಂಲುರ್",
                "stop_id": "21914",
                "lat": 12.96111,
                "lon": 77.63809
              },
              {
                "name": "Domlur Flyover",
                "name_kn": "ದೊಂಲುರ್ ೞ್ಲೆೊವೆರ್",
                "stop_id": "21917",
                "lat": 12.96048,
                "lon": 77.64352
              },
              {
                "name": "Kodihalli",
                "name_kn": "ಕೊದಿಹಲ್ಲಿ",
                "stop_id": "22178",
                "lat": 12.96,
                "lon": 77.64758
              },
              {
                "name": "NAL/Manipal Hospital",
                "name_kn": "ನಲ್/ಮನಿಪಲ್ ಹೊಸ್ಪಿಟಲ್",
                "stop_id": "22336",
                "lat": 12.95964,
                "lon": 77.65076
              },
              {
                "name": "Murugeshpalya",
                "name_kn": "ಮುರುಗೆಶ್ಪಲೆ",
                "stop_id": "22316",
                "lat": 12.95936,
                "lon": 77.65618
              },
              {
                "name": "Konena Agrahara",
                "name_kn": "ಕೊನೆನ ಗ್ರಹರ",
                "stop_id": "22193",
                "lat": 12.95914,
                "lon": 77.65962
              },
              {
                "name": "HAL Main Gate",
                "name_kn": "ಹಲ್ ಮೈಂ ಗಟೆ",
                "stop_id": "22003",
                "lat": 12.95821,
                "lon": 77.66821
              },
              {
                "name": "HAL Admin Gate",
                "name_kn": "ಹಲ್ ದ್ಮಿಂ ಗಟೆ",
                "stop_id": "39489",
                "lat": 12.95813,
                "lon": 77.66949
              },
              {
                "name": "Helicopter Division",
                "name_kn": "ಹೆಲಿಕೊಪ್ಟೆರ್ ದಿವಿಸಿೊಂ",
                "stop_id": "22021",
                "lat": 12.95582,
                "lon": 77.67735
              },
              {
                "name": "HAL Kalyana Mantap",
                "name_kn": "ಹಲ್ ಕಲೆನ ಮಂಟಪ್",
                "stop_id": "22001",
                "lat": 12.9546,
                "lon": 77.68215
              },
              {
                "name": "Yamalur Cross",
                "name_kn": "ಯಮಲುರ್ ಕ್ರೊಸ್ಸ್",
                "stop_id": "22627",
                "lat": 12.95525,
                "lon": 77.68829
              },
              {
                "name": "Marathahalli",
                "name_kn": "ಮರತಹಲ್ಲಿ",
                "stop_id": "22260",
                "lat": 12.95626,
                "lon": 77.69409
              },
              {
                "name": "Marathahalli Bridge",
                "name_kn": "ಮರತಹಲ್ಲಿ ಬ್ರಿದ್ಗೆ",
                "stop_id": "22668",
                "lat": 12.9569,
                "lon": 77.70215
              },
              {
                "name": "Munnekolalu Cross (Spice Garden)",
                "name_kn": "ಮುಂನೆಕೊಲಲು ಕ್ರೊಸ್ಸ್ (ಸ್ಪಿಕೆ ಗರ್ದೆಂ)",
                "stop_id": "21038",
                "lat": 12.9564,
                "lon": 77.70927
              },
              {
                "name": "Kundalahalli Gate",
                "name_kn": "ಕುಂದಲಹಲ್ಲಿ ಗಟೆ",
                "stop_id": "20960",
                "lat": 12.95674,
                "lon": 77.71499
              },
              {
                "name": "Kundalahalli",
                "name_kn": "ಕುಂದಲಹಲ್ಲಿ",
                "stop_id": "20956",
                "lat": 12.95832,
                "lon": 77.71566
              },
              {
                "name": "BEML Layout Gate",
                "name_kn": "ಬೆಂಲ್ ಲಯೌಟ್ ಗಟೆ",
                "stop_id": "20640",
                "lat": 12.96083,
                "lon": 77.71641
              },
              {
                "name": "AECS Layout Cross",
                "name_kn": "ಅೆಕ್ಸ್ ಲಯೌಟ್ ಕ್ರೊಸ್ಸ್",
                "stop_id": "20596",
                "lat": 12.96511,
                "lon": 77.71827
              },
              {
                "name": "CMRIT College",
                "name_kn": "ಕ್ಂರಿಟ್ ಕೊಲ್ಲೆಗೆ",
                "stop_id": "20722",
                "lat": 12.96764,
                "lon": 77.71389
              },
              {
                "name": "Kundalahalli Colony",
                "name_kn": "ಕುಂದಲಹಲ್ಲಿ ಕೊಲೊನೆ",
                "stop_id": "20958",
                "lat": 12.97022,
                "lon": 77.71248
              },
              {
                "name": "Graphite India",
                "name_kn": "ಗ್ರಫಿಟೆ ಿಂದಿ",
                "stop_id": "20802",
                "lat": 12.97821,
                "lon": 77.71135
              },
              {
                "name": "SAP Labs",
                "name_kn": "ಸಪ್ ಲಬ್ಸ್",
                "stop_id": "21153",
                "lat": 12.9778,
                "lon": 77.7144
              },
              {
                "name": "Kundalahalli Metro Station",
                "name_kn": "ಕುಂದಲಹಲ್ಲಿ ಮೆಟ್ರೊ ಸ್ಟಟಿೊಂ",
                "stop_id": "38798",
                "lat": 12.97753,
                "lon": 77.71632
              },
              {
                "name": "I Gate",
                "name_kn": "ಇ ಗಟೆ",
                "stop_id": "20849",
                "lat": 12.97734,
                "lon": 77.71863
              },
              {
                "name": "KTPO",
                "name_kn": "ಕ್ಟ್ಪೊ",
                "stop_id": "20949",
                "lat": 12.97702,
                "lon": 77.72225
              },
              {
                "name": "White Field Bus Station (Vydehi Hospital)",
                "name_kn": "ವ್ಹಿಟೆ ೞಿೆಲ್ದ್ ಬುಸ್ ಸ್ಟಟಿೊಂ (ವೆದೆಹಿ ಹೊಸ್ಪಿಟಲ್)",
                "stop_id": "23656",
                "lat": 12.9774,
                "lon": 77.72693
              },
              {
                "name": "Sathya Sai Hospital",
                "name_kn": "ಸತೆ ಸೈ ಹೊಸ್ಪಿಟಲ್",
                "stop_id": "21161",
                "lat": 12.9823,
                "lon": 77.72773
              },
              {
                "name": "Big Bazzar ITPL",
                "name_kn": "ಬಿಗ್ ಬಜ಼್ಜ಼ರ್ ಿಟ್ಪ್ಲ್",
                "stop_id": "20670",
                "lat": 12.98823,
                "lon": 77.73197
              },
              {
                "name": "Pattandur Agrahara Gate",
                "name_kn": "ಪಟಂದುರ್ ಗ್ರಹರ ಗಟೆ",
                "stop_id": "21079",
                "lat": 12.98803,
                "lon": 77.73354
              },
              {
                "name": "ITPL",
                "name_kn": "ಇಟ್ಪ್ಲ್",
                "stop_id": "20866",
                "lat": 12.98766,
                "lon": 77.73704
              },
              {
                "name": "GR Tech Park ITPL",
                "name_kn": "ಗ್ರ್ ಟೆಚ್ ಪರ್ಕ್ ಿಟ್ಪ್ಲ್",
                "stop_id": "20801",
                "lat": 12.98681,
                "lon": 77.74338
              },
              {
                "name": "BPL",
                "name_kn": "ಬ್ಪ್ಲ್",
                "stop_id": "20680",
                "lat": 12.98525,
                "lon": 77.74828
              },
              {
                "name": "Hope Farm",
                "name_kn": "ಹೊಪೆ ೞರ್ಂ",
                "stop_id": "37509",
                "lat": 12.9843,
                "lon": 77.75148
              },
              {
                "name": "Kadugodi Bridge",
                "name_kn": "ಕದುಗೊದಿ ಬ್ರಿದ್ಗೆ",
                "stop_id": "20901",
                "lat": 12.99448,
                "lon": 77.75769
              },
              {
                "name": "Kadugodi Bus Station",
                "name_kn": "ಕದುಗೊದಿ ಬುಸ್ ಸ್ಟಟಿೊಂ",
                "stop_id": "20902",
                "lat": 12.99563,
                "lon": 77.75855
              }
            ]
          },
          {
            "Route": "V-335E",
            "RouteId": 1855,
            "RouteParentId": 1097,
            "Destination": "Kadugodi Bus Station",
            "Via": "",
            "Area": "Kempegowda Bus Station",
            "PlatformNumber": "1",
            "KannadaDestination": "ಕದುಗೊದಿ ಬುಸ್ ಸ್ಟಟಿೊಂ",
            "KannadaArea": "ಕೆಂಪೇಗೌಡ ಬಸ್ ನಿಲ್ದಾಣ",
            "KannadaVia": "",
            "FromStationId": 21914,
            "Stops": [
              {
                "name": "Domlur",
                "name_kn": "ದೊಂಲುರ್",
                "stop_id": "21914",
                "lat": 12.96111,
                "lon": 77.63809
              },
              {
                "name": "Domlur Flyover",
                "name_kn": "ದೊಂಲುರ್ ೞ್ಲೆೊವೆರ್",
                "stop_id": "21917",
                "lat": 12.96048,
                "lon": 77.64352
              },
              {
                "name": "Kodihalli",
                "name_kn": "ಕೊದಿಹಲ್ಲಿ",
                "stop_id": "22178",
                "lat": 12.96,
                "lon": 77.64758
              },
              {
                "name": "NAL/Manipal Hospital",
                "name_kn": "ನಲ್/ಮನಿಪಲ್ ಹೊಸ್ಪಿಟಲ್",
                "stop_id": "22336",
                "lat": 12.95964,
                "lon": 77.65076
              },
              {
                "name": "Murugeshpalya",
                "name_kn": "ಮುರುಗೆಶ್ಪಲೆ",
                "stop_id": "22316",
                "lat": 12.95936,
                "lon": 77.65618
              },
              {
                "name": "Konena Agrahara",
                "name_kn": "ಕೊನೆನ ಗ್ರಹರ",
                "stop_id": "22193",
                "lat": 12.95914,
                "lon": 77.65962
              },
              {
                "name": "HAL Main Gate",
                "name_kn": "ಹಲ್ ಮೈಂ ಗಟೆ",
                "stop_id": "22003",
                "lat": 12.95821,
                "lon": 77.66821
              },
              {
                "name": "Helicopter Division",
                "name_kn": "ಹೆಲಿಕೊಪ್ಟೆರ್ ದಿವಿಸಿೊಂ",
                "stop_id": "22021",
                "lat": 12.95582,
                "lon": 77.67735
              },
              {
                "name": "HAL Kalyana Mantap",
                "name_kn": "ಹಲ್ ಕಲೆನ ಮಂಟಪ್",
                "stop_id": "22001",
                "lat": 12.9546,
                "lon": 77.68215
              },
              {
                "name": "Yamalur Cross",
                "name_kn": "ಯಮಲುರ್ ಕ್ರೊಸ್ಸ್",
                "stop_id": "22627",
                "lat": 12.95525,
                "lon": 77.68829
              },
              {
                "name": "Marathahalli",
                "name_kn": "ಮರತಹಲ್ಲಿ",
                "stop_id": "22260",
                "lat": 12.95626,
                "lon": 77.69409
              },
              {
                "name": "Marathahalli Bridge",
                "name_kn": "ಮರತಹಲ್ಲಿ ಬ್ರಿದ್ಗೆ",
                "stop_id": "22668",
                "lat": 12.9569,
                "lon": 77.70215
              },
              {
                "name": "Munnekolalu Cross (Spice Garden)",
                "name_kn": "ಮುಂನೆಕೊಲಲು ಕ್ರೊಸ್ಸ್ (ಸ್ಪಿಕೆ ಗರ್ದೆಂ)",
                "stop_id": "21038",
                "lat": 12.9564,
                "lon": 77.70927
              },
              {
                "name": "Kundalahalli Gate",
                "name_kn": "ಕುಂದಲಹಲ್ಲಿ ಗಟೆ",
                "stop_id": "20960",
                "lat": 12.95674,
                "lon": 77.71499
              },
              {
                "name": "Kundalahalli",
                "name_kn": "ಕುಂದಲಹಲ್ಲಿ",
                "stop_id": "20956",
                "lat": 12.95832,
                "lon": 77.71566
              },
              {
                "name": "BEML Layout Gate",
                "name_kn": "ಬೆಂಲ್ ಲಯೌಟ್ ಗಟೆ",
                "stop_id": "20640",
                "lat": 12.96083,
                "lon": 77.71641
              },
              {
                "name": "AECS Layout Cross",
                "name_kn": "ಅೆಕ್ಸ್ ಲಯೌಟ್ ಕ್ರೊಸ್ಸ್",
                "stop_id": "20596",
                "lat": 12.96511,
                "lon": 77.71827
              },
              {
                "name": "CMRIT College",
                "name_kn": "ಕ್ಂರಿಟ್ ಕೊಲ್ಲೆಗೆ",
                "stop_id": "20722",
                "lat": 12.96764,
                "lon": 77.71389
              },
              {
                "name": "Kundalahalli Colony",
                "name_kn": "ಕುಂದಲಹಲ್ಲಿ ಕೊಲೊನೆ",
                "stop_id": "20958",
                "lat": 12.97022,
                "lon": 77.71248
              },
              {
                "name": "Graphite India",
                "name_kn": "ಗ್ರಫಿಟೆ ಿಂದಿ",
                "stop_id": "20802",
                "lat": 12.97821,
                "lon": 77.71135
              },
              {
                "name": "SAP Labs",
                "name_kn": "ಸಪ್ ಲಬ್ಸ್",
                "stop_id": "21153",
                "lat": 12.9778,
                "lon": 77.7144
              },
              {
                "name": "Kundalahalli Metro Station",
                "name_kn": "ಕುಂದಲಹಲ್ಲಿ ಮೆಟ್ರೊ ಸ್ಟಟಿೊಂ",
                "stop_id": "38798",
                "lat": 12.97753,
                "lon": 77.71632
              },
              {
                "name": "I Gate",
                "name_kn": "ಇ ಗಟೆ",
                "stop_id": "20849",
                "lat": 12.97734,
                "lon": 77.71863
              },
              {
                "name": "KTPO",
                "name_kn": "ಕ್ಟ್ಪೊ",
                "stop_id": "20949",
                "lat": 12.97702,
                "lon": 77.72225
              },
              {
                "name": "White Field Bus Station (Vydehi Hospital)",
                "name_kn": "ವ್ಹಿಟೆ ೞಿೆಲ್ದ್ ಬುಸ್ ಸ್ಟಟಿೊಂ (ವೆದೆಹಿ ಹೊಸ್ಪಿಟಲ್)",
                "stop_id": "23656",
                "lat": 12.9774,
                "lon": 77.72693
              },
              {
                "name": "Sathya Sai Hospital",
                "name_kn": "ಸತೆ ಸೈ ಹೊಸ್ಪಿಟಲ್",
                "stop_id": "21161",
                "lat": 12.9823,
                "lon": 77.72773
              },
              {
                "name": "Big Bazzar ITPL",
                "name_kn": "ಬಿಗ್ ಬಜ಼್ಜ಼ರ್ ಿಟ್ಪ್ಲ್",
                "stop_id": "20670",
                "lat": 12.98823,
                "lon": 77.73197
              },
              {
                "name": "Pattandur Agrahara Gate",
                "name_kn": "ಪಟಂದುರ್ ಗ್ರಹರ ಗಟೆ",
                "stop_id": "21079",
                "lat": 12.98803,
                "lon": 77.73354
              },
              {
                "name": "ITPL",
                "name_kn": "ಇಟ್ಪ್ಲ್",
                "stop_id": "20866",
                "lat": 12.98766,
                "lon": 77.73704
              },
              {
                "name": "GR Tech Park ITPL",
                "name_kn": "ಗ್ರ್ ಟೆಚ್ ಪರ್ಕ್ ಿಟ್ಪ್ಲ್",
                "stop_id": "20801",
                "lat": 12.98681,
                "lon": 77.74338
              },
              {
                "name": "BPL",
                "name_kn": "ಬ್ಪ್ಲ್",
                "stop_id": "20680",
                "lat": 12.98525,
                "lon": 77.74828
              },
              {
                "name": "Hope Farm",
                "name_kn": "ಹೊಪೆ ೞರ್ಂ",
                "stop_id": "37509",
                "lat": 12.9843,
                "lon": 77.75148
              },
              {
                "name": "Kadugodi Bridge",
                "name_kn": "ಕದುಗೊದಿ ಬ್ರಿದ್ಗೆ",
                "stop_id": "20901",
                "lat": 12.99448,
                "lon": 77.75769
              },
              {
                "name": "Kadugodi Bus Station",
                "name_kn": "ಕದುಗೊದಿ ಬುಸ್ ಸ್ಟಟಿೊಂ",
                "stop_id": "20902",
                "lat": 12.99563,
                "lon": 77.75855
              }
            ]
          },
          {
            "Route": "333-N",
            "RouteId": 4711,
            "RouteParentId": 2583,
            "Destination": "Seetharampalya",
            "Via": "",
            "Area": "Kempegowda Bus Station",
            "PlatformNumber": "1",
            "KannadaDestination": "ಸೀತರಂಪಲೆ",
            "KannadaArea": "ಕೆಂಪೇಗೌಡ ಬಸ್ ನಿಲ್ದಾಣ",
            "KannadaVia": "",
            "FromStationId": 21914,
            "Stops": [
              {
                "name": "Domlur",
                "name_kn": "ದೊಂಲುರ್",
                "stop_id": "21914",
                "lat": 12.96111,
                "lon": 77.63809
              },
              {
                "name": "Domlur Flyover",
                "name_kn": "ದೊಂಲುರ್ ೞ್ಲೆೊವೆರ್",
                "stop_id": "21917",
                "lat": 12.96048,
                "lon": 77.64352
              },
              {
                "name": "Kodihalli",
                "name_kn": "ಕೊದಿಹಲ್ಲಿ",
                "stop_id": "22178",
                "lat": 12.96,
                "lon": 77.64758
              },
              {
                "name": "NAL/Manipal Hospital",
                "name_kn": "ನಲ್/ಮನಿಪಲ್ ಹೊಸ್ಪಿಟಲ್",
                "stop_id": "22336",
                "lat": 12.95964,
                "lon": 77.65076
              },
              {
                "name": "Murugeshpalya",
                "name_kn": "ಮುರುಗೆಶ್ಪಲೆ",
                "stop_id": "22316",
                "lat": 12.95936,
                "lon": 77.65618
              },
              {
                "name": "Konena Agrahara",
                "name_kn": "ಕೊನೆನ ಗ್ರಹರ",
                "stop_id": "22193",
                "lat": 12.95914,
                "lon": 77.65962
              },
              {
                "name": "HAL Main Gate",
                "name_kn": "ಹಲ್ ಮೈಂ ಗಟೆ",
                "stop_id": "22003",
                "lat": 12.95821,
                "lon": 77.66821
              },
              {
                "name": "HAL Admin Gate",
                "name_kn": "ಹಲ್ ದ್ಮಿಂ ಗಟೆ",
                "stop_id": "39489",
                "lat": 12.95813,
                "lon": 77.66949
              },
              {
                "name": "Helicopter Division",
                "name_kn": "ಹೆಲಿಕೊಪ್ಟೆರ್ ದಿವಿಸಿೊಂ",
                "stop_id": "22021",
                "lat": 12.95582,
                "lon": 77.67735
              },
              {
                "name": "HAL Kalyana Mantap",
                "name_kn": "ಹಲ್ ಕಲೆನ ಮಂಟಪ್",
                "stop_id": "22001",
                "lat": 12.9546,
                "lon": 77.68215
              },
              {
                "name": "Yamalur Cross",
                "name_kn": "ಯಮಲುರ್ ಕ್ರೊಸ್ಸ್",
                "stop_id": "22627",
                "lat": 12.95525,
                "lon": 77.68829
              },
              {
                "name": "Marathahalli",
                "name_kn": "ಮರತಹಲ್ಲಿ",
                "stop_id": "22260",
                "lat": 12.95626,
                "lon": 77.69409
              },
              {
                "name": "Marathahalli Bridge",
                "name_kn": "ಮರತಹಲ್ಲಿ ಬ್ರಿದ್ಗೆ",
                "stop_id": "22668",
                "lat": 12.9569,
                "lon": 77.70215
              },
              {
                "name": "Munnekolalu Cross (Spice Garden)",
                "name_kn": "ಮುಂನೆಕೊಲಲು ಕ್ರೊಸ್ಸ್ (ಸ್ಪಿಕೆ ಗರ್ದೆಂ)",
                "stop_id": "21038",
                "lat": 12.9564,
                "lon": 77.70927
              },
              {
                "name": "Kundalahalli Gate",
                "name_kn": "ಕುಂದಲಹಲ್ಲಿ ಗಟೆ",
                "stop_id": "20960",
                "lat": 12.95674,
                "lon": 77.71499
              },
              {
                "name": "Kundalahalli",
                "name_kn": "ಕುಂದಲಹಲ್ಲಿ",
                "stop_id": "20956",
                "lat": 12.95832,
                "lon": 77.71566
              },
              {
                "name": "BEML Layout Gate",
                "name_kn": "ಬೆಂಲ್ ಲಯೌಟ್ ಗಟೆ",
                "stop_id": "20640",
                "lat": 12.96083,
                "lon": 77.71641
              },
              {
                "name": "AECS Layout Cross",
                "name_kn": "ಅೆಕ್ಸ್ ಲಯೌಟ್ ಕ್ರೊಸ್ಸ್",
                "stop_id": "20596",
                "lat": 12.96511,
                "lon": 77.71827
              },
              {
                "name": "CMRIT College",
                "name_kn": "ಕ್ಂರಿಟ್ ಕೊಲ್ಲೆಗೆ",
                "stop_id": "20722",
                "lat": 12.96764,
                "lon": 77.71389
              },
              {
                "name": "Kundalahalli Colony",
                "name_kn": "ಕುಂದಲಹಲ್ಲಿ ಕೊಲೊನೆ",
                "stop_id": "20958",
                "lat": 12.97022,
                "lon": 77.71248
              },
              {
                "name": "Graphite India",
                "name_kn": "ಗ್ರಫಿಟೆ ಿಂದಿ",
                "stop_id": "20802",
                "lat": 12.97821,
                "lon": 77.71135
              },
              {
                "name": "SAP Labs",
                "name_kn": "ಸಪ್ ಲಬ್ಸ್",
                "stop_id": "21153",
                "lat": 12.9778,
                "lon": 77.7144
              },
              {
                "name": "Kundalahalli Metro Station",
                "name_kn": "ಕುಂದಲಹಲ್ಲಿ ಮೆಟ್ರೊ ಸ್ಟಟಿೊಂ",
                "stop_id": "38798",
                "lat": 12.97753,
                "lon": 77.71632
              },
              {
                "name": "I Gate",
                "name_kn": "ಇ ಗಟೆ",
                "stop_id": "20849",
                "lat": 12.97734,
                "lon": 77.71863
              },
              {
                "name": "Seetharampalya",
                "name_kn": "ಸೀತರಂಪಲೆ",
                "stop_id": "28222",
                "lat": 12.98044,
                "lon": 77.7219
              }
            ]
          },
          {
            "Route": "335-M",
            "RouteId": 4740,
            "RouteParentId": 2595,
            "Destination": "Mahalakshmi Layout",
            "Via": "",
            "Area": "Mahalakshmi Layout",
            "PlatformNumber": "1",
            "KannadaDestination": "ಮಹಲಕ್ಷ್ಮಿ ಲಯೌಟ್",
            "KannadaArea": "ಮಹಾಲಕ್ಷ್ಮಿ ಬಡಾವಣೆ",
            "KannadaVia": "",
            "FromStationId": 21914,
            "Stops": [
              {
                "name": "Domlur Flyover",
                "name_kn": "ದೊಂಲುರ್ ೞ್ಲೆೊವೆರ್",
                "stop_id": "21915",
                "lat": 12.96045,
                "lon": 77.64251
              },
              {
                "name": "Domlur",
                "name_kn": "ದೊಂಲುರ್",
                "stop_id": "21913",
                "lat": 12.96122,
                "lon": 77.63667
              },
              {
                "name": "Commando Hospital",
                "name_kn": "ಕೊಮ್ಮಂದೊ ಹೊಸ್ಪಿಟಲ್",
                "stop_id": "21865",
                "lat": 12.96268,
                "lon": 77.62756
              },
              {
                "name": "Military Accounts Office",
                "name_kn": "ಮಿಲಿಟರೆ ಕ್ಕೌಂಟ್ಸ್ ೊೞ್ೞಿಕೆ",
                "stop_id": "22288",
                "lat": 12.96691,
                "lon": 77.62117
              },
              {
                "name": "Kendriya Vidyalaya ASC Center",
                "name_kn": "ಕೆಂದ್ರಿಯ ವಿಠೆಲಯ ಸ್ಕ್ ಕೆಂಟೆರ್",
                "stop_id": "31011",
                "lat": 12.96676,
                "lon": 77.61259
              },
              {
                "name": "Life Style (Sacred Heart School)",
                "name_kn": "ಲಿೞೆ ಸ್ಟೆಲೆ (ಸಕ್ರೆದ್ ಹೆರ್ಟ್ ಸ್ಚೂಲ್)",
                "stop_id": "20970",
                "lat": 12.96692,
                "lon": 77.61018
              },
              {
                "name": "Richmond Circle",
                "name_kn": "ರಿಚ್ಮೊಂದ್ ಕಿರ್ಕ್ಲೆ",
                "stop_id": "21126",
                "lat": 12.9658,
                "lon": 77.60433
              },
              {
                "name": "Pallavi Talkies",
                "name_kn": "ಪಲ್ಲವಿ ಟಲ್ಕಿೆಸ್",
                "stop_id": "22667",
                "lat": 12.9679,
                "lon": 77.59102
              },
              {
                "name": "Corporation",
                "name_kn": "ಕೊರ್ಪೊರಟಿೊಂ",
                "stop_id": "20725",
                "lat": 12.96839,
                "lon": 77.58675
              },
              {
                "name": "Mysore Bank",
                "name_kn": "ಮೆಸೊರೆ ಬಂಕ್",
                "stop_id": "35383",
                "lat": 12.97253,
                "lon": 77.58199
              },
              {
                "name": "Kempegowda Bus Station",
                "name_kn": "ಕೆಂಪೆಗೌದ ಬುಸ್ ಸ್ಟಟಿೊಂ",
                "stop_id": "20922",
                "lat": 12.97749,
                "lon": 77.57327
              },
              {
                "name": "Okalipura",
                "name_kn": "ಒಕಲಿಪುರ",
                "stop_id": "35387",
                "lat": 12.98229,
                "lon": 77.56783
              },
              {
                "name": "Sujatha Talkies",
                "name_kn": "ಸುಜತ ಟಲ್ಕಿೆಸ್",
                "stop_id": "21200",
                "lat": 12.98246,
                "lon": 77.56208
              },
              {
                "name": "Rajajinagara Entrance",
                "name_kn": "ರಜಜಿನಗರ ೆಂಟ್ರಂಕೆ",
                "stop_id": "35263",
                "lat": 12.98428,
                "lon": 77.55721
              },
              {
                "name": "Bashyam Circle Rajajinagara",
                "name_kn": "ಬಶೆಂ ಕಿರ್ಕ್ಲೆ ರಜಜಿನಗರ",
                "stop_id": "29788",
                "lat": 12.98458,
                "lon": 77.55414
              },
              {
                "name": "Rajajinagara Old Police Station",
                "name_kn": "ರಜಜಿನಗರ ೊಲ್ದ್ ಪೊಲಿಕೆ ಸ್ಟಟಿೊಂ",
                "stop_id": "21072",
                "lat": 12.98928,
                "lon": 77.55438
              },
              {
                "name": "ESI Hospital Rajajinagara",
                "name_kn": "ಎಸಿ ಹೊಸ್ಪಿಟಲ್ ರಜಜಿನಗರ",
                "stop_id": "20776",
                "lat": 12.99041,
                "lon": 77.55256
              },
              {
                "name": "Basaveshwara College",
                "name_kn": "ಬಸವೆಶ್ವರ ಕೊಲ್ಲೆಗೆ",
                "stop_id": "20629",
                "lat": 12.99448,
                "lon": 77.5527
              },
              {
                "name": "Rajajinagara 2nd Block",
                "name_kn": "ರಜಜಿನಗರ 2ಂದ್ ಬ್ಲೊಕ್ಕ್",
                "stop_id": "22901",
                "lat": 12.99607,
                "lon": 77.55144
              },
              {
                "name": "Navarang Theatre",
                "name_kn": "ನವರಙ್ ತೆಟ್ರೆ",
                "stop_id": "35290",
                "lat": 12.99825,
                "lon": 77.55096
              },
              {
                "name": "Canara Bank Rajajinagara 1st Block",
                "name_kn": "ಕನರ ಬಂಕ್ ರಜಜಿನಗರ 1ಸ್ಟ್ ಬ್ಲೊಕ್ಕ್",
                "stop_id": "24187",
                "lat": 13.00089,
                "lon": 77.55044
              },
              {
                "name": "Diacon Hospital",
                "name_kn": "ದಿಕೊಂ ಹೊಸ್ಪಿಟಲ್",
                "stop_id": "22893",
                "lat": 13.00379,
                "lon": 77.55003
              },
              {
                "name": "1st Block Rajajinagara",
                "name_kn": "1ಸ್ಟ್ ಬ್ಲೊಕ್ಕ್ ರಜಜಿನಗರ",
                "stop_id": "20576",
                "lat": 13.00515,
                "lon": 77.54887
              },
              {
                "name": "Mahalakshmi Layout Entrance",
                "name_kn": "ಮಹಲಕ್ಷ್ಮಿ ಲಯೌಟ್ ೆಂಟ್ರಂಕೆ",
                "stop_id": "24188",
                "lat": 13.00779,
                "lon": 77.548
              },
              {
                "name": "Shrinivasa Temple",
                "name_kn": "ಶ್ರಿನಿವಸ ಟೆಂಪ್ಲೆ",
                "stop_id": "24189",
                "lat": 13.00833,
                "lon": 77.54506
              },
              {
                "name": "Ganesha Temple Mahalaskhmi Layout",
                "name_kn": "ಗನೆಶ ಟೆಂಪ್ಲೆ ಮಹಲಸ್ಖ್ಮಿ ಲಯೌಟ್",
                "stop_id": "24190",
                "lat": 13.00862,
                "lon": 77.5432
              },
              {
                "name": "Mahalakshmi Layout",
                "name_kn": "ಮಹಲಕ್ಷ್ಮಿ ಲಯೌಟ್",
                "stop_id": "24191",
                "lat": 13.01208,
                "lon": 77.54401
              }
            ]
          },
          {
            "Route": "V-331A",
            "RouteId": 11394,
            "RouteParentId": 6075,
            "Destination": "Kadugodi Bus Station",
            "Via": "",
            "Area": "Shivajinagara Bus Station",
            "PlatformNumber": "1",
            "KannadaDestination": "ಕದುಗೊದಿ ಬುಸ್ ಸ್ಟಟಿೊಂ",
            "KannadaArea": "ಶಿವಾಜಿನಗರ ಬಸ್ ನಿಲ್ದಾಣ",
            "KannadaVia": "",
            "FromStationId": 21914,
            "Stops": [
              {
                "name": "Domlur",
                "name_kn": "ದೊಂಲುರ್",
                "stop_id": "21914",
                "lat": 12.96111,
                "lon": 77.63809
              },
              {
                "name": "Domlur Flyover",
                "name_kn": "ದೊಂಲುರ್ ೞ್ಲೆೊವೆರ್",
                "stop_id": "21917",
                "lat": 12.96048,
                "lon": 77.64352
              },
              {
                "name": "Kodihalli",
                "name_kn": "ಕೊದಿಹಲ್ಲಿ",
                "stop_id": "22178",
                "lat": 12.96,
                "lon": 77.64758
              },
              {
                "name": "NAL/Manipal Hospital",
                "name_kn": "ನಲ್/ಮನಿಪಲ್ ಹೊಸ್ಪಿಟಲ್",
                "stop_id": "22336",
                "lat": 12.95964,
                "lon": 77.65076
              },
              {
                "name": "Murugeshpalya",
                "name_kn": "ಮುರುಗೆಶ್ಪಲೆ",
                "stop_id": "22316",
                "lat": 12.95936,
                "lon": 77.65618
              },
              {
                "name": "Konena Agrahara",
                "name_kn": "ಕೊನೆನ ಗ್ರಹರ",
                "stop_id": "22193",
                "lat": 12.95914,
                "lon": 77.65962
              },
              {
                "name": "HAL Main Gate",
                "name_kn": "ಹಲ್ ಮೈಂ ಗಟೆ",
                "stop_id": "22003",
                "lat": 12.95821,
                "lon": 77.66821
              },
              {
                "name": "HAL Admin Gate",
                "name_kn": "ಹಲ್ ದ್ಮಿಂ ಗಟೆ",
                "stop_id": "39489",
                "lat": 12.95813,
                "lon": 77.66949
              },
              {
                "name": "Helicopter Division",
                "name_kn": "ಹೆಲಿಕೊಪ್ಟೆರ್ ದಿವಿಸಿೊಂ",
                "stop_id": "22021",
                "lat": 12.95582,
                "lon": 77.67735
              },
              {
                "name": "HAL Kalyana Mantap",
                "name_kn": "ಹಲ್ ಕಲೆನ ಮಂಟಪ್",
                "stop_id": "22001",
                "lat": 12.9546,
                "lon": 77.68215
              },
              {
                "name": "Yamalur Cross",
                "name_kn": "ಯಮಲುರ್ ಕ್ರೊಸ್ಸ್",
                "stop_id": "22627",
                "lat": 12.95525,
                "lon": 77.68829
              },
              {
                "name": "Marathahalli",
                "name_kn": "ಮರತಹಲ್ಲಿ",
                "stop_id": "22260",
                "lat": 12.95626,
                "lon": 77.69409
              },
              {
                "name": "Marathahalli Bridge",
                "name_kn": "ಮರತಹಲ್ಲಿ ಬ್ರಿದ್ಗೆ",
                "stop_id": "22668",
                "lat": 12.9569,
                "lon": 77.70215
              },
              {
                "name": "Munnekolalu Cross (Spice Garden)",
                "name_kn": "ಮುಂನೆಕೊಲಲು ಕ್ರೊಸ್ಸ್ (ಸ್ಪಿಕೆ ಗರ್ದೆಂ)",
                "stop_id": "21038",
                "lat": 12.9564,
                "lon": 77.70927
              },
              {
                "name": "Kundalahalli Gate",
                "name_kn": "ಕುಂದಲಹಲ್ಲಿ ಗಟೆ",
                "stop_id": "20960",
                "lat": 12.95674,
                "lon": 77.71499
              },
              {
                "name": "Kundalahalli",
                "name_kn": "ಕುಂದಲಹಲ್ಲಿ",
                "stop_id": "20956",
                "lat": 12.95832,
                "lon": 77.71566
              },
              {
                "name": "BEML Layout Gate",
                "name_kn": "ಬೆಂಲ್ ಲಯೌಟ್ ಗಟೆ",
                "stop_id": "20640",
                "lat": 12.96083,
                "lon": 77.71641
              },
              {
                "name": "AECS Layout Cross",
                "name_kn": "ಅೆಕ್ಸ್ ಲಯೌಟ್ ಕ್ರೊಸ್ಸ್",
                "stop_id": "20596",
                "lat": 12.96511,
                "lon": 77.71827
              },
              {
                "name": "CMRIT College",
                "name_kn": "ಕ್ಂರಿಟ್ ಕೊಲ್ಲೆಗೆ",
                "stop_id": "20722",
                "lat": 12.96764,
                "lon": 77.71389
              },
              {
                "name": "Kundalahalli Colony",
                "name_kn": "ಕುಂದಲಹಲ್ಲಿ ಕೊಲೊನೆ",
                "stop_id": "20958",
                "lat": 12.97022,
                "lon": 77.71248
              },
              {
                "name": "Graphite India",
                "name_kn": "ಗ್ರಫಿಟೆ ಿಂದಿ",
                "stop_id": "20802",
                "lat": 12.97821,
                "lon": 77.71135
              },
              {
                "name": "SAP Labs",
                "name_kn": "ಸಪ್ ಲಬ್ಸ್",
                "stop_id": "21153",
                "lat": 12.9778,
                "lon": 77.7144
              },
              {
                "name": "Kundalahalli Metro Station",
                "name_kn": "ಕುಂದಲಹಲ್ಲಿ ಮೆಟ್ರೊ ಸ್ಟಟಿೊಂ",
                "stop_id": "38798",
                "lat": 12.97753,
                "lon": 77.71632
              },
              {
                "name": "I Gate",
                "name_kn": "ಇ ಗಟೆ",
                "stop_id": "20849",
                "lat": 12.97734,
                "lon": 77.71863
              },
              {
                "name": "KTPO",
                "name_kn": "ಕ್ಟ್ಪೊ",
                "stop_id": "20949",
                "lat": 12.97702,
                "lon": 77.72225
              },
              {
                "name": "White Field Bus Station (Vydehi Hospital)",
                "name_kn": "ವ್ಹಿಟೆ ೞಿೆಲ್ದ್ ಬುಸ್ ಸ್ಟಟಿೊಂ (ವೆದೆಹಿ ಹೊಸ್ಪಿಟಲ್)",
                "stop_id": "23656",
                "lat": 12.9774,
                "lon": 77.72693
              },
              {
                "name": "Sathya Sai Hospital",
                "name_kn": "ಸತೆ ಸೈ ಹೊಸ್ಪಿಟಲ್",
                "stop_id": "21161",
                "lat": 12.9823,
                "lon": 77.72773
              },
              {
                "name": "Big Bazzar ITPL",
                "name_kn": "ಬಿಗ್ ಬಜ಼್ಜ಼ರ್ ಿಟ್ಪ್ಲ್",
                "stop_id": "20670",
                "lat": 12.98823,
                "lon": 77.73197
              },
              {
                "name": "Pattandur Agrahara Gate",
                "name_kn": "ಪಟಂದುರ್ ಗ್ರಹರ ಗಟೆ",
                "stop_id": "21079",
                "lat": 12.98803,
                "lon": 77.73354
              },
              {
                "name": "ITPL",
                "name_kn": "ಇಟ್ಪ್ಲ್",
                "stop_id": "20866",
                "lat": 12.98766,
                "lon": 77.73704
              },
              {
                "name": "GR Tech Park ITPL",
                "name_kn": "ಗ್ರ್ ಟೆಚ್ ಪರ್ಕ್ ಿಟ್ಪ್ಲ್",
                "stop_id": "20801",
                "lat": 12.98681,
                "lon": 77.74338
              },
              {
                "name": "BPL",
                "name_kn": "ಬ್ಪ್ಲ್",
                "stop_id": "20680",
                "lat": 12.98525,
                "lon": 77.74828
              },
              {
                "name": "Hope Farm",
                "name_kn": "ಹೊಪೆ ೞರ್ಂ",
                "stop_id": "37509",
                "lat": 12.9843,
                "lon": 77.75148
              },
              {
                "name": "Kadugodi Bridge",
                "name_kn": "ಕದುಗೊದಿ ಬ್ರಿದ್ಗೆ",
                "stop_id": "20901",
                "lat": 12.99448,
                "lon": 77.75769
              },
              {
                "name": "Kadugodi Bus Station",
                "name_kn": "ಕದುಗೊದಿ ಬುಸ್ ಸ್ಟಟಿೊಂ",
                "stop_id": "20902",
                "lat": 12.99563,
                "lon": 77.75855
              }
            ]
          },
          {
            "Route": "331-A SBS-KDG",
            "RouteId": 13646,
            "RouteParentId": 7261,
            "Destination": "Kadugodi Bus Station",
            "Via": "",
            "Area": "Shivajinagara Bus Station",
            "PlatformNumber": "1",
            "KannadaDestination": "ಕದುಗೊದಿ ಬುಸ್ ಸ್ಟಟಿೊಂ",
            "KannadaArea": "ಶಿವಾಜಿನಗರ ಬಸ್ ನಿಲ್ದಾಣ",
            "KannadaVia": "",
            "FromStationId": 21914,
            "Stops": [
              {
                "name": "Domlur",
                "name_kn": "ದೊಂಲುರ್",
                "stop_id": "21914",
                "lat": 12.96111,
                "lon": 77.63809
              },
              {
                "name": "Domlur Flyover",
                "name_kn": "ದೊಂಲುರ್ ೞ್ಲೆೊವೆರ್",
                "stop_id": "21917",
                "lat": 12.96048,
                "lon": 77.64352
              },
              {
                "name": "Kodihalli",
                "name_kn": "ಕೊದಿಹಲ್ಲಿ",
                "stop_id": "22178",
                "lat": 12.96,
                "lon": 77.64758
              },
              {
                "name": "NAL/Manipal Hospital",
                "name_kn": "ನಲ್/ಮನಿಪಲ್ ಹೊಸ್ಪಿಟಲ್",
                "stop_id": "22336",
                "lat": 12.95964,
                "lon": 77.65076
              },
              {
                "name": "Murugeshpalya",
                "name_kn": "ಮುರುಗೆಶ್ಪಲೆ",
                "stop_id": "22316",
                "lat": 12.95936,
                "lon": 77.65618
              },
              {
                "name": "Konena Agrahara",
                "name_kn": "ಕೊನೆನ ಗ್ರಹರ",
                "stop_id": "22193",
                "lat": 12.95914,
                "lon": 77.65962
              },
              {
                "name": "HAL Main Gate",
                "name_kn": "ಹಲ್ ಮೈಂ ಗಟೆ",
                "stop_id": "22003",
                "lat": 12.95821,
                "lon": 77.66821
              },
              {
                "name": "HAL Admin Gate",
                "name_kn": "ಹಲ್ ದ್ಮಿಂ ಗಟೆ",
                "stop_id": "39489",
                "lat": 12.95813,
                "lon": 77.66949
              },
              {
                "name": "Helicopter Division",
                "name_kn": "ಹೆಲಿಕೊಪ್ಟೆರ್ ದಿವಿಸಿೊಂ",
                "stop_id": "22021",
                "lat": 12.95582,
                "lon": 77.67735
              },
              {
                "name": "HAL Kalyana Mantap",
                "name_kn": "ಹಲ್ ಕಲೆನ ಮಂಟಪ್",
                "stop_id": "22001",
                "lat": 12.9546,
                "lon": 77.68215
              },
              {
                "name": "Yamalur Cross",
                "name_kn": "ಯಮಲುರ್ ಕ್ರೊಸ್ಸ್",
                "stop_id": "22627",
                "lat": 12.95525,
                "lon": 77.68829
              },
              {
                "name": "Marathahalli",
                "name_kn": "ಮರತಹಲ್ಲಿ",
                "stop_id": "22260",
                "lat": 12.95626,
                "lon": 77.69409
              },
              {
                "name": "Marathahalli Bridge",
                "name_kn": "ಮರತಹಲ್ಲಿ ಬ್ರಿದ್ಗೆ",
                "stop_id": "22668",
                "lat": 12.9569,
                "lon": 77.70215
              },
              {
                "name": "Munnekolalu Cross (Spice Garden)",
                "name_kn": "ಮುಂನೆಕೊಲಲು ಕ್ರೊಸ್ಸ್ (ಸ್ಪಿಕೆ ಗರ್ದೆಂ)",
                "stop_id": "21038",
                "lat": 12.9564,
                "lon": 77.70927
              },
              {
                "name": "Kundalahalli Gate",
                "name_kn": "ಕುಂದಲಹಲ್ಲಿ ಗಟೆ",
                "stop_id": "20960",
                "lat": 12.95674,
                "lon": 77.71499
              },
              {
                "name": "Kundalahalli",
                "name_kn": "ಕುಂದಲಹಲ್ಲಿ",
                "stop_id": "20956",
                "lat": 12.95832,
                "lon": 77.71566
              },
              {
                "name": "BEML Layout Gate",
                "name_kn": "ಬೆಂಲ್ ಲಯೌಟ್ ಗಟೆ",
                "stop_id": "20640",
                "lat": 12.96083,
                "lon": 77.71641
              },
              {
                "name": "AECS Layout Cross",
                "name_kn": "ಅೆಕ್ಸ್ ಲಯೌಟ್ ಕ್ರೊಸ್ಸ್",
                "stop_id": "20596",
                "lat": 12.96511,
                "lon": 77.71827
              },
              {
                "name": "CMRIT College",
                "name_kn": "ಕ್ಂರಿಟ್ ಕೊಲ್ಲೆಗೆ",
                "stop_id": "20722",
                "lat": 12.96764,
                "lon": 77.71389
              },
              {
                "name": "Kundalahalli Colony",
                "name_kn": "ಕುಂದಲಹಲ್ಲಿ ಕೊಲೊನೆ",
                "stop_id": "20958",
                "lat": 12.97022,
                "lon": 77.71248
              },
              {
                "name": "Graphite India",
                "name_kn": "ಗ್ರಫಿಟೆ ಿಂದಿ",
                "stop_id": "20802",
                "lat": 12.97821,
                "lon": 77.71135
              },
              {
                "name": "SAP Labs",
                "name_kn": "ಸಪ್ ಲಬ್ಸ್",
                "stop_id": "21153",
                "lat": 12.9778,
                "lon": 77.7144
              },
              {
                "name": "Kundalahalli Metro Station",
                "name_kn": "ಕುಂದಲಹಲ್ಲಿ ಮೆಟ್ರೊ ಸ್ಟಟಿೊಂ",
                "stop_id": "38798",
                "lat": 12.97753,
                "lon": 77.71632
              },
              {
                "name": "I Gate",
                "name_kn": "ಇ ಗಟೆ",
                "stop_id": "20849",
                "lat": 12.97734,
                "lon": 77.71863
              },
              {
                "name": "KTPO",
                "name_kn": "ಕ್ಟ್ಪೊ",
                "stop_id": "20949",
                "lat": 12.97702,
                "lon": 77.72225
              },
              {
                "name": "White Field Bus Station (Vydehi Hospital)",
                "name_kn": "ವ್ಹಿಟೆ ೞಿೆಲ್ದ್ ಬುಸ್ ಸ್ಟಟಿೊಂ (ವೆದೆಹಿ ಹೊಸ್ಪಿಟಲ್)",
                "stop_id": "23656",
                "lat": 12.9774,
                "lon": 77.72693
              },
              {
                "name": "Sathya Sai Hospital",
                "name_kn": "ಸತೆ ಸೈ ಹೊಸ್ಪಿಟಲ್",
                "stop_id": "21161",
                "lat": 12.9823,
                "lon": 77.72773
              },
              {
                "name": "Big Bazzar ITPL",
                "name_kn": "ಬಿಗ್ ಬಜ಼್ಜ಼ರ್ ಿಟ್ಪ್ಲ್",
                "stop_id": "20670",
                "lat": 12.98823,
                "lon": 77.73197
              },
              {
                "name": "Pattandur Agrahara Gate",
                "name_kn": "ಪಟಂದುರ್ ಗ್ರಹರ ಗಟೆ",
                "stop_id": "21079",
                "lat": 12.98803,
                "lon": 77.73354
              },
              {
                "name": "ITPL",
                "name_kn": "ಇಟ್ಪ್ಲ್",
                "stop_id": "20866",
                "lat": 12.98766,
                "lon": 77.73704
              },
              {
                "name": "GR Tech Park ITPL",
                "name_kn": "ಗ್ರ್ ಟೆಚ್ ಪರ್ಕ್ ಿಟ್ಪ್ಲ್",
                "stop_id": "20801",
                "lat": 12.98681,
                "lon": 77.74338
              },
              {
                "name": "BPL",
                "name_kn": "ಬ್ಪ್ಲ್",
                "stop_id": "20680",
                "lat": 12.98525,
                "lon": 77.74828
              },
              {
                "name": "Hope Farm",
                "name_kn": "ಹೊಪೆ ೞರ್ಂ",
                "stop_id": "20836",
                "lat": 12.98429,
                "lon": 77.75261
              },
              {
                "name": "Kadugodi Bridge",
                "name_kn": "ಕದುಗೊದಿ ಬ್ರಿದ್ಗೆ",
                "stop_id": "20901",
                "lat": 12.99448,
                "lon": 77.75769
              },
              {
                "name": "Kadugodi Bus Station",
                "name_kn": "ಕದುಗೊದಿ ಬುಸ್ ಸ್ಟಟಿೊಂ",
                "stop_id": "20902",
                "lat": 12.99563,
                "lon": 77.75855
              }
            ]
          },
          {
            "Route": "333-E",
            "RouteId": 1659,
            "RouteParentId": 992,
            "Destination": "Kadugodi Bus Station",
            "Via": "",
            "Area": "Kempegowda Bus Station",
            "PlatformNumber": "1",
            "KannadaDestination": "ಕದುಗೊದಿ ಬುಸ್ ಸ್ಟಟಿೊಂ",
            "KannadaArea": "ಕೆಂಪೇಗೌಡ ಬಸ್ ನಿಲ್ದಾಣ",
            "KannadaVia": "",
            "FromStationId": 21914,
            "Stops": [
              {
                "name": "Domlur",
                "name_kn": "ದೊಂಲುರ್",
                "stop_id": "21914",
                "lat": 12.96111,
                "lon": 77.63809
              },
              {
                "name": "Domlur Flyover",
                "name_kn": "ದೊಂಲುರ್ ೞ್ಲೆೊವೆರ್",
                "stop_id": "21917",
                "lat": 12.96048,
                "lon": 77.64352
              },
              {
                "name": "Kodihalli",
                "name_kn": "ಕೊದಿಹಲ್ಲಿ",
                "stop_id": "22178",
                "lat": 12.96,
                "lon": 77.64758
              },
              {
                "name": "NAL/Manipal Hospital",
                "name_kn": "ನಲ್/ಮನಿಪಲ್ ಹೊಸ್ಪಿಟಲ್",
                "stop_id": "22336",
                "lat": 12.95964,
                "lon": 77.65076
              },
              {
                "name": "Murugeshpalya",
                "name_kn": "ಮುರುಗೆಶ್ಪಲೆ",
                "stop_id": "22316",
                "lat": 12.95936,
                "lon": 77.65618
              },
              {
                "name": "Konena Agrahara",
                "name_kn": "ಕೊನೆನ ಗ್ರಹರ",
                "stop_id": "22193",
                "lat": 12.95914,
                "lon": 77.65962
              },
              {
                "name": "HAL Main Gate",
                "name_kn": "ಹಲ್ ಮೈಂ ಗಟೆ",
                "stop_id": "22003",
                "lat": 12.95821,
                "lon": 77.66821
              },
              {
                "name": "HAL Admin Gate",
                "name_kn": "ಹಲ್ ದ್ಮಿಂ ಗಟೆ",
                "stop_id": "39489",
                "lat": 12.95813,
                "lon": 77.66949
              },
              {
                "name": "Helicopter Division",
                "name_kn": "ಹೆಲಿಕೊಪ್ಟೆರ್ ದಿವಿಸಿೊಂ",
                "stop_id": "22021",
                "lat": 12.95582,
                "lon": 77.67735
              },
              {
                "name": "HAL Kalyana Mantap",
                "name_kn": "ಹಲ್ ಕಲೆನ ಮಂಟಪ್",
                "stop_id": "22001",
                "lat": 12.9546,
                "lon": 77.68215
              },
              {
                "name": "Yamalur Cross",
                "name_kn": "ಯಮಲುರ್ ಕ್ರೊಸ್ಸ್",
                "stop_id": "22627",
                "lat": 12.95525,
                "lon": 77.68829
              },
              {
                "name": "Marathahalli",
                "name_kn": "ಮರತಹಲ್ಲಿ",
                "stop_id": "22260",
                "lat": 12.95626,
                "lon": 77.69409
              },
              {
                "name": "Marathahalli Bridge",
                "name_kn": "ಮರತಹಲ್ಲಿ ಬ್ರಿದ್ಗೆ",
                "stop_id": "22668",
                "lat": 12.9569,
                "lon": 77.70215
              },
              {
                "name": "Munnekolalu Cross (Spice Garden)",
                "name_kn": "ಮುಂನೆಕೊಲಲು ಕ್ರೊಸ್ಸ್ (ಸ್ಪಿಕೆ ಗರ್ದೆಂ)",
                "stop_id": "21038",
                "lat": 12.9564,
                "lon": 77.70927
              },
              {
                "name": "Kundalahalli Gate",
                "name_kn": "ಕುಂದಲಹಲ್ಲಿ ಗಟೆ",
                "stop_id": "22215",
                "lat": 12.95593,
                "lon": 77.71574
              },
              {
                "name": "Thubarahalli",
                "name_kn": "ತುಬರಹಲ್ಲಿ",
                "stop_id": "22557",
                "lat": 12.95592,
                "lon": 77.72057
              },
              {
                "name": "Siddapura",
                "name_kn": "ಸಿದ್ದಪುರ",
                "stop_id": "22487",
                "lat": 12.95634,
                "lon": 77.73191
              },
              {
                "name": "Ramagondanahalli",
                "name_kn": "ರಮಗೊಂದನಹಲ್ಲಿ",
                "stop_id": "22412",
                "lat": 12.95704,
                "lon": 77.74039
              },
              {
                "name": "Varthur kodi",
                "name_kn": "ವರ್ತುರ್ ಕೊದಿ",
                "stop_id": "22577",
                "lat": 12.95897,
                "lon": 77.74642
              },
              {
                "name": "Forum Mall",
                "name_kn": "ೞೊರುಂ ಮಲ್ಲ್",
                "stop_id": "21942",
                "lat": 12.95977,
                "lon": 77.74683
              },
              {
                "name": "Brooke Bond",
                "name_kn": "ಬ್ರೂಕೆ ಬೊಂದ್",
                "stop_id": "21784",
                "lat": 12.96392,
                "lon": 77.74833
              },
              {
                "name": "White Field Post Office",
                "name_kn": "ವ್ಹಿಟೆ ೞಿೆಲ್ದ್ ಪೊಸ್ಟ್ ೊೞ್ೞಿಕೆ",
                "stop_id": "22621",
                "lat": 12.97056,
                "lon": 77.75
              },
              {
                "name": "Sai Baba General Hospital",
                "name_kn": "ಸೈ ಬಬ ಗೆನೆರಲ್ ಹೊಸ್ಪಿಟಲ್",
                "stop_id": "22442",
                "lat": 12.97383,
                "lon": 77.75042
              },
              {
                "name": "Munish Singh Hospital",
                "name_kn": "ಮುನಿಶ್ ಸಿಙ್ಹ್ ಹೊಸ್ಪಿಟಲ್",
                "stop_id": "22315",
                "lat": 12.97703,
                "lon": 77.75104
              },
              {
                "name": "Coffee Day Hope Farm",
                "name_kn": "ಕೊೞ್ೞೀ ದಯ್ ಹೊಪೆ ೞರ್ಂ",
                "stop_id": "38049",
                "lat": 12.97998,
                "lon": 77.75162
              },
              {
                "name": "Hope Farm",
                "name_kn": "ಹೊಪೆ ೞರ್ಂ",
                "stop_id": "20836",
                "lat": 12.98429,
                "lon": 77.75261
              },
              {
                "name": "Kadugodi Bridge",
                "name_kn": "ಕದುಗೊದಿ ಬ್ರಿದ್ಗೆ",
                "stop_id": "20901",
                "lat": 12.99448,
                "lon": 77.75769
              },
              {
                "name": "Kadugodi Bus Station",
                "name_kn": "ಕದುಗೊದಿ ಬುಸ್ ಸ್ಟಟಿೊಂ",
                "stop_id": "20902",
                "lat": 12.99563,
                "lon": 77.75855
              }
            ]
          },
          {
            "Route": "KBS-1K",
            "RouteId": 1732,
            "RouteParentId": 1023,
            "Destination": "Kadugodi Bus Station",
            "Via": "",
            "Area": "Kempegowda Bus Station",
            "PlatformNumber": "1",
            "KannadaDestination": "ಕದುಗೊದಿ ಬುಸ್ ಸ್ಟಟಿೊಂ",
            "KannadaArea": "ಕೆಂಪೇಗೌಡ ಬಸ್ ನಿಲ್ದಾಣ",
            "KannadaVia": "",
            "FromStationId": 21914,
            "Stops": [
              {
                "name": "Domlur",
                "name_kn": "ದೊಂಲುರ್",
                "stop_id": "21914",
                "lat": 12.96111,
                "lon": 77.63809
              },
              {
                "name": "Domlur Flyover",
                "name_kn": "ದೊಂಲುರ್ ೞ್ಲೆೊವೆರ್",
                "stop_id": "21917",
                "lat": 12.96048,
                "lon": 77.64352
              },
              {
                "name": "Kodihalli",
                "name_kn": "ಕೊದಿಹಲ್ಲಿ",
                "stop_id": "22178",
                "lat": 12.96,
                "lon": 77.64758
              },
              {
                "name": "NAL/Manipal Hospital",
                "name_kn": "ನಲ್/ಮನಿಪಲ್ ಹೊಸ್ಪಿಟಲ್",
                "stop_id": "22336",
                "lat": 12.95964,
                "lon": 77.65076
              },
              {
                "name": "Murugeshpalya",
                "name_kn": "ಮುರುಗೆಶ್ಪಲೆ",
                "stop_id": "22316",
                "lat": 12.95936,
                "lon": 77.65618
              },
              {
                "name": "Konena Agrahara",
                "name_kn": "ಕೊನೆನ ಗ್ರಹರ",
                "stop_id": "22193",
                "lat": 12.95914,
                "lon": 77.65962
              },
              {
                "name": "HAL Main Gate",
                "name_kn": "ಹಲ್ ಮೈಂ ಗಟೆ",
                "stop_id": "22003",
                "lat": 12.95821,
                "lon": 77.66821
              },
              {
                "name": "HAL Admin Gate",
                "name_kn": "ಹಲ್ ದ್ಮಿಂ ಗಟೆ",
                "stop_id": "39489",
                "lat": 12.95813,
                "lon": 77.66949
              },
              {
                "name": "Helicopter Division",
                "name_kn": "ಹೆಲಿಕೊಪ್ಟೆರ್ ದಿವಿಸಿೊಂ",
                "stop_id": "22021",
                "lat": 12.95582,
                "lon": 77.67735
              },
              {
                "name": "HAL Kalyana Mantap",
                "name_kn": "ಹಲ್ ಕಲೆನ ಮಂಟಪ್",
                "stop_id": "22001",
                "lat": 12.9546,
                "lon": 77.68215
              },
              {
                "name": "Yamalur Cross",
                "name_kn": "ಯಮಲುರ್ ಕ್ರೊಸ್ಸ್",
                "stop_id": "22627",
                "lat": 12.95525,
                "lon": 77.68829
              },
              {
                "name": "Marathahalli",
                "name_kn": "ಮರತಹಲ್ಲಿ",
                "stop_id": "22260",
                "lat": 12.95626,
                "lon": 77.69409
              },
              {
                "name": "Marathahalli Bridge",
                "name_kn": "ಮರತಹಲ್ಲಿ ಬ್ರಿದ್ಗೆ",
                "stop_id": "22668",
                "lat": 12.9569,
                "lon": 77.70215
              },
              {
                "name": "Munnekolalu Cross (Spice Garden)",
                "name_kn": "ಮುಂನೆಕೊಲಲು ಕ್ರೊಸ್ಸ್ (ಸ್ಪಿಕೆ ಗರ್ದೆಂ)",
                "stop_id": "21038",
                "lat": 12.9564,
                "lon": 77.70927
              },
              {
                "name": "Kundalahalli Gate",
                "name_kn": "ಕುಂದಲಹಲ್ಲಿ ಗಟೆ",
                "stop_id": "22215",
                "lat": 12.95593,
                "lon": 77.71574
              },
              {
                "name": "Thubarahalli",
                "name_kn": "ತುಬರಹಲ್ಲಿ",
                "stop_id": "22557",
                "lat": 12.95592,
                "lon": 77.72057
              },
              {
                "name": "Siddapura",
                "name_kn": "ಸಿದ್ದಪುರ",
                "stop_id": "22487",
                "lat": 12.95634,
                "lon": 77.73191
              },
              {
                "name": "Ramagondanahalli",
                "name_kn": "ರಮಗೊಂದನಹಲ್ಲಿ",
                "stop_id": "22412",
                "lat": 12.95704,
                "lon": 77.74039
              },
              {
                "name": "Varthur kodi",
                "name_kn": "ವರ್ತುರ್ ಕೊದಿ",
                "stop_id": "22577",
                "lat": 12.95897,
                "lon": 77.74642
              },
              {
                "name": "Forum Mall",
                "name_kn": "ೞೊರುಂ ಮಲ್ಲ್",
                "stop_id": "21942",
                "lat": 12.95977,
                "lon": 77.74683
              },
              {
                "name": "Brooke Bond",
                "name_kn": "ಬ್ರೂಕೆ ಬೊಂದ್",
                "stop_id": "21784",
                "lat": 12.96392,
                "lon": 77.74833
              },
              {
                "name": "White Field Post Office",
                "name_kn": "ವ್ಹಿಟೆ ೞಿೆಲ್ದ್ ಪೊಸ್ಟ್ ೊೞ್ೞಿಕೆ",
                "stop_id": "22621",
                "lat": 12.97056,
                "lon": 77.75
              },
              {
                "name": "Sai Baba General Hospital",
                "name_kn": "ಸೈ ಬಬ ಗೆನೆರಲ್ ಹೊಸ್ಪಿಟಲ್",
                "stop_id": "22442",
                "lat": 12.97383,
                "lon": 77.75042
              },
              {
                "name": "Munish Singh Hospital",
                "name_kn": "ಮುನಿಶ್ ಸಿಙ್ಹ್ ಹೊಸ್ಪಿಟಲ್",
                "stop_id": "22315",
                "lat": 12.97703,
                "lon": 77.75104
              },
              {
                "name": "Coffee Day Hope Farm",
                "name_kn": "ಕೊೞ್ೞೀ ದಯ್ ಹೊಪೆ ೞರ್ಂ",
                "stop_id": "38049",
                "lat": 12.97998,
                "lon": 77.75162
              },
              {
                "name": "Hope Farm",
                "name_kn": "ಹೊಪೆ ೞರ್ಂ",
                "stop_id": "20836",
                "lat": 12.98429,
                "lon": 77.75261
              },
              {
                "name": "Kadugodi Bridge",
                "name_kn": "ಕದುಗೊದಿ ಬ್ರಿದ್ಗೆ",
                "stop_id": "20901",
                "lat": 12.99448,
                "lon": 77.75769
              },
              {
                "name": "Kadugodi Bus Station",
                "name_kn": "ಕದುಗೊದಿ ಬುಸ್ ಸ್ಟಟಿೊಂ",
                "stop_id": "20902",
                "lat": 12.99563,
                "lon": 77.75855
              }
            ]
          },
          {
            "Route": "326-E",
            "RouteId": 3031,
            "RouteParentId": 1721,
            "Destination": "Hosakote Bus Stand (Old)",
            "Via": "",
            "Area": "KR Market",
            "PlatformNumber": "1",
            "KannadaDestination": "ಹೊಸಕೊಟೆ ಬುಸ್ ಸ್ಟಂದ್ (ೊಲ್ದ್)",
            "KannadaArea": "ಕೆಆರ್ ಮಾರುಕಟ್ಟೆ",
            "KannadaVia": "",
            "FromStationId": 21914,
            "Stops": [
              {
                "name": "Domlur",
                "name_kn": "ದೊಂಲುರ್",
                "stop_id": "21914",
                "lat": 12.96111,
                "lon": 77.63809
              },
              {
                "name": "Domlur Flyover",
                "name_kn": "ದೊಂಲುರ್ ೞ್ಲೆೊವೆರ್",
                "stop_id": "21917",
                "lat": 12.96048,
                "lon": 77.64352
              },
              {
                "name": "Kodihalli",
                "name_kn": "ಕೊದಿಹಲ್ಲಿ",
                "stop_id": "22178",
                "lat": 12.96,
                "lon": 77.64758
              },
              {
                "name": "NAL/Manipal Hospital",
                "name_kn": "ನಲ್/ಮನಿಪಲ್ ಹೊಸ್ಪಿಟಲ್",
                "stop_id": "22336",
                "lat": 12.95964,
                "lon": 77.65076
              },
              {
                "name": "Murugeshpalya",
                "name_kn": "ಮುರುಗೆಶ್ಪಲೆ",
                "stop_id": "22316",
                "lat": 12.95936,
                "lon": 77.65618
              },
              {
                "name": "Konena Agrahara",
                "name_kn": "ಕೊನೆನ ಗ್ರಹರ",
                "stop_id": "22193",
                "lat": 12.95914,
                "lon": 77.65962
              },
              {
                "name": "HAL Main Gate",
                "name_kn": "ಹಲ್ ಮೈಂ ಗಟೆ",
                "stop_id": "22003",
                "lat": 12.95821,
                "lon": 77.66821
              },
              {
                "name": "HAL Admin Gate",
                "name_kn": "ಹಲ್ ದ್ಮಿಂ ಗಟೆ",
                "stop_id": "39489",
                "lat": 12.95813,
                "lon": 77.66949
              },
              {
                "name": "Helicopter Division",
                "name_kn": "ಹೆಲಿಕೊಪ್ಟೆರ್ ದಿವಿಸಿೊಂ",
                "stop_id": "22021",
                "lat": 12.95582,
                "lon": 77.67735
              },
              {
                "name": "HAL Kalyana Mantap",
                "name_kn": "ಹಲ್ ಕಲೆನ ಮಂಟಪ್",
                "stop_id": "22001",
                "lat": 12.9546,
                "lon": 77.68215
              },
              {
                "name": "Yamalur Cross",
                "name_kn": "ಯಮಲುರ್ ಕ್ರೊಸ್ಸ್",
                "stop_id": "22627",
                "lat": 12.95525,
                "lon": 77.68829
              },
              {
                "name": "Marathahalli",
                "name_kn": "ಮರತಹಲ್ಲಿ",
                "stop_id": "22260",
                "lat": 12.95626,
                "lon": 77.69409
              },
              {
                "name": "Marathahalli Bridge",
                "name_kn": "ಮರತಹಲ್ಲಿ ಬ್ರಿದ್ಗೆ",
                "stop_id": "22668",
                "lat": 12.9569,
                "lon": 77.70215
              },
              {
                "name": "Munnekolalu Cross (Spice Garden)",
                "name_kn": "ಮುಂನೆಕೊಲಲು ಕ್ರೊಸ್ಸ್ (ಸ್ಪಿಕೆ ಗರ್ದೆಂ)",
                "stop_id": "21038",
                "lat": 12.9564,
                "lon": 77.70927
              },
              {
                "name": "Kundalahalli Gate",
                "name_kn": "ಕುಂದಲಹಲ್ಲಿ ಗಟೆ",
                "stop_id": "22215",
                "lat": 12.95593,
                "lon": 77.71574
              },
              {
                "name": "Thubarahalli",
                "name_kn": "ತುಬರಹಲ್ಲಿ",
                "stop_id": "22557",
                "lat": 12.95592,
                "lon": 77.72057
              },
              {
                "name": "Siddapura",
                "name_kn": "ಸಿದ್ದಪುರ",
                "stop_id": "22487",
                "lat": 12.95634,
                "lon": 77.73191
              },
              {
                "name": "Ramagondanahalli",
                "name_kn": "ರಮಗೊಂದನಹಲ್ಲಿ",
                "stop_id": "22412",
                "lat": 12.95704,
                "lon": 77.74039
              },
              {
                "name": "Varthur kodi",
                "name_kn": "ವರ್ತುರ್ ಕೊದಿ",
                "stop_id": "22577",
                "lat": 12.95897,
                "lon": 77.74642
              },
              {
                "name": "Forum Mall",
                "name_kn": "ೞೊರುಂ ಮಲ್ಲ್",
                "stop_id": "21942",
                "lat": 12.95977,
                "lon": 77.74683
              },
              {
                "name": "Brooke Bond",
                "name_kn": "ಬ್ರೂಕೆ ಬೊಂದ್",
                "stop_id": "21784",
                "lat": 12.96392,
                "lon": 77.74833
              },
              {
                "name": "White Field Post Office",
                "name_kn": "ವ್ಹಿಟೆ ೞಿೆಲ್ದ್ ಪೊಸ್ಟ್ ೊೞ್ೞಿಕೆ",
                "stop_id": "22621",
                "lat": 12.97056,
                "lon": 77.75
              },
              {
                "name": "Sai Baba General Hospital",
                "name_kn": "ಸೈ ಬಬ ಗೆನೆರಲ್ ಹೊಸ್ಪಿಟಲ್",
                "stop_id": "22442",
                "lat": 12.97383,
                "lon": 77.75042
              },
              {
                "name": "Munish Singh Hospital",
                "name_kn": "ಮುನಿಶ್ ಸಿಙ್ಹ್ ಹೊಸ್ಪಿಟಲ್",
                "stop_id": "22315",
                "lat": 12.97703,
                "lon": 77.75104
              },
              {
                "name": "Coffee Day Hope Farm",
                "name_kn": "ಕೊೞ್ೞೀ ದಯ್ ಹೊಪೆ ೞರ್ಂ",
                "stop_id": "38049",
                "lat": 12.97998,
                "lon": 77.75162
              },
              {
                "name": "Hope Farm",
                "name_kn": "ಹೊಪೆ ೞರ್ಂ",
                "stop_id": "20836",
                "lat": 12.98429,
                "lon": 77.75261
              },
              {
                "name": "Kadugodi Bridge",
                "name_kn": "ಕದುಗೊದಿ ಬ್ರಿದ್ಗೆ",
                "stop_id": "20901",
                "lat": 12.99448,
                "lon": 77.75769
              },
              {
                "name": "Sathya Sai Baba Mandir",
                "name_kn": "ಸತೆ ಸೈ ಬಬ ಮಂದಿರ್",
                "stop_id": "22464",
                "lat": 13.00118,
                "lon": 77.75753
              },
              {
                "name": "Bellathur",
                "name_kn": "ಬೆಲ್ಲತುರ್",
                "stop_id": "21741",
                "lat": 13.00414,
                "lon": 77.7569
              },
              {
                "name": "Seegehalli Gate  Kadugodi",
                "name_kn": "ಸೀಗೆಹಲ್ಲಿ ಗಟೆ  ಕದುಗೊದಿ",
                "stop_id": "28205",
                "lat": 13.01331,
                "lon": 77.76101
              },
              {
                "name": "Shell Petrol Bunk",
                "name_kn": "ಶೆಲ್ಲ್ ಪೆಟ್ರೊಲ್ ಬುಂಕ್",
                "stop_id": "22479",
                "lat": 13.01756,
                "lon": 77.7621
              },
              {
                "name": "Chaithanya Samarpan Apartment",
                "name_kn": "ಚೈತನೆ ಸಮರ್ಪಂ ಪರ್ಟ್ಮೆಂಟ್",
                "stop_id": "21808",
                "lat": 13.0207,
                "lon": 77.76206
              },
              {
                "name": "Sai Lakshmi Industries",
                "name_kn": "ಸೈ ಲಕ್ಷ್ಮಿ ಿಂದುಸ್ಟ್ರಿೆಸ್",
                "stop_id": "22443",
                "lat": 13.02454,
                "lon": 77.76162
              },
              {
                "name": "Bevina Mara Kannamangala",
                "name_kn": "ಬೆವಿನ ಮರ ಕಂನಮಙಲ",
                "stop_id": "21751",
                "lat": 13.02801,
                "lon": 77.76027
              },
              {
                "name": "Kannamangala Gate",
                "name_kn": "ಕಂನಮಙಲ ಗಟೆ",
                "stop_id": "22151",
                "lat": 13.03245,
                "lon": 77.75855
              },
              {
                "name": "Khaji Sonnenahalli Gate",
                "name_kn": "ಖಜಿ ಸೊಂನೆನಹಲ್ಲಿ ಗಟೆ",
                "stop_id": "22174",
                "lat": 13.03461,
                "lon": 77.75898
              },
              {
                "name": "Safal Market",
                "name_kn": "ಸೞಲ್ ಮರ್ಕೆಟ್",
                "stop_id": "22439",
                "lat": 13.03799,
                "lon": 77.75976
              },
              {
                "name": "Gorivegere Gate",
                "name_kn": "ಗೊರಿವೆಗೆರೆ ಗಟೆ",
                "stop_id": "21973",
                "lat": 13.04412,
                "lon": 77.76033
              },
              {
                "name": "Sannathammanahalli",
                "name_kn": "ಸಂನತಮ್ಮನಹಲ್ಲಿ",
                "stop_id": "22452",
                "lat": 13.04803,
                "lon": 77.76052
              },
              {
                "name": "Sapthagiri Convention Hall",
                "name_kn": "ಸಪ್ತಗಿರಿ ಕೊಂವೆಂಟಿೊಂ ಹಲ್ಲ್",
                "stop_id": "22455",
                "lat": 13.05027,
                "lon": 77.75648
              },
              {
                "name": "Budigere Cross",
                "name_kn": "ಬುದಿಗೆರೆ ಕ್ರೊಸ್ಸ್",
                "stop_id": "21791",
                "lat": 13.04651,
                "lon": 77.75054
              },
              {
                "name": "Sapthagiri Convention Hall",
                "name_kn": "ಸಪ್ತಗಿರಿ ಕೊಂವೆಂಟಿೊಂ ಹಲ್ಲ್",
                "stop_id": "22456",
                "lat": 13.0509,
                "lon": 77.75676
              },
              {
                "name": "Katamanallur Gate",
                "name_kn": "ಕಟಮನಲ್ಲುರ್ ಗಟೆ",
                "stop_id": "22155",
                "lat": 13.05373,
                "lon": 77.76177
              },
              {
                "name": "Hosakote Kodi",
                "name_kn": "ಹೊಸಕೊಟೆ ಕೊದಿ",
                "stop_id": "22054",
                "lat": 13.0565,
                "lon": 77.76741
              },
              {
                "name": "Hosakote Toll",
                "name_kn": "ಹೊಸಕೊಟೆ ಟೊಲ್ಲ್",
                "stop_id": "22056",
                "lat": 13.05963,
                "lon": 77.77057
              },
              {
                "name": "Hosakote High School",
                "name_kn": "ಹೊಸಕೊಟೆ ಹಿಘ್ ಸ್ಚೂಲ್",
                "stop_id": "22050",
                "lat": 13.07048,
                "lon": 77.78364
              },
              {
                "name": "Hosakote BEO office",
                "name_kn": "ಹೊಸಕೊಟೆ ಬೆೊ ೊೞ್ೞಿಕೆ",
                "stop_id": "37604",
                "lat": 13.07339,
                "lon": 77.78294
              },
              {
                "name": "Hosakote Flower Market",
                "name_kn": "ಹೊಸಕೊಟೆ ೞ್ಲೌೆರ್ ಮರ್ಕೆಟ್",
                "stop_id": "22048",
                "lat": 13.07531,
                "lon": 77.78637
              },
              {
                "name": "Hosakote Bus Stand (Old)",
                "name_kn": "ಹೊಸಕೊಟೆ ಬುಸ್ ಸ್ಟಂದ್ (ೊಲ್ದ್)",
                "stop_id": "22046",
                "lat": 13.0787,
                "lon": 77.78774
              }
            ]
          },
          {
            "Route": "333-K",
            "RouteId": 4683,
            "RouteParentId": 2567,
            "Destination": "Dr Ambedkar Nagara",
            "Via": "",
            "Area": "Kempegowda Bus Station",
            "PlatformNumber": "1",
            "KannadaDestination": "ದ್ರ್ ಂಬೆದ್ಕರ್ ನಗರ",
            "KannadaArea": "ಕೆಂಪೇಗೌಡ ಬಸ್ ನಿಲ್ದಾಣ",
            "KannadaVia": "",
            "FromStationId": 21914,
            "Stops": [
              {
                "name": "Domlur",
                "name_kn": "ದೊಂಲುರ್",
                "stop_id": "21914",
                "lat": 12.96111,
                "lon": 77.63809
              },
              {
                "name": "Domlur Flyover",
                "name_kn": "ದೊಂಲುರ್ ೞ್ಲೆೊವೆರ್",
                "stop_id": "21917",
                "lat": 12.96048,
                "lon": 77.64352
              },
              {
                "name": "Kodihalli",
                "name_kn": "ಕೊದಿಹಲ್ಲಿ",
                "stop_id": "22178",
                "lat": 12.96,
                "lon": 77.64758
              },
              {
                "name": "NAL/Manipal Hospital",
                "name_kn": "ನಲ್/ಮನಿಪಲ್ ಹೊಸ್ಪಿಟಲ್",
                "stop_id": "22336",
                "lat": 12.95964,
                "lon": 77.65076
              },
              {
                "name": "Murugeshpalya",
                "name_kn": "ಮುರುಗೆಶ್ಪಲೆ",
                "stop_id": "22316",
                "lat": 12.95936,
                "lon": 77.65618
              },
              {
                "name": "Konena Agrahara",
                "name_kn": "ಕೊನೆನ ಗ್ರಹರ",
                "stop_id": "22193",
                "lat": 12.95914,
                "lon": 77.65962
              },
              {
                "name": "HAL Main Gate",
                "name_kn": "ಹಲ್ ಮೈಂ ಗಟೆ",
                "stop_id": "22003",
                "lat": 12.95821,
                "lon": 77.66821
              },
              {
                "name": "HAL Admin Gate",
                "name_kn": "ಹಲ್ ದ್ಮಿಂ ಗಟೆ",
                "stop_id": "39489",
                "lat": 12.95813,
                "lon": 77.66949
              },
              {
                "name": "Helicopter Division",
                "name_kn": "ಹೆಲಿಕೊಪ್ಟೆರ್ ದಿವಿಸಿೊಂ",
                "stop_id": "22021",
                "lat": 12.95582,
                "lon": 77.67735
              },
              {
                "name": "HAL Kalyana Mantap",
                "name_kn": "ಹಲ್ ಕಲೆನ ಮಂಟಪ್",
                "stop_id": "22001",
                "lat": 12.9546,
                "lon": 77.68215
              },
              {
                "name": "Yamalur Cross",
                "name_kn": "ಯಮಲುರ್ ಕ್ರೊಸ್ಸ್",
                "stop_id": "22627",
                "lat": 12.95525,
                "lon": 77.68829
              },
              {
                "name": "Marathahalli",
                "name_kn": "ಮರತಹಲ್ಲಿ",
                "stop_id": "22260",
                "lat": 12.95626,
                "lon": 77.69409
              },
              {
                "name": "Marathahalli Bridge",
                "name_kn": "ಮರತಹಲ್ಲಿ ಬ್ರಿದ್ಗೆ",
                "stop_id": "22668",
                "lat": 12.9569,
                "lon": 77.70215
              },
              {
                "name": "Munnekolalu Cross (Spice Garden)",
                "name_kn": "ಮುಂನೆಕೊಲಲು ಕ್ರೊಸ್ಸ್ (ಸ್ಪಿಕೆ ಗರ್ದೆಂ)",
                "stop_id": "21038",
                "lat": 12.9564,
                "lon": 77.70927
              },
              {
                "name": "Kundalahalli Gate",
                "name_kn": "ಕುಂದಲಹಲ್ಲಿ ಗಟೆ",
                "stop_id": "22215",
                "lat": 12.95593,
                "lon": 77.71574
              },
              {
                "name": "Thubarahalli",
                "name_kn": "ತುಬರಹಲ್ಲಿ",
                "stop_id": "22557",
                "lat": 12.95592,
                "lon": 77.72057
              },
              {
                "name": "Siddapura",
                "name_kn": "ಸಿದ್ದಪುರ",
                "stop_id": "22487",
                "lat": 12.95634,
                "lon": 77.73191
              },
              {
                "name": "Ramagondanahalli",
                "name_kn": "ರಮಗೊಂದನಹಲ್ಲಿ",
                "stop_id": "22412",
                "lat": 12.95704,
                "lon": 77.74039
              },
              {
                "name": "Varthur kodi",
                "name_kn": "ವರ್ತುರ್ ಕೊದಿ",
                "stop_id": "22577",
                "lat": 12.95897,
                "lon": 77.74642
              },
              {
                "name": "Forum Mall",
                "name_kn": "ೞೊರುಂ ಮಲ್ಲ್",
                "stop_id": "21942",
                "lat": 12.95977,
                "lon": 77.74683
              },
              {
                "name": "Brooke Bond",
                "name_kn": "ಬ್ರೂಕೆ ಬೊಂದ್",
                "stop_id": "21784",
                "lat": 12.96392,
                "lon": 77.74833
              },
              {
                "name": "White Field Post Office",
                "name_kn": "ವ್ಹಿಟೆ ೞಿೆಲ್ದ್ ಪೊಸ್ಟ್ ೊೞ್ೞಿಕೆ",
                "stop_id": "22621",
                "lat": 12.97056,
                "lon": 77.75
              },
              {
                "name": "Sai Baba General Hospital",
                "name_kn": "ಸೈ ಬಬ ಗೆನೆರಲ್ ಹೊಸ್ಪಿಟಲ್",
                "stop_id": "22442",
                "lat": 12.97383,
                "lon": 77.75042
              },
              {
                "name": "Munish Singh Hospital",
                "name_kn": "ಮುನಿಶ್ ಸಿಙ್ಹ್ ಹೊಸ್ಪಿಟಲ್",
                "stop_id": "22315",
                "lat": 12.97703,
                "lon": 77.75104
              },
              {
                "name": "Coffee Day Hope Farm",
                "name_kn": "ಕೊೞ್ೞೀ ದಯ್ ಹೊಪೆ ೞರ್ಂ",
                "stop_id": "38049",
                "lat": 12.97998,
                "lon": 77.75162
              },
              {
                "name": "Dr Ambedkar Nagara",
                "name_kn": "ದ್ರ್ ಂಬೆದ್ಕರ್ ನಗರ",
                "stop_id": "25152",
                "lat": 12.97981,
                "lon": 77.75279
              }
            ]
          },
          {
            "Route": "322",
            "RouteId": 6117,
            "RouteParentId": 3312,
            "Destination": "Muthugadahalli",
            "Via": "",
            "Area": "KR Market",
            "PlatformNumber": "1",
            "KannadaDestination": "ಮುತುಗದಹಲ್ಲಿ",
            "KannadaArea": "ಕೆಆರ್ ಮಾರುಕಟ್ಟೆ",
            "KannadaVia": "",
            "FromStationId": 21914,
            "Stops": [
              {
                "name": "Domlur",
                "name_kn": "ದೊಂಲುರ್",
                "stop_id": "21914",
                "lat": 12.96111,
                "lon": 77.63809
              },
              {
                "name": "Domlur Flyover",
                "name_kn": "ದೊಂಲುರ್ ೞ್ಲೆೊವೆರ್",
                "stop_id": "21917",
                "lat": 12.96048,
                "lon": 77.64352
              },
              {
                "name": "Kodihalli",
                "name_kn": "ಕೊದಿಹಲ್ಲಿ",
                "stop_id": "22178",
                "lat": 12.96,
                "lon": 77.64758
              },
              {
                "name": "NAL/Manipal Hospital",
                "name_kn": "ನಲ್/ಮನಿಪಲ್ ಹೊಸ್ಪಿಟಲ್",
                "stop_id": "22336",
                "lat": 12.95964,
                "lon": 77.65076
              },
              {
                "name": "Murugeshpalya",
                "name_kn": "ಮುರುಗೆಶ್ಪಲೆ",
                "stop_id": "22316",
                "lat": 12.95936,
                "lon": 77.65618
              },
              {
                "name": "Konena Agrahara",
                "name_kn": "ಕೊನೆನ ಗ್ರಹರ",
                "stop_id": "22193",
                "lat": 12.95914,
                "lon": 77.65962
              },
              {
                "name": "HAL Main Gate",
                "name_kn": "ಹಲ್ ಮೈಂ ಗಟೆ",
                "stop_id": "22003",
                "lat": 12.95821,
                "lon": 77.66821
              },
              {
                "name": "HAL Admin Gate",
                "name_kn": "ಹಲ್ ದ್ಮಿಂ ಗಟೆ",
                "stop_id": "39489",
                "lat": 12.95813,
                "lon": 77.66949
              },
              {
                "name": "Helicopter Division",
                "name_kn": "ಹೆಲಿಕೊಪ್ಟೆರ್ ದಿವಿಸಿೊಂ",
                "stop_id": "22021",
                "lat": 12.95582,
                "lon": 77.67735
              },
              {
                "name": "HAL Kalyana Mantap",
                "name_kn": "ಹಲ್ ಕಲೆನ ಮಂಟಪ್",
                "stop_id": "22001",
                "lat": 12.9546,
                "lon": 77.68215
              },
              {
                "name": "Yamalur Cross",
                "name_kn": "ಯಮಲುರ್ ಕ್ರೊಸ್ಸ್",
                "stop_id": "22627",
                "lat": 12.95525,
                "lon": 77.68829
              },
              {
                "name": "Marathahalli",
                "name_kn": "ಮರತಹಲ್ಲಿ",
                "stop_id": "22260",
                "lat": 12.95626,
                "lon": 77.69409
              },
              {
                "name": "Marathahalli Bridge",
                "name_kn": "ಮರತಹಲ್ಲಿ ಬ್ರಿದ್ಗೆ",
                "stop_id": "22668",
                "lat": 12.9569,
                "lon": 77.70215
              },
              {
                "name": "Munnekolalu Cross (Spice Garden)",
                "name_kn": "ಮುಂನೆಕೊಲಲು ಕ್ರೊಸ್ಸ್ (ಸ್ಪಿಕೆ ಗರ್ದೆಂ)",
                "stop_id": "21038",
                "lat": 12.9564,
                "lon": 77.70927
              },
              {
                "name": "Kundalahalli Gate",
                "name_kn": "ಕುಂದಲಹಲ್ಲಿ ಗಟೆ",
                "stop_id": "22215",
                "lat": 12.95593,
                "lon": 77.71574
              },
              {
                "name": "Thubarahalli",
                "name_kn": "ತುಬರಹಲ್ಲಿ",
                "stop_id": "22557",
                "lat": 12.95592,
                "lon": 77.72057
              },
              {
                "name": "Siddapura",
                "name_kn": "ಸಿದ್ದಪುರ",
                "stop_id": "22487",
                "lat": 12.95634,
                "lon": 77.73191
              },
              {
                "name": "Ramagondanahalli",
                "name_kn": "ರಮಗೊಂದನಹಲ್ಲಿ",
                "stop_id": "22412",
                "lat": 12.95704,
                "lon": 77.74039
              },
              {
                "name": "Varthur kodi",
                "name_kn": "ವರ್ತುರ್ ಕೊದಿ",
                "stop_id": "22577",
                "lat": 12.95897,
                "lon": 77.74642
              },
              {
                "name": "Forum Mall",
                "name_kn": "ೞೊರುಂ ಮಲ್ಲ್",
                "stop_id": "21942",
                "lat": 12.95977,
                "lon": 77.74683
              },
              {
                "name": "Brooke Bond",
                "name_kn": "ಬ್ರೂಕೆ ಬೊಂದ್",
                "stop_id": "21784",
                "lat": 12.96392,
                "lon": 77.74833
              },
              {
                "name": "White Field Post Office",
                "name_kn": "ವ್ಹಿಟೆ ೞಿೆಲ್ದ್ ಪೊಸ್ಟ್ ೊೞ್ೞಿಕೆ",
                "stop_id": "22621",
                "lat": 12.97056,
                "lon": 77.75
              },
              {
                "name": "Sai Baba General Hospital",
                "name_kn": "ಸೈ ಬಬ ಗೆನೆರಲ್ ಹೊಸ್ಪಿಟಲ್",
                "stop_id": "22442",
                "lat": 12.97383,
                "lon": 77.75042
              },
              {
                "name": "Munish Singh Hospital",
                "name_kn": "ಮುನಿಶ್ ಸಿಙ್ಹ್ ಹೊಸ್ಪಿಟಲ್",
                "stop_id": "22315",
                "lat": 12.97703,
                "lon": 77.75104
              },
              {
                "name": "Coffee Day Hope Farm",
                "name_kn": "ಕೊೞ್ೞೀ ದಯ್ ಹೊಪೆ ೞರ್ಂ",
                "stop_id": "38049",
                "lat": 12.97998,
                "lon": 77.75162
              },
              {
                "name": "Hope Farm",
                "name_kn": "ಹೊಪೆ ೞರ್ಂ",
                "stop_id": "22037",
                "lat": 12.98376,
                "lon": 77.75305
              },
              {
                "name": "MVJ College Channasandra",
                "name_kn": "ಂವ್ಜ್ ಕೊಲ್ಲೆಗೆ ಚಂನಸಂದ್ರ",
                "stop_id": "22320",
                "lat": 12.98283,
                "lon": 77.76082
              },
              {
                "name": "Channasandra",
                "name_kn": "ಚಂನಸಂದ್ರ",
                "stop_id": "21821",
                "lat": 12.98345,
                "lon": 77.76814
              },
              {
                "name": "Thirumalashettyhalli  Cross",
                "name_kn": "ತಿರುಮಲಶೆಟೆಹಲ್ಲಿ  ಕ್ರೊಸ್ಸ್",
                "stop_id": "22553",
                "lat": 12.98602,
                "lon": 77.78128
              },
              {
                "name": "Samethanahalli",
                "name_kn": "ಸಮೆತನಹಲ್ಲಿ",
                "stop_id": "22448",
                "lat": 12.9803,
                "lon": 77.79019
              },
              {
                "name": "Bhodhana Hosahalli",
                "name_kn": "ಭೊಧನ ಹೊಸಹಲ್ಲಿ",
                "stop_id": "21759",
                "lat": 12.97886,
                "lon": 77.80248
              },
              {
                "name": "Ayurvedic Hospital Bodhanahosahalli",
                "name_kn": "ಅಯುರ್ವೆದಿಕ್ ಹೊಸ್ಪಿಟಲ್ ಬೊಧನಹೊಸಹಲ್ಲಿ",
                "stop_id": "23236",
                "lat": 12.96969,
                "lon": 77.8004
              },
              {
                "name": "Naganayakanakote Cross",
                "name_kn": "ನಗನಯಕನಕೊಟೆ ಕ್ರೊಸ್ಸ್",
                "stop_id": "23565",
                "lat": 12.96533,
                "lon": 77.79989
              },
              {
                "name": "Muthkur",
                "name_kn": "ಮುತ್ಕುರ್",
                "stop_id": "29109",
                "lat": 12.955,
                "lon": 77.8073
              },
              {
                "name": "Yadagondanahalli",
                "name_kn": "ಯದಗೊಂದನಹಲ್ಲಿ",
                "stop_id": "31640",
                "lat": 12.9497,
                "lon": 77.81089
              },
              {
                "name": "Byalahalli",
                "name_kn": "ಬೆಲಹಲ್ಲಿ",
                "stop_id": "32158",
                "lat": 12.93969,
                "lon": 77.81528
              },
              {
                "name": "Muthugadahalli",
                "name_kn": "ಮುತುಗದಹಲ್ಲಿ",
                "stop_id": "33991",
                "lat": 12.92939,
                "lon": 77.82062
              }
            ]
          },
          {
            "Route": "324",
            "RouteId": 6209,
            "RouteParentId": 3361,
            "Destination": "Immadihalli",
            "Via": "",
            "Area": "KR Market",
            "PlatformNumber": "1",
            "KannadaDestination": "ಇಮ್ಮದಿಹಲ್ಲಿ",
            "KannadaArea": "ಕೆಆರ್ ಮಾರುಕಟ್ಟೆ",
            "KannadaVia": "",
            "FromStationId": 21914,
            "Stops": [
              {
                "name": "Domlur",
                "name_kn": "ದೊಂಲುರ್",
                "stop_id": "21914",
                "lat": 12.96111,
                "lon": 77.63809
              },
              {
                "name": "Domlur Flyover",
                "name_kn": "ದೊಂಲುರ್ ೞ್ಲೆೊವೆರ್",
                "stop_id": "21917",
                "lat": 12.96048,
                "lon": 77.64352
              },
              {
                "name": "Kodihalli",
                "name_kn": "ಕೊದಿಹಲ್ಲಿ",
                "stop_id": "22178",
                "lat": 12.96,
                "lon": 77.64758
              },
              {
                "name": "NAL/Manipal Hospital",
                "name_kn": "ನಲ್/ಮನಿಪಲ್ ಹೊಸ್ಪಿಟಲ್",
                "stop_id": "22336",
                "lat": 12.95964,
                "lon": 77.65076
              },
              {
                "name": "Murugeshpalya",
                "name_kn": "ಮುರುಗೆಶ್ಪಲೆ",
                "stop_id": "22316",
                "lat": 12.95936,
                "lon": 77.65618
              },
              {
                "name": "Konena Agrahara",
                "name_kn": "ಕೊನೆನ ಗ್ರಹರ",
                "stop_id": "22193",
                "lat": 12.95914,
                "lon": 77.65962
              },
              {
                "name": "HAL Main Gate",
                "name_kn": "ಹಲ್ ಮೈಂ ಗಟೆ",
                "stop_id": "22003",
                "lat": 12.95821,
                "lon": 77.66821
              },
              {
                "name": "HAL Admin Gate",
                "name_kn": "ಹಲ್ ದ್ಮಿಂ ಗಟೆ",
                "stop_id": "39489",
                "lat": 12.95813,
                "lon": 77.66949
              },
              {
                "name": "Helicopter Division",
                "name_kn": "ಹೆಲಿಕೊಪ್ಟೆರ್ ದಿವಿಸಿೊಂ",
                "stop_id": "22021",
                "lat": 12.95582,
                "lon": 77.67735
              },
              {
                "name": "HAL Kalyana Mantap",
                "name_kn": "ಹಲ್ ಕಲೆನ ಮಂಟಪ್",
                "stop_id": "22001",
                "lat": 12.9546,
                "lon": 77.68215
              },
              {
                "name": "Yamalur Cross",
                "name_kn": "ಯಮಲುರ್ ಕ್ರೊಸ್ಸ್",
                "stop_id": "22627",
                "lat": 12.95525,
                "lon": 77.68829
              },
              {
                "name": "Marathahalli",
                "name_kn": "ಮರತಹಲ್ಲಿ",
                "stop_id": "22260",
                "lat": 12.95626,
                "lon": 77.69409
              },
              {
                "name": "Marathahalli Bridge",
                "name_kn": "ಮರತಹಲ್ಲಿ ಬ್ರಿದ್ಗೆ",
                "stop_id": "22668",
                "lat": 12.9569,
                "lon": 77.70215
              },
              {
                "name": "Munnekolalu Cross (Spice Garden)",
                "name_kn": "ಮುಂನೆಕೊಲಲು ಕ್ರೊಸ್ಸ್ (ಸ್ಪಿಕೆ ಗರ್ದೆಂ)",
                "stop_id": "21038",
                "lat": 12.9564,
                "lon": 77.70927
              },
              {
                "name": "Kundalahalli Gate",
                "name_kn": "ಕುಂದಲಹಲ್ಲಿ ಗಟೆ",
                "stop_id": "22215",
                "lat": 12.95593,
                "lon": 77.71574
              },
              {
                "name": "Thubarahalli",
                "name_kn": "ತುಬರಹಲ್ಲಿ",
                "stop_id": "22557",
                "lat": 12.95592,
                "lon": 77.72057
              },
              {
                "name": "Siddapura",
                "name_kn": "ಸಿದ್ದಪುರ",
                "stop_id": "22487",
                "lat": 12.95634,
                "lon": 77.73191
              },
              {
                "name": "Ramagondanahalli",
                "name_kn": "ರಮಗೊಂದನಹಲ್ಲಿ",
                "stop_id": "22412",
                "lat": 12.95704,
                "lon": 77.74039
              },
              {
                "name": "Varthur kodi",
                "name_kn": "ವರ್ತುರ್ ಕೊದಿ",
                "stop_id": "22577",
                "lat": 12.95897,
                "lon": 77.74642
              },
              {
                "name": "Forum Mall",
                "name_kn": "ೞೊರುಂ ಮಲ್ಲ್",
                "stop_id": "21942",
                "lat": 12.95977,
                "lon": 77.74683
              },
              {
                "name": "Brooke Bond",
                "name_kn": "ಬ್ರೂಕೆ ಬೊಂದ್",
                "stop_id": "21784",
                "lat": 12.96392,
                "lon": 77.74833
              },
              {
                "name": "White Field Post Office",
                "name_kn": "ವ್ಹಿಟೆ ೞಿೆಲ್ದ್ ಪೊಸ್ಟ್ ೊೞ್ೞಿಕೆ",
                "stop_id": "35180",
                "lat": 12.96982,
                "lon": 77.75016
              },
              {
                "name": "Gandhipura",
                "name_kn": "ಗಂಧಿಪುರ",
                "stop_id": "23557",
                "lat": 12.96969,
                "lon": 77.7524
              },
              {
                "name": "Immadihalli",
                "name_kn": "ಇಮ್ಮದಿಹಲ್ಲಿ",
                "stop_id": "23687",
                "lat": 12.96588,
                "lon": 77.76326
              }
            ]
          },
          {
            "Route": "326-C",
            "RouteId": 6251,
            "RouteParentId": 3382,
            "Destination": "Kadugodi Bapuji Circle",
            "Via": "",
            "Area": "KR Market",
            "PlatformNumber": "1",
            "KannadaDestination": "ಕದುಗೊದಿ ಬಪುಜಿ ಕಿರ್ಕ್ಲೆ",
            "KannadaArea": "ಕೆಆರ್ ಮಾರುಕಟ್ಟೆ",
            "KannadaVia": "",
            "FromStationId": 21914,
            "Stops": [
              {
                "name": "Domlur",
                "name_kn": "ದೊಂಲುರ್",
                "stop_id": "21914",
                "lat": 12.96111,
                "lon": 77.63809
              },
              {
                "name": "Domlur Flyover",
                "name_kn": "ದೊಂಲುರ್ ೞ್ಲೆೊವೆರ್",
                "stop_id": "21917",
                "lat": 12.96048,
                "lon": 77.64352
              },
              {
                "name": "Kodihalli",
                "name_kn": "ಕೊದಿಹಲ್ಲಿ",
                "stop_id": "22178",
                "lat": 12.96,
                "lon": 77.64758
              },
              {
                "name": "NAL/Manipal Hospital",
                "name_kn": "ನಲ್/ಮನಿಪಲ್ ಹೊಸ್ಪಿಟಲ್",
                "stop_id": "22336",
                "lat": 12.95964,
                "lon": 77.65076
              },
              {
                "name": "Murugeshpalya",
                "name_kn": "ಮುರುಗೆಶ್ಪಲೆ",
                "stop_id": "22316",
                "lat": 12.95936,
                "lon": 77.65618
              },
              {
                "name": "Konena Agrahara",
                "name_kn": "ಕೊನೆನ ಗ್ರಹರ",
                "stop_id": "22193",
                "lat": 12.95914,
                "lon": 77.65962
              },
              {
                "name": "HAL Main Gate",
                "name_kn": "ಹಲ್ ಮೈಂ ಗಟೆ",
                "stop_id": "22003",
                "lat": 12.95821,
                "lon": 77.66821
              },
              {
                "name": "HAL Admin Gate",
                "name_kn": "ಹಲ್ ದ್ಮಿಂ ಗಟೆ",
                "stop_id": "39489",
                "lat": 12.95813,
                "lon": 77.66949
              },
              {
                "name": "Helicopter Division",
                "name_kn": "ಹೆಲಿಕೊಪ್ಟೆರ್ ದಿವಿಸಿೊಂ",
                "stop_id": "22021",
                "lat": 12.95582,
                "lon": 77.67735
              },
              {
                "name": "HAL Kalyana Mantap",
                "name_kn": "ಹಲ್ ಕಲೆನ ಮಂಟಪ್",
                "stop_id": "22001",
                "lat": 12.9546,
                "lon": 77.68215
              },
              {
                "name": "Yamalur Cross",
                "name_kn": "ಯಮಲುರ್ ಕ್ರೊಸ್ಸ್",
                "stop_id": "22627",
                "lat": 12.95525,
                "lon": 77.68829
              },
              {
                "name": "Marathahalli",
                "name_kn": "ಮರತಹಲ್ಲಿ",
                "stop_id": "22260",
                "lat": 12.95626,
                "lon": 77.69409
              },
              {
                "name": "Marathahalli Bridge",
                "name_kn": "ಮರತಹಲ್ಲಿ ಬ್ರಿದ್ಗೆ",
                "stop_id": "22668",
                "lat": 12.9569,
                "lon": 77.70215
              },
              {
                "name": "Munnekolalu Cross (Spice Garden)",
                "name_kn": "ಮುಂನೆಕೊಲಲು ಕ್ರೊಸ್ಸ್ (ಸ್ಪಿಕೆ ಗರ್ದೆಂ)",
                "stop_id": "21038",
                "lat": 12.9564,
                "lon": 77.70927
              },
              {
                "name": "Kundalahalli Gate",
                "name_kn": "ಕುಂದಲಹಲ್ಲಿ ಗಟೆ",
                "stop_id": "22215",
                "lat": 12.95593,
                "lon": 77.71574
              },
              {
                "name": "Thubarahalli",
                "name_kn": "ತುಬರಹಲ್ಲಿ",
                "stop_id": "22557",
                "lat": 12.95592,
                "lon": 77.72057
              },
              {
                "name": "Siddapura",
                "name_kn": "ಸಿದ್ದಪುರ",
                "stop_id": "22487",
                "lat": 12.95634,
                "lon": 77.73191
              },
              {
                "name": "Ramagondanahalli",
                "name_kn": "ರಮಗೊಂದನಹಲ್ಲಿ",
                "stop_id": "22412",
                "lat": 12.95704,
                "lon": 77.74039
              },
              {
                "name": "Varthur kodi",
                "name_kn": "ವರ್ತುರ್ ಕೊದಿ",
                "stop_id": "22577",
                "lat": 12.95897,
                "lon": 77.74642
              },
              {
                "name": "Forum Mall",
                "name_kn": "ೞೊರುಂ ಮಲ್ಲ್",
                "stop_id": "21942",
                "lat": 12.95977,
                "lon": 77.74683
              },
              {
                "name": "Brooke Bond",
                "name_kn": "ಬ್ರೂಕೆ ಬೊಂದ್",
                "stop_id": "21784",
                "lat": 12.96392,
                "lon": 77.74833
              },
              {
                "name": "White Field Post Office",
                "name_kn": "ವ್ಹಿಟೆ ೞಿೆಲ್ದ್ ಪೊಸ್ಟ್ ೊೞ್ೞಿಕೆ",
                "stop_id": "22621",
                "lat": 12.97056,
                "lon": 77.75
              },
              {
                "name": "Sai Baba General Hospital",
                "name_kn": "ಸೈ ಬಬ ಗೆನೆರಲ್ ಹೊಸ್ಪಿಟಲ್",
                "stop_id": "22442",
                "lat": 12.97383,
                "lon": 77.75042
              },
              {
                "name": "Munish Singh Hospital",
                "name_kn": "ಮುನಿಶ್ ಸಿಙ್ಹ್ ಹೊಸ್ಪಿಟಲ್",
                "stop_id": "22315",
                "lat": 12.97703,
                "lon": 77.75104
              },
              {
                "name": "Coffee Day Hope Farm",
                "name_kn": "ಕೊೞ್ೞೀ ದಯ್ ಹೊಪೆ ೞರ್ಂ",
                "stop_id": "38049",
                "lat": 12.97998,
                "lon": 77.75162
              },
              {
                "name": "Hope Farm",
                "name_kn": "ಹೊಪೆ ೞರ್ಂ",
                "stop_id": "22037",
                "lat": 12.98376,
                "lon": 77.75305
              },
              {
                "name": "MVJ College Channasandra",
                "name_kn": "ಂವ್ಜ್ ಕೊಲ್ಲೆಗೆ ಚಂನಸಂದ್ರ",
                "stop_id": "22320",
                "lat": 12.98283,
                "lon": 77.76082
              },
              {
                "name": "Channasandra",
                "name_kn": "ಚಂನಸಂದ್ರ",
                "stop_id": "38634",
                "lat": 12.98347,
                "lon": 77.76803
              },
              {
                "name": "Kadugodi Bapuji Circle",
                "name_kn": "ಕದುಗೊದಿ ಬಪುಜಿ ಕಿರ್ಕ್ಲೆ",
                "stop_id": "30575",
                "lat": 12.99667,
                "lon": 77.76357
              }
            ]
          },
          {
            "Route": "334 -EA SBS-HSK",
            "RouteId": 14844,
            "RouteParentId": 7955,
            "Destination": "Hosakote Bus Stand (Old)",
            "Via": "",
            "Area": "Shivajinagara Bus Station",
            "PlatformNumber": "1",
            "KannadaDestination": "ಹೊಸಕೊಟೆ ಬುಸ್ ಸ್ಟಂದ್ (ೊಲ್ದ್)",
            "KannadaArea": "ಶಿವಾಜಿನಗರ ಬಸ್ ನಿಲ್ದಾಣ",
            "KannadaVia": "",
            "FromStationId": 21914,
            "Stops": [
              {
                "name": "Domlur",
                "name_kn": "ದೊಂಲುರ್",
                "stop_id": "21914",
                "lat": 12.96111,
                "lon": 77.63809
              },
              {
                "name": "Domlur Flyover",
                "name_kn": "ದೊಂಲುರ್ ೞ್ಲೆೊವೆರ್",
                "stop_id": "21917",
                "lat": 12.96048,
                "lon": 77.64352
              },
              {
                "name": "Kodihalli",
                "name_kn": "ಕೊದಿಹಲ್ಲಿ",
                "stop_id": "22178",
                "lat": 12.96,
                "lon": 77.64758
              },
              {
                "name": "NAL/Manipal Hospital",
                "name_kn": "ನಲ್/ಮನಿಪಲ್ ಹೊಸ್ಪಿಟಲ್",
                "stop_id": "22336",
                "lat": 12.95964,
                "lon": 77.65076
              },
              {
                "name": "Murugeshpalya",
                "name_kn": "ಮುರುಗೆಶ್ಪಲೆ",
                "stop_id": "22316",
                "lat": 12.95936,
                "lon": 77.65618
              },
              {
                "name": "Konena Agrahara",
                "name_kn": "ಕೊನೆನ ಗ್ರಹರ",
                "stop_id": "22193",
                "lat": 12.95914,
                "lon": 77.65962
              },
              {
                "name": "HAL Main Gate",
                "name_kn": "ಹಲ್ ಮೈಂ ಗಟೆ",
                "stop_id": "22003",
                "lat": 12.95821,
                "lon": 77.66821
              },
              {
                "name": "HAL Admin Gate",
                "name_kn": "ಹಲ್ ದ್ಮಿಂ ಗಟೆ",
                "stop_id": "39489",
                "lat": 12.95813,
                "lon": 77.66949
              },
              {
                "name": "Helicopter Division",
                "name_kn": "ಹೆಲಿಕೊಪ್ಟೆರ್ ದಿವಿಸಿೊಂ",
                "stop_id": "22021",
                "lat": 12.95582,
                "lon": 77.67735
              },
              {
                "name": "HAL Kalyana Mantap",
                "name_kn": "ಹಲ್ ಕಲೆನ ಮಂಟಪ್",
                "stop_id": "22001",
                "lat": 12.9546,
                "lon": 77.68215
              },
              {
                "name": "Yamalur Cross",
                "name_kn": "ಯಮಲುರ್ ಕ್ರೊಸ್ಸ್",
                "stop_id": "22627",
                "lat": 12.95525,
                "lon": 77.68829
              },
              {
                "name": "Marathahalli",
                "name_kn": "ಮರತಹಲ್ಲಿ",
                "stop_id": "22260",
                "lat": 12.95626,
                "lon": 77.69409
              },
              {
                "name": "Marathahalli Bridge",
                "name_kn": "ಮರತಹಲ್ಲಿ ಬ್ರಿದ್ಗೆ",
                "stop_id": "22668",
                "lat": 12.9569,
                "lon": 77.70215
              },
              {
                "name": "Munnekolalu Cross (Spice Garden)",
                "name_kn": "ಮುಂನೆಕೊಲಲು ಕ್ರೊಸ್ಸ್ (ಸ್ಪಿಕೆ ಗರ್ದೆಂ)",
                "stop_id": "21038",
                "lat": 12.9564,
                "lon": 77.70927
              },
              {
                "name": "Kundalahalli Gate",
                "name_kn": "ಕುಂದಲಹಲ್ಲಿ ಗಟೆ",
                "stop_id": "22215",
                "lat": 12.95593,
                "lon": 77.71574
              },
              {
                "name": "Thubarahalli",
                "name_kn": "ತುಬರಹಲ್ಲಿ",
                "stop_id": "22557",
                "lat": 12.95592,
                "lon": 77.72057
              },
              {
                "name": "Siddapura",
                "name_kn": "ಸಿದ್ದಪುರ",
                "stop_id": "22487",
                "lat": 12.95634,
                "lon": 77.73191
              },
              {
                "name": "Ramagondanahalli",
                "name_kn": "ರಮಗೊಂದನಹಲ್ಲಿ",
                "stop_id": "22412",
                "lat": 12.95704,
                "lon": 77.74039
              },
              {
                "name": "Varthur kodi",
                "name_kn": "ವರ್ತುರ್ ಕೊದಿ",
                "stop_id": "22577",
                "lat": 12.95897,
                "lon": 77.74642
              },
              {
                "name": "Forum Mall",
                "name_kn": "ೞೊರುಂ ಮಲ್ಲ್",
                "stop_id": "21942",
                "lat": 12.95977,
                "lon": 77.74683
              },
              {
                "name": "Brooke Bond",
                "name_kn": "ಬ್ರೂಕೆ ಬೊಂದ್",
                "stop_id": "21784",
                "lat": 12.96392,
                "lon": 77.74833
              },
              {
                "name": "White Field Post Office",
                "name_kn": "ವ್ಹಿಟೆ ೞಿೆಲ್ದ್ ಪೊಸ್ಟ್ ೊೞ್ೞಿಕೆ",
                "stop_id": "22621",
                "lat": 12.97056,
                "lon": 77.75
              },
              {
                "name": "Sai Baba General Hospital",
                "name_kn": "ಸೈ ಬಬ ಗೆನೆರಲ್ ಹೊಸ್ಪಿಟಲ್",
                "stop_id": "22442",
                "lat": 12.97383,
                "lon": 77.75042
              },
              {
                "name": "Munish Singh Hospital",
                "name_kn": "ಮುನಿಶ್ ಸಿಙ್ಹ್ ಹೊಸ್ಪಿಟಲ್",
                "stop_id": "22315",
                "lat": 12.97703,
                "lon": 77.75104
              },
              {
                "name": "Coffee Day Hope Farm",
                "name_kn": "ಕೊೞ್ೞೀ ದಯ್ ಹೊಪೆ ೞರ್ಂ",
                "stop_id": "38049",
                "lat": 12.97998,
                "lon": 77.75162
              },
              {
                "name": "Hope Farm",
                "name_kn": "ಹೊಪೆ ೞರ್ಂ",
                "stop_id": "20836",
                "lat": 12.98429,
                "lon": 77.75261
              },
              {
                "name": "Kadugodi Bridge",
                "name_kn": "ಕದುಗೊದಿ ಬ್ರಿದ್ಗೆ",
                "stop_id": "20901",
                "lat": 12.99448,
                "lon": 77.75769
              },
              {
                "name": "Sathya Sai Baba Mandir",
                "name_kn": "ಸತೆ ಸೈ ಬಬ ಮಂದಿರ್",
                "stop_id": "22464",
                "lat": 13.00118,
                "lon": 77.75753
              },
              {
                "name": "Bellathur",
                "name_kn": "ಬೆಲ್ಲತುರ್",
                "stop_id": "21741",
                "lat": 13.00414,
                "lon": 77.7569
              },
              {
                "name": "Seegehalli Gate  Kadugodi",
                "name_kn": "ಸೀಗೆಹಲ್ಲಿ ಗಟೆ  ಕದುಗೊದಿ",
                "stop_id": "28205",
                "lat": 13.01331,
                "lon": 77.76101
              },
              {
                "name": "Shell Petrol Bunk",
                "name_kn": "ಶೆಲ್ಲ್ ಪೆಟ್ರೊಲ್ ಬುಂಕ್",
                "stop_id": "22479",
                "lat": 13.01756,
                "lon": 77.7621
              },
              {
                "name": "Chaithanya Samarpan Apartment",
                "name_kn": "ಚೈತನೆ ಸಮರ್ಪಂ ಪರ್ಟ್ಮೆಂಟ್",
                "stop_id": "21808",
                "lat": 13.0207,
                "lon": 77.76206
              },
              {
                "name": "Sai Lakshmi Industries",
                "name_kn": "ಸೈ ಲಕ್ಷ್ಮಿ ಿಂದುಸ್ಟ್ರಿೆಸ್",
                "stop_id": "22443",
                "lat": 13.02454,
                "lon": 77.76162
              },
              {
                "name": "Bevina Mara Kannamangala",
                "name_kn": "ಬೆವಿನ ಮರ ಕಂನಮಙಲ",
                "stop_id": "21751",
                "lat": 13.02801,
                "lon": 77.76027
              },
              {
                "name": "Kannamangala Gate",
                "name_kn": "ಕಂನಮಙಲ ಗಟೆ",
                "stop_id": "22151",
                "lat": 13.03245,
                "lon": 77.75855
              },
              {
                "name": "Khaji Sonnenahalli Gate",
                "name_kn": "ಖಜಿ ಸೊಂನೆನಹಲ್ಲಿ ಗಟೆ",
                "stop_id": "22174",
                "lat": 13.03461,
                "lon": 77.75898
              },
              {
                "name": "Safal Market",
                "name_kn": "ಸೞಲ್ ಮರ್ಕೆಟ್",
                "stop_id": "22439",
                "lat": 13.03799,
                "lon": 77.75976
              },
              {
                "name": "Gorivegere Gate",
                "name_kn": "ಗೊರಿವೆಗೆರೆ ಗಟೆ",
                "stop_id": "21973",
                "lat": 13.04412,
                "lon": 77.76033
              },
              {
                "name": "Sannathammanahalli",
                "name_kn": "ಸಂನತಮ್ಮನಹಲ್ಲಿ",
                "stop_id": "22452",
                "lat": 13.04803,
                "lon": 77.76052
              },
              {
                "name": "Budigere Cross",
                "name_kn": "ಬುದಿಗೆರೆ ಕ್ರೊಸ್ಸ್",
                "stop_id": "21791",
                "lat": 13.04651,
                "lon": 77.75054
              },
              {
                "name": "Katamanallur Gate",
                "name_kn": "ಕಟಮನಲ್ಲುರ್ ಗಟೆ",
                "stop_id": "22155",
                "lat": 13.05373,
                "lon": 77.76177
              },
              {
                "name": "Hosakote Kodi",
                "name_kn": "ಹೊಸಕೊಟೆ ಕೊದಿ",
                "stop_id": "22054",
                "lat": 13.0565,
                "lon": 77.76741
              },
              {
                "name": "Hosakote Toll",
                "name_kn": "ಹೊಸಕೊಟೆ ಟೊಲ್ಲ್",
                "stop_id": "22056",
                "lat": 13.05963,
                "lon": 77.77057
              },
              {
                "name": "Hosakote High School",
                "name_kn": "ಹೊಸಕೊಟೆ ಹಿಘ್ ಸ್ಚೂಲ್",
                "stop_id": "22050",
                "lat": 13.07048,
                "lon": 77.78364
              },
              {
                "name": "Hosakote BEO office",
                "name_kn": "ಹೊಸಕೊಟೆ ಬೆೊ ೊೞ್ೞಿಕೆ",
                "stop_id": "37604",
                "lat": 13.07339,
                "lon": 77.78294
              },
              {
                "name": "Hosakote Flower Market",
                "name_kn": "ಹೊಸಕೊಟೆ ೞ್ಲೌೆರ್ ಮರ್ಕೆಟ್",
                "stop_id": "22048",
                "lat": 13.07531,
                "lon": 77.78637
              },
              {
                "name": "Hosakote Bus Stand (Old)",
                "name_kn": "ಹೊಸಕೊಟೆ ಬುಸ್ ಸ್ಟಂದ್ (ೊಲ್ದ್)",
                "stop_id": "22046",
                "lat": 13.0787,
                "lon": 77.78774
              }
            ]
          }
        ]
      }
    },
    {
      "type": "Feature",
      "geometry": {
        "type": "Point",
        "coordinates": [
          77.63860523700716,
          12.961590773899191
        ]
      },
      "properties": {
        "Platform": "5",
        "Color": "#000000",
        "Icon": "5",
        "OpenHour": 0,
        "CloseHour": 0,
        "ApiIds": [
          "21916",
          "21923"
        ],
        "Routes": [
          {
            "Route": "315-G",
            "RouteId": 7193,
            "RouteParentId": 3868,
            "Destination": "KR Pura Market",
            "Via": "",
            "Area": "Dr BR Ambedkar Bus Terminal (Domlur)",
            "PlatformNumber": "5",
            "KannadaDestination": "ಕ್ರ್ ಪುರ ಮರ್ಕೆಟ್",
            "KannadaArea": "ಡಾ. ಬಿಆರ್ ಅಂಬೇಡ್ಕರ್ ಬಸ್ ಟರ್ಮಿನಲ್ (ದೊಮ್ಮಲುರು))",
            "KannadaVia": "",
            "FromStationId": 21923,
            "Stops": [
              {
                "name": "Dr BR Ambedkar Bus Terminal (Domlur)",
                "name_kn": "ದ್ರ್ ಬ್ರ್ ಂಬೆದ್ಕರ್ ಬುಸ್ ಟೆರ್ಮಿನಲ್ (ದೊಂಲುರ್)",
                "stop_id": "21923",
                "lat": 12.96163,
                "lon": 77.63881
              },
              {
                "name": "ESI Hospital Indiranagara",
                "name_kn": "ಎಸಿ ಹೊಸ್ಪಿಟಲ್ ಿಂದಿರನಗರ",
                "stop_id": "39474",
                "lat": 12.97094,
                "lon": 77.63594
              },
              {
                "name": "Double Road Indiranagara",
                "name_kn": "ದೌಬ್ಲೆ ರೊದ್ ಿಂದಿರನಗರ",
                "stop_id": "21921",
                "lat": 12.97843,
                "lon": 77.63654
              },
              {
                "name": "Indiranagara Metro Station",
                "name_kn": "ಇಂದಿರನಗರ ಮೆಟ್ರೊ ಸ್ಟಟಿೊಂ",
                "stop_id": "33037",
                "lat": 12.97849,
                "lon": 77.63848
              },
              {
                "name": "Indiranagara Police Station/KFC",
                "name_kn": "ಇಂದಿರನಗರ ಪೊಲಿಕೆ ಸ್ಟಟಿೊಂ/ಕ್ೞ್ಕ್",
                "stop_id": "22389",
                "lat": 12.97857,
                "lon": 77.6408
              },
              {
                "name": "Binnamangala",
                "name_kn": "ಬಿಂನಮಙಲ",
                "stop_id": "35957",
                "lat": 12.98368,
                "lon": 77.64049
              },
              {
                "name": "Swamy Vivekananda Metro Station/Isolation Hospital",
                "name_kn": "ಸ್ವಮೆ ವಿವೆಕನಂದ ಮೆಟ್ರೊ ಸ್ಟಟಿೊಂ/ಿಸೊಲಟಿೊಂ ಹೊಸ್ಪಿಟಲ್",
                "stop_id": "22527",
                "lat": 12.9858,
                "lon": 77.64501
              },
              {
                "name": "NGEF",
                "name_kn": "ಙೆೞ್",
                "stop_id": "21060",
                "lat": 12.98787,
                "lon": 77.64987
              },
              {
                "name": "Bayyappanahalli Metro Station",
                "name_kn": "ಬಯೆಪ್ಪನಹಲ್ಲಿ ಮೆಟ್ರೊ ಸ್ಟಟಿೊಂ",
                "stop_id": "20634",
                "lat": 12.99001,
                "lon": 77.65454
              },
              {
                "name": "Benniganahalli",
                "name_kn": "ಬೆಂನಿಗನಹಲ್ಲಿ",
                "stop_id": "20656",
                "lat": 12.99428,
                "lon": 77.6633
              },
              {
                "name": "Tin Factory",
                "name_kn": "ಟಿಂ ೞಕ್ಟೊರೆ",
                "stop_id": "21229",
                "lat": 12.99698,
                "lon": 77.66937
              },
              {
                "name": "ITI Colony Gate",
                "name_kn": "ಇಟಿ ಕೊಲೊನೆ ಗಟೆ",
                "stop_id": "20863",
                "lat": 13.00532,
                "lon": 77.68522
              },
              {
                "name": "KR Pura Market",
                "name_kn": "ಕ್ರ್ ಪುರ ಮರ್ಕೆಟ್",
                "stop_id": "22207",
                "lat": 13.00841,
                "lon": 77.69403
              }
            ]
          },
          {
            "Route": "SBS-13K DML-KDG",
            "RouteId": 10757,
            "RouteParentId": 5734,
            "Destination": "Kadugodi Bus Station",
            "Via": "",
            "Area": "Dr BR Ambedkar Bus Terminal (Domlur)",
            "PlatformNumber": "5",
            "KannadaDestination": "ಕದುಗೊದಿ ಬುಸ್ ಸ್ಟಟಿೊಂ",
            "KannadaArea": "ಡಾ. ಬಿಆರ್ ಅಂಬೇಡ್ಕರ್ ಬಸ್ ಟರ್ಮಿನಲ್ (ದೊಮ್ಮಲುರು))",
            "KannadaVia": "",
            "FromStationId": 21923,
            "Stops": [
              {
                "name": "Dr BR Ambedkar Bus Terminal (Domlur)",
                "name_kn": "ದ್ರ್ ಬ್ರ್ ಂಬೆದ್ಕರ್ ಬುಸ್ ಟೆರ್ಮಿನಲ್ (ದೊಂಲುರ್)",
                "stop_id": "21923",
                "lat": 12.96163,
                "lon": 77.63881
              },
              {
                "name": "Dhoopanahalli",
                "name_kn": "ಧೂಪನಹಲ್ಲಿ",
                "stop_id": "35940",
                "lat": 12.96354,
                "lon": 77.64156
              },
              {
                "name": "Indiranagara 100ft Road",
                "name_kn": "ಇಂದಿರನಗರ 100ೞ್ಟ್ ರೊದ್",
                "stop_id": "22073",
                "lat": 12.96658,
                "lon": 77.64141
              },
              {
                "name": "New Horizon School",
                "name_kn": "ನೆವ್ ಹೊರಿಜ಼ೊಂ ಸ್ಚೂಲ್",
                "stop_id": "22361",
                "lat": 12.9689,
                "lon": 77.64129
              },
              {
                "name": "Indiranagara 12th Main",
                "name_kn": "ಇಂದಿರನಗರ 12ತ್ ಮೈಂ",
                "stop_id": "26131",
                "lat": 12.97026,
                "lon": 77.64122
              },
              {
                "name": "Indiranagara 6th Main",
                "name_kn": "ಇಂದಿರನಗರ 6ತ್ ಮೈಂ",
                "stop_id": "22000",
                "lat": 12.974,
                "lon": 77.64103
              },
              {
                "name": "Indiranagara Police Station/KFC",
                "name_kn": "ಇಂದಿರನಗರ ಪೊಲಿಕೆ ಸ್ಟಟಿೊಂ/ಕ್ೞ್ಕ್",
                "stop_id": "22389",
                "lat": 12.97857,
                "lon": 77.6408
              },
              {
                "name": "Binnamangala",
                "name_kn": "ಬಿಂನಮಙಲ",
                "stop_id": "35957",
                "lat": 12.98368,
                "lon": 77.64049
              },
              {
                "name": "Swamy Vivekananda Metro Station/Isolation Hospital",
                "name_kn": "ಸ್ವಮೆ ವಿವೆಕನಂದ ಮೆಟ್ರೊ ಸ್ಟಟಿೊಂ/ಿಸೊಲಟಿೊಂ ಹೊಸ್ಪಿಟಲ್",
                "stop_id": "22527",
                "lat": 12.9858,
                "lon": 77.64501
              },
              {
                "name": "NGEF",
                "name_kn": "ಙೆೞ್",
                "stop_id": "21060",
                "lat": 12.98787,
                "lon": 77.64987
              },
              {
                "name": "Bayyappanahalli Metro Station",
                "name_kn": "ಬಯೆಪ್ಪನಹಲ್ಲಿ ಮೆಟ್ರೊ ಸ್ಟಟಿೊಂ",
                "stop_id": "20634",
                "lat": 12.99001,
                "lon": 77.65454
              },
              {
                "name": "Benniganahalli",
                "name_kn": "ಬೆಂನಿಗನಹಲ್ಲಿ",
                "stop_id": "20656",
                "lat": 12.99428,
                "lon": 77.6633
              },
              {
                "name": "Tin Factory",
                "name_kn": "ಟಿಂ ೞಕ್ಟೊರೆ",
                "stop_id": "21229",
                "lat": 12.99698,
                "lon": 77.66937
              },
              {
                "name": "KR Pura Railway Station",
                "name_kn": "ಕ್ರ್ ಪುರ ರೈಲ್ವಯ್ ಸ್ಟಟಿೊಂ",
                "stop_id": "21112",
                "lat": 13.00022,
                "lon": 77.67597
              },
              {
                "name": "B Narayanapura",
                "name_kn": "ಬ್ ನರಯನಪುರ",
                "stop_id": "21696",
                "lat": 13.00042,
                "lon": 77.68444
              },
              {
                "name": "Mahadevapura",
                "name_kn": "ಮಹದೆವಪುರ",
                "stop_id": "22237",
                "lat": 12.99737,
                "lon": 77.69066
              },
              {
                "name": "Singaianapalya Phoenix",
                "name_kn": "ಸಿಙೈನಪಲೆ ಫೊೆನಿಕ್ಸ್",
                "stop_id": "22492",
                "lat": 12.99554,
                "lon": 77.69541
              },
              {
                "name": "Garudacharpalya",
                "name_kn": "ಗರುದಚರ್ಪಲೆ",
                "stop_id": "21953",
                "lat": 12.99403,
                "lon": 77.70158
              },
              {
                "name": "Brook Steel ESI",
                "name_kn": "ಬ್ರೂಕ್ ಸ್ಟೀಲ್ ೆಸಿ",
                "stop_id": "21781",
                "lat": 12.9931,
                "lon": 77.70535
              },
              {
                "name": "Hoodi",
                "name_kn": "ಹೂದಿ",
                "stop_id": "22035",
                "lat": 12.99223,
                "lon": 77.71576
              },
              {
                "name": "Rajapalya",
                "name_kn": "ರಜಪಲೆ",
                "stop_id": "22410",
                "lat": 12.99129,
                "lon": 77.72123
              },
              {
                "name": "Prestige Shantiniketana /Manipal Hospital",
                "name_kn": "ಪ್ರೆಸ್ಟಿಗೆ ಶಂಟಿನಿಕೆಟನ /ಮನಿಪಲ್ ಹೊಸ್ಪಿಟಲ್",
                "stop_id": "37982",
                "lat": 12.98916,
                "lon": 77.72667
              },
              {
                "name": "Big Bazzar ITPL",
                "name_kn": "ಬಿಗ್ ಬಜ಼್ಜ಼ರ್ ಿಟ್ಪ್ಲ್",
                "stop_id": "20670",
                "lat": 12.98823,
                "lon": 77.73197
              },
              {
                "name": "Pattandur Agrahara Gate",
                "name_kn": "ಪಟಂದುರ್ ಗ್ರಹರ ಗಟೆ",
                "stop_id": "21079",
                "lat": 12.98803,
                "lon": 77.73354
              },
              {
                "name": "ITPL",
                "name_kn": "ಇಟ್ಪ್ಲ್",
                "stop_id": "20866",
                "lat": 12.98766,
                "lon": 77.73704
              },
              {
                "name": "GR Tech Park ITPL",
                "name_kn": "ಗ್ರ್ ಟೆಚ್ ಪರ್ಕ್ ಿಟ್ಪ್ಲ್",
                "stop_id": "20801",
                "lat": 12.98681,
                "lon": 77.74338
              },
              {
                "name": "BPL",
                "name_kn": "ಬ್ಪ್ಲ್",
                "stop_id": "20680",
                "lat": 12.98525,
                "lon": 77.74828
              },
              {
                "name": "Hope Farm",
                "name_kn": "ಹೊಪೆ ೞರ್ಂ",
                "stop_id": "20836",
                "lat": 12.98429,
                "lon": 77.75261
              },
              {
                "name": "Kadugodi Bridge",
                "name_kn": "ಕದುಗೊದಿ ಬ್ರಿದ್ಗೆ",
                "stop_id": "20901",
                "lat": 12.99448,
                "lon": 77.75769
              },
              {
                "name": "Kadugodi Bus Station",
                "name_kn": "ಕದುಗೊದಿ ಬುಸ್ ಸ್ಟಟಿೊಂ",
                "stop_id": "20902",
                "lat": 12.99563,
                "lon": 77.75855
              }
            ]
          },
          {
            "Route": "412 KLN-BRAB DMLR",
            "RouteId": 14188,
            "RouteParentId": 7582,
            "Destination": "Kalyananagara Bus Stand",
            "Via": "",
            "Area": "Dr BR Ambedkar Bus Terminal (Domlur)",
            "PlatformNumber": "5",
            "KannadaDestination": "ಕಲೆನನಗರ ಬುಸ್ ಸ್ಟಂದ್",
            "KannadaArea": "ಡಾ. ಬಿಆರ್ ಅಂಬೇಡ್ಕರ್ ಬಸ್ ಟರ್ಮಿನಲ್ (ದೊಮ್ಮಲುರು))",
            "KannadaVia": "",
            "FromStationId": 21923,
            "Stops": [
              {
                "name": "Dr BR Ambedkar Bus Terminal (Domlur)",
                "name_kn": "ದ್ರ್ ಬ್ರ್ ಂಬೆದ್ಕರ್ ಬುಸ್ ಟೆರ್ಮಿನಲ್ (ದೊಂಲುರ್)",
                "stop_id": "21923",
                "lat": 12.96163,
                "lon": 77.63881
              },
              {
                "name": "Dhoopanahalli",
                "name_kn": "ಧೂಪನಹಲ್ಲಿ",
                "stop_id": "35940",
                "lat": 12.96354,
                "lon": 77.64156
              },
              {
                "name": "Indiranagara 100ft Road",
                "name_kn": "ಇಂದಿರನಗರ 100ೞ್ಟ್ ರೊದ್",
                "stop_id": "22073",
                "lat": 12.96658,
                "lon": 77.64141
              },
              {
                "name": "New Horizon School",
                "name_kn": "ನೆವ್ ಹೊರಿಜ಼ೊಂ ಸ್ಚೂಲ್",
                "stop_id": "22361",
                "lat": 12.9689,
                "lon": 77.64129
              },
              {
                "name": "Indiranagara 12th Main",
                "name_kn": "ಇಂದಿರನಗರ 12ತ್ ಮೈಂ",
                "stop_id": "26131",
                "lat": 12.97026,
                "lon": 77.64122
              },
              {
                "name": "Indiranagara 6th Main",
                "name_kn": "ಇಂದಿರನಗರ 6ತ್ ಮೈಂ",
                "stop_id": "22000",
                "lat": 12.974,
                "lon": 77.64103
              },
              {
                "name": "Indiranagara Police Station/KFC",
                "name_kn": "ಇಂದಿರನಗರ ಪೊಲಿಕೆ ಸ್ಟಟಿೊಂ/ಕ್ೞ್ಕ್",
                "stop_id": "22389",
                "lat": 12.97857,
                "lon": 77.6408
              },
              {
                "name": "Binnamangala",
                "name_kn": "ಬಿಂನಮಙಲ",
                "stop_id": "35957",
                "lat": 12.98368,
                "lon": 77.64049
              },
              {
                "name": "Bayyappanahalli Cross",
                "name_kn": "ಬಯೆಪ್ಪನಹಲ್ಲಿ ಕ್ರೊಸ್ಸ್",
                "stop_id": "21725",
                "lat": 12.98525,
                "lon": 77.64246
              },
              {
                "name": "Bayyappanahalli Gate",
                "name_kn": "ಬಯೆಪ್ಪನಹಲ್ಲಿ ಗಟೆ",
                "stop_id": "21727",
                "lat": 12.99157,
                "lon": 77.64327
              },
              {
                "name": "Kattalepalya",
                "name_kn": "ಕಟಲೆಪಲೆ",
                "stop_id": "35362",
                "lat": 12.99285,
                "lon": 77.63631
              },
              {
                "name": "Jeevanahalli Graveyard",
                "name_kn": "ಜೀವನಹಲ್ಲಿ ಗ್ರವೆಯರ್ದ್",
                "stop_id": "35361",
                "lat": 12.99374,
                "lon": 77.63178
              },
              {
                "name": "Jeevanahalli Cross",
                "name_kn": "ಜೀವನಹಲ್ಲಿ ಕ್ರೊಸ್ಸ್",
                "stop_id": "35213",
                "lat": 12.99419,
                "lon": 77.629
              },
              {
                "name": "Jeevanahalli Water Tank",
                "name_kn": "ಜೀವನಹಲ್ಲಿ ವಟೆರ್ ಟಂಕ್",
                "stop_id": "23436",
                "lat": 12.99382,
                "lon": 77.62666
              },
              {
                "name": "Pankaj Dairy",
                "name_kn": "ಪಂಕಜ್ ದೈರೆ",
                "stop_id": "23424",
                "lat": 12.99543,
                "lon": 77.62348
              },
              {
                "name": "Cox Town",
                "name_kn": "ಕೊಕ್ಸ್ ಟೌಂ",
                "stop_id": "24047",
                "lat": 12.99629,
                "lon": 77.62153
              },
              {
                "name": "Sindhi Colony",
                "name_kn": "ಸಿಂಧಿ ಕೊಲೊನೆ",
                "stop_id": "23752",
                "lat": 12.9962,
                "lon": 77.6177
              },
              {
                "name": "ITC Factory Fly",
                "name_kn": "ಇಟ್ಕ್ ೞಕ್ಟೊರೆ ೞ್ಲೆ",
                "stop_id": "38562",
                "lat": 12.99847,
                "lon": 77.62384
              },
              {
                "name": "Jai Bharath Nagara",
                "name_kn": "ಜೈ ಭರತ್ ನಗರ",
                "stop_id": "22089",
                "lat": 13.00156,
                "lon": 77.63032
              },
              {
                "name": "Maruthi Sevanagara",
                "name_kn": "ಮರುತಿ ಸೆವನಗರ",
                "stop_id": "22272",
                "lat": 13.00266,
                "lon": 77.63461
              },
              {
                "name": "IOC Circle",
                "name_kn": "ಇೊಕ್ ಕಿರ್ಕ್ಲೆ",
                "stop_id": "27947",
                "lat": 13.00488,
                "lon": 77.63714
              },
              {
                "name": "Ramaswamypalya",
                "name_kn": "ರಮಸ್ವಮೆಪಲೆ",
                "stop_id": "22423",
                "lat": 13.00964,
                "lon": 77.63534
              },
              {
                "name": "Oil Mill Road Junction",
                "name_kn": "ಒಿಲ್ ಮಿಲ್ಲ್ ರೊದ್ ಜುಂಕ್ಟಿೊಂ",
                "stop_id": "30396",
                "lat": 13.01278,
                "lon": 77.63536
              },
              {
                "name": "Kammanahalli Empire Hotel",
                "name_kn": "ಕಮ್ಮನಹಲ್ಲಿ ೆಂಪಿರೆ ಹೊಟೆಲ್",
                "stop_id": "22148",
                "lat": 13.01469,
                "lon": 77.63577
              },
              {
                "name": "Kammanahalli",
                "name_kn": "ಕಮ್ಮನಹಲ್ಲಿ",
                "stop_id": "22146",
                "lat": 13.01766,
                "lon": 77.6364
              },
              {
                "name": "Jalavayu Vihara",
                "name_kn": "ಜಲವಯು ವಿಹರ",
                "stop_id": "22663",
                "lat": 13.02117,
                "lon": 77.63695
              },
              {
                "name": "8th Main 3rd Cross  Junction",
                "name_kn": "8ತ್ ಮೈಂ 3ರ್ದ್ ಕ್ರೊಸ್ಸ್  ಜುಂಕ್ಟಿೊಂ",
                "stop_id": "22108",
                "lat": 13.02248,
                "lon": 77.63714
              },
              {
                "name": "Kalyananagara Bus Stand",
                "name_kn": "ಕಲೆನನಗರ ಬುಸ್ ಸ್ಟಂದ್",
                "stop_id": "36441",
                "lat": 13.02642,
                "lon": 77.63839
              }
            ]
          },
          {
            "Route": "334-E",
            "RouteId": 3034,
            "RouteParentId": 1723,
            "Destination": "Hosakote Bus Stand (Old)",
            "Via": "",
            "Area": "Dr BR Ambedkar Bus Terminal (Domlur)",
            "PlatformNumber": "5",
            "KannadaDestination": "ಹೊಸಕೊಟೆ ಬುಸ್ ಸ್ಟಂದ್ (ೊಲ್ದ್)",
            "KannadaArea": "ಡಾ. ಬಿಆರ್ ಅಂಬೇಡ್ಕರ್ ಬಸ್ ಟರ್ಮಿನಲ್ (ದೊಮ್ಮಲುರು))",
            "KannadaVia": "",
            "FromStationId": 21923,
            "Stops": [
              {
                "name": "Dr BR Ambedkar Bus Terminal (Domlur)",
                "name_kn": "ದ್ರ್ ಬ್ರ್ ಂಬೆದ್ಕರ್ ಬುಸ್ ಟೆರ್ಮಿನಲ್ (ದೊಂಲುರ್)",
                "stop_id": "21923",
                "lat": 12.96163,
                "lon": 77.63881
              },
              {
                "name": "Domlur Flyover",
                "name_kn": "ದೊಂಲುರ್ ೞ್ಲೆೊವೆರ್",
                "stop_id": "21917",
                "lat": 12.96048,
                "lon": 77.64352
              },
              {
                "name": "Kodihalli",
                "name_kn": "ಕೊದಿಹಲ್ಲಿ",
                "stop_id": "22178",
                "lat": 12.96,
                "lon": 77.64758
              },
              {
                "name": "NAL/Manipal Hospital",
                "name_kn": "ನಲ್/ಮನಿಪಲ್ ಹೊಸ್ಪಿಟಲ್",
                "stop_id": "22336",
                "lat": 12.95964,
                "lon": 77.65076
              },
              {
                "name": "Murugeshpalya",
                "name_kn": "ಮುರುಗೆಶ್ಪಲೆ",
                "stop_id": "22316",
                "lat": 12.95936,
                "lon": 77.65618
              },
              {
                "name": "Konena Agrahara",
                "name_kn": "ಕೊನೆನ ಗ್ರಹರ",
                "stop_id": "22193",
                "lat": 12.95914,
                "lon": 77.65962
              },
              {
                "name": "HAL Main Gate",
                "name_kn": "ಹಲ್ ಮೈಂ ಗಟೆ",
                "stop_id": "22003",
                "lat": 12.95821,
                "lon": 77.66821
              },
              {
                "name": "HAL Admin Gate",
                "name_kn": "ಹಲ್ ದ್ಮಿಂ ಗಟೆ",
                "stop_id": "39489",
                "lat": 12.95813,
                "lon": 77.66949
              },
              {
                "name": "Helicopter Division",
                "name_kn": "ಹೆಲಿಕೊಪ್ಟೆರ್ ದಿವಿಸಿೊಂ",
                "stop_id": "22021",
                "lat": 12.95582,
                "lon": 77.67735
              },
              {
                "name": "HAL Kalyana Mantap",
                "name_kn": "ಹಲ್ ಕಲೆನ ಮಂಟಪ್",
                "stop_id": "22001",
                "lat": 12.9546,
                "lon": 77.68215
              },
              {
                "name": "Yamalur Cross",
                "name_kn": "ಯಮಲುರ್ ಕ್ರೊಸ್ಸ್",
                "stop_id": "22627",
                "lat": 12.95525,
                "lon": 77.68829
              },
              {
                "name": "Marathahalli",
                "name_kn": "ಮರತಹಲ್ಲಿ",
                "stop_id": "22260",
                "lat": 12.95626,
                "lon": 77.69409
              },
              {
                "name": "Marathahalli Bridge",
                "name_kn": "ಮರತಹಲ್ಲಿ ಬ್ರಿದ್ಗೆ",
                "stop_id": "22668",
                "lat": 12.9569,
                "lon": 77.70215
              },
              {
                "name": "Munnekolalu Cross (Spice Garden)",
                "name_kn": "ಮುಂನೆಕೊಲಲು ಕ್ರೊಸ್ಸ್ (ಸ್ಪಿಕೆ ಗರ್ದೆಂ)",
                "stop_id": "21038",
                "lat": 12.9564,
                "lon": 77.70927
              },
              {
                "name": "Kundalahalli Gate",
                "name_kn": "ಕುಂದಲಹಲ್ಲಿ ಗಟೆ",
                "stop_id": "22215",
                "lat": 12.95593,
                "lon": 77.71574
              },
              {
                "name": "Thubarahalli",
                "name_kn": "ತುಬರಹಲ್ಲಿ",
                "stop_id": "22557",
                "lat": 12.95592,
                "lon": 77.72057
              },
              {
                "name": "Siddapura",
                "name_kn": "ಸಿದ್ದಪುರ",
                "stop_id": "22487",
                "lat": 12.95634,
                "lon": 77.73191
              },
              {
                "name": "Ramagondanahalli",
                "name_kn": "ರಮಗೊಂದನಹಲ್ಲಿ",
                "stop_id": "22412",
                "lat": 12.95704,
                "lon": 77.74039
              },
              {
                "name": "Varthur kodi",
                "name_kn": "ವರ್ತುರ್ ಕೊದಿ",
                "stop_id": "22577",
                "lat": 12.95897,
                "lon": 77.74642
              },
              {
                "name": "Forum Mall",
                "name_kn": "ೞೊರುಂ ಮಲ್ಲ್",
                "stop_id": "21942",
                "lat": 12.95977,
                "lon": 77.74683
              },
              {
                "name": "Brooke Bond",
                "name_kn": "ಬ್ರೂಕೆ ಬೊಂದ್",
                "stop_id": "21784",
                "lat": 12.96392,
                "lon": 77.74833
              },
              {
                "name": "White Field Post Office",
                "name_kn": "ವ್ಹಿಟೆ ೞಿೆಲ್ದ್ ಪೊಸ್ಟ್ ೊೞ್ೞಿಕೆ",
                "stop_id": "22621",
                "lat": 12.97056,
                "lon": 77.75
              },
              {
                "name": "Sai Baba General Hospital",
                "name_kn": "ಸೈ ಬಬ ಗೆನೆರಲ್ ಹೊಸ್ಪಿಟಲ್",
                "stop_id": "22442",
                "lat": 12.97383,
                "lon": 77.75042
              },
              {
                "name": "Munish Singh Hospital",
                "name_kn": "ಮುನಿಶ್ ಸಿಙ್ಹ್ ಹೊಸ್ಪಿಟಲ್",
                "stop_id": "22315",
                "lat": 12.97703,
                "lon": 77.75104
              },
              {
                "name": "Coffee Day Hope Farm",
                "name_kn": "ಕೊೞ್ೞೀ ದಯ್ ಹೊಪೆ ೞರ್ಂ",
                "stop_id": "38049",
                "lat": 12.97998,
                "lon": 77.75162
              },
              {
                "name": "Hope Farm",
                "name_kn": "ಹೊಪೆ ೞರ್ಂ",
                "stop_id": "20836",
                "lat": 12.98429,
                "lon": 77.75261
              },
              {
                "name": "Kadugodi Bridge",
                "name_kn": "ಕದುಗೊದಿ ಬ್ರಿದ್ಗೆ",
                "stop_id": "20901",
                "lat": 12.99448,
                "lon": 77.75769
              },
              {
                "name": "Sathya Sai Baba Mandir",
                "name_kn": "ಸತೆ ಸೈ ಬಬ ಮಂದಿರ್",
                "stop_id": "22464",
                "lat": 13.00118,
                "lon": 77.75753
              },
              {
                "name": "Bellathur",
                "name_kn": "ಬೆಲ್ಲತುರ್",
                "stop_id": "21741",
                "lat": 13.00414,
                "lon": 77.7569
              },
              {
                "name": "Seegehalli Gate  Kadugodi",
                "name_kn": "ಸೀಗೆಹಲ್ಲಿ ಗಟೆ  ಕದುಗೊದಿ",
                "stop_id": "28205",
                "lat": 13.01331,
                "lon": 77.76101
              },
              {
                "name": "Shell Petrol Bunk",
                "name_kn": "ಶೆಲ್ಲ್ ಪೆಟ್ರೊಲ್ ಬುಂಕ್",
                "stop_id": "22479",
                "lat": 13.01756,
                "lon": 77.7621
              },
              {
                "name": "Chaithanya Samarpan Apartment",
                "name_kn": "ಚೈತನೆ ಸಮರ್ಪಂ ಪರ್ಟ್ಮೆಂಟ್",
                "stop_id": "21808",
                "lat": 13.0207,
                "lon": 77.76206
              },
              {
                "name": "Sai Lakshmi Industries",
                "name_kn": "ಸೈ ಲಕ್ಷ್ಮಿ ಿಂದುಸ್ಟ್ರಿೆಸ್",
                "stop_id": "22443",
                "lat": 13.02454,
                "lon": 77.76162
              },
              {
                "name": "Bevina Mara Kannamangala",
                "name_kn": "ಬೆವಿನ ಮರ ಕಂನಮಙಲ",
                "stop_id": "21751",
                "lat": 13.02801,
                "lon": 77.76027
              },
              {
                "name": "Kannamangala Gate",
                "name_kn": "ಕಂನಮಙಲ ಗಟೆ",
                "stop_id": "22151",
                "lat": 13.03245,
                "lon": 77.75855
              },
              {
                "name": "Khaji Sonnenahalli Gate",
                "name_kn": "ಖಜಿ ಸೊಂನೆನಹಲ್ಲಿ ಗಟೆ",
                "stop_id": "22174",
                "lat": 13.03461,
                "lon": 77.75898
              },
              {
                "name": "Safal Market",
                "name_kn": "ಸೞಲ್ ಮರ್ಕೆಟ್",
                "stop_id": "22439",
                "lat": 13.03799,
                "lon": 77.75976
              },
              {
                "name": "Gorivegere Gate",
                "name_kn": "ಗೊರಿವೆಗೆರೆ ಗಟೆ",
                "stop_id": "21973",
                "lat": 13.04412,
                "lon": 77.76033
              },
              {
                "name": "Sannathammanahalli",
                "name_kn": "ಸಂನತಮ್ಮನಹಲ್ಲಿ",
                "stop_id": "22452",
                "lat": 13.04803,
                "lon": 77.76052
              },
              {
                "name": "Budigere Cross",
                "name_kn": "ಬುದಿಗೆರೆ ಕ್ರೊಸ್ಸ್",
                "stop_id": "21791",
                "lat": 13.04651,
                "lon": 77.75054
              },
              {
                "name": "Katamanallur Gate",
                "name_kn": "ಕಟಮನಲ್ಲುರ್ ಗಟೆ",
                "stop_id": "22155",
                "lat": 13.05373,
                "lon": 77.76177
              },
              {
                "name": "Hosakote Kodi",
                "name_kn": "ಹೊಸಕೊಟೆ ಕೊದಿ",
                "stop_id": "22054",
                "lat": 13.0565,
                "lon": 77.76741
              },
              {
                "name": "Hosakote Toll",
                "name_kn": "ಹೊಸಕೊಟೆ ಟೊಲ್ಲ್",
                "stop_id": "22056",
                "lat": 13.05963,
                "lon": 77.77057
              },
              {
                "name": "Hosakote High School",
                "name_kn": "ಹೊಸಕೊಟೆ ಹಿಘ್ ಸ್ಚೂಲ್",
                "stop_id": "22050",
                "lat": 13.07048,
                "lon": 77.78364
              },
              {
                "name": "Hosakote BEO office",
                "name_kn": "ಹೊಸಕೊಟೆ ಬೆೊ ೊೞ್ೞಿಕೆ",
                "stop_id": "37604",
                "lat": 13.07339,
                "lon": 77.78294
              },
              {
                "name": "Hosakote Flower Market",
                "name_kn": "ಹೊಸಕೊಟೆ ೞ್ಲೌೆರ್ ಮರ್ಕೆಟ್",
                "stop_id": "22048",
                "lat": 13.07531,
                "lon": 77.78637
              },
              {
                "name": "Hosakote Bus Stand (Old)",
                "name_kn": "ಹೊಸಕೊಟೆ ಬುಸ್ ಸ್ಟಂದ್ (ೊಲ್ದ್)",
                "stop_id": "22046",
                "lat": 13.0787,
                "lon": 77.78774
              }
            ]
          },
          {
            "Route": "334-E DBS-KDG",
            "RouteId": 12166,
            "RouteParentId": 6478,
            "Destination": "Kadugodi Bus Station",
            "Via": "",
            "Area": "Dr BR Ambedkar Bus Terminal (Domlur)",
            "PlatformNumber": "5",
            "KannadaDestination": "ಕದುಗೊದಿ ಬುಸ್ ಸ್ಟಟಿೊಂ",
            "KannadaArea": "ಡಾ. ಬಿಆರ್ ಅಂಬೇಡ್ಕರ್ ಬಸ್ ಟರ್ಮಿನಲ್ (ದೊಮ್ಮಲುರು))",
            "KannadaVia": "",
            "FromStationId": 21923,
            "Stops": [
              {
                "name": "Dr BR Ambedkar Bus Terminal (Domlur)",
                "name_kn": "ದ್ರ್ ಬ್ರ್ ಂಬೆದ್ಕರ್ ಬುಸ್ ಟೆರ್ಮಿನಲ್ (ದೊಂಲುರ್)",
                "stop_id": "21923",
                "lat": 12.96163,
                "lon": 77.63881
              },
              {
                "name": "Domlur Flyover",
                "name_kn": "ದೊಂಲುರ್ ೞ್ಲೆೊವೆರ್",
                "stop_id": "21917",
                "lat": 12.96048,
                "lon": 77.64352
              },
              {
                "name": "Kodihalli",
                "name_kn": "ಕೊದಿಹಲ್ಲಿ",
                "stop_id": "22178",
                "lat": 12.96,
                "lon": 77.64758
              },
              {
                "name": "NAL/Manipal Hospital",
                "name_kn": "ನಲ್/ಮನಿಪಲ್ ಹೊಸ್ಪಿಟಲ್",
                "stop_id": "22336",
                "lat": 12.95964,
                "lon": 77.65076
              },
              {
                "name": "Murugeshpalya",
                "name_kn": "ಮುರುಗೆಶ್ಪಲೆ",
                "stop_id": "22316",
                "lat": 12.95936,
                "lon": 77.65618
              },
              {
                "name": "Konena Agrahara",
                "name_kn": "ಕೊನೆನ ಗ್ರಹರ",
                "stop_id": "22193",
                "lat": 12.95914,
                "lon": 77.65962
              },
              {
                "name": "HAL Main Gate",
                "name_kn": "ಹಲ್ ಮೈಂ ಗಟೆ",
                "stop_id": "22003",
                "lat": 12.95821,
                "lon": 77.66821
              },
              {
                "name": "HAL Admin Gate",
                "name_kn": "ಹಲ್ ದ್ಮಿಂ ಗಟೆ",
                "stop_id": "39489",
                "lat": 12.95813,
                "lon": 77.66949
              },
              {
                "name": "Helicopter Division",
                "name_kn": "ಹೆಲಿಕೊಪ್ಟೆರ್ ದಿವಿಸಿೊಂ",
                "stop_id": "22021",
                "lat": 12.95582,
                "lon": 77.67735
              },
              {
                "name": "HAL Kalyana Mantap",
                "name_kn": "ಹಲ್ ಕಲೆನ ಮಂಟಪ್",
                "stop_id": "22001",
                "lat": 12.9546,
                "lon": 77.68215
              },
              {
                "name": "Yamalur Cross",
                "name_kn": "ಯಮಲುರ್ ಕ್ರೊಸ್ಸ್",
                "stop_id": "22627",
                "lat": 12.95525,
                "lon": 77.68829
              },
              {
                "name": "Marathahalli",
                "name_kn": "ಮರತಹಲ್ಲಿ",
                "stop_id": "22260",
                "lat": 12.95626,
                "lon": 77.69409
              },
              {
                "name": "Marathahalli Bridge",
                "name_kn": "ಮರತಹಲ್ಲಿ ಬ್ರಿದ್ಗೆ",
                "stop_id": "22668",
                "lat": 12.9569,
                "lon": 77.70215
              },
              {
                "name": "Munnekolalu Cross (Spice Garden)",
                "name_kn": "ಮುಂನೆಕೊಲಲು ಕ್ರೊಸ್ಸ್ (ಸ್ಪಿಕೆ ಗರ್ದೆಂ)",
                "stop_id": "21038",
                "lat": 12.9564,
                "lon": 77.70927
              },
              {
                "name": "Kundalahalli Gate",
                "name_kn": "ಕುಂದಲಹಲ್ಲಿ ಗಟೆ",
                "stop_id": "22215",
                "lat": 12.95593,
                "lon": 77.71574
              },
              {
                "name": "Thubarahalli",
                "name_kn": "ತುಬರಹಲ್ಲಿ",
                "stop_id": "22557",
                "lat": 12.95592,
                "lon": 77.72057
              },
              {
                "name": "Siddapura",
                "name_kn": "ಸಿದ್ದಪುರ",
                "stop_id": "22487",
                "lat": 12.95634,
                "lon": 77.73191
              },
              {
                "name": "Ramagondanahalli",
                "name_kn": "ರಮಗೊಂದನಹಲ್ಲಿ",
                "stop_id": "22412",
                "lat": 12.95704,
                "lon": 77.74039
              },
              {
                "name": "Varthur kodi",
                "name_kn": "ವರ್ತುರ್ ಕೊದಿ",
                "stop_id": "22577",
                "lat": 12.95897,
                "lon": 77.74642
              },
              {
                "name": "Forum Mall",
                "name_kn": "ೞೊರುಂ ಮಲ್ಲ್",
                "stop_id": "21942",
                "lat": 12.95977,
                "lon": 77.74683
              },
              {
                "name": "Brooke Bond",
                "name_kn": "ಬ್ರೂಕೆ ಬೊಂದ್",
                "stop_id": "21784",
                "lat": 12.96392,
                "lon": 77.74833
              },
              {
                "name": "White Field Post Office",
                "name_kn": "ವ್ಹಿಟೆ ೞಿೆಲ್ದ್ ಪೊಸ್ಟ್ ೊೞ್ೞಿಕೆ",
                "stop_id": "22621",
                "lat": 12.97056,
                "lon": 77.75
              },
              {
                "name": "Sai Baba General Hospital",
                "name_kn": "ಸೈ ಬಬ ಗೆನೆರಲ್ ಹೊಸ್ಪಿಟಲ್",
                "stop_id": "22442",
                "lat": 12.97383,
                "lon": 77.75042
              },
              {
                "name": "Munish Singh Hospital",
                "name_kn": "ಮುನಿಶ್ ಸಿಙ್ಹ್ ಹೊಸ್ಪಿಟಲ್",
                "stop_id": "22315",
                "lat": 12.97703,
                "lon": 77.75104
              },
              {
                "name": "Coffee Day Hope Farm",
                "name_kn": "ಕೊೞ್ೞೀ ದಯ್ ಹೊಪೆ ೞರ್ಂ",
                "stop_id": "38049",
                "lat": 12.97998,
                "lon": 77.75162
              },
              {
                "name": "Hope Farm",
                "name_kn": "ಹೊಪೆ ೞರ್ಂ",
                "stop_id": "20836",
                "lat": 12.98429,
                "lon": 77.75261
              },
              {
                "name": "Kadugodi Bridge",
                "name_kn": "ಕದುಗೊದಿ ಬ್ರಿದ್ಗೆ",
                "stop_id": "20901",
                "lat": 12.99448,
                "lon": 77.75769
              },
              {
                "name": "Kadugodi Bus Station",
                "name_kn": "ಕದುಗೊದಿ ಬುಸ್ ಸ್ಟಟಿೊಂ",
                "stop_id": "20902",
                "lat": 12.99563,
                "lon": 77.75855
              }
            ]
          },
          {
            "Route": "334-E BRAB-BDG",
            "RouteId": 16064,
            "RouteParentId": 8608,
            "Destination": "Budigere",
            "Via": "",
            "Area": "Dr BR Ambedkar Bus Terminal (Domlur)",
            "PlatformNumber": "5",
            "KannadaDestination": "ಬುದಿಗೆರೆ",
            "KannadaArea": "ಡಾ. ಬಿಆರ್ ಅಂಬೇಡ್ಕರ್ ಬಸ್ ಟರ್ಮಿನಲ್ (ದೊಮ್ಮಲುರು))",
            "KannadaVia": "",
            "FromStationId": 21923,
            "Stops": [
              {
                "name": "Dr BR Ambedkar Bus Terminal (Domlur)",
                "name_kn": "ದ್ರ್ ಬ್ರ್ ಂಬೆದ್ಕರ್ ಬುಸ್ ಟೆರ್ಮಿನಲ್ (ದೊಂಲುರ್)",
                "stop_id": "21923",
                "lat": 12.96163,
                "lon": 77.63881
              },
              {
                "name": "Domlur Flyover",
                "name_kn": "ದೊಂಲುರ್ ೞ್ಲೆೊವೆರ್",
                "stop_id": "21917",
                "lat": 12.96048,
                "lon": 77.64352
              },
              {
                "name": "Kodihalli",
                "name_kn": "ಕೊದಿಹಲ್ಲಿ",
                "stop_id": "22178",
                "lat": 12.96,
                "lon": 77.64758
              },
              {
                "name": "NAL/Manipal Hospital",
                "name_kn": "ನಲ್/ಮನಿಪಲ್ ಹೊಸ್ಪಿಟಲ್",
                "stop_id": "22336",
                "lat": 12.95964,
                "lon": 77.65076
              },
              {
                "name": "Murugeshpalya",
                "name_kn": "ಮುರುಗೆಶ್ಪಲೆ",
                "stop_id": "22316",
                "lat": 12.95936,
                "lon": 77.65618
              },
              {
                "name": "Konena Agrahara",
                "name_kn": "ಕೊನೆನ ಗ್ರಹರ",
                "stop_id": "22193",
                "lat": 12.95914,
                "lon": 77.65962
              },
              {
                "name": "HAL Main Gate",
                "name_kn": "ಹಲ್ ಮೈಂ ಗಟೆ",
                "stop_id": "22003",
                "lat": 12.95821,
                "lon": 77.66821
              },
              {
                "name": "HAL Admin Gate",
                "name_kn": "ಹಲ್ ದ್ಮಿಂ ಗಟೆ",
                "stop_id": "39489",
                "lat": 12.95813,
                "lon": 77.66949
              },
              {
                "name": "Helicopter Division",
                "name_kn": "ಹೆಲಿಕೊಪ್ಟೆರ್ ದಿವಿಸಿೊಂ",
                "stop_id": "22021",
                "lat": 12.95582,
                "lon": 77.67735
              },
              {
                "name": "HAL Kalyana Mantap",
                "name_kn": "ಹಲ್ ಕಲೆನ ಮಂಟಪ್",
                "stop_id": "22001",
                "lat": 12.9546,
                "lon": 77.68215
              },
              {
                "name": "Yamalur Cross",
                "name_kn": "ಯಮಲುರ್ ಕ್ರೊಸ್ಸ್",
                "stop_id": "22627",
                "lat": 12.95525,
                "lon": 77.68829
              },
              {
                "name": "Marathahalli",
                "name_kn": "ಮರತಹಲ್ಲಿ",
                "stop_id": "22260",
                "lat": 12.95626,
                "lon": 77.69409
              },
              {
                "name": "Marathahalli Bridge",
                "name_kn": "ಮರತಹಲ್ಲಿ ಬ್ರಿದ್ಗೆ",
                "stop_id": "22668",
                "lat": 12.9569,
                "lon": 77.70215
              },
              {
                "name": "Munnekolalu Cross (Spice Garden)",
                "name_kn": "ಮುಂನೆಕೊಲಲು ಕ್ರೊಸ್ಸ್ (ಸ್ಪಿಕೆ ಗರ್ದೆಂ)",
                "stop_id": "21038",
                "lat": 12.9564,
                "lon": 77.70927
              },
              {
                "name": "Kundalahalli Gate",
                "name_kn": "ಕುಂದಲಹಲ್ಲಿ ಗಟೆ",
                "stop_id": "22215",
                "lat": 12.95593,
                "lon": 77.71574
              },
              {
                "name": "Thubarahalli",
                "name_kn": "ತುಬರಹಲ್ಲಿ",
                "stop_id": "22557",
                "lat": 12.95592,
                "lon": 77.72057
              },
              {
                "name": "Siddapura",
                "name_kn": "ಸಿದ್ದಪುರ",
                "stop_id": "22487",
                "lat": 12.95634,
                "lon": 77.73191
              },
              {
                "name": "Ramagondanahalli",
                "name_kn": "ರಮಗೊಂದನಹಲ್ಲಿ",
                "stop_id": "22412",
                "lat": 12.95704,
                "lon": 77.74039
              },
              {
                "name": "Varthur kodi",
                "name_kn": "ವರ್ತುರ್ ಕೊದಿ",
                "stop_id": "22577",
                "lat": 12.95897,
                "lon": 77.74642
              },
              {
                "name": "Forum Mall",
                "name_kn": "ೞೊರುಂ ಮಲ್ಲ್",
                "stop_id": "21942",
                "lat": 12.95977,
                "lon": 77.74683
              },
              {
                "name": "Brooke Bond",
                "name_kn": "ಬ್ರೂಕೆ ಬೊಂದ್",
                "stop_id": "21784",
                "lat": 12.96392,
                "lon": 77.74833
              },
              {
                "name": "White Field Post Office",
                "name_kn": "ವ್ಹಿಟೆ ೞಿೆಲ್ದ್ ಪೊಸ್ಟ್ ೊೞ್ೞಿಕೆ",
                "stop_id": "22621",
                "lat": 12.97056,
                "lon": 77.75
              },
              {
                "name": "Sai Baba General Hospital",
                "name_kn": "ಸೈ ಬಬ ಗೆನೆರಲ್ ಹೊಸ್ಪಿಟಲ್",
                "stop_id": "22442",
                "lat": 12.97383,
                "lon": 77.75042
              },
              {
                "name": "Munish Singh Hospital",
                "name_kn": "ಮುನಿಶ್ ಸಿಙ್ಹ್ ಹೊಸ್ಪಿಟಲ್",
                "stop_id": "22315",
                "lat": 12.97703,
                "lon": 77.75104
              },
              {
                "name": "Coffee Day Hope Farm",
                "name_kn": "ಕೊೞ್ೞೀ ದಯ್ ಹೊಪೆ ೞರ್ಂ",
                "stop_id": "38049",
                "lat": 12.97998,
                "lon": 77.75162
              },
              {
                "name": "Hope Farm",
                "name_kn": "ಹೊಪೆ ೞರ್ಂ",
                "stop_id": "20836",
                "lat": 12.98429,
                "lon": 77.75261
              },
              {
                "name": "Kadugodi Bridge",
                "name_kn": "ಕದುಗೊದಿ ಬ್ರಿದ್ಗೆ",
                "stop_id": "20901",
                "lat": 12.99448,
                "lon": 77.75769
              },
              {
                "name": "Sathya Sai Baba Mandir",
                "name_kn": "ಸತೆ ಸೈ ಬಬ ಮಂದಿರ್",
                "stop_id": "22464",
                "lat": 13.00118,
                "lon": 77.75753
              },
              {
                "name": "Bellathur",
                "name_kn": "ಬೆಲ್ಲತುರ್",
                "stop_id": "21741",
                "lat": 13.00414,
                "lon": 77.7569
              },
              {
                "name": "Seegehalli Gate  Kadugodi",
                "name_kn": "ಸೀಗೆಹಲ್ಲಿ ಗಟೆ  ಕದುಗೊದಿ",
                "stop_id": "28205",
                "lat": 13.01331,
                "lon": 77.76101
              },
              {
                "name": "Shell Petrol Bunk",
                "name_kn": "ಶೆಲ್ಲ್ ಪೆಟ್ರೊಲ್ ಬುಂಕ್",
                "stop_id": "22479",
                "lat": 13.01756,
                "lon": 77.7621
              },
              {
                "name": "Chaithanya Samarpan Apartment",
                "name_kn": "ಚೈತನೆ ಸಮರ್ಪಂ ಪರ್ಟ್ಮೆಂಟ್",
                "stop_id": "21808",
                "lat": 13.0207,
                "lon": 77.76206
              },
              {
                "name": "Sai Lakshmi Industries",
                "name_kn": "ಸೈ ಲಕ್ಷ್ಮಿ ಿಂದುಸ್ಟ್ರಿೆಸ್",
                "stop_id": "22443",
                "lat": 13.02454,
                "lon": 77.76162
              },
              {
                "name": "Bevina Mara Kannamangala",
                "name_kn": "ಬೆವಿನ ಮರ ಕಂನಮಙಲ",
                "stop_id": "21751",
                "lat": 13.02801,
                "lon": 77.76027
              },
              {
                "name": "Kannamangala Gate",
                "name_kn": "ಕಂನಮಙಲ ಗಟೆ",
                "stop_id": "22151",
                "lat": 13.03245,
                "lon": 77.75855
              },
              {
                "name": "Khaji Sonnenahalli Gate",
                "name_kn": "ಖಜಿ ಸೊಂನೆನಹಲ್ಲಿ ಗಟೆ",
                "stop_id": "22174",
                "lat": 13.03461,
                "lon": 77.75898
              },
              {
                "name": "Safal Market",
                "name_kn": "ಸೞಲ್ ಮರ್ಕೆಟ್",
                "stop_id": "22439",
                "lat": 13.03799,
                "lon": 77.75976
              },
              {
                "name": "Gorivegere Gate",
                "name_kn": "ಗೊರಿವೆಗೆರೆ ಗಟೆ",
                "stop_id": "21973",
                "lat": 13.04412,
                "lon": 77.76033
              },
              {
                "name": "Sannathammanahalli",
                "name_kn": "ಸಂನತಮ್ಮನಹಲ್ಲಿ",
                "stop_id": "22452",
                "lat": 13.04803,
                "lon": 77.76052
              },
              {
                "name": "Katamanallur Gate",
                "name_kn": "ಕಟಮನಲ್ಲುರ್ ಗಟೆ",
                "stop_id": "22157",
                "lat": 13.05318,
                "lon": 77.76161
              },
              {
                "name": "Sapthagiri Convention Hall",
                "name_kn": "ಸಪ್ತಗಿರಿ ಕೊಂವೆಂಟಿೊಂ ಹಲ್ಲ್",
                "stop_id": "22455",
                "lat": 13.05027,
                "lon": 77.75648
              },
              {
                "name": "Budigere Cross",
                "name_kn": "ಬುದಿಗೆರೆ ಕ್ರೊಸ್ಸ್",
                "stop_id": "36723",
                "lat": 13.04651,
                "lon": 77.75021
              },
              {
                "name": "SKF Factory",
                "name_kn": "ಸ್ಕ್ೞ್ ೞಕ್ಟೊರೆ",
                "stop_id": "26503",
                "lat": 13.06116,
                "lon": 77.74189
              },
              {
                "name": "Grandwell",
                "name_kn": "ಗ್ರಂದ್ವೆಲ್ಲ್",
                "stop_id": "32761",
                "lat": 13.06317,
                "lon": 77.73981
              },
              {
                "name": "New Baldwin International School",
                "name_kn": "ನೆವ್ ಬಲ್ದ್ವಿಂ ಿಂಟೆರ್ನಟಿೊನಲ್ ಸ್ಚೂಲ್",
                "stop_id": "27447",
                "lat": 13.07263,
                "lon": 77.73716
              },
              {
                "name": "Premium Farm Mandur",
                "name_kn": "ಪ್ರೆಮಿುಂ ೞರ್ಂ ಮಂದುರ್",
                "stop_id": "34283",
                "lat": 13.07918,
                "lon": 77.73698
              },
              {
                "name": "Mandur",
                "name_kn": "ಮಂದುರ್",
                "stop_id": "28752",
                "lat": 13.08219,
                "lon": 77.73857
              },
              {
                "name": "Gnana Jyothi school",
                "name_kn": "ಗ್ನನ ಜೆೊತಿ ಸ್ಚೂಲ್",
                "stop_id": "39026",
                "lat": 13.08455,
                "lon": 77.73915
              },
              {
                "name": "Hancharahalli Gate",
                "name_kn": "ಹಂಚರಹಲ್ಲಿ ಗಟೆ",
                "stop_id": "32841",
                "lat": 13.09178,
                "lon": 77.74163
              },
              {
                "name": "Kattu Gollahalli Gate",
                "name_kn": "ಕಟು ಗೊಲ್ಲಹಲ್ಲಿ ಗಟೆ",
                "stop_id": "33396",
                "lat": 13.09439,
                "lon": 77.7428
              },
              {
                "name": "Singarapura",
                "name_kn": "ಸಿಙರಪುರ",
                "stop_id": "26487",
                "lat": 13.09958,
                "lon": 77.74374
              },
              {
                "name": "Jyothipura Gate",
                "name_kn": "ಜೆೊತಿಪುರ ಗಟೆ",
                "stop_id": "30494",
                "lat": 13.10272,
                "lon": 77.7441
              },
              {
                "name": "Thirumenahalli Gate",
                "name_kn": "ತಿರುಮೆನಹಲ್ಲಿ ಗಟೆ",
                "stop_id": "34988",
                "lat": 13.11048,
                "lon": 77.74509
              },
              {
                "name": "Andhrahalli Gate",
                "name_kn": "ಅಂಧ್ರಹಲ್ಲಿ ಗಟೆ",
                "stop_id": "29519",
                "lat": 13.11545,
                "lon": 77.74528
              },
              {
                "name": "Hittarahalli Gate",
                "name_kn": "ಹಿಟರಹಲ್ಲಿ ಗಟೆ",
                "stop_id": "32845",
                "lat": 13.12333,
                "lon": 77.74424
              },
              {
                "name": "Budigere",
                "name_kn": "ಬುದಿಗೆರೆ",
                "stop_id": "30214",
                "lat": 13.13512,
                "lon": 77.74753
              }
            ]
          },
          {
            "Route": "132 DOWN",
            "RouteId": 11659,
            "RouteParentId": 6209,
            "Destination": "Shivajinagara Bus Station",
            "Via": "",
            "Area": "Dr BR Ambedkar Bus Terminal (Domlur)",
            "PlatformNumber": "5",
            "KannadaDestination": "ಶಿವಜಿನಗರ ಬುಸ್ ಸ್ಟಟಿೊಂ",
            "KannadaArea": "ಡಾ. ಬಿಆರ್ ಅಂಬೇಡ್ಕರ್ ಬಸ್ ಟರ್ಮಿನಲ್ (ದೊಮ್ಮಲುರು))",
            "KannadaVia": "",
            "FromStationId": 21923,
            "Stops": [
              {
                "name": "Dr BR Ambedkar Bus Terminal (Domlur)",
                "name_kn": "ದ್ರ್ ಬ್ರ್ ಂಬೆದ್ಕರ್ ಬುಸ್ ಟೆರ್ಮಿನಲ್ (ದೊಂಲುರ್)",
                "stop_id": "21923",
                "lat": 12.96163,
                "lon": 77.63881
              },
              {
                "name": "Dhoopanahalli",
                "name_kn": "ಧೂಪನಹಲ್ಲಿ",
                "stop_id": "35940",
                "lat": 12.96354,
                "lon": 77.64156
              },
              {
                "name": "Indiranagara 100ft Road",
                "name_kn": "ಇಂದಿರನಗರ 100ೞ್ಟ್ ರೊದ್",
                "stop_id": "22073",
                "lat": 12.96658,
                "lon": 77.64141
              },
              {
                "name": "New Horizon School",
                "name_kn": "ನೆವ್ ಹೊರಿಜ಼ೊಂ ಸ್ಚೂಲ್",
                "stop_id": "22361",
                "lat": 12.9689,
                "lon": 77.64129
              },
              {
                "name": "Indiranagara 12th Main",
                "name_kn": "ಇಂದಿರನಗರ 12ತ್ ಮೈಂ",
                "stop_id": "26131",
                "lat": 12.97026,
                "lon": 77.64122
              },
              {
                "name": "Indiranagara 6th Main",
                "name_kn": "ಇಂದಿರನಗರ 6ತ್ ಮೈಂ",
                "stop_id": "22000",
                "lat": 12.974,
                "lon": 77.64103
              },
              {
                "name": "Indiranagara Police Station/KFC",
                "name_kn": "ಇಂದಿರನಗರ ಪೊಲಿಕೆ ಸ್ಟಟಿೊಂ/ಕ್ೞ್ಕ್",
                "stop_id": "22388",
                "lat": 12.97833,
                "lon": 77.64065
              },
              {
                "name": "Indiranagara Metro Station",
                "name_kn": "ಇಂದಿರನಗರ ಮೆಟ್ರೊ ಸ್ಟಟಿೊಂ",
                "stop_id": "26134",
                "lat": 12.97826,
                "lon": 77.6386
              },
              {
                "name": "Double Road Indiranagara",
                "name_kn": "ದೌಬ್ಲೆ ರೊದ್ ಿಂದಿರನಗರ",
                "stop_id": "21922",
                "lat": 12.97821,
                "lon": 77.63645
              },
              {
                "name": "Lakshmipura",
                "name_kn": "ಲಕ್ಷ್ಮಿಪುರ",
                "stop_id": "22223",
                "lat": 12.97816,
                "lon": 77.63228
              },
              {
                "name": "Halasuru",
                "name_kn": "ಹಲಸುರು",
                "stop_id": "20806",
                "lat": 12.97793,
                "lon": 77.6283
              },
              {
                "name": "Halasuru Police Station",
                "name_kn": "ಹಲಸುರು ಪೊಲಿಕೆ ಸ್ಟಟಿೊಂ",
                "stop_id": "20807",
                "lat": 12.97515,
                "lon": 77.62564
              },
              {
                "name": "Lido Talkies",
                "name_kn": "ಲಿದೊ ಟಲ್ಕಿೆಸ್",
                "stop_id": "20969",
                "lat": 12.97277,
                "lon": 77.62141
              },
              {
                "name": "Manipal Centre MG Road",
                "name_kn": "ಮನಿಪಲ್ ಕೆಂಟ್ರೆ ಂಗ್ ರೊದ್",
                "stop_id": "22255",
                "lat": 12.97552,
                "lon": 77.61356
              },
              {
                "name": "Maniksha Parade Ground",
                "name_kn": "ಮನಿಕ್ಷ ಪರದೆ ಗ್ರೌಂದ್",
                "stop_id": "22252",
                "lat": 12.97746,
                "lon": 77.60771
              },
              {
                "name": "BRV Talkies Cubbon Road",
                "name_kn": "ಬ್ರ್ವ್ ಟಲ್ಕಿೆಸ್ ಕುಬ್ಬೊಂ ರೊದ್",
                "stop_id": "21785",
                "lat": 12.97911,
                "lon": 77.60273
              },
              {
                "name": "Shivajinagara Bus Station",
                "name_kn": "ಶಿವಜಿನಗರ ಬುಸ್ ಸ್ಟಟಿೊಂ",
                "stop_id": "21173",
                "lat": 12.98328,
                "lon": 77.60304
              }
            ]
          }
        ]
      }
    }
  ]
}